ISO-10303-21;
HEADER;
/* Generated by software containing ST-Developer
 * from STEP Tools, Inc. (www.steptools.com) 
 */

FILE_DESCRIPTION(
/* description */ ('KiCad electronic assembly'),
/* implementation_level */ '2;1');

FILE_NAME(
/* name */ 'Complete.step',
/* time_stamp */ '2026-04-19T16:04:02+05:30',
/* author */ (''),
/* organization */ (''),
/* preprocessor_version */ 'ST-DEVELOPER v20.1',
/* originating_system */ 'Autodesk Translation Framework v14.24.0.0',
/* authorisation */ '');

FILE_SCHEMA (('AUTOMOTIVE_DESIGN { 1 0 10303 214 3 1 1 }'));
ENDSEC;

DATA;
#10=MECHANICAL_DESIGN_GEOMETRIC_PRESENTATION_REPRESENTATION('',(#13,#14),
#8325);
#11=SHAPE_REPRESENTATION_RELATIONSHIP('SRR','None',#8331,#12);
#12=ADVANCED_BREP_SHAPE_REPRESENTATION('',(#15,#16),#8324);
#13=STYLED_ITEM('',(#8340),#15);
#14=STYLED_ITEM('',(#8340),#16);
#15=MANIFOLD_SOLID_BREP('Body8',#5044);
#16=MANIFOLD_SOLID_BREP('Body9',#5045);
#17=ELLIPSE('',#5072,2.12132034355964,1.5);
#18=ELLIPSE('',#5073,2.12132034355964,1.5);
#19=ELLIPSE('',#5075,2.12132034355965,1.5);
#20=ELLIPSE('',#5077,2.12132034355964,1.5);
#21=FACE_BOUND('',#1008,.T.);
#22=FACE_BOUND('',#1011,.T.);
#23=FACE_BOUND('',#1013,.T.);
#24=FACE_BOUND('',#1014,.T.);
#25=FACE_BOUND('',#1015,.T.);
#26=FACE_BOUND('',#1026,.T.);
#27=FACE_BOUND('',#1030,.T.);
#28=FACE_BOUND('',#1235,.T.);
#29=FACE_BOUND('',#1236,.T.);
#30=FACE_BOUND('',#1237,.T.);
#31=FACE_BOUND('',#1238,.T.);
#32=FACE_BOUND('',#1239,.T.);
#33=FACE_BOUND('',#1240,.T.);
#34=FACE_BOUND('',#1241,.T.);
#35=FACE_BOUND('',#1242,.T.);
#36=FACE_BOUND('',#1243,.T.);
#37=FACE_BOUND('',#1244,.T.);
#38=FACE_BOUND('',#1245,.T.);
#39=FACE_BOUND('',#1246,.T.);
#40=FACE_BOUND('',#1247,.T.);
#41=FACE_BOUND('',#1248,.T.);
#42=FACE_BOUND('',#1249,.T.);
#43=FACE_BOUND('',#1250,.T.);
#44=FACE_BOUND('',#1251,.T.);
#45=FACE_BOUND('',#1252,.T.);
#46=FACE_BOUND('',#1253,.T.);
#47=FACE_BOUND('',#1254,.T.);
#48=FACE_BOUND('',#1255,.T.);
#49=FACE_BOUND('',#1256,.T.);
#50=FACE_BOUND('',#1257,.T.);
#51=FACE_BOUND('',#1258,.T.);
#52=FACE_BOUND('',#1259,.T.);
#53=FACE_BOUND('',#1260,.T.);
#54=FACE_BOUND('',#1261,.T.);
#55=FACE_BOUND('',#1262,.T.);
#56=FACE_BOUND('',#1263,.T.);
#57=FACE_BOUND('',#1264,.T.);
#58=FACE_BOUND('',#1265,.T.);
#59=FACE_BOUND('',#1266,.T.);
#60=FACE_BOUND('',#1267,.T.);
#61=FACE_BOUND('',#1268,.T.);
#62=FACE_BOUND('',#1269,.T.);
#63=FACE_BOUND('',#1270,.T.);
#64=FACE_BOUND('',#1271,.T.);
#65=FACE_BOUND('',#1272,.T.);
#66=FACE_BOUND('',#1273,.T.);
#67=FACE_BOUND('',#1274,.T.);
#68=FACE_BOUND('',#1275,.T.);
#69=FACE_BOUND('',#1276,.T.);
#70=FACE_BOUND('',#1277,.T.);
#71=FACE_BOUND('',#1278,.T.);
#72=FACE_BOUND('',#1279,.T.);
#73=FACE_BOUND('',#1280,.T.);
#74=FACE_BOUND('',#1281,.T.);
#75=FACE_BOUND('',#1282,.T.);
#76=FACE_BOUND('',#1283,.T.);
#77=FACE_BOUND('',#1284,.T.);
#78=FACE_BOUND('',#1285,.T.);
#79=FACE_BOUND('',#1286,.T.);
#80=FACE_BOUND('',#1287,.T.);
#81=FACE_BOUND('',#1288,.T.);
#82=FACE_BOUND('',#1289,.T.);
#83=FACE_BOUND('',#1290,.T.);
#84=FACE_BOUND('',#1291,.T.);
#85=FACE_BOUND('',#1292,.T.);
#86=FACE_BOUND('',#1293,.T.);
#87=FACE_BOUND('',#1294,.T.);
#88=FACE_BOUND('',#1295,.T.);
#89=FACE_BOUND('',#1296,.T.);
#90=FACE_BOUND('',#1297,.T.);
#91=FACE_BOUND('',#1298,.T.);
#92=FACE_BOUND('',#1299,.T.);
#93=FACE_BOUND('',#1300,.T.);
#94=FACE_BOUND('',#1301,.T.);
#95=FACE_BOUND('',#1302,.T.);
#96=FACE_BOUND('',#1303,.T.);
#97=FACE_BOUND('',#1304,.T.);
#98=FACE_BOUND('',#1305,.T.);
#99=FACE_BOUND('',#1306,.T.);
#100=FACE_BOUND('',#1307,.T.);
#101=FACE_BOUND('',#1308,.T.);
#102=FACE_BOUND('',#1309,.T.);
#103=FACE_BOUND('',#1310,.T.);
#104=FACE_BOUND('',#1311,.T.);
#105=FACE_BOUND('',#1312,.T.);
#106=FACE_BOUND('',#1313,.T.);
#107=FACE_BOUND('',#1314,.T.);
#108=FACE_BOUND('',#1315,.T.);
#109=FACE_BOUND('',#1316,.T.);
#110=FACE_BOUND('',#1317,.T.);
#111=FACE_BOUND('',#1318,.T.);
#112=FACE_BOUND('',#1319,.T.);
#113=FACE_BOUND('',#1320,.T.);
#114=FACE_BOUND('',#1321,.T.);
#115=FACE_BOUND('',#1322,.T.);
#116=FACE_BOUND('',#1323,.T.);
#117=FACE_BOUND('',#1324,.T.);
#118=FACE_BOUND('',#1325,.T.);
#119=FACE_BOUND('',#1326,.T.);
#120=FACE_BOUND('',#1327,.T.);
#121=FACE_BOUND('',#1328,.T.);
#122=FACE_BOUND('',#1329,.T.);
#123=FACE_BOUND('',#1330,.T.);
#124=FACE_BOUND('',#1331,.T.);
#125=FACE_BOUND('',#1332,.T.);
#126=FACE_BOUND('',#1333,.T.);
#127=FACE_BOUND('',#1334,.T.);
#128=FACE_BOUND('',#1335,.T.);
#129=FACE_BOUND('',#1336,.T.);
#130=FACE_BOUND('',#1337,.T.);
#131=FACE_BOUND('',#1338,.T.);
#132=FACE_BOUND('',#1339,.T.);
#133=FACE_BOUND('',#1340,.T.);
#134=FACE_BOUND('',#1341,.T.);
#135=FACE_BOUND('',#1342,.T.);
#136=FACE_BOUND('',#1343,.T.);
#137=FACE_BOUND('',#1344,.T.);
#138=FACE_BOUND('',#1345,.T.);
#139=FACE_BOUND('',#1346,.T.);
#140=FACE_BOUND('',#1347,.T.);
#141=FACE_BOUND('',#1348,.T.);
#142=FACE_BOUND('',#1349,.T.);
#143=FACE_BOUND('',#1350,.T.);
#144=FACE_BOUND('',#1351,.T.);
#145=FACE_BOUND('',#1352,.T.);
#146=FACE_BOUND('',#1353,.T.);
#147=FACE_BOUND('',#1354,.T.);
#148=FACE_BOUND('',#1355,.T.);
#149=FACE_BOUND('',#1356,.T.);
#150=FACE_BOUND('',#1357,.T.);
#151=FACE_BOUND('',#1358,.T.);
#152=FACE_BOUND('',#1359,.T.);
#153=FACE_BOUND('',#1360,.T.);
#154=FACE_BOUND('',#1361,.T.);
#155=FACE_BOUND('',#1362,.T.);
#156=FACE_BOUND('',#1363,.T.);
#157=FACE_BOUND('',#1364,.T.);
#158=FACE_BOUND('',#1365,.T.);
#159=FACE_BOUND('',#1366,.T.);
#160=FACE_BOUND('',#1367,.T.);
#161=FACE_BOUND('',#1368,.T.);
#162=FACE_BOUND('',#1369,.T.);
#163=FACE_BOUND('',#1370,.T.);
#164=FACE_BOUND('',#1371,.T.);
#165=FACE_BOUND('',#1372,.T.);
#166=FACE_BOUND('',#1373,.T.);
#167=FACE_BOUND('',#1374,.T.);
#168=FACE_BOUND('',#1375,.T.);
#169=FACE_BOUND('',#1376,.T.);
#170=FACE_BOUND('',#1377,.T.);
#171=FACE_BOUND('',#1378,.T.);
#172=FACE_BOUND('',#1379,.T.);
#173=FACE_BOUND('',#1380,.T.);
#174=FACE_BOUND('',#1381,.T.);
#175=FACE_BOUND('',#1382,.T.);
#176=FACE_BOUND('',#1383,.T.);
#177=FACE_BOUND('',#1384,.T.);
#178=FACE_BOUND('',#1385,.T.);
#179=FACE_BOUND('',#1386,.T.);
#180=FACE_BOUND('',#1387,.T.);
#181=FACE_BOUND('',#1388,.T.);
#182=FACE_BOUND('',#1390,.T.);
#183=FACE_BOUND('',#1391,.T.);
#184=FACE_BOUND('',#1392,.T.);
#185=FACE_BOUND('',#1393,.T.);
#186=FACE_BOUND('',#1394,.T.);
#187=FACE_BOUND('',#1395,.T.);
#188=FACE_BOUND('',#1396,.T.);
#189=FACE_BOUND('',#1397,.T.);
#190=FACE_BOUND('',#1398,.T.);
#191=FACE_BOUND('',#1399,.T.);
#192=FACE_BOUND('',#1400,.T.);
#193=FACE_BOUND('',#1401,.T.);
#194=FACE_BOUND('',#1402,.T.);
#195=FACE_BOUND('',#1403,.T.);
#196=FACE_BOUND('',#1404,.T.);
#197=FACE_BOUND('',#1405,.T.);
#198=FACE_BOUND('',#1406,.T.);
#199=FACE_BOUND('',#1407,.T.);
#200=FACE_BOUND('',#1408,.T.);
#201=FACE_BOUND('',#1409,.T.);
#202=FACE_BOUND('',#1410,.T.);
#203=FACE_BOUND('',#1411,.T.);
#204=FACE_BOUND('',#1412,.T.);
#205=FACE_BOUND('',#1413,.T.);
#206=FACE_BOUND('',#1414,.T.);
#207=FACE_BOUND('',#1415,.T.);
#208=FACE_BOUND('',#1416,.T.);
#209=FACE_BOUND('',#1417,.T.);
#210=FACE_BOUND('',#1418,.T.);
#211=FACE_BOUND('',#1419,.T.);
#212=FACE_BOUND('',#1420,.T.);
#213=FACE_BOUND('',#1421,.T.);
#214=FACE_BOUND('',#1422,.T.);
#215=FACE_BOUND('',#1423,.T.);
#216=FACE_BOUND('',#1424,.T.);
#217=FACE_BOUND('',#1425,.T.);
#218=FACE_BOUND('',#1426,.T.);
#219=FACE_BOUND('',#1427,.T.);
#220=FACE_BOUND('',#1428,.T.);
#221=FACE_BOUND('',#1429,.T.);
#222=FACE_BOUND('',#1430,.T.);
#223=FACE_BOUND('',#1431,.T.);
#224=FACE_BOUND('',#1432,.T.);
#225=FACE_BOUND('',#1433,.T.);
#226=FACE_BOUND('',#1434,.T.);
#227=FACE_BOUND('',#1435,.T.);
#228=FACE_BOUND('',#1436,.T.);
#229=FACE_BOUND('',#1437,.T.);
#230=FACE_BOUND('',#1438,.T.);
#231=FACE_BOUND('',#1439,.T.);
#232=FACE_BOUND('',#1440,.T.);
#233=FACE_BOUND('',#1441,.T.);
#234=FACE_BOUND('',#1442,.T.);
#235=FACE_BOUND('',#1443,.T.);
#236=FACE_BOUND('',#1444,.T.);
#237=FACE_BOUND('',#1445,.T.);
#238=FACE_BOUND('',#1446,.T.);
#239=FACE_BOUND('',#1447,.T.);
#240=FACE_BOUND('',#1448,.T.);
#241=FACE_BOUND('',#1449,.T.);
#242=FACE_BOUND('',#1450,.T.);
#243=FACE_BOUND('',#1451,.T.);
#244=FACE_BOUND('',#1452,.T.);
#245=FACE_BOUND('',#1453,.T.);
#246=FACE_BOUND('',#1454,.T.);
#247=FACE_BOUND('',#1455,.T.);
#248=FACE_BOUND('',#1456,.T.);
#249=FACE_BOUND('',#1457,.T.);
#250=FACE_BOUND('',#1458,.T.);
#251=FACE_BOUND('',#1459,.T.);
#252=FACE_BOUND('',#1460,.T.);
#253=FACE_BOUND('',#1461,.T.);
#254=FACE_BOUND('',#1462,.T.);
#255=FACE_BOUND('',#1463,.T.);
#256=FACE_BOUND('',#1464,.T.);
#257=FACE_BOUND('',#1465,.T.);
#258=FACE_BOUND('',#1466,.T.);
#259=FACE_BOUND('',#1467,.T.);
#260=FACE_BOUND('',#1468,.T.);
#261=FACE_BOUND('',#1469,.T.);
#262=FACE_BOUND('',#1470,.T.);
#263=FACE_BOUND('',#1471,.T.);
#264=FACE_BOUND('',#1472,.T.);
#265=FACE_BOUND('',#1473,.T.);
#266=FACE_BOUND('',#1474,.T.);
#267=FACE_BOUND('',#1475,.T.);
#268=FACE_BOUND('',#1476,.T.);
#269=FACE_BOUND('',#1477,.T.);
#270=FACE_BOUND('',#1478,.T.);
#271=FACE_BOUND('',#1479,.T.);
#272=FACE_BOUND('',#1480,.T.);
#273=FACE_BOUND('',#1481,.T.);
#274=FACE_BOUND('',#1482,.T.);
#275=FACE_BOUND('',#1483,.T.);
#276=FACE_BOUND('',#1484,.T.);
#277=FACE_BOUND('',#1485,.T.);
#278=FACE_BOUND('',#1486,.T.);
#279=FACE_BOUND('',#1487,.T.);
#280=FACE_BOUND('',#1488,.T.);
#281=FACE_BOUND('',#1489,.T.);
#282=FACE_BOUND('',#1490,.T.);
#283=FACE_BOUND('',#1491,.T.);
#284=FACE_BOUND('',#1492,.T.);
#285=FACE_BOUND('',#1493,.T.);
#286=FACE_BOUND('',#1494,.T.);
#287=FACE_BOUND('',#1495,.T.);
#288=FACE_BOUND('',#1496,.T.);
#289=FACE_BOUND('',#1497,.T.);
#290=FACE_BOUND('',#1498,.T.);
#291=FACE_BOUND('',#1499,.T.);
#292=FACE_BOUND('',#1500,.T.);
#293=FACE_BOUND('',#1501,.T.);
#294=FACE_BOUND('',#1502,.T.);
#295=FACE_BOUND('',#1503,.T.);
#296=FACE_BOUND('',#1504,.T.);
#297=FACE_BOUND('',#1505,.T.);
#298=FACE_BOUND('',#1506,.T.);
#299=FACE_BOUND('',#1507,.T.);
#300=FACE_BOUND('',#1508,.T.);
#301=FACE_BOUND('',#1509,.T.);
#302=FACE_BOUND('',#1510,.T.);
#303=FACE_BOUND('',#1511,.T.);
#304=FACE_BOUND('',#1512,.T.);
#305=FACE_BOUND('',#1513,.T.);
#306=FACE_BOUND('',#1514,.T.);
#307=FACE_BOUND('',#1515,.T.);
#308=FACE_BOUND('',#1516,.T.);
#309=FACE_BOUND('',#1517,.T.);
#310=FACE_BOUND('',#1518,.T.);
#311=FACE_BOUND('',#1519,.T.);
#312=FACE_BOUND('',#1520,.T.);
#313=FACE_BOUND('',#1521,.T.);
#314=FACE_BOUND('',#1522,.T.);
#315=FACE_BOUND('',#1523,.T.);
#316=FACE_BOUND('',#1524,.T.);
#317=FACE_BOUND('',#1525,.T.);
#318=FACE_BOUND('',#1526,.T.);
#319=FACE_BOUND('',#1527,.T.);
#320=FACE_BOUND('',#1528,.T.);
#321=FACE_BOUND('',#1529,.T.);
#322=FACE_BOUND('',#1530,.T.);
#323=FACE_BOUND('',#1531,.T.);
#324=FACE_BOUND('',#1532,.T.);
#325=FACE_BOUND('',#1533,.T.);
#326=FACE_BOUND('',#1534,.T.);
#327=FACE_BOUND('',#1535,.T.);
#328=FACE_BOUND('',#1536,.T.);
#329=FACE_BOUND('',#1537,.T.);
#330=FACE_BOUND('',#1538,.T.);
#331=FACE_BOUND('',#1539,.T.);
#332=FACE_BOUND('',#1540,.T.);
#333=FACE_BOUND('',#1541,.T.);
#334=FACE_BOUND('',#1542,.T.);
#335=FACE_BOUND('',#1543,.T.);
#336=CIRCLE('',#5050,2.);
#337=CIRCLE('',#5051,2.);
#338=CIRCLE('',#5053,0.874999999999999);
#339=CIRCLE('',#5054,0.874999999999999);
#340=CIRCLE('',#5063,0.874999999999999);
#341=CIRCLE('',#5064,0.875000000000004);
#342=CIRCLE('',#5066,0.875000000000004);
#343=CIRCLE('',#5069,0.874999999999999);
#344=CIRCLE('',#5085,0.500000000000005);
#345=CIRCLE('',#5086,0.500000000000005);
#346=CIRCLE('',#5088,0.500000000000007);
#347=CIRCLE('',#5089,0.500000000000007);
#348=CIRCLE('',#5091,0.500000000000005);
#349=CIRCLE('',#5092,0.500000000000005);
#350=CIRCLE('',#5094,0.500000000000007);
#351=CIRCLE('',#5095,0.500000000000007);
#352=CIRCLE('',#5097,0.500000000000007);
#353=CIRCLE('',#5098,0.500000000000007);
#354=CIRCLE('',#5100,0.500000000000007);
#355=CIRCLE('',#5101,0.500000000000007);
#356=CIRCLE('',#5103,0.500000000000005);
#357=CIRCLE('',#5104,0.500000000000005);
#358=CIRCLE('',#5106,0.500000000000007);
#359=CIRCLE('',#5107,0.500000000000007);
#360=CIRCLE('',#5109,0.500000000000007);
#361=CIRCLE('',#5110,0.500000000000007);
#362=CIRCLE('',#5112,0.500000000000005);
#363=CIRCLE('',#5113,0.500000000000005);
#364=CIRCLE('',#5115,0.500000000000007);
#365=CIRCLE('',#5116,0.500000000000007);
#366=CIRCLE('',#5118,0.500000000000005);
#367=CIRCLE('',#5119,0.500000000000005);
#368=CIRCLE('',#5121,0.500000000000007);
#369=CIRCLE('',#5122,0.500000000000007);
#370=CIRCLE('',#5124,0.500000000000005);
#371=CIRCLE('',#5125,0.500000000000005);
#372=CIRCLE('',#5127,0.500000000000005);
#373=CIRCLE('',#5128,0.500000000000005);
#374=CIRCLE('',#5130,0.500000000000007);
#375=CIRCLE('',#5131,0.500000000000007);
#376=CIRCLE('',#5133,0.500000000000005);
#377=CIRCLE('',#5134,0.500000000000005);
#378=CIRCLE('',#5136,0.500000000000005);
#379=CIRCLE('',#5137,0.500000000000005);
#380=CIRCLE('',#5139,0.500000000000007);
#381=CIRCLE('',#5140,0.500000000000007);
#382=CIRCLE('',#5146,0.500000000000003);
#383=CIRCLE('',#5147,0.500000000000003);
#384=CIRCLE('',#5149,0.500000000000005);
#385=CIRCLE('',#5150,0.500000000000005);
#386=CIRCLE('',#5152,0.500000000000005);
#387=CIRCLE('',#5153,0.500000000000005);
#388=CIRCLE('',#5155,3.99999999999999);
#389=CIRCLE('',#5156,3.99999999999999);
#390=CIRCLE('',#5158,0.500000000000005);
#391=CIRCLE('',#5159,0.500000000000005);
#392=CIRCLE('',#5161,0.500000000000005);
#393=CIRCLE('',#5162,0.500000000000005);
#394=CIRCLE('',#5164,0.500000000000005);
#395=CIRCLE('',#5165,0.500000000000005);
#396=CIRCLE('',#5167,0.500000000000005);
#397=CIRCLE('',#5168,0.500000000000005);
#398=CIRCLE('',#5170,0.500000000000005);
#399=CIRCLE('',#5171,0.500000000000005);
#400=CIRCLE('',#5173,0.500000000000005);
#401=CIRCLE('',#5174,0.500000000000005);
#402=CIRCLE('',#5176,0.500000000000003);
#403=CIRCLE('',#5177,0.500000000000003);
#404=CIRCLE('',#5179,0.500000000000005);
#405=CIRCLE('',#5180,0.500000000000005);
#406=CIRCLE('',#5182,0.500000000000005);
#407=CIRCLE('',#5183,0.500000000000005);
#408=CIRCLE('',#5185,0.500000000000005);
#409=CIRCLE('',#5186,0.500000000000005);
#410=CIRCLE('',#5188,0.500000000000005);
#411=CIRCLE('',#5189,0.500000000000005);
#412=CIRCLE('',#5191,0.500000000000005);
#413=CIRCLE('',#5192,0.500000000000005);
#414=CIRCLE('',#5194,0.500000000000005);
#415=CIRCLE('',#5195,0.500000000000005);
#416=CIRCLE('',#5197,0.500000000000007);
#417=CIRCLE('',#5198,0.500000000000007);
#418=CIRCLE('',#5200,0.500000000000005);
#419=CIRCLE('',#5201,0.500000000000005);
#420=CIRCLE('',#5203,0.50000000000001);
#421=CIRCLE('',#5204,0.50000000000001);
#422=CIRCLE('',#5206,0.500000000000004);
#423=CIRCLE('',#5207,0.500000000000004);
#424=CIRCLE('',#5209,0.499999999999999);
#425=CIRCLE('',#5210,0.499999999999999);
#426=CIRCLE('',#5212,0.500000000000007);
#427=CIRCLE('',#5213,0.500000000000007);
#428=CIRCLE('',#5215,0.5);
#429=CIRCLE('',#5216,0.5);
#430=CIRCLE('',#5218,0.500000000000007);
#431=CIRCLE('',#5219,0.500000000000007);
#432=CIRCLE('',#5221,0.500000000000009);
#433=CIRCLE('',#5222,0.500000000000009);
#434=CIRCLE('',#5224,0.500000000000006);
#435=CIRCLE('',#5225,0.500000000000006);
#436=CIRCLE('',#5247,0.500000000000007);
#437=CIRCLE('',#5248,0.500000000000007);
#438=CIRCLE('',#5250,0.500000000000005);
#439=CIRCLE('',#5251,0.500000000000005);
#440=CIRCLE('',#5253,0.500000000000005);
#441=CIRCLE('',#5254,0.500000000000005);
#442=CIRCLE('',#5256,0.500000000000005);
#443=CIRCLE('',#5257,0.500000000000005);
#444=CIRCLE('',#5259,0.499999999999999);
#445=CIRCLE('',#5260,0.499999999999999);
#446=CIRCLE('',#5262,0.500000000000013);
#447=CIRCLE('',#5263,0.500000000000013);
#448=CIRCLE('',#5265,0.500000000000004);
#449=CIRCLE('',#5266,0.500000000000004);
#450=CIRCLE('',#5272,0.500000000000009);
#451=CIRCLE('',#5273,0.500000000000009);
#452=CIRCLE('',#5275,0.500000000000002);
#453=CIRCLE('',#5276,0.500000000000002);
#454=CIRCLE('',#5278,0.499999999999999);
#455=CIRCLE('',#5279,0.499999999999999);
#456=CIRCLE('',#5281,0.500000000000006);
#457=CIRCLE('',#5282,0.500000000000006);
#458=CIRCLE('',#5284,0.499999999999999);
#459=CIRCLE('',#5285,0.499999999999999);
#460=CIRCLE('',#5287,0.500000000000007);
#461=CIRCLE('',#5288,0.500000000000007);
#462=CIRCLE('',#5290,0.500000000000012);
#463=CIRCLE('',#5291,0.500000000000012);
#464=CIRCLE('',#5293,0.500000000000005);
#465=CIRCLE('',#5294,0.500000000000005);
#466=CIRCLE('',#5296,0.500000000000003);
#467=CIRCLE('',#5297,0.500000000000003);
#468=CIRCLE('',#5303,0.500000000000007);
#469=CIRCLE('',#5304,0.500000000000007);
#470=CIRCLE('',#5306,0.500000000000006);
#471=CIRCLE('',#5307,0.500000000000006);
#472=CIRCLE('',#5309,0.500000000000005);
#473=CIRCLE('',#5310,0.500000000000005);
#474=CIRCLE('',#5312,0.500000000000003);
#475=CIRCLE('',#5313,0.500000000000003);
#476=CIRCLE('',#5315,0.500000000000005);
#477=CIRCLE('',#5316,0.500000000000005);
#478=CIRCLE('',#5318,0.500000000000005);
#479=CIRCLE('',#5319,0.500000000000005);
#480=CIRCLE('',#5321,0.500000000000005);
#481=CIRCLE('',#5322,0.500000000000005);
#482=CIRCLE('',#5324,0.500000000000007);
#483=CIRCLE('',#5325,0.500000000000007);
#484=CIRCLE('',#5327,0.500000000000005);
#485=CIRCLE('',#5328,0.500000000000005);
#486=CIRCLE('',#5330,0.500000000000007);
#487=CIRCLE('',#5331,0.500000000000007);
#488=CIRCLE('',#5333,0.500000000000005);
#489=CIRCLE('',#5334,0.500000000000005);
#490=CIRCLE('',#5336,0.500000000000005);
#491=CIRCLE('',#5337,0.500000000000005);
#492=CIRCLE('',#5339,0.50000000000001);
#493=CIRCLE('',#5340,0.50000000000001);
#494=CIRCLE('',#5342,0.500000000000005);
#495=CIRCLE('',#5343,0.500000000000005);
#496=CIRCLE('',#5349,0.500000000000003);
#497=CIRCLE('',#5350,0.500000000000003);
#498=CIRCLE('',#5352,0.500000000000007);
#499=CIRCLE('',#5353,0.500000000000007);
#500=CIRCLE('',#5355,0.500000000000005);
#501=CIRCLE('',#5356,0.500000000000005);
#502=CIRCLE('',#5358,0.499999999999999);
#503=CIRCLE('',#5359,0.499999999999999);
#504=CIRCLE('',#5361,0.500000000000007);
#505=CIRCLE('',#5362,0.500000000000007);
#506=CIRCLE('',#5368,0.500000000000005);
#507=CIRCLE('',#5369,0.500000000000005);
#508=CIRCLE('',#5371,0.500000000000005);
#509=CIRCLE('',#5372,0.500000000000005);
#510=CIRCLE('',#5374,0.500000000000007);
#511=CIRCLE('',#5375,0.500000000000007);
#512=CIRCLE('',#5377,0.500000000000011);
#513=CIRCLE('',#5378,0.500000000000011);
#514=CIRCLE('',#5380,0.499999999999999);
#515=CIRCLE('',#5381,0.499999999999999);
#516=CIRCLE('',#5383,0.500000000000007);
#517=CIRCLE('',#5384,0.500000000000007);
#518=CIRCLE('',#5386,0.499999999999999);
#519=CIRCLE('',#5387,0.499999999999999);
#520=CIRCLE('',#5389,0.500000000000006);
#521=CIRCLE('',#5390,0.500000000000006);
#522=CIRCLE('',#5400,0.500000000000002);
#523=CIRCLE('',#5401,0.500000000000002);
#524=CIRCLE('',#5403,0.500000000000007);
#525=CIRCLE('',#5404,0.500000000000007);
#526=CIRCLE('',#5410,0.500000000000012);
#527=CIRCLE('',#5411,0.500000000000012);
#528=CIRCLE('',#5413,0.500000000000007);
#529=CIRCLE('',#5414,0.500000000000007);
#530=CIRCLE('',#5416,0.500000000000004);
#531=CIRCLE('',#5417,0.500000000000004);
#532=CIRCLE('',#5419,0.500000000000005);
#533=CIRCLE('',#5420,0.500000000000005);
#534=CIRCLE('',#5422,0.500000000000005);
#535=CIRCLE('',#5423,0.500000000000005);
#536=CIRCLE('',#5425,0.500000000000005);
#537=CIRCLE('',#5426,0.500000000000005);
#538=CIRCLE('',#5428,0.500000000000005);
#539=CIRCLE('',#5429,0.500000000000005);
#540=CIRCLE('',#5431,0.500000000000006);
#541=CIRCLE('',#5432,0.500000000000006);
#542=CIRCLE('',#5434,0.500000000000006);
#543=CIRCLE('',#5435,0.500000000000006);
#544=CIRCLE('',#5437,0.500000000000002);
#545=CIRCLE('',#5438,0.500000000000002);
#546=CIRCLE('',#5440,0.499999999999999);
#547=CIRCLE('',#5441,0.499999999999999);
#548=CIRCLE('',#5443,0.500000000000005);
#549=CIRCLE('',#5444,0.500000000000005);
#550=CIRCLE('',#5446,0.500000000000002);
#551=CIRCLE('',#5447,0.500000000000002);
#552=CIRCLE('',#5449,0.500000000000005);
#553=CIRCLE('',#5450,0.500000000000005);
#554=CIRCLE('',#5452,0.500000000000005);
#555=CIRCLE('',#5453,0.500000000000005);
#556=CIRCLE('',#5455,0.500000000000007);
#557=CIRCLE('',#5456,0.500000000000007);
#558=CIRCLE('',#5458,0.500000000000007);
#559=CIRCLE('',#5459,0.500000000000007);
#560=CIRCLE('',#5461,0.500000000000005);
#561=CIRCLE('',#5462,0.500000000000005);
#562=CIRCLE('',#5468,0.5);
#563=CIRCLE('',#5469,0.5);
#564=CIRCLE('',#5471,0.500000000000003);
#565=CIRCLE('',#5472,0.500000000000003);
#566=CIRCLE('',#5474,0.500000000000007);
#567=CIRCLE('',#5475,0.500000000000007);
#568=CIRCLE('',#5477,0.5);
#569=CIRCLE('',#5478,0.5);
#570=CIRCLE('',#5480,0.500000000000009);
#571=CIRCLE('',#5481,0.500000000000009);
#572=CIRCLE('',#5483,0.500000000000005);
#573=CIRCLE('',#5484,0.500000000000005);
#574=CIRCLE('',#5486,0.500000000000007);
#575=CIRCLE('',#5487,0.500000000000007);
#576=CIRCLE('',#5489,0.500000000000007);
#577=CIRCLE('',#5490,0.500000000000007);
#578=CIRCLE('',#5492,0.500000000000005);
#579=CIRCLE('',#5493,0.500000000000005);
#580=CIRCLE('',#5495,0.500000000000007);
#581=CIRCLE('',#5496,0.500000000000007);
#582=CIRCLE('',#5498,0.500000000000007);
#583=CIRCLE('',#5499,0.500000000000007);
#584=CIRCLE('',#5501,0.500000000000007);
#585=CIRCLE('',#5502,0.500000000000007);
#586=CIRCLE('',#5504,0.500000000000007);
#587=CIRCLE('',#5505,0.500000000000007);
#588=CIRCLE('',#5507,0.500000000000007);
#589=CIRCLE('',#5508,0.500000000000007);
#590=CIRCLE('',#5510,0.500000000000009);
#591=CIRCLE('',#5511,0.500000000000009);
#592=CIRCLE('',#5513,0.500000000000005);
#593=CIRCLE('',#5514,0.500000000000005);
#594=CIRCLE('',#5516,0.500000000000007);
#595=CIRCLE('',#5517,0.500000000000007);
#596=CIRCLE('',#5523,0.500000000000005);
#597=CIRCLE('',#5524,0.500000000000005);
#598=CIRCLE('',#5526,0.500000000000007);
#599=CIRCLE('',#5527,0.500000000000007);
#600=CIRCLE('',#5529,0.500000000000005);
#601=CIRCLE('',#5530,0.500000000000005);
#602=CIRCLE('',#5532,0.500000000000005);
#603=CIRCLE('',#5533,0.500000000000005);
#604=CIRCLE('',#5535,0.500000000000005);
#605=CIRCLE('',#5536,0.500000000000005);
#606=CIRCLE('',#5538,0.500000000000005);
#607=CIRCLE('',#5539,0.500000000000005);
#608=CIRCLE('',#5541,0.500000000000007);
#609=CIRCLE('',#5542,0.500000000000007);
#610=CIRCLE('',#5544,0.500000000000007);
#611=CIRCLE('',#5545,0.500000000000007);
#612=CIRCLE('',#5547,0.500000000000005);
#613=CIRCLE('',#5548,0.500000000000005);
#614=CIRCLE('',#5550,0.500000000000005);
#615=CIRCLE('',#5551,0.500000000000005);
#616=CIRCLE('',#5553,0.500000000000004);
#617=CIRCLE('',#5554,0.500000000000004);
#618=CIRCLE('',#5556,0.500000000000007);
#619=CIRCLE('',#5557,0.500000000000007);
#620=CIRCLE('',#5559,0.5);
#621=CIRCLE('',#5560,0.5);
#622=CYLINDRICAL_SURFACE('',#5049,2.);
#623=CYLINDRICAL_SURFACE('',#5052,0.874999999999999);
#624=CYLINDRICAL_SURFACE('',#5065,0.875000000000004);
#625=CYLINDRICAL_SURFACE('',#5068,0.874999999999999);
#626=CYLINDRICAL_SURFACE('',#5071,1.5);
#627=CYLINDRICAL_SURFACE('',#5074,1.5);
#628=CYLINDRICAL_SURFACE('',#5076,1.5);
#629=CYLINDRICAL_SURFACE('',#5078,1.5);
#630=CYLINDRICAL_SURFACE('',#5084,0.500000000000005);
#631=CYLINDRICAL_SURFACE('',#5087,0.500000000000007);
#632=CYLINDRICAL_SURFACE('',#5090,0.500000000000005);
#633=CYLINDRICAL_SURFACE('',#5093,0.500000000000007);
#634=CYLINDRICAL_SURFACE('',#5096,0.500000000000007);
#635=CYLINDRICAL_SURFACE('',#5099,0.500000000000007);
#636=CYLINDRICAL_SURFACE('',#5102,0.500000000000005);
#637=CYLINDRICAL_SURFACE('',#5105,0.500000000000007);
#638=CYLINDRICAL_SURFACE('',#5108,0.500000000000007);
#639=CYLINDRICAL_SURFACE('',#5111,0.500000000000005);
#640=CYLINDRICAL_SURFACE('',#5114,0.500000000000007);
#641=CYLINDRICAL_SURFACE('',#5117,0.500000000000005);
#642=CYLINDRICAL_SURFACE('',#5120,0.500000000000007);
#643=CYLINDRICAL_SURFACE('',#5123,0.500000000000005);
#644=CYLINDRICAL_SURFACE('',#5126,0.500000000000005);
#645=CYLINDRICAL_SURFACE('',#5129,0.500000000000007);
#646=CYLINDRICAL_SURFACE('',#5132,0.500000000000005);
#647=CYLINDRICAL_SURFACE('',#5135,0.500000000000005);
#648=CYLINDRICAL_SURFACE('',#5138,0.500000000000007);
#649=CYLINDRICAL_SURFACE('',#5145,0.500000000000003);
#650=CYLINDRICAL_SURFACE('',#5148,0.500000000000005);
#651=CYLINDRICAL_SURFACE('',#5151,0.500000000000005);
#652=CYLINDRICAL_SURFACE('',#5154,3.99999999999999);
#653=CYLINDRICAL_SURFACE('',#5157,0.500000000000005);
#654=CYLINDRICAL_SURFACE('',#5160,0.500000000000005);
#655=CYLINDRICAL_SURFACE('',#5163,0.500000000000005);
#656=CYLINDRICAL_SURFACE('',#5166,0.500000000000005);
#657=CYLINDRICAL_SURFACE('',#5169,0.500000000000005);
#658=CYLINDRICAL_SURFACE('',#5172,0.500000000000005);
#659=CYLINDRICAL_SURFACE('',#5175,0.500000000000003);
#660=CYLINDRICAL_SURFACE('',#5178,0.500000000000005);
#661=CYLINDRICAL_SURFACE('',#5181,0.500000000000005);
#662=CYLINDRICAL_SURFACE('',#5184,0.500000000000005);
#663=CYLINDRICAL_SURFACE('',#5187,0.500000000000005);
#664=CYLINDRICAL_SURFACE('',#5190,0.500000000000005);
#665=CYLINDRICAL_SURFACE('',#5193,0.500000000000005);
#666=CYLINDRICAL_SURFACE('',#5196,0.500000000000007);
#667=CYLINDRICAL_SURFACE('',#5199,0.500000000000005);
#668=CYLINDRICAL_SURFACE('',#5202,0.50000000000001);
#669=CYLINDRICAL_SURFACE('',#5205,0.500000000000004);
#670=CYLINDRICAL_SURFACE('',#5208,0.499999999999999);
#671=CYLINDRICAL_SURFACE('',#5211,0.500000000000007);
#672=CYLINDRICAL_SURFACE('',#5214,0.5);
#673=CYLINDRICAL_SURFACE('',#5217,0.500000000000007);
#674=CYLINDRICAL_SURFACE('',#5220,0.500000000000009);
#675=CYLINDRICAL_SURFACE('',#5223,0.500000000000006);
#676=CYLINDRICAL_SURFACE('',#5246,0.500000000000007);
#677=CYLINDRICAL_SURFACE('',#5249,0.500000000000005);
#678=CYLINDRICAL_SURFACE('',#5252,0.500000000000005);
#679=CYLINDRICAL_SURFACE('',#5255,0.500000000000005);
#680=CYLINDRICAL_SURFACE('',#5258,0.499999999999999);
#681=CYLINDRICAL_SURFACE('',#5261,0.500000000000013);
#682=CYLINDRICAL_SURFACE('',#5264,0.500000000000004);
#683=CYLINDRICAL_SURFACE('',#5271,0.500000000000009);
#684=CYLINDRICAL_SURFACE('',#5274,0.500000000000002);
#685=CYLINDRICAL_SURFACE('',#5277,0.499999999999999);
#686=CYLINDRICAL_SURFACE('',#5280,0.500000000000006);
#687=CYLINDRICAL_SURFACE('',#5283,0.499999999999999);
#688=CYLINDRICAL_SURFACE('',#5286,0.500000000000007);
#689=CYLINDRICAL_SURFACE('',#5289,0.500000000000012);
#690=CYLINDRICAL_SURFACE('',#5292,0.500000000000005);
#691=CYLINDRICAL_SURFACE('',#5295,0.500000000000003);
#692=CYLINDRICAL_SURFACE('',#5302,0.500000000000007);
#693=CYLINDRICAL_SURFACE('',#5305,0.500000000000006);
#694=CYLINDRICAL_SURFACE('',#5308,0.500000000000005);
#695=CYLINDRICAL_SURFACE('',#5311,0.500000000000003);
#696=CYLINDRICAL_SURFACE('',#5314,0.500000000000005);
#697=CYLINDRICAL_SURFACE('',#5317,0.500000000000005);
#698=CYLINDRICAL_SURFACE('',#5320,0.500000000000005);
#699=CYLINDRICAL_SURFACE('',#5323,0.500000000000007);
#700=CYLINDRICAL_SURFACE('',#5326,0.500000000000005);
#701=CYLINDRICAL_SURFACE('',#5329,0.500000000000007);
#702=CYLINDRICAL_SURFACE('',#5332,0.500000000000005);
#703=CYLINDRICAL_SURFACE('',#5335,0.500000000000005);
#704=CYLINDRICAL_SURFACE('',#5338,0.50000000000001);
#705=CYLINDRICAL_SURFACE('',#5341,0.500000000000005);
#706=CYLINDRICAL_SURFACE('',#5348,0.500000000000003);
#707=CYLINDRICAL_SURFACE('',#5351,0.500000000000007);
#708=CYLINDRICAL_SURFACE('',#5354,0.500000000000005);
#709=CYLINDRICAL_SURFACE('',#5357,0.499999999999999);
#710=CYLINDRICAL_SURFACE('',#5360,0.500000000000007);
#711=CYLINDRICAL_SURFACE('',#5367,0.500000000000005);
#712=CYLINDRICAL_SURFACE('',#5370,0.500000000000005);
#713=CYLINDRICAL_SURFACE('',#5373,0.500000000000007);
#714=CYLINDRICAL_SURFACE('',#5376,0.500000000000011);
#715=CYLINDRICAL_SURFACE('',#5379,0.499999999999999);
#716=CYLINDRICAL_SURFACE('',#5382,0.500000000000007);
#717=CYLINDRICAL_SURFACE('',#5385,0.499999999999999);
#718=CYLINDRICAL_SURFACE('',#5388,0.500000000000006);
#719=CYLINDRICAL_SURFACE('',#5399,0.500000000000002);
#720=CYLINDRICAL_SURFACE('',#5402,0.500000000000007);
#721=CYLINDRICAL_SURFACE('',#5409,0.500000000000012);
#722=CYLINDRICAL_SURFACE('',#5412,0.500000000000007);
#723=CYLINDRICAL_SURFACE('',#5415,0.500000000000004);
#724=CYLINDRICAL_SURFACE('',#5418,0.500000000000005);
#725=CYLINDRICAL_SURFACE('',#5421,0.500000000000005);
#726=CYLINDRICAL_SURFACE('',#5424,0.500000000000005);
#727=CYLINDRICAL_SURFACE('',#5427,0.500000000000005);
#728=CYLINDRICAL_SURFACE('',#5430,0.500000000000006);
#729=CYLINDRICAL_SURFACE('',#5433,0.500000000000006);
#730=CYLINDRICAL_SURFACE('',#5436,0.500000000000002);
#731=CYLINDRICAL_SURFACE('',#5439,0.499999999999999);
#732=CYLINDRICAL_SURFACE('',#5442,0.500000000000005);
#733=CYLINDRICAL_SURFACE('',#5445,0.500000000000002);
#734=CYLINDRICAL_SURFACE('',#5448,0.500000000000005);
#735=CYLINDRICAL_SURFACE('',#5451,0.500000000000005);
#736=CYLINDRICAL_SURFACE('',#5454,0.500000000000007);
#737=CYLINDRICAL_SURFACE('',#5457,0.500000000000007);
#738=CYLINDRICAL_SURFACE('',#5460,0.500000000000005);
#739=CYLINDRICAL_SURFACE('',#5467,0.5);
#740=CYLINDRICAL_SURFACE('',#5470,0.500000000000003);
#741=CYLINDRICAL_SURFACE('',#5473,0.500000000000007);
#742=CYLINDRICAL_SURFACE('',#5476,0.5);
#743=CYLINDRICAL_SURFACE('',#5479,0.500000000000009);
#744=CYLINDRICAL_SURFACE('',#5482,0.500000000000005);
#745=CYLINDRICAL_SURFACE('',#5485,0.500000000000007);
#746=CYLINDRICAL_SURFACE('',#5488,0.500000000000007);
#747=CYLINDRICAL_SURFACE('',#5491,0.500000000000005);
#748=CYLINDRICAL_SURFACE('',#5494,0.500000000000007);
#749=CYLINDRICAL_SURFACE('',#5497,0.500000000000007);
#750=CYLINDRICAL_SURFACE('',#5500,0.500000000000007);
#751=CYLINDRICAL_SURFACE('',#5503,0.500000000000007);
#752=CYLINDRICAL_SURFACE('',#5506,0.500000000000007);
#753=CYLINDRICAL_SURFACE('',#5509,0.500000000000009);
#754=CYLINDRICAL_SURFACE('',#5512,0.500000000000005);
#755=CYLINDRICAL_SURFACE('',#5515,0.500000000000007);
#756=CYLINDRICAL_SURFACE('',#5522,0.500000000000005);
#757=CYLINDRICAL_SURFACE('',#5525,0.500000000000007);
#758=CYLINDRICAL_SURFACE('',#5528,0.500000000000005);
#759=CYLINDRICAL_SURFACE('',#5531,0.500000000000005);
#760=CYLINDRICAL_SURFACE('',#5534,0.500000000000005);
#761=CYLINDRICAL_SURFACE('',#5537,0.500000000000005);
#762=CYLINDRICAL_SURFACE('',#5540,0.500000000000007);
#763=CYLINDRICAL_SURFACE('',#5543,0.500000000000007);
#764=CYLINDRICAL_SURFACE('',#5546,0.500000000000005);
#765=CYLINDRICAL_SURFACE('',#5549,0.500000000000005);
#766=CYLINDRICAL_SURFACE('',#5552,0.500000000000004);
#767=CYLINDRICAL_SURFACE('',#5555,0.500000000000007);
#768=CYLINDRICAL_SURFACE('',#5558,0.5);
#769=FACE_OUTER_BOUND('',#999,.T.);
#770=FACE_OUTER_BOUND('',#1000,.T.);
#771=FACE_OUTER_BOUND('',#1001,.T.);
#772=FACE_OUTER_BOUND('',#1002,.T.);
#773=FACE_OUTER_BOUND('',#1003,.T.);
#774=FACE_OUTER_BOUND('',#1004,.T.);
#775=FACE_OUTER_BOUND('',#1005,.T.);
#776=FACE_OUTER_BOUND('',#1006,.T.);
#777=FACE_OUTER_BOUND('',#1007,.T.);
#778=FACE_OUTER_BOUND('',#1009,.T.);
#779=FACE_OUTER_BOUND('',#1010,.T.);
#780=FACE_OUTER_BOUND('',#1012,.T.);
#781=FACE_OUTER_BOUND('',#1016,.T.);
#782=FACE_OUTER_BOUND('',#1017,.T.);
#783=FACE_OUTER_BOUND('',#1018,.T.);
#784=FACE_OUTER_BOUND('',#1019,.T.);
#785=FACE_OUTER_BOUND('',#1020,.T.);
#786=FACE_OUTER_BOUND('',#1021,.T.);
#787=FACE_OUTER_BOUND('',#1022,.T.);
#788=FACE_OUTER_BOUND('',#1023,.T.);
#789=FACE_OUTER_BOUND('',#1024,.T.);
#790=FACE_OUTER_BOUND('',#1025,.T.);
#791=FACE_OUTER_BOUND('',#1027,.T.);
#792=FACE_OUTER_BOUND('',#1028,.T.);
#793=FACE_OUTER_BOUND('',#1029,.T.);
#794=FACE_OUTER_BOUND('',#1031,.T.);
#795=FACE_OUTER_BOUND('',#1032,.T.);
#796=FACE_OUTER_BOUND('',#1033,.T.);
#797=FACE_OUTER_BOUND('',#1034,.T.);
#798=FACE_OUTER_BOUND('',#1035,.T.);
#799=FACE_OUTER_BOUND('',#1036,.T.);
#800=FACE_OUTER_BOUND('',#1037,.T.);
#801=FACE_OUTER_BOUND('',#1038,.T.);
#802=FACE_OUTER_BOUND('',#1039,.T.);
#803=FACE_OUTER_BOUND('',#1040,.T.);
#804=FACE_OUTER_BOUND('',#1041,.T.);
#805=FACE_OUTER_BOUND('',#1042,.T.);
#806=FACE_OUTER_BOUND('',#1043,.T.);
#807=FACE_OUTER_BOUND('',#1044,.T.);
#808=FACE_OUTER_BOUND('',#1045,.T.);
#809=FACE_OUTER_BOUND('',#1046,.T.);
#810=FACE_OUTER_BOUND('',#1047,.T.);
#811=FACE_OUTER_BOUND('',#1048,.T.);
#812=FACE_OUTER_BOUND('',#1049,.T.);
#813=FACE_OUTER_BOUND('',#1050,.T.);
#814=FACE_OUTER_BOUND('',#1051,.T.);
#815=FACE_OUTER_BOUND('',#1052,.T.);
#816=FACE_OUTER_BOUND('',#1053,.T.);
#817=FACE_OUTER_BOUND('',#1054,.T.);
#818=FACE_OUTER_BOUND('',#1055,.T.);
#819=FACE_OUTER_BOUND('',#1056,.T.);
#820=FACE_OUTER_BOUND('',#1057,.T.);
#821=FACE_OUTER_BOUND('',#1058,.T.);
#822=FACE_OUTER_BOUND('',#1059,.T.);
#823=FACE_OUTER_BOUND('',#1060,.T.);
#824=FACE_OUTER_BOUND('',#1061,.T.);
#825=FACE_OUTER_BOUND('',#1062,.T.);
#826=FACE_OUTER_BOUND('',#1063,.T.);
#827=FACE_OUTER_BOUND('',#1064,.T.);
#828=FACE_OUTER_BOUND('',#1065,.T.);
#829=FACE_OUTER_BOUND('',#1066,.T.);
#830=FACE_OUTER_BOUND('',#1067,.T.);
#831=FACE_OUTER_BOUND('',#1068,.T.);
#832=FACE_OUTER_BOUND('',#1069,.T.);
#833=FACE_OUTER_BOUND('',#1070,.T.);
#834=FACE_OUTER_BOUND('',#1071,.T.);
#835=FACE_OUTER_BOUND('',#1072,.T.);
#836=FACE_OUTER_BOUND('',#1073,.T.);
#837=FACE_OUTER_BOUND('',#1074,.T.);
#838=FACE_OUTER_BOUND('',#1075,.T.);
#839=FACE_OUTER_BOUND('',#1076,.T.);
#840=FACE_OUTER_BOUND('',#1077,.T.);
#841=FACE_OUTER_BOUND('',#1078,.T.);
#842=FACE_OUTER_BOUND('',#1079,.T.);
#843=FACE_OUTER_BOUND('',#1080,.T.);
#844=FACE_OUTER_BOUND('',#1081,.T.);
#845=FACE_OUTER_BOUND('',#1082,.T.);
#846=FACE_OUTER_BOUND('',#1083,.T.);
#847=FACE_OUTER_BOUND('',#1084,.T.);
#848=FACE_OUTER_BOUND('',#1085,.T.);
#849=FACE_OUTER_BOUND('',#1086,.T.);
#850=FACE_OUTER_BOUND('',#1087,.T.);
#851=FACE_OUTER_BOUND('',#1088,.T.);
#852=FACE_OUTER_BOUND('',#1089,.T.);
#853=FACE_OUTER_BOUND('',#1090,.T.);
#854=FACE_OUTER_BOUND('',#1091,.T.);
#855=FACE_OUTER_BOUND('',#1092,.T.);
#856=FACE_OUTER_BOUND('',#1093,.T.);
#857=FACE_OUTER_BOUND('',#1094,.T.);
#858=FACE_OUTER_BOUND('',#1095,.T.);
#859=FACE_OUTER_BOUND('',#1096,.T.);
#860=FACE_OUTER_BOUND('',#1097,.T.);
#861=FACE_OUTER_BOUND('',#1098,.T.);
#862=FACE_OUTER_BOUND('',#1099,.T.);
#863=FACE_OUTER_BOUND('',#1100,.T.);
#864=FACE_OUTER_BOUND('',#1101,.T.);
#865=FACE_OUTER_BOUND('',#1102,.T.);
#866=FACE_OUTER_BOUND('',#1103,.T.);
#867=FACE_OUTER_BOUND('',#1104,.T.);
#868=FACE_OUTER_BOUND('',#1105,.T.);
#869=FACE_OUTER_BOUND('',#1106,.T.);
#870=FACE_OUTER_BOUND('',#1107,.T.);
#871=FACE_OUTER_BOUND('',#1108,.T.);
#872=FACE_OUTER_BOUND('',#1109,.T.);
#873=FACE_OUTER_BOUND('',#1110,.T.);
#874=FACE_OUTER_BOUND('',#1111,.T.);
#875=FACE_OUTER_BOUND('',#1112,.T.);
#876=FACE_OUTER_BOUND('',#1113,.T.);
#877=FACE_OUTER_BOUND('',#1114,.T.);
#878=FACE_OUTER_BOUND('',#1115,.T.);
#879=FACE_OUTER_BOUND('',#1116,.T.);
#880=FACE_OUTER_BOUND('',#1117,.T.);
#881=FACE_OUTER_BOUND('',#1118,.T.);
#882=FACE_OUTER_BOUND('',#1119,.T.);
#883=FACE_OUTER_BOUND('',#1120,.T.);
#884=FACE_OUTER_BOUND('',#1121,.T.);
#885=FACE_OUTER_BOUND('',#1122,.T.);
#886=FACE_OUTER_BOUND('',#1123,.T.);
#887=FACE_OUTER_BOUND('',#1124,.T.);
#888=FACE_OUTER_BOUND('',#1125,.T.);
#889=FACE_OUTER_BOUND('',#1126,.T.);
#890=FACE_OUTER_BOUND('',#1127,.T.);
#891=FACE_OUTER_BOUND('',#1128,.T.);
#892=FACE_OUTER_BOUND('',#1129,.T.);
#893=FACE_OUTER_BOUND('',#1130,.T.);
#894=FACE_OUTER_BOUND('',#1131,.T.);
#895=FACE_OUTER_BOUND('',#1132,.T.);
#896=FACE_OUTER_BOUND('',#1133,.T.);
#897=FACE_OUTER_BOUND('',#1134,.T.);
#898=FACE_OUTER_BOUND('',#1135,.T.);
#899=FACE_OUTER_BOUND('',#1136,.T.);
#900=FACE_OUTER_BOUND('',#1137,.T.);
#901=FACE_OUTER_BOUND('',#1138,.T.);
#902=FACE_OUTER_BOUND('',#1139,.T.);
#903=FACE_OUTER_BOUND('',#1140,.T.);
#904=FACE_OUTER_BOUND('',#1141,.T.);
#905=FACE_OUTER_BOUND('',#1142,.T.);
#906=FACE_OUTER_BOUND('',#1143,.T.);
#907=FACE_OUTER_BOUND('',#1144,.T.);
#908=FACE_OUTER_BOUND('',#1145,.T.);
#909=FACE_OUTER_BOUND('',#1146,.T.);
#910=FACE_OUTER_BOUND('',#1147,.T.);
#911=FACE_OUTER_BOUND('',#1148,.T.);
#912=FACE_OUTER_BOUND('',#1149,.T.);
#913=FACE_OUTER_BOUND('',#1150,.T.);
#914=FACE_OUTER_BOUND('',#1151,.T.);
#915=FACE_OUTER_BOUND('',#1152,.T.);
#916=FACE_OUTER_BOUND('',#1153,.T.);
#917=FACE_OUTER_BOUND('',#1154,.T.);
#918=FACE_OUTER_BOUND('',#1155,.T.);
#919=FACE_OUTER_BOUND('',#1156,.T.);
#920=FACE_OUTER_BOUND('',#1157,.T.);
#921=FACE_OUTER_BOUND('',#1158,.T.);
#922=FACE_OUTER_BOUND('',#1159,.T.);
#923=FACE_OUTER_BOUND('',#1160,.T.);
#924=FACE_OUTER_BOUND('',#1161,.T.);
#925=FACE_OUTER_BOUND('',#1162,.T.);
#926=FACE_OUTER_BOUND('',#1163,.T.);
#927=FACE_OUTER_BOUND('',#1164,.T.);
#928=FACE_OUTER_BOUND('',#1165,.T.);
#929=FACE_OUTER_BOUND('',#1166,.T.);
#930=FACE_OUTER_BOUND('',#1167,.T.);
#931=FACE_OUTER_BOUND('',#1168,.T.);
#932=FACE_OUTER_BOUND('',#1169,.T.);
#933=FACE_OUTER_BOUND('',#1170,.T.);
#934=FACE_OUTER_BOUND('',#1171,.T.);
#935=FACE_OUTER_BOUND('',#1172,.T.);
#936=FACE_OUTER_BOUND('',#1173,.T.);
#937=FACE_OUTER_BOUND('',#1174,.T.);
#938=FACE_OUTER_BOUND('',#1175,.T.);
#939=FACE_OUTER_BOUND('',#1176,.T.);
#940=FACE_OUTER_BOUND('',#1177,.T.);
#941=FACE_OUTER_BOUND('',#1178,.T.);
#942=FACE_OUTER_BOUND('',#1179,.T.);
#943=FACE_OUTER_BOUND('',#1180,.T.);
#944=FACE_OUTER_BOUND('',#1181,.T.);
#945=FACE_OUTER_BOUND('',#1182,.T.);
#946=FACE_OUTER_BOUND('',#1183,.T.);
#947=FACE_OUTER_BOUND('',#1184,.T.);
#948=FACE_OUTER_BOUND('',#1185,.T.);
#949=FACE_OUTER_BOUND('',#1186,.T.);
#950=FACE_OUTER_BOUND('',#1187,.T.);
#951=FACE_OUTER_BOUND('',#1188,.T.);
#952=FACE_OUTER_BOUND('',#1189,.T.);
#953=FACE_OUTER_BOUND('',#1190,.T.);
#954=FACE_OUTER_BOUND('',#1191,.T.);
#955=FACE_OUTER_BOUND('',#1192,.T.);
#956=FACE_OUTER_BOUND('',#1193,.T.);
#957=FACE_OUTER_BOUND('',#1194,.T.);
#958=FACE_OUTER_BOUND('',#1195,.T.);
#959=FACE_OUTER_BOUND('',#1196,.T.);
#960=FACE_OUTER_BOUND('',#1197,.T.);
#961=FACE_OUTER_BOUND('',#1198,.T.);
#962=FACE_OUTER_BOUND('',#1199,.T.);
#963=FACE_OUTER_BOUND('',#1200,.T.);
#964=FACE_OUTER_BOUND('',#1201,.T.);
#965=FACE_OUTER_BOUND('',#1202,.T.);
#966=FACE_OUTER_BOUND('',#1203,.T.);
#967=FACE_OUTER_BOUND('',#1204,.T.);
#968=FACE_OUTER_BOUND('',#1205,.T.);
#969=FACE_OUTER_BOUND('',#1206,.T.);
#970=FACE_OUTER_BOUND('',#1207,.T.);
#971=FACE_OUTER_BOUND('',#1208,.T.);
#972=FACE_OUTER_BOUND('',#1209,.T.);
#973=FACE_OUTER_BOUND('',#1210,.T.);
#974=FACE_OUTER_BOUND('',#1211,.T.);
#975=FACE_OUTER_BOUND('',#1212,.T.);
#976=FACE_OUTER_BOUND('',#1213,.T.);
#977=FACE_OUTER_BOUND('',#1214,.T.);
#978=FACE_OUTER_BOUND('',#1215,.T.);
#979=FACE_OUTER_BOUND('',#1216,.T.);
#980=FACE_OUTER_BOUND('',#1217,.T.);
#981=FACE_OUTER_BOUND('',#1218,.T.);
#982=FACE_OUTER_BOUND('',#1219,.T.);
#983=FACE_OUTER_BOUND('',#1220,.T.);
#984=FACE_OUTER_BOUND('',#1221,.T.);
#985=FACE_OUTER_BOUND('',#1222,.T.);
#986=FACE_OUTER_BOUND('',#1223,.T.);
#987=FACE_OUTER_BOUND('',#1224,.T.);
#988=FACE_OUTER_BOUND('',#1225,.T.);
#989=FACE_OUTER_BOUND('',#1226,.T.);
#990=FACE_OUTER_BOUND('',#1227,.T.);
#991=FACE_OUTER_BOUND('',#1228,.T.);
#992=FACE_OUTER_BOUND('',#1229,.T.);
#993=FACE_OUTER_BOUND('',#1230,.T.);
#994=FACE_OUTER_BOUND('',#1231,.T.);
#995=FACE_OUTER_BOUND('',#1232,.T.);
#996=FACE_OUTER_BOUND('',#1233,.T.);
#997=FACE_OUTER_BOUND('',#1234,.T.);
#998=FACE_OUTER_BOUND('',#1389,.T.);
#999=EDGE_LOOP('',(#3401,#3402,#3403,#3404));
#1000=EDGE_LOOP('',(#3405,#3406,#3407,#3408));
#1001=EDGE_LOOP('',(#3409,#3410,#3411,#3412));
#1002=EDGE_LOOP('',(#3413,#3414,#3415,#3416));
#1003=EDGE_LOOP('',(#3417));
#1004=EDGE_LOOP('',(#3418,#3419,#3420,#3421));
#1005=EDGE_LOOP('',(#3422,#3423,#3424,#3425,#3426,#3427,#3428,#3429));
#1006=EDGE_LOOP('',(#3430,#3431,#3432,#3433));
#1007=EDGE_LOOP('',(#3434,#3435,#3436,#3437));
#1008=EDGE_LOOP('',(#3438));
#1009=EDGE_LOOP('',(#3439,#3440,#3441,#3442));
#1010=EDGE_LOOP('',(#3443,#3444,#3445,#3446));
#1011=EDGE_LOOP('',(#3447,#3448,#3449,#3450));
#1012=EDGE_LOOP('',(#3451,#3452,#3453,#3454,#3455,#3456,#3457,#3458));
#1013=EDGE_LOOP('',(#3459));
#1014=EDGE_LOOP('',(#3460));
#1015=EDGE_LOOP('',(#3461));
#1016=EDGE_LOOP('',(#3462,#3463,#3464,#3465));
#1017=EDGE_LOOP('',(#3466));
#1018=EDGE_LOOP('',(#3467,#3468,#3469,#3470));
#1019=EDGE_LOOP('',(#3471));
#1020=EDGE_LOOP('',(#3472,#3473,#3474,#3475));
#1021=EDGE_LOOP('',(#3476,#3477,#3478,#3479));
#1022=EDGE_LOOP('',(#3480,#3481,#3482,#3483));
#1023=EDGE_LOOP('',(#3484,#3485,#3486,#3487));
#1024=EDGE_LOOP('',(#3488,#3489,#3490,#3491));
#1025=EDGE_LOOP('',(#3492,#3493,#3494,#3495));
#1026=EDGE_LOOP('',(#3496));
#1027=EDGE_LOOP('',(#3497,#3498,#3499,#3500));
#1028=EDGE_LOOP('',(#3501,#3502,#3503,#3504));
#1029=EDGE_LOOP('',(#3505,#3506,#3507,#3508));
#1030=EDGE_LOOP('',(#3509,#3510,#3511,#3512));
#1031=EDGE_LOOP('',(#3513,#3514,#3515,#3516));
#1032=EDGE_LOOP('',(#3517,#3518,#3519,#3520));
#1033=EDGE_LOOP('',(#3521,#3522,#3523,#3524));
#1034=EDGE_LOOP('',(#3525,#3526,#3527,#3528));
#1035=EDGE_LOOP('',(#3529,#3530,#3531,#3532));
#1036=EDGE_LOOP('',(#3533,#3534,#3535,#3536));
#1037=EDGE_LOOP('',(#3537,#3538,#3539,#3540));
#1038=EDGE_LOOP('',(#3541,#3542,#3543,#3544));
#1039=EDGE_LOOP('',(#3545,#3546,#3547,#3548));
#1040=EDGE_LOOP('',(#3549,#3550,#3551,#3552));
#1041=EDGE_LOOP('',(#3553,#3554,#3555,#3556));
#1042=EDGE_LOOP('',(#3557,#3558,#3559,#3560));
#1043=EDGE_LOOP('',(#3561,#3562,#3563,#3564));
#1044=EDGE_LOOP('',(#3565,#3566,#3567,#3568));
#1045=EDGE_LOOP('',(#3569,#3570,#3571,#3572));
#1046=EDGE_LOOP('',(#3573,#3574,#3575,#3576));
#1047=EDGE_LOOP('',(#3577,#3578,#3579,#3580));
#1048=EDGE_LOOP('',(#3581,#3582,#3583,#3584));
#1049=EDGE_LOOP('',(#3585,#3586,#3587,#3588));
#1050=EDGE_LOOP('',(#3589,#3590,#3591,#3592));
#1051=EDGE_LOOP('',(#3593,#3594,#3595,#3596));
#1052=EDGE_LOOP('',(#3597,#3598,#3599,#3600));
#1053=EDGE_LOOP('',(#3601,#3602,#3603,#3604));
#1054=EDGE_LOOP('',(#3605,#3606,#3607,#3608));
#1055=EDGE_LOOP('',(#3609,#3610,#3611,#3612));
#1056=EDGE_LOOP('',(#3613,#3614,#3615,#3616));
#1057=EDGE_LOOP('',(#3617,#3618,#3619,#3620));
#1058=EDGE_LOOP('',(#3621,#3622,#3623,#3624));
#1059=EDGE_LOOP('',(#3625,#3626,#3627,#3628));
#1060=EDGE_LOOP('',(#3629,#3630,#3631,#3632));
#1061=EDGE_LOOP('',(#3633,#3634,#3635,#3636));
#1062=EDGE_LOOP('',(#3637,#3638,#3639,#3640));
#1063=EDGE_LOOP('',(#3641,#3642,#3643,#3644));
#1064=EDGE_LOOP('',(#3645,#3646,#3647,#3648));
#1065=EDGE_LOOP('',(#3649,#3650,#3651,#3652));
#1066=EDGE_LOOP('',(#3653,#3654,#3655,#3656));
#1067=EDGE_LOOP('',(#3657,#3658,#3659,#3660));
#1068=EDGE_LOOP('',(#3661,#3662,#3663,#3664));
#1069=EDGE_LOOP('',(#3665,#3666,#3667,#3668));
#1070=EDGE_LOOP('',(#3669,#3670,#3671,#3672));
#1071=EDGE_LOOP('',(#3673,#3674,#3675,#3676));
#1072=EDGE_LOOP('',(#3677,#3678,#3679,#3680));
#1073=EDGE_LOOP('',(#3681,#3682,#3683,#3684));
#1074=EDGE_LOOP('',(#3685,#3686,#3687,#3688));
#1075=EDGE_LOOP('',(#3689,#3690,#3691,#3692));
#1076=EDGE_LOOP('',(#3693,#3694,#3695,#3696));
#1077=EDGE_LOOP('',(#3697,#3698,#3699,#3700));
#1078=EDGE_LOOP('',(#3701,#3702,#3703,#3704));
#1079=EDGE_LOOP('',(#3705,#3706,#3707,#3708));
#1080=EDGE_LOOP('',(#3709,#3710,#3711,#3712));
#1081=EDGE_LOOP('',(#3713,#3714,#3715,#3716));
#1082=EDGE_LOOP('',(#3717,#3718,#3719,#3720));
#1083=EDGE_LOOP('',(#3721,#3722,#3723,#3724));
#1084=EDGE_LOOP('',(#3725,#3726,#3727,#3728));
#1085=EDGE_LOOP('',(#3729,#3730,#3731,#3732));
#1086=EDGE_LOOP('',(#3733,#3734,#3735,#3736));
#1087=EDGE_LOOP('',(#3737,#3738,#3739,#3740));
#1088=EDGE_LOOP('',(#3741,#3742,#3743,#3744));
#1089=EDGE_LOOP('',(#3745,#3746,#3747,#3748));
#1090=EDGE_LOOP('',(#3749,#3750,#3751,#3752));
#1091=EDGE_LOOP('',(#3753,#3754,#3755,#3756));
#1092=EDGE_LOOP('',(#3757,#3758,#3759,#3760));
#1093=EDGE_LOOP('',(#3761,#3762,#3763,#3764));
#1094=EDGE_LOOP('',(#3765,#3766,#3767,#3768));
#1095=EDGE_LOOP('',(#3769,#3770,#3771,#3772));
#1096=EDGE_LOOP('',(#3773,#3774,#3775,#3776));
#1097=EDGE_LOOP('',(#3777,#3778,#3779,#3780));
#1098=EDGE_LOOP('',(#3781,#3782,#3783,#3784));
#1099=EDGE_LOOP('',(#3785,#3786,#3787,#3788));
#1100=EDGE_LOOP('',(#3789,#3790,#3791,#3792));
#1101=EDGE_LOOP('',(#3793,#3794,#3795,#3796));
#1102=EDGE_LOOP('',(#3797,#3798,#3799,#3800));
#1103=EDGE_LOOP('',(#3801,#3802,#3803,#3804));
#1104=EDGE_LOOP('',(#3805,#3806,#3807,#3808));
#1105=EDGE_LOOP('',(#3809,#3810,#3811,#3812));
#1106=EDGE_LOOP('',(#3813,#3814,#3815,#3816));
#1107=EDGE_LOOP('',(#3817,#3818,#3819,#3820));
#1108=EDGE_LOOP('',(#3821,#3822,#3823,#3824));
#1109=EDGE_LOOP('',(#3825,#3826,#3827,#3828));
#1110=EDGE_LOOP('',(#3829,#3830,#3831,#3832));
#1111=EDGE_LOOP('',(#3833,#3834,#3835,#3836));
#1112=EDGE_LOOP('',(#3837,#3838,#3839,#3840));
#1113=EDGE_LOOP('',(#3841,#3842,#3843,#3844));
#1114=EDGE_LOOP('',(#3845,#3846,#3847,#3848));
#1115=EDGE_LOOP('',(#3849,#3850,#3851,#3852));
#1116=EDGE_LOOP('',(#3853,#3854,#3855,#3856));
#1117=EDGE_LOOP('',(#3857,#3858,#3859,#3860));
#1118=EDGE_LOOP('',(#3861,#3862,#3863,#3864));
#1119=EDGE_LOOP('',(#3865,#3866,#3867,#3868));
#1120=EDGE_LOOP('',(#3869,#3870,#3871,#3872));
#1121=EDGE_LOOP('',(#3873,#3874,#3875,#3876));
#1122=EDGE_LOOP('',(#3877,#3878,#3879,#3880));
#1123=EDGE_LOOP('',(#3881,#3882,#3883,#3884));
#1124=EDGE_LOOP('',(#3885,#3886,#3887,#3888));
#1125=EDGE_LOOP('',(#3889,#3890,#3891,#3892));
#1126=EDGE_LOOP('',(#3893,#3894,#3895,#3896));
#1127=EDGE_LOOP('',(#3897,#3898,#3899,#3900));
#1128=EDGE_LOOP('',(#3901,#3902,#3903,#3904));
#1129=EDGE_LOOP('',(#3905,#3906,#3907,#3908));
#1130=EDGE_LOOP('',(#3909,#3910,#3911,#3912));
#1131=EDGE_LOOP('',(#3913,#3914,#3915,#3916));
#1132=EDGE_LOOP('',(#3917,#3918,#3919,#3920));
#1133=EDGE_LOOP('',(#3921,#3922,#3923,#3924));
#1134=EDGE_LOOP('',(#3925,#3926,#3927,#3928));
#1135=EDGE_LOOP('',(#3929,#3930,#3931,#3932));
#1136=EDGE_LOOP('',(#3933,#3934,#3935,#3936));
#1137=EDGE_LOOP('',(#3937,#3938,#3939,#3940));
#1138=EDGE_LOOP('',(#3941,#3942,#3943,#3944));
#1139=EDGE_LOOP('',(#3945,#3946,#3947,#3948));
#1140=EDGE_LOOP('',(#3949,#3950,#3951,#3952));
#1141=EDGE_LOOP('',(#3953,#3954,#3955,#3956));
#1142=EDGE_LOOP('',(#3957,#3958,#3959,#3960));
#1143=EDGE_LOOP('',(#3961,#3962,#3963,#3964));
#1144=EDGE_LOOP('',(#3965,#3966,#3967,#3968));
#1145=EDGE_LOOP('',(#3969,#3970,#3971,#3972));
#1146=EDGE_LOOP('',(#3973,#3974,#3975,#3976));
#1147=EDGE_LOOP('',(#3977,#3978,#3979,#3980));
#1148=EDGE_LOOP('',(#3981,#3982,#3983,#3984));
#1149=EDGE_LOOP('',(#3985,#3986,#3987,#3988));
#1150=EDGE_LOOP('',(#3989,#3990,#3991,#3992));
#1151=EDGE_LOOP('',(#3993,#3994,#3995,#3996));
#1152=EDGE_LOOP('',(#3997,#3998,#3999,#4000));
#1153=EDGE_LOOP('',(#4001,#4002,#4003,#4004));
#1154=EDGE_LOOP('',(#4005,#4006,#4007,#4008));
#1155=EDGE_LOOP('',(#4009,#4010,#4011,#4012));
#1156=EDGE_LOOP('',(#4013,#4014,#4015,#4016));
#1157=EDGE_LOOP('',(#4017,#4018,#4019,#4020));
#1158=EDGE_LOOP('',(#4021,#4022,#4023,#4024));
#1159=EDGE_LOOP('',(#4025,#4026,#4027,#4028));
#1160=EDGE_LOOP('',(#4029,#4030,#4031,#4032));
#1161=EDGE_LOOP('',(#4033,#4034,#4035,#4036));
#1162=EDGE_LOOP('',(#4037,#4038,#4039,#4040));
#1163=EDGE_LOOP('',(#4041,#4042,#4043,#4044));
#1164=EDGE_LOOP('',(#4045,#4046,#4047,#4048));
#1165=EDGE_LOOP('',(#4049,#4050,#4051,#4052));
#1166=EDGE_LOOP('',(#4053,#4054,#4055,#4056));
#1167=EDGE_LOOP('',(#4057,#4058,#4059,#4060));
#1168=EDGE_LOOP('',(#4061,#4062,#4063,#4064));
#1169=EDGE_LOOP('',(#4065,#4066,#4067,#4068));
#1170=EDGE_LOOP('',(#4069,#4070,#4071,#4072));
#1171=EDGE_LOOP('',(#4073,#4074,#4075,#4076));
#1172=EDGE_LOOP('',(#4077,#4078,#4079,#4080));
#1173=EDGE_LOOP('',(#4081,#4082,#4083,#4084));
#1174=EDGE_LOOP('',(#4085,#4086,#4087,#4088));
#1175=EDGE_LOOP('',(#4089,#4090,#4091,#4092));
#1176=EDGE_LOOP('',(#4093,#4094,#4095,#4096));
#1177=EDGE_LOOP('',(#4097,#4098,#4099,#4100));
#1178=EDGE_LOOP('',(#4101,#4102,#4103,#4104));
#1179=EDGE_LOOP('',(#4105,#4106,#4107,#4108));
#1180=EDGE_LOOP('',(#4109,#4110,#4111,#4112));
#1181=EDGE_LOOP('',(#4113,#4114,#4115,#4116));
#1182=EDGE_LOOP('',(#4117,#4118,#4119,#4120));
#1183=EDGE_LOOP('',(#4121,#4122,#4123,#4124));
#1184=EDGE_LOOP('',(#4125,#4126,#4127,#4128));
#1185=EDGE_LOOP('',(#4129,#4130,#4131,#4132));
#1186=EDGE_LOOP('',(#4133,#4134,#4135,#4136));
#1187=EDGE_LOOP('',(#4137,#4138,#4139,#4140));
#1188=EDGE_LOOP('',(#4141,#4142,#4143,#4144));
#1189=EDGE_LOOP('',(#4145,#4146,#4147,#4148));
#1190=EDGE_LOOP('',(#4149,#4150,#4151,#4152));
#1191=EDGE_LOOP('',(#4153,#4154,#4155,#4156));
#1192=EDGE_LOOP('',(#4157,#4158,#4159,#4160));
#1193=EDGE_LOOP('',(#4161,#4162,#4163,#4164));
#1194=EDGE_LOOP('',(#4165,#4166,#4167,#4168));
#1195=EDGE_LOOP('',(#4169,#4170,#4171,#4172));
#1196=EDGE_LOOP('',(#4173,#4174,#4175,#4176));
#1197=EDGE_LOOP('',(#4177,#4178,#4179,#4180));
#1198=EDGE_LOOP('',(#4181,#4182,#4183,#4184));
#1199=EDGE_LOOP('',(#4185,#4186,#4187,#4188));
#1200=EDGE_LOOP('',(#4189,#4190,#4191,#4192));
#1201=EDGE_LOOP('',(#4193,#4194,#4195,#4196));
#1202=EDGE_LOOP('',(#4197,#4198,#4199,#4200));
#1203=EDGE_LOOP('',(#4201,#4202,#4203,#4204));
#1204=EDGE_LOOP('',(#4205,#4206,#4207,#4208));
#1205=EDGE_LOOP('',(#4209,#4210,#4211,#4212));
#1206=EDGE_LOOP('',(#4213,#4214,#4215,#4216));
#1207=EDGE_LOOP('',(#4217,#4218,#4219,#4220));
#1208=EDGE_LOOP('',(#4221,#4222,#4223,#4224));
#1209=EDGE_LOOP('',(#4225,#4226,#4227,#4228));
#1210=EDGE_LOOP('',(#4229,#4230,#4231,#4232));
#1211=EDGE_LOOP('',(#4233,#4234,#4235,#4236));
#1212=EDGE_LOOP('',(#4237,#4238,#4239,#4240));
#1213=EDGE_LOOP('',(#4241,#4242,#4243,#4244));
#1214=EDGE_LOOP('',(#4245,#4246,#4247,#4248));
#1215=EDGE_LOOP('',(#4249,#4250,#4251,#4252));
#1216=EDGE_LOOP('',(#4253,#4254,#4255,#4256));
#1217=EDGE_LOOP('',(#4257,#4258,#4259,#4260));
#1218=EDGE_LOOP('',(#4261,#4262,#4263,#4264));
#1219=EDGE_LOOP('',(#4265,#4266,#4267,#4268));
#1220=EDGE_LOOP('',(#4269,#4270,#4271,#4272));
#1221=EDGE_LOOP('',(#4273,#4274,#4275,#4276));
#1222=EDGE_LOOP('',(#4277,#4278,#4279,#4280));
#1223=EDGE_LOOP('',(#4281,#4282,#4283,#4284));
#1224=EDGE_LOOP('',(#4285,#4286,#4287,#4288));
#1225=EDGE_LOOP('',(#4289,#4290,#4291,#4292));
#1226=EDGE_LOOP('',(#4293,#4294,#4295,#4296));
#1227=EDGE_LOOP('',(#4297,#4298,#4299,#4300));
#1228=EDGE_LOOP('',(#4301,#4302,#4303,#4304));
#1229=EDGE_LOOP('',(#4305,#4306,#4307,#4308));
#1230=EDGE_LOOP('',(#4309,#4310,#4311,#4312));
#1231=EDGE_LOOP('',(#4313,#4314,#4315,#4316));
#1232=EDGE_LOOP('',(#4317,#4318,#4319,#4320));
#1233=EDGE_LOOP('',(#4321,#4322,#4323,#4324));
#1234=EDGE_LOOP('',(#4325,#4326,#4327,#4328));
#1235=EDGE_LOOP('',(#4329));
#1236=EDGE_LOOP('',(#4330));
#1237=EDGE_LOOP('',(#4331));
#1238=EDGE_LOOP('',(#4332));
#1239=EDGE_LOOP('',(#4333));
#1240=EDGE_LOOP('',(#4334));
#1241=EDGE_LOOP('',(#4335));
#1242=EDGE_LOOP('',(#4336));
#1243=EDGE_LOOP('',(#4337));
#1244=EDGE_LOOP('',(#4338));
#1245=EDGE_LOOP('',(#4339));
#1246=EDGE_LOOP('',(#4340));
#1247=EDGE_LOOP('',(#4341));
#1248=EDGE_LOOP('',(#4342,#4343,#4344,#4345));
#1249=EDGE_LOOP('',(#4346));
#1250=EDGE_LOOP('',(#4347));
#1251=EDGE_LOOP('',(#4348));
#1252=EDGE_LOOP('',(#4349));
#1253=EDGE_LOOP('',(#4350));
#1254=EDGE_LOOP('',(#4351));
#1255=EDGE_LOOP('',(#4352));
#1256=EDGE_LOOP('',(#4353));
#1257=EDGE_LOOP('',(#4354));
#1258=EDGE_LOOP('',(#4355));
#1259=EDGE_LOOP('',(#4356));
#1260=EDGE_LOOP('',(#4357));
#1261=EDGE_LOOP('',(#4358));
#1262=EDGE_LOOP('',(#4359));
#1263=EDGE_LOOP('',(#4360));
#1264=EDGE_LOOP('',(#4361));
#1265=EDGE_LOOP('',(#4362));
#1266=EDGE_LOOP('',(#4363,#4364,#4365,#4366));
#1267=EDGE_LOOP('',(#4367));
#1268=EDGE_LOOP('',(#4368));
#1269=EDGE_LOOP('',(#4369));
#1270=EDGE_LOOP('',(#4370));
#1271=EDGE_LOOP('',(#4371));
#1272=EDGE_LOOP('',(#4372));
#1273=EDGE_LOOP('',(#4373));
#1274=EDGE_LOOP('',(#4374));
#1275=EDGE_LOOP('',(#4375));
#1276=EDGE_LOOP('',(#4376));
#1277=EDGE_LOOP('',(#4377));
#1278=EDGE_LOOP('',(#4378));
#1279=EDGE_LOOP('',(#4379));
#1280=EDGE_LOOP('',(#4380));
#1281=EDGE_LOOP('',(#4381));
#1282=EDGE_LOOP('',(#4382));
#1283=EDGE_LOOP('',(#4383));
#1284=EDGE_LOOP('',(#4384));
#1285=EDGE_LOOP('',(#4385,#4386,#4387,#4388));
#1286=EDGE_LOOP('',(#4389));
#1287=EDGE_LOOP('',(#4390));
#1288=EDGE_LOOP('',(#4391,#4392,#4393,#4394));
#1289=EDGE_LOOP('',(#4395,#4396,#4397,#4398));
#1290=EDGE_LOOP('',(#4399));
#1291=EDGE_LOOP('',(#4400));
#1292=EDGE_LOOP('',(#4401));
#1293=EDGE_LOOP('',(#4402));
#1294=EDGE_LOOP('',(#4403));
#1295=EDGE_LOOP('',(#4404));
#1296=EDGE_LOOP('',(#4405));
#1297=EDGE_LOOP('',(#4406));
#1298=EDGE_LOOP('',(#4407,#4408,#4409,#4410));
#1299=EDGE_LOOP('',(#4411));
#1300=EDGE_LOOP('',(#4412));
#1301=EDGE_LOOP('',(#4413));
#1302=EDGE_LOOP('',(#4414));
#1303=EDGE_LOOP('',(#4415));
#1304=EDGE_LOOP('',(#4416,#4417,#4418,#4419));
#1305=EDGE_LOOP('',(#4420));
#1306=EDGE_LOOP('',(#4421));
#1307=EDGE_LOOP('',(#4422));
#1308=EDGE_LOOP('',(#4423));
#1309=EDGE_LOOP('',(#4424));
#1310=EDGE_LOOP('',(#4425));
#1311=EDGE_LOOP('',(#4426));
#1312=EDGE_LOOP('',(#4427));
#1313=EDGE_LOOP('',(#4428));
#1314=EDGE_LOOP('',(#4429));
#1315=EDGE_LOOP('',(#4430));
#1316=EDGE_LOOP('',(#4431));
#1317=EDGE_LOOP('',(#4432));
#1318=EDGE_LOOP('',(#4433));
#1319=EDGE_LOOP('',(#4434,#4435,#4436,#4437));
#1320=EDGE_LOOP('',(#4438));
#1321=EDGE_LOOP('',(#4439));
#1322=EDGE_LOOP('',(#4440));
#1323=EDGE_LOOP('',(#4441));
#1324=EDGE_LOOP('',(#4442));
#1325=EDGE_LOOP('',(#4443));
#1326=EDGE_LOOP('',(#4444));
#1327=EDGE_LOOP('',(#4445));
#1328=EDGE_LOOP('',(#4446));
#1329=EDGE_LOOP('',(#4447,#4448,#4449,#4450));
#1330=EDGE_LOOP('',(#4451));
#1331=EDGE_LOOP('',(#4452));
#1332=EDGE_LOOP('',(#4453));
#1333=EDGE_LOOP('',(#4454));
#1334=EDGE_LOOP('',(#4455));
#1335=EDGE_LOOP('',(#4456));
#1336=EDGE_LOOP('',(#4457));
#1337=EDGE_LOOP('',(#4458,#4459,#4460,#4461));
#1338=EDGE_LOOP('',(#4462,#4463,#4464,#4465));
#1339=EDGE_LOOP('',(#4466,#4467,#4468,#4469));
#1340=EDGE_LOOP('',(#4470,#4471,#4472,#4473));
#1341=EDGE_LOOP('',(#4474,#4475,#4476,#4477));
#1342=EDGE_LOOP('',(#4478));
#1343=EDGE_LOOP('',(#4479));
#1344=EDGE_LOOP('',(#4480));
#1345=EDGE_LOOP('',(#4481));
#1346=EDGE_LOOP('',(#4482));
#1347=EDGE_LOOP('',(#4483));
#1348=EDGE_LOOP('',(#4484));
#1349=EDGE_LOOP('',(#4485));
#1350=EDGE_LOOP('',(#4486));
#1351=EDGE_LOOP('',(#4487));
#1352=EDGE_LOOP('',(#4488));
#1353=EDGE_LOOP('',(#4489));
#1354=EDGE_LOOP('',(#4490));
#1355=EDGE_LOOP('',(#4491));
#1356=EDGE_LOOP('',(#4492));
#1357=EDGE_LOOP('',(#4493));
#1358=EDGE_LOOP('',(#4494));
#1359=EDGE_LOOP('',(#4495));
#1360=EDGE_LOOP('',(#4496));
#1361=EDGE_LOOP('',(#4497));
#1362=EDGE_LOOP('',(#4498));
#1363=EDGE_LOOP('',(#4499));
#1364=EDGE_LOOP('',(#4500));
#1365=EDGE_LOOP('',(#4501));
#1366=EDGE_LOOP('',(#4502));
#1367=EDGE_LOOP('',(#4503));
#1368=EDGE_LOOP('',(#4504));
#1369=EDGE_LOOP('',(#4505,#4506,#4507,#4508));
#1370=EDGE_LOOP('',(#4509));
#1371=EDGE_LOOP('',(#4510));
#1372=EDGE_LOOP('',(#4511));
#1373=EDGE_LOOP('',(#4512));
#1374=EDGE_LOOP('',(#4513));
#1375=EDGE_LOOP('',(#4514));
#1376=EDGE_LOOP('',(#4515));
#1377=EDGE_LOOP('',(#4516));
#1378=EDGE_LOOP('',(#4517));
#1379=EDGE_LOOP('',(#4518));
#1380=EDGE_LOOP('',(#4519));
#1381=EDGE_LOOP('',(#4520));
#1382=EDGE_LOOP('',(#4521));
#1383=EDGE_LOOP('',(#4522));
#1384=EDGE_LOOP('',(#4523));
#1385=EDGE_LOOP('',(#4524));
#1386=EDGE_LOOP('',(#4525));
#1387=EDGE_LOOP('',(#4526));
#1388=EDGE_LOOP('',(#4527));
#1389=EDGE_LOOP('',(#4528,#4529,#4530,#4531));
#1390=EDGE_LOOP('',(#4532));
#1391=EDGE_LOOP('',(#4533));
#1392=EDGE_LOOP('',(#4534));
#1393=EDGE_LOOP('',(#4535));
#1394=EDGE_LOOP('',(#4536));
#1395=EDGE_LOOP('',(#4537));
#1396=EDGE_LOOP('',(#4538));
#1397=EDGE_LOOP('',(#4539));
#1398=EDGE_LOOP('',(#4540));
#1399=EDGE_LOOP('',(#4541));
#1400=EDGE_LOOP('',(#4542));
#1401=EDGE_LOOP('',(#4543));
#1402=EDGE_LOOP('',(#4544));
#1403=EDGE_LOOP('',(#4545,#4546,#4547,#4548));
#1404=EDGE_LOOP('',(#4549));
#1405=EDGE_LOOP('',(#4550));
#1406=EDGE_LOOP('',(#4551));
#1407=EDGE_LOOP('',(#4552));
#1408=EDGE_LOOP('',(#4553));
#1409=EDGE_LOOP('',(#4554));
#1410=EDGE_LOOP('',(#4555));
#1411=EDGE_LOOP('',(#4556));
#1412=EDGE_LOOP('',(#4557));
#1413=EDGE_LOOP('',(#4558));
#1414=EDGE_LOOP('',(#4559));
#1415=EDGE_LOOP('',(#4560));
#1416=EDGE_LOOP('',(#4561));
#1417=EDGE_LOOP('',(#4562));
#1418=EDGE_LOOP('',(#4563));
#1419=EDGE_LOOP('',(#4564));
#1420=EDGE_LOOP('',(#4565));
#1421=EDGE_LOOP('',(#4566,#4567,#4568,#4569));
#1422=EDGE_LOOP('',(#4570));
#1423=EDGE_LOOP('',(#4571));
#1424=EDGE_LOOP('',(#4572));
#1425=EDGE_LOOP('',(#4573));
#1426=EDGE_LOOP('',(#4574));
#1427=EDGE_LOOP('',(#4575));
#1428=EDGE_LOOP('',(#4576));
#1429=EDGE_LOOP('',(#4577));
#1430=EDGE_LOOP('',(#4578));
#1431=EDGE_LOOP('',(#4579));
#1432=EDGE_LOOP('',(#4580));
#1433=EDGE_LOOP('',(#4581));
#1434=EDGE_LOOP('',(#4582));
#1435=EDGE_LOOP('',(#4583));
#1436=EDGE_LOOP('',(#4584));
#1437=EDGE_LOOP('',(#4585));
#1438=EDGE_LOOP('',(#4586));
#1439=EDGE_LOOP('',(#4587));
#1440=EDGE_LOOP('',(#4588,#4589,#4590,#4591));
#1441=EDGE_LOOP('',(#4592));
#1442=EDGE_LOOP('',(#4593));
#1443=EDGE_LOOP('',(#4594,#4595,#4596,#4597));
#1444=EDGE_LOOP('',(#4598,#4599,#4600,#4601));
#1445=EDGE_LOOP('',(#4602));
#1446=EDGE_LOOP('',(#4603));
#1447=EDGE_LOOP('',(#4604));
#1448=EDGE_LOOP('',(#4605));
#1449=EDGE_LOOP('',(#4606));
#1450=EDGE_LOOP('',(#4607));
#1451=EDGE_LOOP('',(#4608));
#1452=EDGE_LOOP('',(#4609));
#1453=EDGE_LOOP('',(#4610,#4611,#4612,#4613));
#1454=EDGE_LOOP('',(#4614));
#1455=EDGE_LOOP('',(#4615));
#1456=EDGE_LOOP('',(#4616));
#1457=EDGE_LOOP('',(#4617));
#1458=EDGE_LOOP('',(#4618));
#1459=EDGE_LOOP('',(#4619,#4620,#4621,#4622));
#1460=EDGE_LOOP('',(#4623));
#1461=EDGE_LOOP('',(#4624));
#1462=EDGE_LOOP('',(#4625));
#1463=EDGE_LOOP('',(#4626));
#1464=EDGE_LOOP('',(#4627));
#1465=EDGE_LOOP('',(#4628));
#1466=EDGE_LOOP('',(#4629));
#1467=EDGE_LOOP('',(#4630));
#1468=EDGE_LOOP('',(#4631));
#1469=EDGE_LOOP('',(#4632));
#1470=EDGE_LOOP('',(#4633));
#1471=EDGE_LOOP('',(#4634));
#1472=EDGE_LOOP('',(#4635));
#1473=EDGE_LOOP('',(#4636));
#1474=EDGE_LOOP('',(#4637,#4638,#4639,#4640));
#1475=EDGE_LOOP('',(#4641));
#1476=EDGE_LOOP('',(#4642));
#1477=EDGE_LOOP('',(#4643));
#1478=EDGE_LOOP('',(#4644));
#1479=EDGE_LOOP('',(#4645));
#1480=EDGE_LOOP('',(#4646));
#1481=EDGE_LOOP('',(#4647));
#1482=EDGE_LOOP('',(#4648));
#1483=EDGE_LOOP('',(#4649));
#1484=EDGE_LOOP('',(#4650,#4651,#4652,#4653));
#1485=EDGE_LOOP('',(#4654));
#1486=EDGE_LOOP('',(#4655));
#1487=EDGE_LOOP('',(#4656));
#1488=EDGE_LOOP('',(#4657));
#1489=EDGE_LOOP('',(#4658));
#1490=EDGE_LOOP('',(#4659));
#1491=EDGE_LOOP('',(#4660));
#1492=EDGE_LOOP('',(#4661,#4662,#4663,#4664));
#1493=EDGE_LOOP('',(#4665,#4666,#4667,#4668));
#1494=EDGE_LOOP('',(#4669,#4670,#4671,#4672));
#1495=EDGE_LOOP('',(#4673,#4674,#4675,#4676));
#1496=EDGE_LOOP('',(#4677,#4678,#4679,#4680));
#1497=EDGE_LOOP('',(#4681));
#1498=EDGE_LOOP('',(#4682));
#1499=EDGE_LOOP('',(#4683));
#1500=EDGE_LOOP('',(#4684));
#1501=EDGE_LOOP('',(#4685));
#1502=EDGE_LOOP('',(#4686));
#1503=EDGE_LOOP('',(#4687));
#1504=EDGE_LOOP('',(#4688));
#1505=EDGE_LOOP('',(#4689));
#1506=EDGE_LOOP('',(#4690));
#1507=EDGE_LOOP('',(#4691));
#1508=EDGE_LOOP('',(#4692));
#1509=EDGE_LOOP('',(#4693));
#1510=EDGE_LOOP('',(#4694));
#1511=EDGE_LOOP('',(#4695));
#1512=EDGE_LOOP('',(#4696));
#1513=EDGE_LOOP('',(#4697));
#1514=EDGE_LOOP('',(#4698));
#1515=EDGE_LOOP('',(#4699));
#1516=EDGE_LOOP('',(#4700));
#1517=EDGE_LOOP('',(#4701));
#1518=EDGE_LOOP('',(#4702));
#1519=EDGE_LOOP('',(#4703));
#1520=EDGE_LOOP('',(#4704));
#1521=EDGE_LOOP('',(#4705));
#1522=EDGE_LOOP('',(#4706));
#1523=EDGE_LOOP('',(#4707));
#1524=EDGE_LOOP('',(#4708,#4709,#4710,#4711));
#1525=EDGE_LOOP('',(#4712));
#1526=EDGE_LOOP('',(#4713));
#1527=EDGE_LOOP('',(#4714));
#1528=EDGE_LOOP('',(#4715));
#1529=EDGE_LOOP('',(#4716));
#1530=EDGE_LOOP('',(#4717));
#1531=EDGE_LOOP('',(#4718));
#1532=EDGE_LOOP('',(#4719));
#1533=EDGE_LOOP('',(#4720));
#1534=EDGE_LOOP('',(#4721));
#1535=EDGE_LOOP('',(#4722));
#1536=EDGE_LOOP('',(#4723));
#1537=EDGE_LOOP('',(#4724));
#1538=EDGE_LOOP('',(#4725));
#1539=EDGE_LOOP('',(#4726));
#1540=EDGE_LOOP('',(#4727));
#1541=EDGE_LOOP('',(#4728));
#1542=EDGE_LOOP('',(#4729));
#1543=EDGE_LOOP('',(#4730));
#1544=LINE('',#6988,#1919);
#1545=LINE('',#6990,#1920);
#1546=LINE('',#6992,#1921);
#1547=LINE('',#6993,#1922);
#1548=LINE('',#6996,#1923);
#1549=LINE('',#6998,#1924);
#1550=LINE('',#6999,#1925);
#1551=LINE('',#7004,#1926);
#1552=LINE('',#7010,#1927);
#1553=LINE('',#7015,#1928);
#1554=LINE('',#7017,#1929);
#1555=LINE('',#7018,#1930);
#1556=LINE('',#7021,#1931);
#1557=LINE('',#7023,#1932);
#1558=LINE('',#7025,#1933);
#1559=LINE('',#7027,#1934);
#1560=LINE('',#7028,#1935);
#1561=LINE('',#7031,#1936);
#1562=LINE('',#7033,#1937);
#1563=LINE('',#7034,#1938);
#1564=LINE('',#7037,#1939);
#1565=LINE('',#7039,#1940);
#1566=LINE('',#7040,#1941);
#1567=LINE('',#7042,#1942);
#1568=LINE('',#7043,#1943);
#1569=LINE('',#7047,#1944);
#1570=LINE('',#7049,#1945);
#1571=LINE('',#7051,#1946);
#1572=LINE('',#7052,#1947);
#1573=LINE('',#7054,#1948);
#1574=LINE('',#7062,#1949);
#1575=LINE('',#7067,#1950);
#1576=LINE('',#7072,#1951);
#1577=LINE('',#7076,#1952);
#1578=LINE('',#7080,#1953);
#1579=LINE('',#7083,#1954);
#1580=LINE('',#7086,#1955);
#1581=LINE('',#7089,#1956);
#1582=LINE('',#7091,#1957);
#1583=LINE('',#7092,#1958);
#1584=LINE('',#7094,#1959);
#1585=LINE('',#7095,#1960);
#1586=LINE('',#7097,#1961);
#1587=LINE('',#7100,#1962);
#1588=LINE('',#7106,#1963);
#1589=LINE('',#7112,#1964);
#1590=LINE('',#7118,#1965);
#1591=LINE('',#7124,#1966);
#1592=LINE('',#7130,#1967);
#1593=LINE('',#7136,#1968);
#1594=LINE('',#7142,#1969);
#1595=LINE('',#7148,#1970);
#1596=LINE('',#7154,#1971);
#1597=LINE('',#7160,#1972);
#1598=LINE('',#7166,#1973);
#1599=LINE('',#7172,#1974);
#1600=LINE('',#7178,#1975);
#1601=LINE('',#7184,#1976);
#1602=LINE('',#7190,#1977);
#1603=LINE('',#7196,#1978);
#1604=LINE('',#7202,#1979);
#1605=LINE('',#7208,#1980);
#1606=LINE('',#7214,#1981);
#1607=LINE('',#7219,#1982);
#1608=LINE('',#7221,#1983);
#1609=LINE('',#7223,#1984);
#1610=LINE('',#7224,#1985);
#1611=LINE('',#7227,#1986);
#1612=LINE('',#7229,#1987);
#1613=LINE('',#7230,#1988);
#1614=LINE('',#7233,#1989);
#1615=LINE('',#7235,#1990);
#1616=LINE('',#7236,#1991);
#1617=LINE('',#7238,#1992);
#1618=LINE('',#7239,#1993);
#1619=LINE('',#7244,#1994);
#1620=LINE('',#7250,#1995);
#1621=LINE('',#7256,#1996);
#1622=LINE('',#7262,#1997);
#1623=LINE('',#7268,#1998);
#1624=LINE('',#7274,#1999);
#1625=LINE('',#7280,#2000);
#1626=LINE('',#7286,#2001);
#1627=LINE('',#7292,#2002);
#1628=LINE('',#7298,#2003);
#1629=LINE('',#7304,#2004);
#1630=LINE('',#7310,#2005);
#1631=LINE('',#7316,#2006);
#1632=LINE('',#7322,#2007);
#1633=LINE('',#7328,#2008);
#1634=LINE('',#7334,#2009);
#1635=LINE('',#7340,#2010);
#1636=LINE('',#7346,#2011);
#1637=LINE('',#7352,#2012);
#1638=LINE('',#7358,#2013);
#1639=LINE('',#7364,#2014);
#1640=LINE('',#7370,#2015);
#1641=LINE('',#7376,#2016);
#1642=LINE('',#7382,#2017);
#1643=LINE('',#7388,#2018);
#1644=LINE('',#7394,#2019);
#1645=LINE('',#7400,#2020);
#1646=LINE('',#7405,#2021);
#1647=LINE('',#7407,#2022);
#1648=LINE('',#7409,#2023);
#1649=LINE('',#7410,#2024);
#1650=LINE('',#7413,#2025);
#1651=LINE('',#7415,#2026);
#1652=LINE('',#7416,#2027);
#1653=LINE('',#7419,#2028);
#1654=LINE('',#7421,#2029);
#1655=LINE('',#7422,#2030);
#1656=LINE('',#7424,#2031);
#1657=LINE('',#7425,#2032);
#1658=LINE('',#7429,#2033);
#1659=LINE('',#7431,#2034);
#1660=LINE('',#7433,#2035);
#1661=LINE('',#7434,#2036);
#1662=LINE('',#7437,#2037);
#1663=LINE('',#7439,#2038);
#1664=LINE('',#7440,#2039);
#1665=LINE('',#7443,#2040);
#1666=LINE('',#7445,#2041);
#1667=LINE('',#7446,#2042);
#1668=LINE('',#7448,#2043);
#1669=LINE('',#7449,#2044);
#1670=LINE('',#7453,#2045);
#1671=LINE('',#7455,#2046);
#1672=LINE('',#7457,#2047);
#1673=LINE('',#7458,#2048);
#1674=LINE('',#7461,#2049);
#1675=LINE('',#7463,#2050);
#1676=LINE('',#7464,#2051);
#1677=LINE('',#7467,#2052);
#1678=LINE('',#7469,#2053);
#1679=LINE('',#7470,#2054);
#1680=LINE('',#7472,#2055);
#1681=LINE('',#7473,#2056);
#1682=LINE('',#7477,#2057);
#1683=LINE('',#7479,#2058);
#1684=LINE('',#7481,#2059);
#1685=LINE('',#7482,#2060);
#1686=LINE('',#7485,#2061);
#1687=LINE('',#7487,#2062);
#1688=LINE('',#7488,#2063);
#1689=LINE('',#7491,#2064);
#1690=LINE('',#7493,#2065);
#1691=LINE('',#7494,#2066);
#1692=LINE('',#7496,#2067);
#1693=LINE('',#7497,#2068);
#1694=LINE('',#7501,#2069);
#1695=LINE('',#7503,#2070);
#1696=LINE('',#7505,#2071);
#1697=LINE('',#7506,#2072);
#1698=LINE('',#7509,#2073);
#1699=LINE('',#7511,#2074);
#1700=LINE('',#7512,#2075);
#1701=LINE('',#7515,#2076);
#1702=LINE('',#7517,#2077);
#1703=LINE('',#7518,#2078);
#1704=LINE('',#7520,#2079);
#1705=LINE('',#7521,#2080);
#1706=LINE('',#7526,#2081);
#1707=LINE('',#7532,#2082);
#1708=LINE('',#7538,#2083);
#1709=LINE('',#7544,#2084);
#1710=LINE('',#7550,#2085);
#1711=LINE('',#7556,#2086);
#1712=LINE('',#7562,#2087);
#1713=LINE('',#7567,#2088);
#1714=LINE('',#7569,#2089);
#1715=LINE('',#7571,#2090);
#1716=LINE('',#7572,#2091);
#1717=LINE('',#7575,#2092);
#1718=LINE('',#7577,#2093);
#1719=LINE('',#7578,#2094);
#1720=LINE('',#7581,#2095);
#1721=LINE('',#7583,#2096);
#1722=LINE('',#7584,#2097);
#1723=LINE('',#7586,#2098);
#1724=LINE('',#7587,#2099);
#1725=LINE('',#7592,#2100);
#1726=LINE('',#7598,#2101);
#1727=LINE('',#7604,#2102);
#1728=LINE('',#7610,#2103);
#1729=LINE('',#7616,#2104);
#1730=LINE('',#7622,#2105);
#1731=LINE('',#7628,#2106);
#1732=LINE('',#7634,#2107);
#1733=LINE('',#7640,#2108);
#1734=LINE('',#7645,#2109);
#1735=LINE('',#7647,#2110);
#1736=LINE('',#7649,#2111);
#1737=LINE('',#7650,#2112);
#1738=LINE('',#7653,#2113);
#1739=LINE('',#7655,#2114);
#1740=LINE('',#7656,#2115);
#1741=LINE('',#7659,#2116);
#1742=LINE('',#7661,#2117);
#1743=LINE('',#7662,#2118);
#1744=LINE('',#7664,#2119);
#1745=LINE('',#7665,#2120);
#1746=LINE('',#7670,#2121);
#1747=LINE('',#7676,#2122);
#1748=LINE('',#7682,#2123);
#1749=LINE('',#7688,#2124);
#1750=LINE('',#7694,#2125);
#1751=LINE('',#7700,#2126);
#1752=LINE('',#7706,#2127);
#1753=LINE('',#7712,#2128);
#1754=LINE('',#7718,#2129);
#1755=LINE('',#7724,#2130);
#1756=LINE('',#7730,#2131);
#1757=LINE('',#7736,#2132);
#1758=LINE('',#7742,#2133);
#1759=LINE('',#7748,#2134);
#1760=LINE('',#7753,#2135);
#1761=LINE('',#7755,#2136);
#1762=LINE('',#7757,#2137);
#1763=LINE('',#7758,#2138);
#1764=LINE('',#7761,#2139);
#1765=LINE('',#7763,#2140);
#1766=LINE('',#7764,#2141);
#1767=LINE('',#7767,#2142);
#1768=LINE('',#7769,#2143);
#1769=LINE('',#7770,#2144);
#1770=LINE('',#7772,#2145);
#1771=LINE('',#7773,#2146);
#1772=LINE('',#7778,#2147);
#1773=LINE('',#7784,#2148);
#1774=LINE('',#7790,#2149);
#1775=LINE('',#7796,#2150);
#1776=LINE('',#7802,#2151);
#1777=LINE('',#7807,#2152);
#1778=LINE('',#7809,#2153);
#1779=LINE('',#7811,#2154);
#1780=LINE('',#7812,#2155);
#1781=LINE('',#7815,#2156);
#1782=LINE('',#7817,#2157);
#1783=LINE('',#7818,#2158);
#1784=LINE('',#7821,#2159);
#1785=LINE('',#7823,#2160);
#1786=LINE('',#7824,#2161);
#1787=LINE('',#7826,#2162);
#1788=LINE('',#7827,#2163);
#1789=LINE('',#7832,#2164);
#1790=LINE('',#7838,#2165);
#1791=LINE('',#7844,#2166);
#1792=LINE('',#7850,#2167);
#1793=LINE('',#7856,#2168);
#1794=LINE('',#7862,#2169);
#1795=LINE('',#7868,#2170);
#1796=LINE('',#7874,#2171);
#1797=LINE('',#7879,#2172);
#1798=LINE('',#7881,#2173);
#1799=LINE('',#7883,#2174);
#1800=LINE('',#7884,#2175);
#1801=LINE('',#7887,#2176);
#1802=LINE('',#7889,#2177);
#1803=LINE('',#7890,#2178);
#1804=LINE('',#7893,#2179);
#1805=LINE('',#7895,#2180);
#1806=LINE('',#7896,#2181);
#1807=LINE('',#7898,#2182);
#1808=LINE('',#7899,#2183);
#1809=LINE('',#7903,#2184);
#1810=LINE('',#7905,#2185);
#1811=LINE('',#7907,#2186);
#1812=LINE('',#7908,#2187);
#1813=LINE('',#7911,#2188);
#1814=LINE('',#7913,#2189);
#1815=LINE('',#7914,#2190);
#1816=LINE('',#7917,#2191);
#1817=LINE('',#7919,#2192);
#1818=LINE('',#7920,#2193);
#1819=LINE('',#7922,#2194);
#1820=LINE('',#7923,#2195);
#1821=LINE('',#7928,#2196);
#1822=LINE('',#7934,#2197);
#1823=LINE('',#7939,#2198);
#1824=LINE('',#7941,#2199);
#1825=LINE('',#7943,#2200);
#1826=LINE('',#7944,#2201);
#1827=LINE('',#7947,#2202);
#1828=LINE('',#7949,#2203);
#1829=LINE('',#7950,#2204);
#1830=LINE('',#7953,#2205);
#1831=LINE('',#7955,#2206);
#1832=LINE('',#7956,#2207);
#1833=LINE('',#7958,#2208);
#1834=LINE('',#7959,#2209);
#1835=LINE('',#7964,#2210);
#1836=LINE('',#7970,#2211);
#1837=LINE('',#7976,#2212);
#1838=LINE('',#7982,#2213);
#1839=LINE('',#7988,#2214);
#1840=LINE('',#7994,#2215);
#1841=LINE('',#8000,#2216);
#1842=LINE('',#8006,#2217);
#1843=LINE('',#8012,#2218);
#1844=LINE('',#8018,#2219);
#1845=LINE('',#8024,#2220);
#1846=LINE('',#8030,#2221);
#1847=LINE('',#8036,#2222);
#1848=LINE('',#8042,#2223);
#1849=LINE('',#8048,#2224);
#1850=LINE('',#8054,#2225);
#1851=LINE('',#8060,#2226);
#1852=LINE('',#8066,#2227);
#1853=LINE('',#8071,#2228);
#1854=LINE('',#8073,#2229);
#1855=LINE('',#8075,#2230);
#1856=LINE('',#8076,#2231);
#1857=LINE('',#8079,#2232);
#1858=LINE('',#8081,#2233);
#1859=LINE('',#8082,#2234);
#1860=LINE('',#8085,#2235);
#1861=LINE('',#8087,#2236);
#1862=LINE('',#8088,#2237);
#1863=LINE('',#8090,#2238);
#1864=LINE('',#8091,#2239);
#1865=LINE('',#8096,#2240);
#1866=LINE('',#8102,#2241);
#1867=LINE('',#8108,#2242);
#1868=LINE('',#8114,#2243);
#1869=LINE('',#8120,#2244);
#1870=LINE('',#8126,#2245);
#1871=LINE('',#8132,#2246);
#1872=LINE('',#8138,#2247);
#1873=LINE('',#8144,#2248);
#1874=LINE('',#8150,#2249);
#1875=LINE('',#8156,#2250);
#1876=LINE('',#8162,#2251);
#1877=LINE('',#8168,#2252);
#1878=LINE('',#8174,#2253);
#1879=LINE('',#8180,#2254);
#1880=LINE('',#8186,#2255);
#1881=LINE('',#8192,#2256);
#1882=LINE('',#8197,#2257);
#1883=LINE('',#8199,#2258);
#1884=LINE('',#8201,#2259);
#1885=LINE('',#8202,#2260);
#1886=LINE('',#8205,#2261);
#1887=LINE('',#8207,#2262);
#1888=LINE('',#8208,#2263);
#1889=LINE('',#8211,#2264);
#1890=LINE('',#8213,#2265);
#1891=LINE('',#8214,#2266);
#1892=LINE('',#8216,#2267);
#1893=LINE('',#8217,#2268);
#1894=LINE('',#8222,#2269);
#1895=LINE('',#8228,#2270);
#1896=LINE('',#8234,#2271);
#1897=LINE('',#8240,#2272);
#1898=LINE('',#8246,#2273);
#1899=LINE('',#8252,#2274);
#1900=LINE('',#8258,#2275);
#1901=LINE('',#8264,#2276);
#1902=LINE('',#8270,#2277);
#1903=LINE('',#8276,#2278);
#1904=LINE('',#8282,#2279);
#1905=LINE('',#8288,#2280);
#1906=LINE('',#8294,#2281);
#1907=LINE('',#8299,#2282);
#1908=LINE('',#8301,#2283);
#1909=LINE('',#8303,#2284);
#1910=LINE('',#8304,#2285);
#1911=LINE('',#8307,#2286);
#1912=LINE('',#8309,#2287);
#1913=LINE('',#8310,#2288);
#1914=LINE('',#8313,#2289);
#1915=LINE('',#8315,#2290);
#1916=LINE('',#8316,#2291);
#1917=LINE('',#8318,#2292);
#1918=LINE('',#8319,#2293);
#1919=VECTOR('',#5571,10.);
#1920=VECTOR('',#5572,10.);
#1921=VECTOR('',#5573,10.);
#1922=VECTOR('',#5574,10.);
#1923=VECTOR('',#5577,10.);
#1924=VECTOR('',#5578,10.);
#1925=VECTOR('',#5579,10.);
#1926=VECTOR('',#5584,2.);
#1927=VECTOR('',#5591,0.874999999999999);
#1928=VECTOR('',#5598,10.);
#1929=VECTOR('',#5599,10.);
#1930=VECTOR('',#5600,10.);
#1931=VECTOR('',#5603,10.);
#1932=VECTOR('',#5604,10.);
#1933=VECTOR('',#5605,10.);
#1934=VECTOR('',#5606,10.);
#1935=VECTOR('',#5607,10.);
#1936=VECTOR('',#5610,10.);
#1937=VECTOR('',#5611,10.);
#1938=VECTOR('',#5612,10.);
#1939=VECTOR('',#5615,10.);
#1940=VECTOR('',#5616,10.);
#1941=VECTOR('',#5617,10.);
#1942=VECTOR('',#5620,10.);
#1943=VECTOR('',#5621,10.);
#1944=VECTOR('',#5624,10.);
#1945=VECTOR('',#5625,10.);
#1946=VECTOR('',#5626,10.);
#1947=VECTOR('',#5627,10.);
#1948=VECTOR('',#5630,10.);
#1949=VECTOR('',#5639,0.875000000000004);
#1950=VECTOR('',#5646,0.874999999999999);
#1951=VECTOR('',#5651,10.);
#1952=VECTOR('',#5654,10.);
#1953=VECTOR('',#5659,10.);
#1954=VECTOR('',#5662,10.);
#1955=VECTOR('',#5665,10.);
#1956=VECTOR('',#5668,10.);
#1957=VECTOR('',#5671,10.);
#1958=VECTOR('',#5672,10.);
#1959=VECTOR('',#5675,10.);
#1960=VECTOR('',#5676,10.);
#1961=VECTOR('',#5679,10.);
#1962=VECTOR('',#5684,10.);
#1963=VECTOR('',#5691,0.500000000000005);
#1964=VECTOR('',#5698,0.500000000000007);
#1965=VECTOR('',#5705,0.500000000000005);
#1966=VECTOR('',#5712,0.500000000000007);
#1967=VECTOR('',#5719,0.500000000000007);
#1968=VECTOR('',#5726,0.500000000000007);
#1969=VECTOR('',#5733,0.500000000000005);
#1970=VECTOR('',#5740,0.500000000000007);
#1971=VECTOR('',#5747,0.500000000000007);
#1972=VECTOR('',#5754,0.500000000000005);
#1973=VECTOR('',#5761,0.500000000000007);
#1974=VECTOR('',#5768,0.500000000000005);
#1975=VECTOR('',#5775,0.500000000000007);
#1976=VECTOR('',#5782,0.500000000000005);
#1977=VECTOR('',#5789,0.500000000000005);
#1978=VECTOR('',#5796,0.500000000000007);
#1979=VECTOR('',#5803,0.500000000000005);
#1980=VECTOR('',#5810,0.500000000000005);
#1981=VECTOR('',#5817,0.500000000000007);
#1982=VECTOR('',#5822,10.);
#1983=VECTOR('',#5823,10.);
#1984=VECTOR('',#5824,10.);
#1985=VECTOR('',#5825,10.);
#1986=VECTOR('',#5828,10.);
#1987=VECTOR('',#5829,10.);
#1988=VECTOR('',#5830,10.);
#1989=VECTOR('',#5833,10.);
#1990=VECTOR('',#5834,10.);
#1991=VECTOR('',#5835,10.);
#1992=VECTOR('',#5838,10.);
#1993=VECTOR('',#5839,10.);
#1994=VECTOR('',#5844,0.500000000000003);
#1995=VECTOR('',#5851,0.500000000000005);
#1996=VECTOR('',#5858,0.500000000000005);
#1997=VECTOR('',#5865,3.99999999999999);
#1998=VECTOR('',#5872,0.500000000000005);
#1999=VECTOR('',#5879,0.500000000000005);
#2000=VECTOR('',#5886,0.500000000000005);
#2001=VECTOR('',#5893,0.500000000000005);
#2002=VECTOR('',#5900,0.500000000000005);
#2003=VECTOR('',#5907,0.500000000000005);
#2004=VECTOR('',#5914,0.500000000000003);
#2005=VECTOR('',#5921,0.500000000000005);
#2006=VECTOR('',#5928,0.500000000000005);
#2007=VECTOR('',#5935,0.500000000000005);
#2008=VECTOR('',#5942,0.500000000000005);
#2009=VECTOR('',#5949,0.500000000000005);
#2010=VECTOR('',#5956,0.500000000000005);
#2011=VECTOR('',#5963,0.500000000000007);
#2012=VECTOR('',#5970,0.500000000000005);
#2013=VECTOR('',#5977,0.50000000000001);
#2014=VECTOR('',#5984,0.500000000000004);
#2015=VECTOR('',#5991,0.499999999999999);
#2016=VECTOR('',#5998,0.500000000000007);
#2017=VECTOR('',#6005,0.5);
#2018=VECTOR('',#6012,0.500000000000007);
#2019=VECTOR('',#6019,0.500000000000009);
#2020=VECTOR('',#6026,0.500000000000006);
#2021=VECTOR('',#6031,10.);
#2022=VECTOR('',#6032,10.);
#2023=VECTOR('',#6033,10.);
#2024=VECTOR('',#6034,10.);
#2025=VECTOR('',#6037,10.);
#2026=VECTOR('',#6038,10.);
#2027=VECTOR('',#6039,10.);
#2028=VECTOR('',#6042,10.);
#2029=VECTOR('',#6043,10.);
#2030=VECTOR('',#6044,10.);
#2031=VECTOR('',#6047,10.);
#2032=VECTOR('',#6048,10.);
#2033=VECTOR('',#6051,10.);
#2034=VECTOR('',#6052,10.);
#2035=VECTOR('',#6053,10.);
#2036=VECTOR('',#6054,10.);
#2037=VECTOR('',#6057,10.);
#2038=VECTOR('',#6058,10.);
#2039=VECTOR('',#6059,10.);
#2040=VECTOR('',#6062,10.);
#2041=VECTOR('',#6063,10.);
#2042=VECTOR('',#6064,10.);
#2043=VECTOR('',#6067,10.);
#2044=VECTOR('',#6068,10.);
#2045=VECTOR('',#6071,10.);
#2046=VECTOR('',#6072,10.);
#2047=VECTOR('',#6073,10.);
#2048=VECTOR('',#6074,10.);
#2049=VECTOR('',#6077,10.);
#2050=VECTOR('',#6078,10.);
#2051=VECTOR('',#6079,10.);
#2052=VECTOR('',#6082,10.);
#2053=VECTOR('',#6083,10.);
#2054=VECTOR('',#6084,10.);
#2055=VECTOR('',#6087,10.);
#2056=VECTOR('',#6088,10.);
#2057=VECTOR('',#6091,10.);
#2058=VECTOR('',#6092,10.);
#2059=VECTOR('',#6093,10.);
#2060=VECTOR('',#6094,10.);
#2061=VECTOR('',#6097,10.);
#2062=VECTOR('',#6098,10.);
#2063=VECTOR('',#6099,10.);
#2064=VECTOR('',#6102,10.);
#2065=VECTOR('',#6103,10.);
#2066=VECTOR('',#6104,10.);
#2067=VECTOR('',#6107,10.);
#2068=VECTOR('',#6108,10.);
#2069=VECTOR('',#6111,10.);
#2070=VECTOR('',#6112,10.);
#2071=VECTOR('',#6113,10.);
#2072=VECTOR('',#6114,10.);
#2073=VECTOR('',#6117,10.);
#2074=VECTOR('',#6118,10.);
#2075=VECTOR('',#6119,10.);
#2076=VECTOR('',#6122,10.);
#2077=VECTOR('',#6123,10.);
#2078=VECTOR('',#6124,10.);
#2079=VECTOR('',#6127,10.);
#2080=VECTOR('',#6128,10.);
#2081=VECTOR('',#6133,0.500000000000007);
#2082=VECTOR('',#6140,0.500000000000005);
#2083=VECTOR('',#6147,0.500000000000005);
#2084=VECTOR('',#6154,0.500000000000005);
#2085=VECTOR('',#6161,0.499999999999999);
#2086=VECTOR('',#6168,0.500000000000013);
#2087=VECTOR('',#6175,0.500000000000004);
#2088=VECTOR('',#6180,10.);
#2089=VECTOR('',#6181,10.);
#2090=VECTOR('',#6182,10.);
#2091=VECTOR('',#6183,10.);
#2092=VECTOR('',#6186,10.);
#2093=VECTOR('',#6187,10.);
#2094=VECTOR('',#6188,10.);
#2095=VECTOR('',#6191,10.);
#2096=VECTOR('',#6192,10.);
#2097=VECTOR('',#6193,10.);
#2098=VECTOR('',#6196,10.);
#2099=VECTOR('',#6197,10.);
#2100=VECTOR('',#6202,0.500000000000009);
#2101=VECTOR('',#6209,0.500000000000002);
#2102=VECTOR('',#6216,0.499999999999999);
#2103=VECTOR('',#6223,0.500000000000006);
#2104=VECTOR('',#6230,0.499999999999999);
#2105=VECTOR('',#6237,0.500000000000007);
#2106=VECTOR('',#6244,0.500000000000012);
#2107=VECTOR('',#6251,0.500000000000005);
#2108=VECTOR('',#6258,0.500000000000003);
#2109=VECTOR('',#6263,10.);
#2110=VECTOR('',#6264,10.);
#2111=VECTOR('',#6265,10.);
#2112=VECTOR('',#6266,10.);
#2113=VECTOR('',#6269,10.);
#2114=VECTOR('',#6270,10.);
#2115=VECTOR('',#6271,10.);
#2116=VECTOR('',#6274,10.);
#2117=VECTOR('',#6275,10.);
#2118=VECTOR('',#6276,10.);
#2119=VECTOR('',#6279,10.);
#2120=VECTOR('',#6280,10.);
#2121=VECTOR('',#6285,0.500000000000007);
#2122=VECTOR('',#6292,0.500000000000006);
#2123=VECTOR('',#6299,0.500000000000005);
#2124=VECTOR('',#6306,0.500000000000003);
#2125=VECTOR('',#6313,0.500000000000005);
#2126=VECTOR('',#6320,0.500000000000005);
#2127=VECTOR('',#6327,0.500000000000005);
#2128=VECTOR('',#6334,0.500000000000007);
#2129=VECTOR('',#6341,0.500000000000006);
#2130=VECTOR('',#6348,0.500000000000007);
#2131=VECTOR('',#6355,0.500000000000005);
#2132=VECTOR('',#6362,0.500000000000005);
#2133=VECTOR('',#6369,0.50000000000001);
#2134=VECTOR('',#6376,0.500000000000006);
#2135=VECTOR('',#6381,10.);
#2136=VECTOR('',#6382,10.);
#2137=VECTOR('',#6383,10.);
#2138=VECTOR('',#6384,10.);
#2139=VECTOR('',#6387,10.);
#2140=VECTOR('',#6388,10.);
#2141=VECTOR('',#6389,10.);
#2142=VECTOR('',#6392,10.);
#2143=VECTOR('',#6393,10.);
#2144=VECTOR('',#6394,10.);
#2145=VECTOR('',#6397,10.);
#2146=VECTOR('',#6398,10.);
#2147=VECTOR('',#6403,0.500000000000003);
#2148=VECTOR('',#6410,0.500000000000007);
#2149=VECTOR('',#6417,0.500000000000005);
#2150=VECTOR('',#6424,0.499999999999999);
#2151=VECTOR('',#6431,0.500000000000008);
#2152=VECTOR('',#6436,10.);
#2153=VECTOR('',#6437,10.);
#2154=VECTOR('',#6438,10.);
#2155=VECTOR('',#6439,10.);
#2156=VECTOR('',#6442,10.);
#2157=VECTOR('',#6443,10.);
#2158=VECTOR('',#6444,10.);
#2159=VECTOR('',#6447,10.);
#2160=VECTOR('',#6448,10.);
#2161=VECTOR('',#6449,10.);
#2162=VECTOR('',#6452,10.);
#2163=VECTOR('',#6453,10.);
#2164=VECTOR('',#6458,0.500000000000005);
#2165=VECTOR('',#6465,0.500000000000005);
#2166=VECTOR('',#6472,0.500000000000007);
#2167=VECTOR('',#6479,0.500000000000011);
#2168=VECTOR('',#6486,0.499999999999999);
#2169=VECTOR('',#6493,0.500000000000007);
#2170=VECTOR('',#6500,0.499999999999999);
#2171=VECTOR('',#6507,0.500000000000006);
#2172=VECTOR('',#6512,10.);
#2173=VECTOR('',#6513,10.);
#2174=VECTOR('',#6514,10.);
#2175=VECTOR('',#6515,10.);
#2176=VECTOR('',#6518,10.);
#2177=VECTOR('',#6519,10.);
#2178=VECTOR('',#6520,10.);
#2179=VECTOR('',#6523,10.);
#2180=VECTOR('',#6524,10.);
#2181=VECTOR('',#6525,10.);
#2182=VECTOR('',#6528,10.);
#2183=VECTOR('',#6529,10.);
#2184=VECTOR('',#6532,10.);
#2185=VECTOR('',#6533,10.);
#2186=VECTOR('',#6534,10.);
#2187=VECTOR('',#6535,10.);
#2188=VECTOR('',#6538,10.);
#2189=VECTOR('',#6539,10.);
#2190=VECTOR('',#6540,10.);
#2191=VECTOR('',#6543,10.);
#2192=VECTOR('',#6544,10.);
#2193=VECTOR('',#6545,10.);
#2194=VECTOR('',#6548,10.);
#2195=VECTOR('',#6549,10.);
#2196=VECTOR('',#6554,0.500000000000002);
#2197=VECTOR('',#6561,0.500000000000007);
#2198=VECTOR('',#6566,10.);
#2199=VECTOR('',#6567,10.);
#2200=VECTOR('',#6568,10.);
#2201=VECTOR('',#6569,10.);
#2202=VECTOR('',#6572,10.);
#2203=VECTOR('',#6573,10.);
#2204=VECTOR('',#6574,10.);
#2205=VECTOR('',#6577,10.);
#2206=VECTOR('',#6578,10.);
#2207=VECTOR('',#6579,10.);
#2208=VECTOR('',#6582,10.);
#2209=VECTOR('',#6583,10.);
#2210=VECTOR('',#6588,0.500000000000012);
#2211=VECTOR('',#6595,0.500000000000007);
#2212=VECTOR('',#6602,0.500000000000004);
#2213=VECTOR('',#6609,0.500000000000005);
#2214=VECTOR('',#6616,0.500000000000005);
#2215=VECTOR('',#6623,0.500000000000005);
#2216=VECTOR('',#6630,0.500000000000005);
#2217=VECTOR('',#6637,0.500000000000006);
#2218=VECTOR('',#6644,0.500000000000006);
#2219=VECTOR('',#6651,0.500000000000002);
#2220=VECTOR('',#6658,0.499999999999999);
#2221=VECTOR('',#6665,0.500000000000005);
#2222=VECTOR('',#6672,0.500000000000002);
#2223=VECTOR('',#6679,0.500000000000005);
#2224=VECTOR('',#6686,0.500000000000005);
#2225=VECTOR('',#6693,0.500000000000007);
#2226=VECTOR('',#6700,0.500000000000007);
#2227=VECTOR('',#6707,0.500000000000005);
#2228=VECTOR('',#6712,10.);
#2229=VECTOR('',#6713,10.);
#2230=VECTOR('',#6714,10.);
#2231=VECTOR('',#6715,10.);
#2232=VECTOR('',#6718,10.);
#2233=VECTOR('',#6719,10.);
#2234=VECTOR('',#6720,10.);
#2235=VECTOR('',#6723,10.);
#2236=VECTOR('',#6724,10.);
#2237=VECTOR('',#6725,10.);
#2238=VECTOR('',#6728,10.);
#2239=VECTOR('',#6729,10.);
#2240=VECTOR('',#6734,0.5);
#2241=VECTOR('',#6741,0.500000000000003);
#2242=VECTOR('',#6748,0.500000000000007);
#2243=VECTOR('',#6755,0.5);
#2244=VECTOR('',#6762,0.500000000000009);
#2245=VECTOR('',#6769,0.500000000000005);
#2246=VECTOR('',#6776,0.500000000000007);
#2247=VECTOR('',#6783,0.500000000000007);
#2248=VECTOR('',#6790,0.500000000000005);
#2249=VECTOR('',#6797,0.500000000000007);
#2250=VECTOR('',#6804,0.500000000000007);
#2251=VECTOR('',#6811,0.500000000000007);
#2252=VECTOR('',#6818,0.500000000000007);
#2253=VECTOR('',#6825,0.500000000000007);
#2254=VECTOR('',#6832,0.500000000000009);
#2255=VECTOR('',#6839,0.500000000000005);
#2256=VECTOR('',#6846,0.500000000000007);
#2257=VECTOR('',#6851,10.);
#2258=VECTOR('',#6852,10.);
#2259=VECTOR('',#6853,10.);
#2260=VECTOR('',#6854,10.);
#2261=VECTOR('',#6857,10.);
#2262=VECTOR('',#6858,10.);
#2263=VECTOR('',#6859,10.);
#2264=VECTOR('',#6862,10.);
#2265=VECTOR('',#6863,10.);
#2266=VECTOR('',#6864,10.);
#2267=VECTOR('',#6867,10.);
#2268=VECTOR('',#6868,10.);
#2269=VECTOR('',#6873,0.500000000000005);
#2270=VECTOR('',#6880,0.500000000000007);
#2271=VECTOR('',#6887,0.500000000000005);
#2272=VECTOR('',#6894,0.500000000000005);
#2273=VECTOR('',#6901,0.500000000000005);
#2274=VECTOR('',#6908,0.500000000000005);
#2275=VECTOR('',#6915,0.500000000000007);
#2276=VECTOR('',#6922,0.500000000000007);
#2277=VECTOR('',#6929,0.500000000000005);
#2278=VECTOR('',#6936,0.500000000000005);
#2279=VECTOR('',#6943,0.500000000000004);
#2280=VECTOR('',#6950,0.500000000000007);
#2281=VECTOR('',#6957,0.5);
#2282=VECTOR('',#6962,10.);
#2283=VECTOR('',#6963,10.);
#2284=VECTOR('',#6964,10.);
#2285=VECTOR('',#6965,10.);
#2286=VECTOR('',#6968,10.);
#2287=VECTOR('',#6969,10.);
#2288=VECTOR('',#6970,10.);
#2289=VECTOR('',#6973,10.);
#2290=VECTOR('',#6974,10.);
#2291=VECTOR('',#6975,10.);
#2292=VECTOR('',#6978,10.);
#2293=VECTOR('',#6979,10.);
#2294=VERTEX_POINT('',#6986);
#2295=VERTEX_POINT('',#6987);
#2296=VERTEX_POINT('',#6989);
#2297=VERTEX_POINT('',#6991);
#2298=VERTEX_POINT('',#6995);
#2299=VERTEX_POINT('',#6997);
#2300=VERTEX_POINT('',#7001);
#2301=VERTEX_POINT('',#7003);
#2302=VERTEX_POINT('',#7007);
#2303=VERTEX_POINT('',#7009);
#2304=VERTEX_POINT('',#7014);
#2305=VERTEX_POINT('',#7016);
#2306=VERTEX_POINT('',#7020);
#2307=VERTEX_POINT('',#7022);
#2308=VERTEX_POINT('',#7024);
#2309=VERTEX_POINT('',#7026);
#2310=VERTEX_POINT('',#7030);
#2311=VERTEX_POINT('',#7032);
#2312=VERTEX_POINT('',#7036);
#2313=VERTEX_POINT('',#7038);
#2314=VERTEX_POINT('',#7045);
#2315=VERTEX_POINT('',#7046);
#2316=VERTEX_POINT('',#7048);
#2317=VERTEX_POINT('',#7050);
#2318=VERTEX_POINT('',#7055);
#2319=VERTEX_POINT('',#7057);
#2320=VERTEX_POINT('',#7060);
#2321=VERTEX_POINT('',#7065);
#2322=VERTEX_POINT('',#7070);
#2323=VERTEX_POINT('',#7071);
#2324=VERTEX_POINT('',#7073);
#2325=VERTEX_POINT('',#7075);
#2326=VERTEX_POINT('',#7079);
#2327=VERTEX_POINT('',#7081);
#2328=VERTEX_POINT('',#7085);
#2329=VERTEX_POINT('',#7087);
#2330=VERTEX_POINT('',#7103);
#2331=VERTEX_POINT('',#7105);
#2332=VERTEX_POINT('',#7109);
#2333=VERTEX_POINT('',#7111);
#2334=VERTEX_POINT('',#7115);
#2335=VERTEX_POINT('',#7117);
#2336=VERTEX_POINT('',#7121);
#2337=VERTEX_POINT('',#7123);
#2338=VERTEX_POINT('',#7127);
#2339=VERTEX_POINT('',#7129);
#2340=VERTEX_POINT('',#7133);
#2341=VERTEX_POINT('',#7135);
#2342=VERTEX_POINT('',#7139);
#2343=VERTEX_POINT('',#7141);
#2344=VERTEX_POINT('',#7145);
#2345=VERTEX_POINT('',#7147);
#2346=VERTEX_POINT('',#7151);
#2347=VERTEX_POINT('',#7153);
#2348=VERTEX_POINT('',#7157);
#2349=VERTEX_POINT('',#7159);
#2350=VERTEX_POINT('',#7163);
#2351=VERTEX_POINT('',#7165);
#2352=VERTEX_POINT('',#7169);
#2353=VERTEX_POINT('',#7171);
#2354=VERTEX_POINT('',#7175);
#2355=VERTEX_POINT('',#7177);
#2356=VERTEX_POINT('',#7181);
#2357=VERTEX_POINT('',#7183);
#2358=VERTEX_POINT('',#7187);
#2359=VERTEX_POINT('',#7189);
#2360=VERTEX_POINT('',#7193);
#2361=VERTEX_POINT('',#7195);
#2362=VERTEX_POINT('',#7199);
#2363=VERTEX_POINT('',#7201);
#2364=VERTEX_POINT('',#7205);
#2365=VERTEX_POINT('',#7207);
#2366=VERTEX_POINT('',#7211);
#2367=VERTEX_POINT('',#7213);
#2368=VERTEX_POINT('',#7217);
#2369=VERTEX_POINT('',#7218);
#2370=VERTEX_POINT('',#7220);
#2371=VERTEX_POINT('',#7222);
#2372=VERTEX_POINT('',#7226);
#2373=VERTEX_POINT('',#7228);
#2374=VERTEX_POINT('',#7232);
#2375=VERTEX_POINT('',#7234);
#2376=VERTEX_POINT('',#7241);
#2377=VERTEX_POINT('',#7243);
#2378=VERTEX_POINT('',#7247);
#2379=VERTEX_POINT('',#7249);
#2380=VERTEX_POINT('',#7253);
#2381=VERTEX_POINT('',#7255);
#2382=VERTEX_POINT('',#7259);
#2383=VERTEX_POINT('',#7261);
#2384=VERTEX_POINT('',#7265);
#2385=VERTEX_POINT('',#7267);
#2386=VERTEX_POINT('',#7271);
#2387=VERTEX_POINT('',#7273);
#2388=VERTEX_POINT('',#7277);
#2389=VERTEX_POINT('',#7279);
#2390=VERTEX_POINT('',#7283);
#2391=VERTEX_POINT('',#7285);
#2392=VERTEX_POINT('',#7289);
#2393=VERTEX_POINT('',#7291);
#2394=VERTEX_POINT('',#7295);
#2395=VERTEX_POINT('',#7297);
#2396=VERTEX_POINT('',#7301);
#2397=VERTEX_POINT('',#7303);
#2398=VERTEX_POINT('',#7307);
#2399=VERTEX_POINT('',#7309);
#2400=VERTEX_POINT('',#7313);
#2401=VERTEX_POINT('',#7315);
#2402=VERTEX_POINT('',#7319);
#2403=VERTEX_POINT('',#7321);
#2404=VERTEX_POINT('',#7325);
#2405=VERTEX_POINT('',#7327);
#2406=VERTEX_POINT('',#7331);
#2407=VERTEX_POINT('',#7333);
#2408=VERTEX_POINT('',#7337);
#2409=VERTEX_POINT('',#7339);
#2410=VERTEX_POINT('',#7343);
#2411=VERTEX_POINT('',#7345);
#2412=VERTEX_POINT('',#7349);
#2413=VERTEX_POINT('',#7351);
#2414=VERTEX_POINT('',#7355);
#2415=VERTEX_POINT('',#7357);
#2416=VERTEX_POINT('',#7361);
#2417=VERTEX_POINT('',#7363);
#2418=VERTEX_POINT('',#7367);
#2419=VERTEX_POINT('',#7369);
#2420=VERTEX_POINT('',#7373);
#2421=VERTEX_POINT('',#7375);
#2422=VERTEX_POINT('',#7379);
#2423=VERTEX_POINT('',#7381);
#2424=VERTEX_POINT('',#7385);
#2425=VERTEX_POINT('',#7387);
#2426=VERTEX_POINT('',#7391);
#2427=VERTEX_POINT('',#7393);
#2428=VERTEX_POINT('',#7397);
#2429=VERTEX_POINT('',#7399);
#2430=VERTEX_POINT('',#7403);
#2431=VERTEX_POINT('',#7404);
#2432=VERTEX_POINT('',#7406);
#2433=VERTEX_POINT('',#7408);
#2434=VERTEX_POINT('',#7412);
#2435=VERTEX_POINT('',#7414);
#2436=VERTEX_POINT('',#7418);
#2437=VERTEX_POINT('',#7420);
#2438=VERTEX_POINT('',#7427);
#2439=VERTEX_POINT('',#7428);
#2440=VERTEX_POINT('',#7430);
#2441=VERTEX_POINT('',#7432);
#2442=VERTEX_POINT('',#7436);
#2443=VERTEX_POINT('',#7438);
#2444=VERTEX_POINT('',#7442);
#2445=VERTEX_POINT('',#7444);
#2446=VERTEX_POINT('',#7451);
#2447=VERTEX_POINT('',#7452);
#2448=VERTEX_POINT('',#7454);
#2449=VERTEX_POINT('',#7456);
#2450=VERTEX_POINT('',#7460);
#2451=VERTEX_POINT('',#7462);
#2452=VERTEX_POINT('',#7466);
#2453=VERTEX_POINT('',#7468);
#2454=VERTEX_POINT('',#7475);
#2455=VERTEX_POINT('',#7476);
#2456=VERTEX_POINT('',#7478);
#2457=VERTEX_POINT('',#7480);
#2458=VERTEX_POINT('',#7484);
#2459=VERTEX_POINT('',#7486);
#2460=VERTEX_POINT('',#7490);
#2461=VERTEX_POINT('',#7492);
#2462=VERTEX_POINT('',#7499);
#2463=VERTEX_POINT('',#7500);
#2464=VERTEX_POINT('',#7502);
#2465=VERTEX_POINT('',#7504);
#2466=VERTEX_POINT('',#7508);
#2467=VERTEX_POINT('',#7510);
#2468=VERTEX_POINT('',#7514);
#2469=VERTEX_POINT('',#7516);
#2470=VERTEX_POINT('',#7523);
#2471=VERTEX_POINT('',#7525);
#2472=VERTEX_POINT('',#7529);
#2473=VERTEX_POINT('',#7531);
#2474=VERTEX_POINT('',#7535);
#2475=VERTEX_POINT('',#7537);
#2476=VERTEX_POINT('',#7541);
#2477=VERTEX_POINT('',#7543);
#2478=VERTEX_POINT('',#7547);
#2479=VERTEX_POINT('',#7549);
#2480=VERTEX_POINT('',#7553);
#2481=VERTEX_POINT('',#7555);
#2482=VERTEX_POINT('',#7559);
#2483=VERTEX_POINT('',#7561);
#2484=VERTEX_POINT('',#7565);
#2485=VERTEX_POINT('',#7566);
#2486=VERTEX_POINT('',#7568);
#2487=VERTEX_POINT('',#7570);
#2488=VERTEX_POINT('',#7574);
#2489=VERTEX_POINT('',#7576);
#2490=VERTEX_POINT('',#7580);
#2491=VERTEX_POINT('',#7582);
#2492=VERTEX_POINT('',#7589);
#2493=VERTEX_POINT('',#7591);
#2494=VERTEX_POINT('',#7595);
#2495=VERTEX_POINT('',#7597);
#2496=VERTEX_POINT('',#7601);
#2497=VERTEX_POINT('',#7603);
#2498=VERTEX_POINT('',#7607);
#2499=VERTEX_POINT('',#7609);
#2500=VERTEX_POINT('',#7613);
#2501=VERTEX_POINT('',#7615);
#2502=VERTEX_POINT('',#7619);
#2503=VERTEX_POINT('',#7621);
#2504=VERTEX_POINT('',#7625);
#2505=VERTEX_POINT('',#7627);
#2506=VERTEX_POINT('',#7631);
#2507=VERTEX_POINT('',#7633);
#2508=VERTEX_POINT('',#7637);
#2509=VERTEX_POINT('',#7639);
#2510=VERTEX_POINT('',#7643);
#2511=VERTEX_POINT('',#7644);
#2512=VERTEX_POINT('',#7646);
#2513=VERTEX_POINT('',#7648);
#2514=VERTEX_POINT('',#7652);
#2515=VERTEX_POINT('',#7654);
#2516=VERTEX_POINT('',#7658);
#2517=VERTEX_POINT('',#7660);
#2518=VERTEX_POINT('',#7667);
#2519=VERTEX_POINT('',#7669);
#2520=VERTEX_POINT('',#7673);
#2521=VERTEX_POINT('',#7675);
#2522=VERTEX_POINT('',#7679);
#2523=VERTEX_POINT('',#7681);
#2524=VERTEX_POINT('',#7685);
#2525=VERTEX_POINT('',#7687);
#2526=VERTEX_POINT('',#7691);
#2527=VERTEX_POINT('',#7693);
#2528=VERTEX_POINT('',#7697);
#2529=VERTEX_POINT('',#7699);
#2530=VERTEX_POINT('',#7703);
#2531=VERTEX_POINT('',#7705);
#2532=VERTEX_POINT('',#7709);
#2533=VERTEX_POINT('',#7711);
#2534=VERTEX_POINT('',#7715);
#2535=VERTEX_POINT('',#7717);
#2536=VERTEX_POINT('',#7721);
#2537=VERTEX_POINT('',#7723);
#2538=VERTEX_POINT('',#7727);
#2539=VERTEX_POINT('',#7729);
#2540=VERTEX_POINT('',#7733);
#2541=VERTEX_POINT('',#7735);
#2542=VERTEX_POINT('',#7739);
#2543=VERTEX_POINT('',#7741);
#2544=VERTEX_POINT('',#7745);
#2545=VERTEX_POINT('',#7747);
#2546=VERTEX_POINT('',#7751);
#2547=VERTEX_POINT('',#7752);
#2548=VERTEX_POINT('',#7754);
#2549=VERTEX_POINT('',#7756);
#2550=VERTEX_POINT('',#7760);
#2551=VERTEX_POINT('',#7762);
#2552=VERTEX_POINT('',#7766);
#2553=VERTEX_POINT('',#7768);
#2554=VERTEX_POINT('',#7775);
#2555=VERTEX_POINT('',#7777);
#2556=VERTEX_POINT('',#7781);
#2557=VERTEX_POINT('',#7783);
#2558=VERTEX_POINT('',#7787);
#2559=VERTEX_POINT('',#7789);
#2560=VERTEX_POINT('',#7793);
#2561=VERTEX_POINT('',#7795);
#2562=VERTEX_POINT('',#7799);
#2563=VERTEX_POINT('',#7801);
#2564=VERTEX_POINT('',#7805);
#2565=VERTEX_POINT('',#7806);
#2566=VERTEX_POINT('',#7808);
#2567=VERTEX_POINT('',#7810);
#2568=VERTEX_POINT('',#7814);
#2569=VERTEX_POINT('',#7816);
#2570=VERTEX_POINT('',#7820);
#2571=VERTEX_POINT('',#7822);
#2572=VERTEX_POINT('',#7829);
#2573=VERTEX_POINT('',#7831);
#2574=VERTEX_POINT('',#7835);
#2575=VERTEX_POINT('',#7837);
#2576=VERTEX_POINT('',#7841);
#2577=VERTEX_POINT('',#7843);
#2578=VERTEX_POINT('',#7847);
#2579=VERTEX_POINT('',#7849);
#2580=VERTEX_POINT('',#7853);
#2581=VERTEX_POINT('',#7855);
#2582=VERTEX_POINT('',#7859);
#2583=VERTEX_POINT('',#7861);
#2584=VERTEX_POINT('',#7865);
#2585=VERTEX_POINT('',#7867);
#2586=VERTEX_POINT('',#7871);
#2587=VERTEX_POINT('',#7873);
#2588=VERTEX_POINT('',#7877);
#2589=VERTEX_POINT('',#7878);
#2590=VERTEX_POINT('',#7880);
#2591=VERTEX_POINT('',#7882);
#2592=VERTEX_POINT('',#7886);
#2593=VERTEX_POINT('',#7888);
#2594=VERTEX_POINT('',#7892);
#2595=VERTEX_POINT('',#7894);
#2596=VERTEX_POINT('',#7901);
#2597=VERTEX_POINT('',#7902);
#2598=VERTEX_POINT('',#7904);
#2599=VERTEX_POINT('',#7906);
#2600=VERTEX_POINT('',#7910);
#2601=VERTEX_POINT('',#7912);
#2602=VERTEX_POINT('',#7916);
#2603=VERTEX_POINT('',#7918);
#2604=VERTEX_POINT('',#7925);
#2605=VERTEX_POINT('',#7927);
#2606=VERTEX_POINT('',#7931);
#2607=VERTEX_POINT('',#7933);
#2608=VERTEX_POINT('',#7937);
#2609=VERTEX_POINT('',#7938);
#2610=VERTEX_POINT('',#7940);
#2611=VERTEX_POINT('',#7942);
#2612=VERTEX_POINT('',#7946);
#2613=VERTEX_POINT('',#7948);
#2614=VERTEX_POINT('',#7952);
#2615=VERTEX_POINT('',#7954);
#2616=VERTEX_POINT('',#7961);
#2617=VERTEX_POINT('',#7963);
#2618=VERTEX_POINT('',#7967);
#2619=VERTEX_POINT('',#7969);
#2620=VERTEX_POINT('',#7973);
#2621=VERTEX_POINT('',#7975);
#2622=VERTEX_POINT('',#7979);
#2623=VERTEX_POINT('',#7981);
#2624=VERTEX_POINT('',#7985);
#2625=VERTEX_POINT('',#7987);
#2626=VERTEX_POINT('',#7991);
#2627=VERTEX_POINT('',#7993);
#2628=VERTEX_POINT('',#7997);
#2629=VERTEX_POINT('',#7999);
#2630=VERTEX_POINT('',#8003);
#2631=VERTEX_POINT('',#8005);
#2632=VERTEX_POINT('',#8009);
#2633=VERTEX_POINT('',#8011);
#2634=VERTEX_POINT('',#8015);
#2635=VERTEX_POINT('',#8017);
#2636=VERTEX_POINT('',#8021);
#2637=VERTEX_POINT('',#8023);
#2638=VERTEX_POINT('',#8027);
#2639=VERTEX_POINT('',#8029);
#2640=VERTEX_POINT('',#8033);
#2641=VERTEX_POINT('',#8035);
#2642=VERTEX_POINT('',#8039);
#2643=VERTEX_POINT('',#8041);
#2644=VERTEX_POINT('',#8045);
#2645=VERTEX_POINT('',#8047);
#2646=VERTEX_POINT('',#8051);
#2647=VERTEX_POINT('',#8053);
#2648=VERTEX_POINT('',#8057);
#2649=VERTEX_POINT('',#8059);
#2650=VERTEX_POINT('',#8063);
#2651=VERTEX_POINT('',#8065);
#2652=VERTEX_POINT('',#8069);
#2653=VERTEX_POINT('',#8070);
#2654=VERTEX_POINT('',#8072);
#2655=VERTEX_POINT('',#8074);
#2656=VERTEX_POINT('',#8078);
#2657=VERTEX_POINT('',#8080);
#2658=VERTEX_POINT('',#8084);
#2659=VERTEX_POINT('',#8086);
#2660=VERTEX_POINT('',#8093);
#2661=VERTEX_POINT('',#8095);
#2662=VERTEX_POINT('',#8099);
#2663=VERTEX_POINT('',#8101);
#2664=VERTEX_POINT('',#8105);
#2665=VERTEX_POINT('',#8107);
#2666=VERTEX_POINT('',#8111);
#2667=VERTEX_POINT('',#8113);
#2668=VERTEX_POINT('',#8117);
#2669=VERTEX_POINT('',#8119);
#2670=VERTEX_POINT('',#8123);
#2671=VERTEX_POINT('',#8125);
#2672=VERTEX_POINT('',#8129);
#2673=VERTEX_POINT('',#8131);
#2674=VERTEX_POINT('',#8135);
#2675=VERTEX_POINT('',#8137);
#2676=VERTEX_POINT('',#8141);
#2677=VERTEX_POINT('',#8143);
#2678=VERTEX_POINT('',#8147);
#2679=VERTEX_POINT('',#8149);
#2680=VERTEX_POINT('',#8153);
#2681=VERTEX_POINT('',#8155);
#2682=VERTEX_POINT('',#8159);
#2683=VERTEX_POINT('',#8161);
#2684=VERTEX_POINT('',#8165);
#2685=VERTEX_POINT('',#8167);
#2686=VERTEX_POINT('',#8171);
#2687=VERTEX_POINT('',#8173);
#2688=VERTEX_POINT('',#8177);
#2689=VERTEX_POINT('',#8179);
#2690=VERTEX_POINT('',#8183);
#2691=VERTEX_POINT('',#8185);
#2692=VERTEX_POINT('',#8189);
#2693=VERTEX_POINT('',#8191);
#2694=VERTEX_POINT('',#8195);
#2695=VERTEX_POINT('',#8196);
#2696=VERTEX_POINT('',#8198);
#2697=VERTEX_POINT('',#8200);
#2698=VERTEX_POINT('',#8204);
#2699=VERTEX_POINT('',#8206);
#2700=VERTEX_POINT('',#8210);
#2701=VERTEX_POINT('',#8212);
#2702=VERTEX_POINT('',#8219);
#2703=VERTEX_POINT('',#8221);
#2704=VERTEX_POINT('',#8225);
#2705=VERTEX_POINT('',#8227);
#2706=VERTEX_POINT('',#8231);
#2707=VERTEX_POINT('',#8233);
#2708=VERTEX_POINT('',#8237);
#2709=VERTEX_POINT('',#8239);
#2710=VERTEX_POINT('',#8243);
#2711=VERTEX_POINT('',#8245);
#2712=VERTEX_POINT('',#8249);
#2713=VERTEX_POINT('',#8251);
#2714=VERTEX_POINT('',#8255);
#2715=VERTEX_POINT('',#8257);
#2716=VERTEX_POINT('',#8261);
#2717=VERTEX_POINT('',#8263);
#2718=VERTEX_POINT('',#8267);
#2719=VERTEX_POINT('',#8269);
#2720=VERTEX_POINT('',#8273);
#2721=VERTEX_POINT('',#8275);
#2722=VERTEX_POINT('',#8279);
#2723=VERTEX_POINT('',#8281);
#2724=VERTEX_POINT('',#8285);
#2725=VERTEX_POINT('',#8287);
#2726=VERTEX_POINT('',#8291);
#2727=VERTEX_POINT('',#8293);
#2728=VERTEX_POINT('',#8297);
#2729=VERTEX_POINT('',#8298);
#2730=VERTEX_POINT('',#8300);
#2731=VERTEX_POINT('',#8302);
#2732=VERTEX_POINT('',#8306);
#2733=VERTEX_POINT('',#8308);
#2734=VERTEX_POINT('',#8312);
#2735=VERTEX_POINT('',#8314);
#2736=EDGE_CURVE('',#2294,#2295,#1544,.T.);
#2737=EDGE_CURVE('',#2294,#2296,#1545,.T.);
#2738=EDGE_CURVE('',#2297,#2296,#1546,.T.);
#2739=EDGE_CURVE('',#2297,#2295,#1547,.T.);
#2740=EDGE_CURVE('',#2298,#2296,#1548,.T.);
#2741=EDGE_CURVE('',#2299,#2298,#1549,.T.);
#2742=EDGE_CURVE('',#2299,#2297,#1550,.T.);
#2743=EDGE_CURVE('',#2300,#2300,#336,.T.);
#2744=EDGE_CURVE('',#2300,#2301,#1551,.T.);
#2745=EDGE_CURVE('',#2301,#2301,#337,.T.);
#2746=EDGE_CURVE('',#2302,#2302,#338,.T.);
#2747=EDGE_CURVE('',#2302,#2303,#1552,.T.);
#2748=EDGE_CURVE('',#2303,#2303,#339,.T.);
#2749=EDGE_CURVE('',#2304,#2295,#1553,.T.);
#2750=EDGE_CURVE('',#2305,#2304,#1554,.T.);
#2751=EDGE_CURVE('',#2305,#2294,#1555,.T.);
#2752=EDGE_CURVE('',#2298,#2306,#1556,.T.);
#2753=EDGE_CURVE('',#2307,#2305,#1557,.T.);
#2754=EDGE_CURVE('',#2307,#2308,#1558,.T.);
#2755=EDGE_CURVE('',#2309,#2308,#1559,.T.);
#2756=EDGE_CURVE('',#2306,#2309,#1560,.T.);
#2757=EDGE_CURVE('',#2306,#2310,#1561,.T.);
#2758=EDGE_CURVE('',#2311,#2309,#1562,.T.);
#2759=EDGE_CURVE('',#2310,#2311,#1563,.T.);
#2760=EDGE_CURVE('',#2310,#2312,#1564,.T.);
#2761=EDGE_CURVE('',#2313,#2311,#1565,.T.);
#2762=EDGE_CURVE('',#2312,#2313,#1566,.T.);
#2763=EDGE_CURVE('',#2312,#2307,#1567,.T.);
#2764=EDGE_CURVE('',#2308,#2313,#1568,.T.);
#2765=EDGE_CURVE('',#2314,#2315,#1569,.T.);
#2766=EDGE_CURVE('',#2315,#2316,#1570,.T.);
#2767=EDGE_CURVE('',#2316,#2317,#1571,.T.);
#2768=EDGE_CURVE('',#2317,#2314,#1572,.T.);
#2769=EDGE_CURVE('',#2299,#2304,#1573,.T.);
#2770=EDGE_CURVE('',#2318,#2318,#340,.T.);
#2771=EDGE_CURVE('',#2319,#2319,#341,.T.);
#2772=EDGE_CURVE('',#2320,#2320,#342,.T.);
#2773=EDGE_CURVE('',#2320,#2319,#1574,.T.);
#2774=EDGE_CURVE('',#2321,#2321,#343,.T.);
#2775=EDGE_CURVE('',#2321,#2318,#1575,.T.);
#2776=EDGE_CURVE('',#2322,#2323,#1576,.T.);
#2777=EDGE_CURVE('',#2323,#2324,#17,.T.);
#2778=EDGE_CURVE('',#2324,#2325,#1577,.T.);
#2779=EDGE_CURVE('',#2322,#2325,#18,.T.);
#2780=EDGE_CURVE('',#2323,#2326,#1578,.T.);
#2781=EDGE_CURVE('',#2326,#2327,#19,.T.);
#2782=EDGE_CURVE('',#2327,#2324,#1579,.T.);
#2783=EDGE_CURVE('',#2326,#2328,#1580,.T.);
#2784=EDGE_CURVE('',#2328,#2329,#20,.T.);
#2785=EDGE_CURVE('',#2329,#2327,#1581,.T.);
#2786=EDGE_CURVE('',#2325,#2329,#1582,.T.);
#2787=EDGE_CURVE('',#2328,#2322,#1583,.T.);
#2788=EDGE_CURVE('',#2325,#2316,#1584,.T.);
#2789=EDGE_CURVE('',#2329,#2315,#1585,.T.);
#2790=EDGE_CURVE('',#2324,#2317,#1586,.T.);
#2791=EDGE_CURVE('',#2314,#2327,#1587,.T.);
#2792=EDGE_CURVE('',#2330,#2330,#344,.T.);
#2793=EDGE_CURVE('',#2330,#2331,#1588,.T.);
#2794=EDGE_CURVE('',#2331,#2331,#345,.T.);
#2795=EDGE_CURVE('',#2332,#2332,#346,.T.);
#2796=EDGE_CURVE('',#2332,#2333,#1589,.T.);
#2797=EDGE_CURVE('',#2333,#2333,#347,.T.);
#2798=EDGE_CURVE('',#2334,#2334,#348,.T.);
#2799=EDGE_CURVE('',#2334,#2335,#1590,.T.);
#2800=EDGE_CURVE('',#2335,#2335,#349,.T.);
#2801=EDGE_CURVE('',#2336,#2336,#350,.T.);
#2802=EDGE_CURVE('',#2336,#2337,#1591,.T.);
#2803=EDGE_CURVE('',#2337,#2337,#351,.T.);
#2804=EDGE_CURVE('',#2338,#2338,#352,.T.);
#2805=EDGE_CURVE('',#2338,#2339,#1592,.T.);
#2806=EDGE_CURVE('',#2339,#2339,#353,.T.);
#2807=EDGE_CURVE('',#2340,#2340,#354,.T.);
#2808=EDGE_CURVE('',#2340,#2341,#1593,.T.);
#2809=EDGE_CURVE('',#2341,#2341,#355,.T.);
#2810=EDGE_CURVE('',#2342,#2342,#356,.T.);
#2811=EDGE_CURVE('',#2342,#2343,#1594,.T.);
#2812=EDGE_CURVE('',#2343,#2343,#357,.T.);
#2813=EDGE_CURVE('',#2344,#2344,#358,.T.);
#2814=EDGE_CURVE('',#2344,#2345,#1595,.T.);
#2815=EDGE_CURVE('',#2345,#2345,#359,.T.);
#2816=EDGE_CURVE('',#2346,#2346,#360,.T.);
#2817=EDGE_CURVE('',#2346,#2347,#1596,.T.);
#2818=EDGE_CURVE('',#2347,#2347,#361,.T.);
#2819=EDGE_CURVE('',#2348,#2348,#362,.T.);
#2820=EDGE_CURVE('',#2348,#2349,#1597,.T.);
#2821=EDGE_CURVE('',#2349,#2349,#363,.T.);
#2822=EDGE_CURVE('',#2350,#2350,#364,.T.);
#2823=EDGE_CURVE('',#2350,#2351,#1598,.T.);
#2824=EDGE_CURVE('',#2351,#2351,#365,.T.);
#2825=EDGE_CURVE('',#2352,#2352,#366,.T.);
#2826=EDGE_CURVE('',#2352,#2353,#1599,.T.);
#2827=EDGE_CURVE('',#2353,#2353,#367,.T.);
#2828=EDGE_CURVE('',#2354,#2354,#368,.T.);
#2829=EDGE_CURVE('',#2354,#2355,#1600,.T.);
#2830=EDGE_CURVE('',#2355,#2355,#369,.T.);
#2831=EDGE_CURVE('',#2356,#2356,#370,.T.);
#2832=EDGE_CURVE('',#2356,#2357,#1601,.T.);
#2833=EDGE_CURVE('',#2357,#2357,#371,.T.);
#2834=EDGE_CURVE('',#2358,#2358,#372,.T.);
#2835=EDGE_CURVE('',#2358,#2359,#1602,.T.);
#2836=EDGE_CURVE('',#2359,#2359,#373,.T.);
#2837=EDGE_CURVE('',#2360,#2360,#374,.T.);
#2838=EDGE_CURVE('',#2360,#2361,#1603,.T.);
#2839=EDGE_CURVE('',#2361,#2361,#375,.T.);
#2840=EDGE_CURVE('',#2362,#2362,#376,.T.);
#2841=EDGE_CURVE('',#2362,#2363,#1604,.T.);
#2842=EDGE_CURVE('',#2363,#2363,#377,.T.);
#2843=EDGE_CURVE('',#2364,#2364,#378,.T.);
#2844=EDGE_CURVE('',#2364,#2365,#1605,.T.);
#2845=EDGE_CURVE('',#2365,#2365,#379,.T.);
#2846=EDGE_CURVE('',#2366,#2366,#380,.T.);
#2847=EDGE_CURVE('',#2366,#2367,#1606,.T.);
#2848=EDGE_CURVE('',#2367,#2367,#381,.T.);
#2849=EDGE_CURVE('',#2368,#2369,#1607,.T.);
#2850=EDGE_CURVE('',#2369,#2370,#1608,.T.);
#2851=EDGE_CURVE('',#2371,#2370,#1609,.T.);
#2852=EDGE_CURVE('',#2368,#2371,#1610,.T.);
#2853=EDGE_CURVE('',#2372,#2368,#1611,.T.);
#2854=EDGE_CURVE('',#2373,#2371,#1612,.T.);
#2855=EDGE_CURVE('',#2372,#2373,#1613,.T.);
#2856=EDGE_CURVE('',#2374,#2372,#1614,.T.);
#2857=EDGE_CURVE('',#2375,#2373,#1615,.T.);
#2858=EDGE_CURVE('',#2374,#2375,#1616,.T.);
#2859=EDGE_CURVE('',#2369,#2374,#1617,.T.);
#2860=EDGE_CURVE('',#2370,#2375,#1618,.T.);
#2861=EDGE_CURVE('',#2376,#2376,#382,.T.);
#2862=EDGE_CURVE('',#2376,#2377,#1619,.T.);
#2863=EDGE_CURVE('',#2377,#2377,#383,.T.);
#2864=EDGE_CURVE('',#2378,#2378,#384,.T.);
#2865=EDGE_CURVE('',#2378,#2379,#1620,.T.);
#2866=EDGE_CURVE('',#2379,#2379,#385,.T.);
#2867=EDGE_CURVE('',#2380,#2380,#386,.T.);
#2868=EDGE_CURVE('',#2380,#2381,#1621,.T.);
#2869=EDGE_CURVE('',#2381,#2381,#387,.T.);
#2870=EDGE_CURVE('',#2382,#2382,#388,.T.);
#2871=EDGE_CURVE('',#2382,#2383,#1622,.T.);
#2872=EDGE_CURVE('',#2383,#2383,#389,.T.);
#2873=EDGE_CURVE('',#2384,#2384,#390,.T.);
#2874=EDGE_CURVE('',#2384,#2385,#1623,.T.);
#2875=EDGE_CURVE('',#2385,#2385,#391,.T.);
#2876=EDGE_CURVE('',#2386,#2386,#392,.T.);
#2877=EDGE_CURVE('',#2386,#2387,#1624,.T.);
#2878=EDGE_CURVE('',#2387,#2387,#393,.T.);
#2879=EDGE_CURVE('',#2388,#2388,#394,.T.);
#2880=EDGE_CURVE('',#2388,#2389,#1625,.T.);
#2881=EDGE_CURVE('',#2389,#2389,#395,.T.);
#2882=EDGE_CURVE('',#2390,#2390,#396,.T.);
#2883=EDGE_CURVE('',#2390,#2391,#1626,.T.);
#2884=EDGE_CURVE('',#2391,#2391,#397,.T.);
#2885=EDGE_CURVE('',#2392,#2392,#398,.T.);
#2886=EDGE_CURVE('',#2392,#2393,#1627,.T.);
#2887=EDGE_CURVE('',#2393,#2393,#399,.T.);
#2888=EDGE_CURVE('',#2394,#2394,#400,.T.);
#2889=EDGE_CURVE('',#2394,#2395,#1628,.T.);
#2890=EDGE_CURVE('',#2395,#2395,#401,.T.);
#2891=EDGE_CURVE('',#2396,#2396,#402,.T.);
#2892=EDGE_CURVE('',#2396,#2397,#1629,.T.);
#2893=EDGE_CURVE('',#2397,#2397,#403,.T.);
#2894=EDGE_CURVE('',#2398,#2398,#404,.T.);
#2895=EDGE_CURVE('',#2398,#2399,#1630,.T.);
#2896=EDGE_CURVE('',#2399,#2399,#405,.T.);
#2897=EDGE_CURVE('',#2400,#2400,#406,.T.);
#2898=EDGE_CURVE('',#2400,#2401,#1631,.T.);
#2899=EDGE_CURVE('',#2401,#2401,#407,.T.);
#2900=EDGE_CURVE('',#2402,#2402,#408,.T.);
#2901=EDGE_CURVE('',#2402,#2403,#1632,.T.);
#2902=EDGE_CURVE('',#2403,#2403,#409,.T.);
#2903=EDGE_CURVE('',#2404,#2404,#410,.T.);
#2904=EDGE_CURVE('',#2404,#2405,#1633,.T.);
#2905=EDGE_CURVE('',#2405,#2405,#411,.T.);
#2906=EDGE_CURVE('',#2406,#2406,#412,.T.);
#2907=EDGE_CURVE('',#2406,#2407,#1634,.T.);
#2908=EDGE_CURVE('',#2407,#2407,#413,.T.);
#2909=EDGE_CURVE('',#2408,#2408,#414,.T.);
#2910=EDGE_CURVE('',#2408,#2409,#1635,.T.);
#2911=EDGE_CURVE('',#2409,#2409,#415,.T.);
#2912=EDGE_CURVE('',#2410,#2410,#416,.T.);
#2913=EDGE_CURVE('',#2410,#2411,#1636,.T.);
#2914=EDGE_CURVE('',#2411,#2411,#417,.T.);
#2915=EDGE_CURVE('',#2412,#2412,#418,.T.);
#2916=EDGE_CURVE('',#2412,#2413,#1637,.T.);
#2917=EDGE_CURVE('',#2413,#2413,#419,.T.);
#2918=EDGE_CURVE('',#2414,#2414,#420,.T.);
#2919=EDGE_CURVE('',#2414,#2415,#1638,.T.);
#2920=EDGE_CURVE('',#2415,#2415,#421,.T.);
#2921=EDGE_CURVE('',#2416,#2416,#422,.T.);
#2922=EDGE_CURVE('',#2416,#2417,#1639,.T.);
#2923=EDGE_CURVE('',#2417,#2417,#423,.T.);
#2924=EDGE_CURVE('',#2418,#2418,#424,.T.);
#2925=EDGE_CURVE('',#2418,#2419,#1640,.T.);
#2926=EDGE_CURVE('',#2419,#2419,#425,.T.);
#2927=EDGE_CURVE('',#2420,#2420,#426,.T.);
#2928=EDGE_CURVE('',#2420,#2421,#1641,.T.);
#2929=EDGE_CURVE('',#2421,#2421,#427,.T.);
#2930=EDGE_CURVE('',#2422,#2422,#428,.T.);
#2931=EDGE_CURVE('',#2422,#2423,#1642,.T.);
#2932=EDGE_CURVE('',#2423,#2423,#429,.T.);
#2933=EDGE_CURVE('',#2424,#2424,#430,.T.);
#2934=EDGE_CURVE('',#2424,#2425,#1643,.T.);
#2935=EDGE_CURVE('',#2425,#2425,#431,.T.);
#2936=EDGE_CURVE('',#2426,#2426,#432,.T.);
#2937=EDGE_CURVE('',#2426,#2427,#1644,.T.);
#2938=EDGE_CURVE('',#2427,#2427,#433,.T.);
#2939=EDGE_CURVE('',#2428,#2428,#434,.T.);
#2940=EDGE_CURVE('',#2428,#2429,#1645,.T.);
#2941=EDGE_CURVE('',#2429,#2429,#435,.T.);
#2942=EDGE_CURVE('',#2430,#2431,#1646,.T.);
#2943=EDGE_CURVE('',#2431,#2432,#1647,.T.);
#2944=EDGE_CURVE('',#2433,#2432,#1648,.T.);
#2945=EDGE_CURVE('',#2430,#2433,#1649,.T.);
#2946=EDGE_CURVE('',#2434,#2430,#1650,.T.);
#2947=EDGE_CURVE('',#2435,#2433,#1651,.T.);
#2948=EDGE_CURVE('',#2434,#2435,#1652,.T.);
#2949=EDGE_CURVE('',#2436,#2434,#1653,.T.);
#2950=EDGE_CURVE('',#2437,#2435,#1654,.T.);
#2951=EDGE_CURVE('',#2436,#2437,#1655,.T.);
#2952=EDGE_CURVE('',#2431,#2436,#1656,.T.);
#2953=EDGE_CURVE('',#2432,#2437,#1657,.T.);
#2954=EDGE_CURVE('',#2438,#2439,#1658,.T.);
#2955=EDGE_CURVE('',#2439,#2440,#1659,.T.);
#2956=EDGE_CURVE('',#2441,#2440,#1660,.T.);
#2957=EDGE_CURVE('',#2438,#2441,#1661,.T.);
#2958=EDGE_CURVE('',#2442,#2438,#1662,.T.);
#2959=EDGE_CURVE('',#2443,#2441,#1663,.T.);
#2960=EDGE_CURVE('',#2442,#2443,#1664,.T.);
#2961=EDGE_CURVE('',#2444,#2442,#1665,.T.);
#2962=EDGE_CURVE('',#2445,#2443,#1666,.T.);
#2963=EDGE_CURVE('',#2444,#2445,#1667,.T.);
#2964=EDGE_CURVE('',#2439,#2444,#1668,.T.);
#2965=EDGE_CURVE('',#2440,#2445,#1669,.T.);
#2966=EDGE_CURVE('',#2446,#2447,#1670,.T.);
#2967=EDGE_CURVE('',#2447,#2448,#1671,.T.);
#2968=EDGE_CURVE('',#2449,#2448,#1672,.T.);
#2969=EDGE_CURVE('',#2446,#2449,#1673,.T.);
#2970=EDGE_CURVE('',#2450,#2446,#1674,.T.);
#2971=EDGE_CURVE('',#2451,#2449,#1675,.T.);
#2972=EDGE_CURVE('',#2450,#2451,#1676,.T.);
#2973=EDGE_CURVE('',#2452,#2450,#1677,.T.);
#2974=EDGE_CURVE('',#2453,#2451,#1678,.T.);
#2975=EDGE_CURVE('',#2452,#2453,#1679,.T.);
#2976=EDGE_CURVE('',#2447,#2452,#1680,.T.);
#2977=EDGE_CURVE('',#2448,#2453,#1681,.T.);
#2978=EDGE_CURVE('',#2454,#2455,#1682,.T.);
#2979=EDGE_CURVE('',#2455,#2456,#1683,.T.);
#2980=EDGE_CURVE('',#2457,#2456,#1684,.T.);
#2981=EDGE_CURVE('',#2454,#2457,#1685,.T.);
#2982=EDGE_CURVE('',#2458,#2454,#1686,.T.);
#2983=EDGE_CURVE('',#2459,#2457,#1687,.T.);
#2984=EDGE_CURVE('',#2458,#2459,#1688,.T.);
#2985=EDGE_CURVE('',#2460,#2458,#1689,.T.);
#2986=EDGE_CURVE('',#2461,#2459,#1690,.T.);
#2987=EDGE_CURVE('',#2460,#2461,#1691,.T.);
#2988=EDGE_CURVE('',#2455,#2460,#1692,.T.);
#2989=EDGE_CURVE('',#2456,#2461,#1693,.T.);
#2990=EDGE_CURVE('',#2462,#2463,#1694,.T.);
#2991=EDGE_CURVE('',#2463,#2464,#1695,.T.);
#2992=EDGE_CURVE('',#2465,#2464,#1696,.T.);
#2993=EDGE_CURVE('',#2462,#2465,#1697,.T.);
#2994=EDGE_CURVE('',#2466,#2462,#1698,.T.);
#2995=EDGE_CURVE('',#2467,#2465,#1699,.T.);
#2996=EDGE_CURVE('',#2466,#2467,#1700,.T.);
#2997=EDGE_CURVE('',#2468,#2466,#1701,.T.);
#2998=EDGE_CURVE('',#2469,#2467,#1702,.T.);
#2999=EDGE_CURVE('',#2468,#2469,#1703,.T.);
#3000=EDGE_CURVE('',#2463,#2468,#1704,.T.);
#3001=EDGE_CURVE('',#2464,#2469,#1705,.T.);
#3002=EDGE_CURVE('',#2470,#2470,#436,.T.);
#3003=EDGE_CURVE('',#2470,#2471,#1706,.T.);
#3004=EDGE_CURVE('',#2471,#2471,#437,.T.);
#3005=EDGE_CURVE('',#2472,#2472,#438,.T.);
#3006=EDGE_CURVE('',#2472,#2473,#1707,.T.);
#3007=EDGE_CURVE('',#2473,#2473,#439,.T.);
#3008=EDGE_CURVE('',#2474,#2474,#440,.T.);
#3009=EDGE_CURVE('',#2474,#2475,#1708,.T.);
#3010=EDGE_CURVE('',#2475,#2475,#441,.T.);
#3011=EDGE_CURVE('',#2476,#2476,#442,.T.);
#3012=EDGE_CURVE('',#2476,#2477,#1709,.T.);
#3013=EDGE_CURVE('',#2477,#2477,#443,.T.);
#3014=EDGE_CURVE('',#2478,#2478,#444,.T.);
#3015=EDGE_CURVE('',#2478,#2479,#1710,.T.);
#3016=EDGE_CURVE('',#2479,#2479,#445,.T.);
#3017=EDGE_CURVE('',#2480,#2480,#446,.T.);
#3018=EDGE_CURVE('',#2480,#2481,#1711,.T.);
#3019=EDGE_CURVE('',#2481,#2481,#447,.T.);
#3020=EDGE_CURVE('',#2482,#2482,#448,.T.);
#3021=EDGE_CURVE('',#2482,#2483,#1712,.T.);
#3022=EDGE_CURVE('',#2483,#2483,#449,.T.);
#3023=EDGE_CURVE('',#2484,#2485,#1713,.T.);
#3024=EDGE_CURVE('',#2485,#2486,#1714,.T.);
#3025=EDGE_CURVE('',#2487,#2486,#1715,.T.);
#3026=EDGE_CURVE('',#2484,#2487,#1716,.T.);
#3027=EDGE_CURVE('',#2488,#2484,#1717,.T.);
#3028=EDGE_CURVE('',#2489,#2487,#1718,.T.);
#3029=EDGE_CURVE('',#2488,#2489,#1719,.T.);
#3030=EDGE_CURVE('',#2490,#2488,#1720,.T.);
#3031=EDGE_CURVE('',#2491,#2489,#1721,.T.);
#3032=EDGE_CURVE('',#2490,#2491,#1722,.T.);
#3033=EDGE_CURVE('',#2485,#2490,#1723,.T.);
#3034=EDGE_CURVE('',#2486,#2491,#1724,.T.);
#3035=EDGE_CURVE('',#2492,#2492,#450,.T.);
#3036=EDGE_CURVE('',#2492,#2493,#1725,.T.);
#3037=EDGE_CURVE('',#2493,#2493,#451,.T.);
#3038=EDGE_CURVE('',#2494,#2494,#452,.T.);
#3039=EDGE_CURVE('',#2494,#2495,#1726,.T.);
#3040=EDGE_CURVE('',#2495,#2495,#453,.T.);
#3041=EDGE_CURVE('',#2496,#2496,#454,.T.);
#3042=EDGE_CURVE('',#2496,#2497,#1727,.T.);
#3043=EDGE_CURVE('',#2497,#2497,#455,.T.);
#3044=EDGE_CURVE('',#2498,#2498,#456,.T.);
#3045=EDGE_CURVE('',#2498,#2499,#1728,.T.);
#3046=EDGE_CURVE('',#2499,#2499,#457,.T.);
#3047=EDGE_CURVE('',#2500,#2500,#458,.T.);
#3048=EDGE_CURVE('',#2500,#2501,#1729,.T.);
#3049=EDGE_CURVE('',#2501,#2501,#459,.T.);
#3050=EDGE_CURVE('',#2502,#2502,#460,.T.);
#3051=EDGE_CURVE('',#2502,#2503,#1730,.T.);
#3052=EDGE_CURVE('',#2503,#2503,#461,.T.);
#3053=EDGE_CURVE('',#2504,#2504,#462,.T.);
#3054=EDGE_CURVE('',#2504,#2505,#1731,.T.);
#3055=EDGE_CURVE('',#2505,#2505,#463,.T.);
#3056=EDGE_CURVE('',#2506,#2506,#464,.T.);
#3057=EDGE_CURVE('',#2506,#2507,#1732,.T.);
#3058=EDGE_CURVE('',#2507,#2507,#465,.T.);
#3059=EDGE_CURVE('',#2508,#2508,#466,.T.);
#3060=EDGE_CURVE('',#2508,#2509,#1733,.T.);
#3061=EDGE_CURVE('',#2509,#2509,#467,.T.);
#3062=EDGE_CURVE('',#2510,#2511,#1734,.T.);
#3063=EDGE_CURVE('',#2511,#2512,#1735,.T.);
#3064=EDGE_CURVE('',#2513,#2512,#1736,.T.);
#3065=EDGE_CURVE('',#2510,#2513,#1737,.T.);
#3066=EDGE_CURVE('',#2514,#2510,#1738,.T.);
#3067=EDGE_CURVE('',#2515,#2513,#1739,.T.);
#3068=EDGE_CURVE('',#2514,#2515,#1740,.T.);
#3069=EDGE_CURVE('',#2516,#2514,#1741,.T.);
#3070=EDGE_CURVE('',#2517,#2515,#1742,.T.);
#3071=EDGE_CURVE('',#2516,#2517,#1743,.T.);
#3072=EDGE_CURVE('',#2511,#2516,#1744,.T.);
#3073=EDGE_CURVE('',#2512,#2517,#1745,.T.);
#3074=EDGE_CURVE('',#2518,#2518,#468,.T.);
#3075=EDGE_CURVE('',#2518,#2519,#1746,.T.);
#3076=EDGE_CURVE('',#2519,#2519,#469,.T.);
#3077=EDGE_CURVE('',#2520,#2520,#470,.T.);
#3078=EDGE_CURVE('',#2520,#2521,#1747,.T.);
#3079=EDGE_CURVE('',#2521,#2521,#471,.T.);
#3080=EDGE_CURVE('',#2522,#2522,#472,.T.);
#3081=EDGE_CURVE('',#2522,#2523,#1748,.T.);
#3082=EDGE_CURVE('',#2523,#2523,#473,.T.);
#3083=EDGE_CURVE('',#2524,#2524,#474,.T.);
#3084=EDGE_CURVE('',#2524,#2525,#1749,.T.);
#3085=EDGE_CURVE('',#2525,#2525,#475,.T.);
#3086=EDGE_CURVE('',#2526,#2526,#476,.T.);
#3087=EDGE_CURVE('',#2526,#2527,#1750,.T.);
#3088=EDGE_CURVE('',#2527,#2527,#477,.T.);
#3089=EDGE_CURVE('',#2528,#2528,#478,.T.);
#3090=EDGE_CURVE('',#2528,#2529,#1751,.T.);
#3091=EDGE_CURVE('',#2529,#2529,#479,.T.);
#3092=EDGE_CURVE('',#2530,#2530,#480,.T.);
#3093=EDGE_CURVE('',#2530,#2531,#1752,.T.);
#3094=EDGE_CURVE('',#2531,#2531,#481,.T.);
#3095=EDGE_CURVE('',#2532,#2532,#482,.T.);
#3096=EDGE_CURVE('',#2532,#2533,#1753,.T.);
#3097=EDGE_CURVE('',#2533,#2533,#483,.T.);
#3098=EDGE_CURVE('',#2534,#2534,#484,.T.);
#3099=EDGE_CURVE('',#2534,#2535,#1754,.T.);
#3100=EDGE_CURVE('',#2535,#2535,#485,.T.);
#3101=EDGE_CURVE('',#2536,#2536,#486,.T.);
#3102=EDGE_CURVE('',#2536,#2537,#1755,.T.);
#3103=EDGE_CURVE('',#2537,#2537,#487,.T.);
#3104=EDGE_CURVE('',#2538,#2538,#488,.T.);
#3105=EDGE_CURVE('',#2538,#2539,#1756,.T.);
#3106=EDGE_CURVE('',#2539,#2539,#489,.T.);
#3107=EDGE_CURVE('',#2540,#2540,#490,.T.);
#3108=EDGE_CURVE('',#2540,#2541,#1757,.T.);
#3109=EDGE_CURVE('',#2541,#2541,#491,.T.);
#3110=EDGE_CURVE('',#2542,#2542,#492,.T.);
#3111=EDGE_CURVE('',#2542,#2543,#1758,.T.);
#3112=EDGE_CURVE('',#2543,#2543,#493,.T.);
#3113=EDGE_CURVE('',#2544,#2544,#494,.T.);
#3114=EDGE_CURVE('',#2544,#2545,#1759,.T.);
#3115=EDGE_CURVE('',#2545,#2545,#495,.T.);
#3116=EDGE_CURVE('',#2546,#2547,#1760,.T.);
#3117=EDGE_CURVE('',#2547,#2548,#1761,.T.);
#3118=EDGE_CURVE('',#2549,#2548,#1762,.T.);
#3119=EDGE_CURVE('',#2546,#2549,#1763,.T.);
#3120=EDGE_CURVE('',#2550,#2546,#1764,.T.);
#3121=EDGE_CURVE('',#2551,#2549,#1765,.T.);
#3122=EDGE_CURVE('',#2550,#2551,#1766,.T.);
#3123=EDGE_CURVE('',#2552,#2550,#1767,.T.);
#3124=EDGE_CURVE('',#2553,#2551,#1768,.T.);
#3125=EDGE_CURVE('',#2552,#2553,#1769,.T.);
#3126=EDGE_CURVE('',#2547,#2552,#1770,.T.);
#3127=EDGE_CURVE('',#2548,#2553,#1771,.T.);
#3128=EDGE_CURVE('',#2554,#2554,#496,.T.);
#3129=EDGE_CURVE('',#2554,#2555,#1772,.T.);
#3130=EDGE_CURVE('',#2555,#2555,#497,.T.);
#3131=EDGE_CURVE('',#2556,#2556,#498,.T.);
#3132=EDGE_CURVE('',#2556,#2557,#1773,.T.);
#3133=EDGE_CURVE('',#2557,#2557,#499,.T.);
#3134=EDGE_CURVE('',#2558,#2558,#500,.T.);
#3135=EDGE_CURVE('',#2558,#2559,#1774,.T.);
#3136=EDGE_CURVE('',#2559,#2559,#501,.T.);
#3137=EDGE_CURVE('',#2560,#2560,#502,.T.);
#3138=EDGE_CURVE('',#2560,#2561,#1775,.T.);
#3139=EDGE_CURVE('',#2561,#2561,#503,.T.);
#3140=EDGE_CURVE('',#2562,#2562,#504,.T.);
#3141=EDGE_CURVE('',#2562,#2563,#1776,.T.);
#3142=EDGE_CURVE('',#2563,#2563,#505,.T.);
#3143=EDGE_CURVE('',#2564,#2565,#1777,.T.);
#3144=EDGE_CURVE('',#2565,#2566,#1778,.T.);
#3145=EDGE_CURVE('',#2567,#2566,#1779,.T.);
#3146=EDGE_CURVE('',#2564,#2567,#1780,.T.);
#3147=EDGE_CURVE('',#2568,#2564,#1781,.T.);
#3148=EDGE_CURVE('',#2569,#2567,#1782,.T.);
#3149=EDGE_CURVE('',#2568,#2569,#1783,.T.);
#3150=EDGE_CURVE('',#2570,#2568,#1784,.T.);
#3151=EDGE_CURVE('',#2571,#2569,#1785,.T.);
#3152=EDGE_CURVE('',#2570,#2571,#1786,.T.);
#3153=EDGE_CURVE('',#2565,#2570,#1787,.T.);
#3154=EDGE_CURVE('',#2566,#2571,#1788,.T.);
#3155=EDGE_CURVE('',#2572,#2572,#506,.T.);
#3156=EDGE_CURVE('',#2572,#2573,#1789,.T.);
#3157=EDGE_CURVE('',#2573,#2573,#507,.T.);
#3158=EDGE_CURVE('',#2574,#2574,#508,.T.);
#3159=EDGE_CURVE('',#2574,#2575,#1790,.T.);
#3160=EDGE_CURVE('',#2575,#2575,#509,.T.);
#3161=EDGE_CURVE('',#2576,#2576,#510,.T.);
#3162=EDGE_CURVE('',#2576,#2577,#1791,.T.);
#3163=EDGE_CURVE('',#2577,#2577,#511,.T.);
#3164=EDGE_CURVE('',#2578,#2578,#512,.T.);
#3165=EDGE_CURVE('',#2578,#2579,#1792,.T.);
#3166=EDGE_CURVE('',#2579,#2579,#513,.T.);
#3167=EDGE_CURVE('',#2580,#2580,#514,.T.);
#3168=EDGE_CURVE('',#2580,#2581,#1793,.T.);
#3169=EDGE_CURVE('',#2581,#2581,#515,.T.);
#3170=EDGE_CURVE('',#2582,#2582,#516,.T.);
#3171=EDGE_CURVE('',#2582,#2583,#1794,.T.);
#3172=EDGE_CURVE('',#2583,#2583,#517,.T.);
#3173=EDGE_CURVE('',#2584,#2584,#518,.T.);
#3174=EDGE_CURVE('',#2584,#2585,#1795,.T.);
#3175=EDGE_CURVE('',#2585,#2585,#519,.T.);
#3176=EDGE_CURVE('',#2586,#2586,#520,.T.);
#3177=EDGE_CURVE('',#2586,#2587,#1796,.T.);
#3178=EDGE_CURVE('',#2587,#2587,#521,.T.);
#3179=EDGE_CURVE('',#2588,#2589,#1797,.T.);
#3180=EDGE_CURVE('',#2589,#2590,#1798,.T.);
#3181=EDGE_CURVE('',#2591,#2590,#1799,.T.);
#3182=EDGE_CURVE('',#2588,#2591,#1800,.T.);
#3183=EDGE_CURVE('',#2592,#2588,#1801,.T.);
#3184=EDGE_CURVE('',#2593,#2591,#1802,.T.);
#3185=EDGE_CURVE('',#2592,#2593,#1803,.T.);
#3186=EDGE_CURVE('',#2594,#2592,#1804,.T.);
#3187=EDGE_CURVE('',#2595,#2593,#1805,.T.);
#3188=EDGE_CURVE('',#2594,#2595,#1806,.T.);
#3189=EDGE_CURVE('',#2589,#2594,#1807,.T.);
#3190=EDGE_CURVE('',#2590,#2595,#1808,.T.);
#3191=EDGE_CURVE('',#2596,#2597,#1809,.T.);
#3192=EDGE_CURVE('',#2597,#2598,#1810,.T.);
#3193=EDGE_CURVE('',#2599,#2598,#1811,.T.);
#3194=EDGE_CURVE('',#2596,#2599,#1812,.T.);
#3195=EDGE_CURVE('',#2600,#2596,#1813,.T.);
#3196=EDGE_CURVE('',#2601,#2599,#1814,.T.);
#3197=EDGE_CURVE('',#2600,#2601,#1815,.T.);
#3198=EDGE_CURVE('',#2602,#2600,#1816,.T.);
#3199=EDGE_CURVE('',#2603,#2601,#1817,.T.);
#3200=EDGE_CURVE('',#2602,#2603,#1818,.T.);
#3201=EDGE_CURVE('',#2597,#2602,#1819,.T.);
#3202=EDGE_CURVE('',#2598,#2603,#1820,.T.);
#3203=EDGE_CURVE('',#2604,#2604,#522,.T.);
#3204=EDGE_CURVE('',#2604,#2605,#1821,.T.);
#3205=EDGE_CURVE('',#2605,#2605,#523,.T.);
#3206=EDGE_CURVE('',#2606,#2606,#524,.T.);
#3207=EDGE_CURVE('',#2606,#2607,#1822,.T.);
#3208=EDGE_CURVE('',#2607,#2607,#525,.T.);
#3209=EDGE_CURVE('',#2608,#2609,#1823,.T.);
#3210=EDGE_CURVE('',#2609,#2610,#1824,.T.);
#3211=EDGE_CURVE('',#2611,#2610,#1825,.T.);
#3212=EDGE_CURVE('',#2608,#2611,#1826,.T.);
#3213=EDGE_CURVE('',#2612,#2608,#1827,.T.);
#3214=EDGE_CURVE('',#2613,#2611,#1828,.T.);
#3215=EDGE_CURVE('',#2612,#2613,#1829,.T.);
#3216=EDGE_CURVE('',#2614,#2612,#1830,.T.);
#3217=EDGE_CURVE('',#2615,#2613,#1831,.T.);
#3218=EDGE_CURVE('',#2614,#2615,#1832,.T.);
#3219=EDGE_CURVE('',#2609,#2614,#1833,.T.);
#3220=EDGE_CURVE('',#2610,#2615,#1834,.T.);
#3221=EDGE_CURVE('',#2616,#2616,#526,.T.);
#3222=EDGE_CURVE('',#2616,#2617,#1835,.T.);
#3223=EDGE_CURVE('',#2617,#2617,#527,.T.);
#3224=EDGE_CURVE('',#2618,#2618,#528,.T.);
#3225=EDGE_CURVE('',#2618,#2619,#1836,.T.);
#3226=EDGE_CURVE('',#2619,#2619,#529,.T.);
#3227=EDGE_CURVE('',#2620,#2620,#530,.T.);
#3228=EDGE_CURVE('',#2620,#2621,#1837,.T.);
#3229=EDGE_CURVE('',#2621,#2621,#531,.T.);
#3230=EDGE_CURVE('',#2622,#2622,#532,.T.);
#3231=EDGE_CURVE('',#2622,#2623,#1838,.T.);
#3232=EDGE_CURVE('',#2623,#2623,#533,.T.);
#3233=EDGE_CURVE('',#2624,#2624,#534,.T.);
#3234=EDGE_CURVE('',#2624,#2625,#1839,.T.);
#3235=EDGE_CURVE('',#2625,#2625,#535,.T.);
#3236=EDGE_CURVE('',#2626,#2626,#536,.T.);
#3237=EDGE_CURVE('',#2626,#2627,#1840,.T.);
#3238=EDGE_CURVE('',#2627,#2627,#537,.T.);
#3239=EDGE_CURVE('',#2628,#2628,#538,.T.);
#3240=EDGE_CURVE('',#2628,#2629,#1841,.T.);
#3241=EDGE_CURVE('',#2629,#2629,#539,.T.);
#3242=EDGE_CURVE('',#2630,#2630,#540,.T.);
#3243=EDGE_CURVE('',#2630,#2631,#1842,.T.);
#3244=EDGE_CURVE('',#2631,#2631,#541,.T.);
#3245=EDGE_CURVE('',#2632,#2632,#542,.T.);
#3246=EDGE_CURVE('',#2632,#2633,#1843,.T.);
#3247=EDGE_CURVE('',#2633,#2633,#543,.T.);
#3248=EDGE_CURVE('',#2634,#2634,#544,.T.);
#3249=EDGE_CURVE('',#2634,#2635,#1844,.T.);
#3250=EDGE_CURVE('',#2635,#2635,#545,.T.);
#3251=EDGE_CURVE('',#2636,#2636,#546,.T.);
#3252=EDGE_CURVE('',#2636,#2637,#1845,.T.);
#3253=EDGE_CURVE('',#2637,#2637,#547,.T.);
#3254=EDGE_CURVE('',#2638,#2638,#548,.T.);
#3255=EDGE_CURVE('',#2638,#2639,#1846,.T.);
#3256=EDGE_CURVE('',#2639,#2639,#549,.T.);
#3257=EDGE_CURVE('',#2640,#2640,#550,.T.);
#3258=EDGE_CURVE('',#2640,#2641,#1847,.T.);
#3259=EDGE_CURVE('',#2641,#2641,#551,.T.);
#3260=EDGE_CURVE('',#2642,#2642,#552,.T.);
#3261=EDGE_CURVE('',#2642,#2643,#1848,.T.);
#3262=EDGE_CURVE('',#2643,#2643,#553,.T.);
#3263=EDGE_CURVE('',#2644,#2644,#554,.T.);
#3264=EDGE_CURVE('',#2644,#2645,#1849,.T.);
#3265=EDGE_CURVE('',#2645,#2645,#555,.T.);
#3266=EDGE_CURVE('',#2646,#2646,#556,.T.);
#3267=EDGE_CURVE('',#2646,#2647,#1850,.T.);
#3268=EDGE_CURVE('',#2647,#2647,#557,.T.);
#3269=EDGE_CURVE('',#2648,#2648,#558,.T.);
#3270=EDGE_CURVE('',#2648,#2649,#1851,.T.);
#3271=EDGE_CURVE('',#2649,#2649,#559,.T.);
#3272=EDGE_CURVE('',#2650,#2650,#560,.T.);
#3273=EDGE_CURVE('',#2650,#2651,#1852,.T.);
#3274=EDGE_CURVE('',#2651,#2651,#561,.T.);
#3275=EDGE_CURVE('',#2652,#2653,#1853,.T.);
#3276=EDGE_CURVE('',#2653,#2654,#1854,.T.);
#3277=EDGE_CURVE('',#2655,#2654,#1855,.T.);
#3278=EDGE_CURVE('',#2652,#2655,#1856,.T.);
#3279=EDGE_CURVE('',#2656,#2652,#1857,.T.);
#3280=EDGE_CURVE('',#2657,#2655,#1858,.T.);
#3281=EDGE_CURVE('',#2656,#2657,#1859,.T.);
#3282=EDGE_CURVE('',#2658,#2656,#1860,.T.);
#3283=EDGE_CURVE('',#2659,#2657,#1861,.T.);
#3284=EDGE_CURVE('',#2658,#2659,#1862,.T.);
#3285=EDGE_CURVE('',#2653,#2658,#1863,.T.);
#3286=EDGE_CURVE('',#2654,#2659,#1864,.T.);
#3287=EDGE_CURVE('',#2660,#2660,#562,.T.);
#3288=EDGE_CURVE('',#2660,#2661,#1865,.T.);
#3289=EDGE_CURVE('',#2661,#2661,#563,.T.);
#3290=EDGE_CURVE('',#2662,#2662,#564,.T.);
#3291=EDGE_CURVE('',#2662,#2663,#1866,.T.);
#3292=EDGE_CURVE('',#2663,#2663,#565,.T.);
#3293=EDGE_CURVE('',#2664,#2664,#566,.T.);
#3294=EDGE_CURVE('',#2664,#2665,#1867,.T.);
#3295=EDGE_CURVE('',#2665,#2665,#567,.T.);
#3296=EDGE_CURVE('',#2666,#2666,#568,.T.);
#3297=EDGE_CURVE('',#2666,#2667,#1868,.T.);
#3298=EDGE_CURVE('',#2667,#2667,#569,.T.);
#3299=EDGE_CURVE('',#2668,#2668,#570,.T.);
#3300=EDGE_CURVE('',#2668,#2669,#1869,.T.);
#3301=EDGE_CURVE('',#2669,#2669,#571,.T.);
#3302=EDGE_CURVE('',#2670,#2670,#572,.T.);
#3303=EDGE_CURVE('',#2670,#2671,#1870,.T.);
#3304=EDGE_CURVE('',#2671,#2671,#573,.T.);
#3305=EDGE_CURVE('',#2672,#2672,#574,.T.);
#3306=EDGE_CURVE('',#2672,#2673,#1871,.T.);
#3307=EDGE_CURVE('',#2673,#2673,#575,.T.);
#3308=EDGE_CURVE('',#2674,#2674,#576,.T.);
#3309=EDGE_CURVE('',#2674,#2675,#1872,.T.);
#3310=EDGE_CURVE('',#2675,#2675,#577,.T.);
#3311=EDGE_CURVE('',#2676,#2676,#578,.T.);
#3312=EDGE_CURVE('',#2676,#2677,#1873,.T.);
#3313=EDGE_CURVE('',#2677,#2677,#579,.T.);
#3314=EDGE_CURVE('',#2678,#2678,#580,.T.);
#3315=EDGE_CURVE('',#2678,#2679,#1874,.T.);
#3316=EDGE_CURVE('',#2679,#2679,#581,.T.);
#3317=EDGE_CURVE('',#2680,#2680,#582,.T.);
#3318=EDGE_CURVE('',#2680,#2681,#1875,.T.);
#3319=EDGE_CURVE('',#2681,#2681,#583,.T.);
#3320=EDGE_CURVE('',#2682,#2682,#584,.T.);
#3321=EDGE_CURVE('',#2682,#2683,#1876,.T.);
#3322=EDGE_CURVE('',#2683,#2683,#585,.T.);
#3323=EDGE_CURVE('',#2684,#2684,#586,.T.);
#3324=EDGE_CURVE('',#2684,#2685,#1877,.T.);
#3325=EDGE_CURVE('',#2685,#2685,#587,.T.);
#3326=EDGE_CURVE('',#2686,#2686,#588,.T.);
#3327=EDGE_CURVE('',#2686,#2687,#1878,.T.);
#3328=EDGE_CURVE('',#2687,#2687,#589,.T.);
#3329=EDGE_CURVE('',#2688,#2688,#590,.T.);
#3330=EDGE_CURVE('',#2688,#2689,#1879,.T.);
#3331=EDGE_CURVE('',#2689,#2689,#591,.T.);
#3332=EDGE_CURVE('',#2690,#2690,#592,.T.);
#3333=EDGE_CURVE('',#2690,#2691,#1880,.T.);
#3334=EDGE_CURVE('',#2691,#2691,#593,.T.);
#3335=EDGE_CURVE('',#2692,#2692,#594,.T.);
#3336=EDGE_CURVE('',#2692,#2693,#1881,.T.);
#3337=EDGE_CURVE('',#2693,#2693,#595,.T.);
#3338=EDGE_CURVE('',#2694,#2695,#1882,.T.);
#3339=EDGE_CURVE('',#2695,#2696,#1883,.T.);
#3340=EDGE_CURVE('',#2697,#2696,#1884,.T.);
#3341=EDGE_CURVE('',#2694,#2697,#1885,.T.);
#3342=EDGE_CURVE('',#2698,#2694,#1886,.T.);
#3343=EDGE_CURVE('',#2699,#2697,#1887,.T.);
#3344=EDGE_CURVE('',#2698,#2699,#1888,.T.);
#3345=EDGE_CURVE('',#2700,#2698,#1889,.T.);
#3346=EDGE_CURVE('',#2701,#2699,#1890,.T.);
#3347=EDGE_CURVE('',#2700,#2701,#1891,.T.);
#3348=EDGE_CURVE('',#2695,#2700,#1892,.T.);
#3349=EDGE_CURVE('',#2696,#2701,#1893,.T.);
#3350=EDGE_CURVE('',#2702,#2702,#596,.T.);
#3351=EDGE_CURVE('',#2702,#2703,#1894,.T.);
#3352=EDGE_CURVE('',#2703,#2703,#597,.T.);
#3353=EDGE_CURVE('',#2704,#2704,#598,.T.);
#3354=EDGE_CURVE('',#2704,#2705,#1895,.T.);
#3355=EDGE_CURVE('',#2705,#2705,#599,.T.);
#3356=EDGE_CURVE('',#2706,#2706,#600,.T.);
#3357=EDGE_CURVE('',#2706,#2707,#1896,.T.);
#3358=EDGE_CURVE('',#2707,#2707,#601,.T.);
#3359=EDGE_CURVE('',#2708,#2708,#602,.T.);
#3360=EDGE_CURVE('',#2708,#2709,#1897,.T.);
#3361=EDGE_CURVE('',#2709,#2709,#603,.T.);
#3362=EDGE_CURVE('',#2710,#2710,#604,.T.);
#3363=EDGE_CURVE('',#2710,#2711,#1898,.T.);
#3364=EDGE_CURVE('',#2711,#2711,#605,.T.);
#3365=EDGE_CURVE('',#2712,#2712,#606,.T.);
#3366=EDGE_CURVE('',#2712,#2713,#1899,.T.);
#3367=EDGE_CURVE('',#2713,#2713,#607,.T.);
#3368=EDGE_CURVE('',#2714,#2714,#608,.T.);
#3369=EDGE_CURVE('',#2714,#2715,#1900,.T.);
#3370=EDGE_CURVE('',#2715,#2715,#609,.T.);
#3371=EDGE_CURVE('',#2716,#2716,#610,.T.);
#3372=EDGE_CURVE('',#2716,#2717,#1901,.T.);
#3373=EDGE_CURVE('',#2717,#2717,#611,.T.);
#3374=EDGE_CURVE('',#2718,#2718,#612,.T.);
#3375=EDGE_CURVE('',#2718,#2719,#1902,.T.);
#3376=EDGE_CURVE('',#2719,#2719,#613,.T.);
#3377=EDGE_CURVE('',#2720,#2720,#614,.T.);
#3378=EDGE_CURVE('',#2720,#2721,#1903,.T.);
#3379=EDGE_CURVE('',#2721,#2721,#615,.T.);
#3380=EDGE_CURVE('',#2722,#2722,#616,.T.);
#3381=EDGE_CURVE('',#2722,#2723,#1904,.T.);
#3382=EDGE_CURVE('',#2723,#2723,#617,.T.);
#3383=EDGE_CURVE('',#2724,#2724,#618,.T.);
#3384=EDGE_CURVE('',#2724,#2725,#1905,.T.);
#3385=EDGE_CURVE('',#2725,#2725,#619,.T.);
#3386=EDGE_CURVE('',#2726,#2726,#620,.T.);
#3387=EDGE_CURVE('',#2726,#2727,#1906,.T.);
#3388=EDGE_CURVE('',#2727,#2727,#621,.T.);
#3389=EDGE_CURVE('',#2728,#2729,#1907,.T.);
#3390=EDGE_CURVE('',#2728,#2730,#1908,.T.);
#3391=EDGE_CURVE('',#2731,#2730,#1909,.T.);
#3392=EDGE_CURVE('',#2729,#2731,#1910,.T.);
#3393=EDGE_CURVE('',#2729,#2732,#1911,.T.);
#3394=EDGE_CURVE('',#2733,#2731,#1912,.T.);
#3395=EDGE_CURVE('',#2732,#2733,#1913,.T.);
#3396=EDGE_CURVE('',#2732,#2734,#1914,.T.);
#3397=EDGE_CURVE('',#2735,#2733,#1915,.T.);
#3398=EDGE_CURVE('',#2734,#2735,#1916,.T.);
#3399=EDGE_CURVE('',#2734,#2728,#1917,.T.);
#3400=EDGE_CURVE('',#2730,#2735,#1918,.T.);
#3401=ORIENTED_EDGE('',*,*,#2736,.F.);
#3402=ORIENTED_EDGE('',*,*,#2737,.T.);
#3403=ORIENTED_EDGE('',*,*,#2738,.F.);
#3404=ORIENTED_EDGE('',*,*,#2739,.T.);
#3405=ORIENTED_EDGE('',*,*,#2738,.T.);
#3406=ORIENTED_EDGE('',*,*,#2740,.F.);
#3407=ORIENTED_EDGE('',*,*,#2741,.F.);
#3408=ORIENTED_EDGE('',*,*,#2742,.T.);
#3409=ORIENTED_EDGE('',*,*,#2743,.F.);
#3410=ORIENTED_EDGE('',*,*,#2744,.T.);
#3411=ORIENTED_EDGE('',*,*,#2745,.F.);
#3412=ORIENTED_EDGE('',*,*,#2744,.F.);
#3413=ORIENTED_EDGE('',*,*,#2746,.F.);
#3414=ORIENTED_EDGE('',*,*,#2747,.T.);
#3415=ORIENTED_EDGE('',*,*,#2748,.F.);
#3416=ORIENTED_EDGE('',*,*,#2747,.F.);
#3417=ORIENTED_EDGE('',*,*,#2746,.T.);
#3418=ORIENTED_EDGE('',*,*,#2736,.T.);
#3419=ORIENTED_EDGE('',*,*,#2749,.F.);
#3420=ORIENTED_EDGE('',*,*,#2750,.F.);
#3421=ORIENTED_EDGE('',*,*,#2751,.T.);
#3422=ORIENTED_EDGE('',*,*,#2752,.F.);
#3423=ORIENTED_EDGE('',*,*,#2740,.T.);
#3424=ORIENTED_EDGE('',*,*,#2737,.F.);
#3425=ORIENTED_EDGE('',*,*,#2751,.F.);
#3426=ORIENTED_EDGE('',*,*,#2753,.F.);
#3427=ORIENTED_EDGE('',*,*,#2754,.T.);
#3428=ORIENTED_EDGE('',*,*,#2755,.F.);
#3429=ORIENTED_EDGE('',*,*,#2756,.F.);
#3430=ORIENTED_EDGE('',*,*,#2757,.F.);
#3431=ORIENTED_EDGE('',*,*,#2756,.T.);
#3432=ORIENTED_EDGE('',*,*,#2758,.F.);
#3433=ORIENTED_EDGE('',*,*,#2759,.F.);
#3434=ORIENTED_EDGE('',*,*,#2760,.F.);
#3435=ORIENTED_EDGE('',*,*,#2759,.T.);
#3436=ORIENTED_EDGE('',*,*,#2761,.F.);
#3437=ORIENTED_EDGE('',*,*,#2762,.F.);
#3438=ORIENTED_EDGE('',*,*,#2745,.T.);
#3439=ORIENTED_EDGE('',*,*,#2763,.F.);
#3440=ORIENTED_EDGE('',*,*,#2762,.T.);
#3441=ORIENTED_EDGE('',*,*,#2764,.F.);
#3442=ORIENTED_EDGE('',*,*,#2754,.F.);
#3443=ORIENTED_EDGE('',*,*,#2765,.T.);
#3444=ORIENTED_EDGE('',*,*,#2766,.T.);
#3445=ORIENTED_EDGE('',*,*,#2767,.T.);
#3446=ORIENTED_EDGE('',*,*,#2768,.T.);
#3447=ORIENTED_EDGE('',*,*,#2755,.T.);
#3448=ORIENTED_EDGE('',*,*,#2764,.T.);
#3449=ORIENTED_EDGE('',*,*,#2761,.T.);
#3450=ORIENTED_EDGE('',*,*,#2758,.T.);
#3451=ORIENTED_EDGE('',*,*,#2741,.T.);
#3452=ORIENTED_EDGE('',*,*,#2752,.T.);
#3453=ORIENTED_EDGE('',*,*,#2757,.T.);
#3454=ORIENTED_EDGE('',*,*,#2760,.T.);
#3455=ORIENTED_EDGE('',*,*,#2763,.T.);
#3456=ORIENTED_EDGE('',*,*,#2753,.T.);
#3457=ORIENTED_EDGE('',*,*,#2750,.T.);
#3458=ORIENTED_EDGE('',*,*,#2769,.F.);
#3459=ORIENTED_EDGE('',*,*,#2748,.T.);
#3460=ORIENTED_EDGE('',*,*,#2770,.T.);
#3461=ORIENTED_EDGE('',*,*,#2771,.T.);
#3462=ORIENTED_EDGE('',*,*,#2772,.F.);
#3463=ORIENTED_EDGE('',*,*,#2773,.T.);
#3464=ORIENTED_EDGE('',*,*,#2771,.F.);
#3465=ORIENTED_EDGE('',*,*,#2773,.F.);
#3466=ORIENTED_EDGE('',*,*,#2772,.T.);
#3467=ORIENTED_EDGE('',*,*,#2774,.F.);
#3468=ORIENTED_EDGE('',*,*,#2775,.T.);
#3469=ORIENTED_EDGE('',*,*,#2770,.F.);
#3470=ORIENTED_EDGE('',*,*,#2775,.F.);
#3471=ORIENTED_EDGE('',*,*,#2774,.T.);
#3472=ORIENTED_EDGE('',*,*,#2776,.T.);
#3473=ORIENTED_EDGE('',*,*,#2777,.T.);
#3474=ORIENTED_EDGE('',*,*,#2778,.T.);
#3475=ORIENTED_EDGE('',*,*,#2779,.F.);
#3476=ORIENTED_EDGE('',*,*,#2780,.T.);
#3477=ORIENTED_EDGE('',*,*,#2781,.T.);
#3478=ORIENTED_EDGE('',*,*,#2782,.T.);
#3479=ORIENTED_EDGE('',*,*,#2777,.F.);
#3480=ORIENTED_EDGE('',*,*,#2783,.T.);
#3481=ORIENTED_EDGE('',*,*,#2784,.T.);
#3482=ORIENTED_EDGE('',*,*,#2785,.T.);
#3483=ORIENTED_EDGE('',*,*,#2781,.F.);
#3484=ORIENTED_EDGE('',*,*,#2786,.T.);
#3485=ORIENTED_EDGE('',*,*,#2784,.F.);
#3486=ORIENTED_EDGE('',*,*,#2787,.T.);
#3487=ORIENTED_EDGE('',*,*,#2779,.T.);
#3488=ORIENTED_EDGE('',*,*,#2786,.F.);
#3489=ORIENTED_EDGE('',*,*,#2788,.T.);
#3490=ORIENTED_EDGE('',*,*,#2766,.F.);
#3491=ORIENTED_EDGE('',*,*,#2789,.F.);
#3492=ORIENTED_EDGE('',*,*,#2778,.F.);
#3493=ORIENTED_EDGE('',*,*,#2790,.T.);
#3494=ORIENTED_EDGE('',*,*,#2767,.F.);
#3495=ORIENTED_EDGE('',*,*,#2788,.F.);
#3496=ORIENTED_EDGE('',*,*,#2743,.T.);
#3497=ORIENTED_EDGE('',*,*,#2776,.F.);
#3498=ORIENTED_EDGE('',*,*,#2787,.F.);
#3499=ORIENTED_EDGE('',*,*,#2783,.F.);
#3500=ORIENTED_EDGE('',*,*,#2780,.F.);
#3501=ORIENTED_EDGE('',*,*,#2782,.F.);
#3502=ORIENTED_EDGE('',*,*,#2791,.F.);
#3503=ORIENTED_EDGE('',*,*,#2768,.F.);
#3504=ORIENTED_EDGE('',*,*,#2790,.F.);
#3505=ORIENTED_EDGE('',*,*,#2765,.F.);
#3506=ORIENTED_EDGE('',*,*,#2791,.T.);
#3507=ORIENTED_EDGE('',*,*,#2785,.F.);
#3508=ORIENTED_EDGE('',*,*,#2789,.T.);
#3509=ORIENTED_EDGE('',*,*,#2742,.F.);
#3510=ORIENTED_EDGE('',*,*,#2769,.T.);
#3511=ORIENTED_EDGE('',*,*,#2749,.T.);
#3512=ORIENTED_EDGE('',*,*,#2739,.F.);
#3513=ORIENTED_EDGE('',*,*,#2792,.F.);
#3514=ORIENTED_EDGE('',*,*,#2793,.T.);
#3515=ORIENTED_EDGE('',*,*,#2794,.T.);
#3516=ORIENTED_EDGE('',*,*,#2793,.F.);
#3517=ORIENTED_EDGE('',*,*,#2795,.F.);
#3518=ORIENTED_EDGE('',*,*,#2796,.T.);
#3519=ORIENTED_EDGE('',*,*,#2797,.T.);
#3520=ORIENTED_EDGE('',*,*,#2796,.F.);
#3521=ORIENTED_EDGE('',*,*,#2798,.F.);
#3522=ORIENTED_EDGE('',*,*,#2799,.T.);
#3523=ORIENTED_EDGE('',*,*,#2800,.T.);
#3524=ORIENTED_EDGE('',*,*,#2799,.F.);
#3525=ORIENTED_EDGE('',*,*,#2801,.F.);
#3526=ORIENTED_EDGE('',*,*,#2802,.T.);
#3527=ORIENTED_EDGE('',*,*,#2803,.T.);
#3528=ORIENTED_EDGE('',*,*,#2802,.F.);
#3529=ORIENTED_EDGE('',*,*,#2804,.F.);
#3530=ORIENTED_EDGE('',*,*,#2805,.T.);
#3531=ORIENTED_EDGE('',*,*,#2806,.T.);
#3532=ORIENTED_EDGE('',*,*,#2805,.F.);
#3533=ORIENTED_EDGE('',*,*,#2807,.F.);
#3534=ORIENTED_EDGE('',*,*,#2808,.T.);
#3535=ORIENTED_EDGE('',*,*,#2809,.T.);
#3536=ORIENTED_EDGE('',*,*,#2808,.F.);
#3537=ORIENTED_EDGE('',*,*,#2810,.F.);
#3538=ORIENTED_EDGE('',*,*,#2811,.T.);
#3539=ORIENTED_EDGE('',*,*,#2812,.T.);
#3540=ORIENTED_EDGE('',*,*,#2811,.F.);
#3541=ORIENTED_EDGE('',*,*,#2813,.F.);
#3542=ORIENTED_EDGE('',*,*,#2814,.T.);
#3543=ORIENTED_EDGE('',*,*,#2815,.T.);
#3544=ORIENTED_EDGE('',*,*,#2814,.F.);
#3545=ORIENTED_EDGE('',*,*,#2816,.F.);
#3546=ORIENTED_EDGE('',*,*,#2817,.T.);
#3547=ORIENTED_EDGE('',*,*,#2818,.T.);
#3548=ORIENTED_EDGE('',*,*,#2817,.F.);
#3549=ORIENTED_EDGE('',*,*,#2819,.F.);
#3550=ORIENTED_EDGE('',*,*,#2820,.T.);
#3551=ORIENTED_EDGE('',*,*,#2821,.T.);
#3552=ORIENTED_EDGE('',*,*,#2820,.F.);
#3553=ORIENTED_EDGE('',*,*,#2822,.F.);
#3554=ORIENTED_EDGE('',*,*,#2823,.T.);
#3555=ORIENTED_EDGE('',*,*,#2824,.T.);
#3556=ORIENTED_EDGE('',*,*,#2823,.F.);
#3557=ORIENTED_EDGE('',*,*,#2825,.F.);
#3558=ORIENTED_EDGE('',*,*,#2826,.T.);
#3559=ORIENTED_EDGE('',*,*,#2827,.T.);
#3560=ORIENTED_EDGE('',*,*,#2826,.F.);
#3561=ORIENTED_EDGE('',*,*,#2828,.F.);
#3562=ORIENTED_EDGE('',*,*,#2829,.T.);
#3563=ORIENTED_EDGE('',*,*,#2830,.T.);
#3564=ORIENTED_EDGE('',*,*,#2829,.F.);
#3565=ORIENTED_EDGE('',*,*,#2831,.F.);
#3566=ORIENTED_EDGE('',*,*,#2832,.T.);
#3567=ORIENTED_EDGE('',*,*,#2833,.T.);
#3568=ORIENTED_EDGE('',*,*,#2832,.F.);
#3569=ORIENTED_EDGE('',*,*,#2834,.F.);
#3570=ORIENTED_EDGE('',*,*,#2835,.T.);
#3571=ORIENTED_EDGE('',*,*,#2836,.T.);
#3572=ORIENTED_EDGE('',*,*,#2835,.F.);
#3573=ORIENTED_EDGE('',*,*,#2837,.F.);
#3574=ORIENTED_EDGE('',*,*,#2838,.T.);
#3575=ORIENTED_EDGE('',*,*,#2839,.T.);
#3576=ORIENTED_EDGE('',*,*,#2838,.F.);
#3577=ORIENTED_EDGE('',*,*,#2840,.F.);
#3578=ORIENTED_EDGE('',*,*,#2841,.T.);
#3579=ORIENTED_EDGE('',*,*,#2842,.T.);
#3580=ORIENTED_EDGE('',*,*,#2841,.F.);
#3581=ORIENTED_EDGE('',*,*,#2843,.F.);
#3582=ORIENTED_EDGE('',*,*,#2844,.T.);
#3583=ORIENTED_EDGE('',*,*,#2845,.T.);
#3584=ORIENTED_EDGE('',*,*,#2844,.F.);
#3585=ORIENTED_EDGE('',*,*,#2846,.F.);
#3586=ORIENTED_EDGE('',*,*,#2847,.T.);
#3587=ORIENTED_EDGE('',*,*,#2848,.T.);
#3588=ORIENTED_EDGE('',*,*,#2847,.F.);
#3589=ORIENTED_EDGE('',*,*,#2849,.T.);
#3590=ORIENTED_EDGE('',*,*,#2850,.T.);
#3591=ORIENTED_EDGE('',*,*,#2851,.F.);
#3592=ORIENTED_EDGE('',*,*,#2852,.F.);
#3593=ORIENTED_EDGE('',*,*,#2853,.T.);
#3594=ORIENTED_EDGE('',*,*,#2852,.T.);
#3595=ORIENTED_EDGE('',*,*,#2854,.F.);
#3596=ORIENTED_EDGE('',*,*,#2855,.F.);
#3597=ORIENTED_EDGE('',*,*,#2856,.T.);
#3598=ORIENTED_EDGE('',*,*,#2855,.T.);
#3599=ORIENTED_EDGE('',*,*,#2857,.F.);
#3600=ORIENTED_EDGE('',*,*,#2858,.F.);
#3601=ORIENTED_EDGE('',*,*,#2859,.T.);
#3602=ORIENTED_EDGE('',*,*,#2858,.T.);
#3603=ORIENTED_EDGE('',*,*,#2860,.F.);
#3604=ORIENTED_EDGE('',*,*,#2850,.F.);
#3605=ORIENTED_EDGE('',*,*,#2861,.F.);
#3606=ORIENTED_EDGE('',*,*,#2862,.T.);
#3607=ORIENTED_EDGE('',*,*,#2863,.T.);
#3608=ORIENTED_EDGE('',*,*,#2862,.F.);
#3609=ORIENTED_EDGE('',*,*,#2864,.F.);
#3610=ORIENTED_EDGE('',*,*,#2865,.T.);
#3611=ORIENTED_EDGE('',*,*,#2866,.T.);
#3612=ORIENTED_EDGE('',*,*,#2865,.F.);
#3613=ORIENTED_EDGE('',*,*,#2867,.F.);
#3614=ORIENTED_EDGE('',*,*,#2868,.T.);
#3615=ORIENTED_EDGE('',*,*,#2869,.T.);
#3616=ORIENTED_EDGE('',*,*,#2868,.F.);
#3617=ORIENTED_EDGE('',*,*,#2870,.F.);
#3618=ORIENTED_EDGE('',*,*,#2871,.T.);
#3619=ORIENTED_EDGE('',*,*,#2872,.T.);
#3620=ORIENTED_EDGE('',*,*,#2871,.F.);
#3621=ORIENTED_EDGE('',*,*,#2873,.F.);
#3622=ORIENTED_EDGE('',*,*,#2874,.T.);
#3623=ORIENTED_EDGE('',*,*,#2875,.T.);
#3624=ORIENTED_EDGE('',*,*,#2874,.F.);
#3625=ORIENTED_EDGE('',*,*,#2876,.F.);
#3626=ORIENTED_EDGE('',*,*,#2877,.T.);
#3627=ORIENTED_EDGE('',*,*,#2878,.T.);
#3628=ORIENTED_EDGE('',*,*,#2877,.F.);
#3629=ORIENTED_EDGE('',*,*,#2879,.F.);
#3630=ORIENTED_EDGE('',*,*,#2880,.T.);
#3631=ORIENTED_EDGE('',*,*,#2881,.T.);
#3632=ORIENTED_EDGE('',*,*,#2880,.F.);
#3633=ORIENTED_EDGE('',*,*,#2882,.F.);
#3634=ORIENTED_EDGE('',*,*,#2883,.T.);
#3635=ORIENTED_EDGE('',*,*,#2884,.T.);
#3636=ORIENTED_EDGE('',*,*,#2883,.F.);
#3637=ORIENTED_EDGE('',*,*,#2885,.F.);
#3638=ORIENTED_EDGE('',*,*,#2886,.T.);
#3639=ORIENTED_EDGE('',*,*,#2887,.T.);
#3640=ORIENTED_EDGE('',*,*,#2886,.F.);
#3641=ORIENTED_EDGE('',*,*,#2888,.F.);
#3642=ORIENTED_EDGE('',*,*,#2889,.T.);
#3643=ORIENTED_EDGE('',*,*,#2890,.T.);
#3644=ORIENTED_EDGE('',*,*,#2889,.F.);
#3645=ORIENTED_EDGE('',*,*,#2891,.F.);
#3646=ORIENTED_EDGE('',*,*,#2892,.T.);
#3647=ORIENTED_EDGE('',*,*,#2893,.T.);
#3648=ORIENTED_EDGE('',*,*,#2892,.F.);
#3649=ORIENTED_EDGE('',*,*,#2894,.F.);
#3650=ORIENTED_EDGE('',*,*,#2895,.T.);
#3651=ORIENTED_EDGE('',*,*,#2896,.T.);
#3652=ORIENTED_EDGE('',*,*,#2895,.F.);
#3653=ORIENTED_EDGE('',*,*,#2897,.F.);
#3654=ORIENTED_EDGE('',*,*,#2898,.T.);
#3655=ORIENTED_EDGE('',*,*,#2899,.T.);
#3656=ORIENTED_EDGE('',*,*,#2898,.F.);
#3657=ORIENTED_EDGE('',*,*,#2900,.F.);
#3658=ORIENTED_EDGE('',*,*,#2901,.T.);
#3659=ORIENTED_EDGE('',*,*,#2902,.T.);
#3660=ORIENTED_EDGE('',*,*,#2901,.F.);
#3661=ORIENTED_EDGE('',*,*,#2903,.F.);
#3662=ORIENTED_EDGE('',*,*,#2904,.T.);
#3663=ORIENTED_EDGE('',*,*,#2905,.T.);
#3664=ORIENTED_EDGE('',*,*,#2904,.F.);
#3665=ORIENTED_EDGE('',*,*,#2906,.F.);
#3666=ORIENTED_EDGE('',*,*,#2907,.T.);
#3667=ORIENTED_EDGE('',*,*,#2908,.T.);
#3668=ORIENTED_EDGE('',*,*,#2907,.F.);
#3669=ORIENTED_EDGE('',*,*,#2909,.F.);
#3670=ORIENTED_EDGE('',*,*,#2910,.T.);
#3671=ORIENTED_EDGE('',*,*,#2911,.T.);
#3672=ORIENTED_EDGE('',*,*,#2910,.F.);
#3673=ORIENTED_EDGE('',*,*,#2912,.F.);
#3674=ORIENTED_EDGE('',*,*,#2913,.T.);
#3675=ORIENTED_EDGE('',*,*,#2914,.T.);
#3676=ORIENTED_EDGE('',*,*,#2913,.F.);
#3677=ORIENTED_EDGE('',*,*,#2915,.F.);
#3678=ORIENTED_EDGE('',*,*,#2916,.T.);
#3679=ORIENTED_EDGE('',*,*,#2917,.T.);
#3680=ORIENTED_EDGE('',*,*,#2916,.F.);
#3681=ORIENTED_EDGE('',*,*,#2918,.F.);
#3682=ORIENTED_EDGE('',*,*,#2919,.T.);
#3683=ORIENTED_EDGE('',*,*,#2920,.T.);
#3684=ORIENTED_EDGE('',*,*,#2919,.F.);
#3685=ORIENTED_EDGE('',*,*,#2921,.F.);
#3686=ORIENTED_EDGE('',*,*,#2922,.T.);
#3687=ORIENTED_EDGE('',*,*,#2923,.T.);
#3688=ORIENTED_EDGE('',*,*,#2922,.F.);
#3689=ORIENTED_EDGE('',*,*,#2924,.F.);
#3690=ORIENTED_EDGE('',*,*,#2925,.T.);
#3691=ORIENTED_EDGE('',*,*,#2926,.T.);
#3692=ORIENTED_EDGE('',*,*,#2925,.F.);
#3693=ORIENTED_EDGE('',*,*,#2927,.F.);
#3694=ORIENTED_EDGE('',*,*,#2928,.T.);
#3695=ORIENTED_EDGE('',*,*,#2929,.T.);
#3696=ORIENTED_EDGE('',*,*,#2928,.F.);
#3697=ORIENTED_EDGE('',*,*,#2930,.F.);
#3698=ORIENTED_EDGE('',*,*,#2931,.T.);
#3699=ORIENTED_EDGE('',*,*,#2932,.T.);
#3700=ORIENTED_EDGE('',*,*,#2931,.F.);
#3701=ORIENTED_EDGE('',*,*,#2933,.F.);
#3702=ORIENTED_EDGE('',*,*,#2934,.T.);
#3703=ORIENTED_EDGE('',*,*,#2935,.T.);
#3704=ORIENTED_EDGE('',*,*,#2934,.F.);
#3705=ORIENTED_EDGE('',*,*,#2936,.F.);
#3706=ORIENTED_EDGE('',*,*,#2937,.T.);
#3707=ORIENTED_EDGE('',*,*,#2938,.T.);
#3708=ORIENTED_EDGE('',*,*,#2937,.F.);
#3709=ORIENTED_EDGE('',*,*,#2939,.F.);
#3710=ORIENTED_EDGE('',*,*,#2940,.T.);
#3711=ORIENTED_EDGE('',*,*,#2941,.T.);
#3712=ORIENTED_EDGE('',*,*,#2940,.F.);
#3713=ORIENTED_EDGE('',*,*,#2942,.T.);
#3714=ORIENTED_EDGE('',*,*,#2943,.T.);
#3715=ORIENTED_EDGE('',*,*,#2944,.F.);
#3716=ORIENTED_EDGE('',*,*,#2945,.F.);
#3717=ORIENTED_EDGE('',*,*,#2946,.T.);
#3718=ORIENTED_EDGE('',*,*,#2945,.T.);
#3719=ORIENTED_EDGE('',*,*,#2947,.F.);
#3720=ORIENTED_EDGE('',*,*,#2948,.F.);
#3721=ORIENTED_EDGE('',*,*,#2949,.T.);
#3722=ORIENTED_EDGE('',*,*,#2948,.T.);
#3723=ORIENTED_EDGE('',*,*,#2950,.F.);
#3724=ORIENTED_EDGE('',*,*,#2951,.F.);
#3725=ORIENTED_EDGE('',*,*,#2952,.T.);
#3726=ORIENTED_EDGE('',*,*,#2951,.T.);
#3727=ORIENTED_EDGE('',*,*,#2953,.F.);
#3728=ORIENTED_EDGE('',*,*,#2943,.F.);
#3729=ORIENTED_EDGE('',*,*,#2954,.T.);
#3730=ORIENTED_EDGE('',*,*,#2955,.T.);
#3731=ORIENTED_EDGE('',*,*,#2956,.F.);
#3732=ORIENTED_EDGE('',*,*,#2957,.F.);
#3733=ORIENTED_EDGE('',*,*,#2958,.T.);
#3734=ORIENTED_EDGE('',*,*,#2957,.T.);
#3735=ORIENTED_EDGE('',*,*,#2959,.F.);
#3736=ORIENTED_EDGE('',*,*,#2960,.F.);
#3737=ORIENTED_EDGE('',*,*,#2961,.T.);
#3738=ORIENTED_EDGE('',*,*,#2960,.T.);
#3739=ORIENTED_EDGE('',*,*,#2962,.F.);
#3740=ORIENTED_EDGE('',*,*,#2963,.F.);
#3741=ORIENTED_EDGE('',*,*,#2964,.T.);
#3742=ORIENTED_EDGE('',*,*,#2963,.T.);
#3743=ORIENTED_EDGE('',*,*,#2965,.F.);
#3744=ORIENTED_EDGE('',*,*,#2955,.F.);
#3745=ORIENTED_EDGE('',*,*,#2966,.T.);
#3746=ORIENTED_EDGE('',*,*,#2967,.T.);
#3747=ORIENTED_EDGE('',*,*,#2968,.F.);
#3748=ORIENTED_EDGE('',*,*,#2969,.F.);
#3749=ORIENTED_EDGE('',*,*,#2970,.T.);
#3750=ORIENTED_EDGE('',*,*,#2969,.T.);
#3751=ORIENTED_EDGE('',*,*,#2971,.F.);
#3752=ORIENTED_EDGE('',*,*,#2972,.F.);
#3753=ORIENTED_EDGE('',*,*,#2973,.T.);
#3754=ORIENTED_EDGE('',*,*,#2972,.T.);
#3755=ORIENTED_EDGE('',*,*,#2974,.F.);
#3756=ORIENTED_EDGE('',*,*,#2975,.F.);
#3757=ORIENTED_EDGE('',*,*,#2976,.T.);
#3758=ORIENTED_EDGE('',*,*,#2975,.T.);
#3759=ORIENTED_EDGE('',*,*,#2977,.F.);
#3760=ORIENTED_EDGE('',*,*,#2967,.F.);
#3761=ORIENTED_EDGE('',*,*,#2978,.T.);
#3762=ORIENTED_EDGE('',*,*,#2979,.T.);
#3763=ORIENTED_EDGE('',*,*,#2980,.F.);
#3764=ORIENTED_EDGE('',*,*,#2981,.F.);
#3765=ORIENTED_EDGE('',*,*,#2982,.T.);
#3766=ORIENTED_EDGE('',*,*,#2981,.T.);
#3767=ORIENTED_EDGE('',*,*,#2983,.F.);
#3768=ORIENTED_EDGE('',*,*,#2984,.F.);
#3769=ORIENTED_EDGE('',*,*,#2985,.T.);
#3770=ORIENTED_EDGE('',*,*,#2984,.T.);
#3771=ORIENTED_EDGE('',*,*,#2986,.F.);
#3772=ORIENTED_EDGE('',*,*,#2987,.F.);
#3773=ORIENTED_EDGE('',*,*,#2988,.T.);
#3774=ORIENTED_EDGE('',*,*,#2987,.T.);
#3775=ORIENTED_EDGE('',*,*,#2989,.F.);
#3776=ORIENTED_EDGE('',*,*,#2979,.F.);
#3777=ORIENTED_EDGE('',*,*,#2990,.T.);
#3778=ORIENTED_EDGE('',*,*,#2991,.T.);
#3779=ORIENTED_EDGE('',*,*,#2992,.F.);
#3780=ORIENTED_EDGE('',*,*,#2993,.F.);
#3781=ORIENTED_EDGE('',*,*,#2994,.T.);
#3782=ORIENTED_EDGE('',*,*,#2993,.T.);
#3783=ORIENTED_EDGE('',*,*,#2995,.F.);
#3784=ORIENTED_EDGE('',*,*,#2996,.F.);
#3785=ORIENTED_EDGE('',*,*,#2997,.T.);
#3786=ORIENTED_EDGE('',*,*,#2996,.T.);
#3787=ORIENTED_EDGE('',*,*,#2998,.F.);
#3788=ORIENTED_EDGE('',*,*,#2999,.F.);
#3789=ORIENTED_EDGE('',*,*,#3000,.T.);
#3790=ORIENTED_EDGE('',*,*,#2999,.T.);
#3791=ORIENTED_EDGE('',*,*,#3001,.F.);
#3792=ORIENTED_EDGE('',*,*,#2991,.F.);
#3793=ORIENTED_EDGE('',*,*,#3002,.F.);
#3794=ORIENTED_EDGE('',*,*,#3003,.T.);
#3795=ORIENTED_EDGE('',*,*,#3004,.T.);
#3796=ORIENTED_EDGE('',*,*,#3003,.F.);
#3797=ORIENTED_EDGE('',*,*,#3005,.F.);
#3798=ORIENTED_EDGE('',*,*,#3006,.T.);
#3799=ORIENTED_EDGE('',*,*,#3007,.T.);
#3800=ORIENTED_EDGE('',*,*,#3006,.F.);
#3801=ORIENTED_EDGE('',*,*,#3008,.F.);
#3802=ORIENTED_EDGE('',*,*,#3009,.T.);
#3803=ORIENTED_EDGE('',*,*,#3010,.T.);
#3804=ORIENTED_EDGE('',*,*,#3009,.F.);
#3805=ORIENTED_EDGE('',*,*,#3011,.F.);
#3806=ORIENTED_EDGE('',*,*,#3012,.T.);
#3807=ORIENTED_EDGE('',*,*,#3013,.T.);
#3808=ORIENTED_EDGE('',*,*,#3012,.F.);
#3809=ORIENTED_EDGE('',*,*,#3014,.F.);
#3810=ORIENTED_EDGE('',*,*,#3015,.T.);
#3811=ORIENTED_EDGE('',*,*,#3016,.T.);
#3812=ORIENTED_EDGE('',*,*,#3015,.F.);
#3813=ORIENTED_EDGE('',*,*,#3017,.F.);
#3814=ORIENTED_EDGE('',*,*,#3018,.T.);
#3815=ORIENTED_EDGE('',*,*,#3019,.T.);
#3816=ORIENTED_EDGE('',*,*,#3018,.F.);
#3817=ORIENTED_EDGE('',*,*,#3020,.F.);
#3818=ORIENTED_EDGE('',*,*,#3021,.T.);
#3819=ORIENTED_EDGE('',*,*,#3022,.T.);
#3820=ORIENTED_EDGE('',*,*,#3021,.F.);
#3821=ORIENTED_EDGE('',*,*,#3023,.T.);
#3822=ORIENTED_EDGE('',*,*,#3024,.T.);
#3823=ORIENTED_EDGE('',*,*,#3025,.F.);
#3824=ORIENTED_EDGE('',*,*,#3026,.F.);
#3825=ORIENTED_EDGE('',*,*,#3027,.T.);
#3826=ORIENTED_EDGE('',*,*,#3026,.T.);
#3827=ORIENTED_EDGE('',*,*,#3028,.F.);
#3828=ORIENTED_EDGE('',*,*,#3029,.F.);
#3829=ORIENTED_EDGE('',*,*,#3030,.T.);
#3830=ORIENTED_EDGE('',*,*,#3029,.T.);
#3831=ORIENTED_EDGE('',*,*,#3031,.F.);
#3832=ORIENTED_EDGE('',*,*,#3032,.F.);
#3833=ORIENTED_EDGE('',*,*,#3033,.T.);
#3834=ORIENTED_EDGE('',*,*,#3032,.T.);
#3835=ORIENTED_EDGE('',*,*,#3034,.F.);
#3836=ORIENTED_EDGE('',*,*,#3024,.F.);
#3837=ORIENTED_EDGE('',*,*,#3035,.F.);
#3838=ORIENTED_EDGE('',*,*,#3036,.T.);
#3839=ORIENTED_EDGE('',*,*,#3037,.T.);
#3840=ORIENTED_EDGE('',*,*,#3036,.F.);
#3841=ORIENTED_EDGE('',*,*,#3038,.F.);
#3842=ORIENTED_EDGE('',*,*,#3039,.T.);
#3843=ORIENTED_EDGE('',*,*,#3040,.T.);
#3844=ORIENTED_EDGE('',*,*,#3039,.F.);
#3845=ORIENTED_EDGE('',*,*,#3041,.F.);
#3846=ORIENTED_EDGE('',*,*,#3042,.T.);
#3847=ORIENTED_EDGE('',*,*,#3043,.T.);
#3848=ORIENTED_EDGE('',*,*,#3042,.F.);
#3849=ORIENTED_EDGE('',*,*,#3044,.F.);
#3850=ORIENTED_EDGE('',*,*,#3045,.T.);
#3851=ORIENTED_EDGE('',*,*,#3046,.T.);
#3852=ORIENTED_EDGE('',*,*,#3045,.F.);
#3853=ORIENTED_EDGE('',*,*,#3047,.F.);
#3854=ORIENTED_EDGE('',*,*,#3048,.T.);
#3855=ORIENTED_EDGE('',*,*,#3049,.T.);
#3856=ORIENTED_EDGE('',*,*,#3048,.F.);
#3857=ORIENTED_EDGE('',*,*,#3050,.F.);
#3858=ORIENTED_EDGE('',*,*,#3051,.T.);
#3859=ORIENTED_EDGE('',*,*,#3052,.T.);
#3860=ORIENTED_EDGE('',*,*,#3051,.F.);
#3861=ORIENTED_EDGE('',*,*,#3053,.F.);
#3862=ORIENTED_EDGE('',*,*,#3054,.T.);
#3863=ORIENTED_EDGE('',*,*,#3055,.T.);
#3864=ORIENTED_EDGE('',*,*,#3054,.F.);
#3865=ORIENTED_EDGE('',*,*,#3056,.F.);
#3866=ORIENTED_EDGE('',*,*,#3057,.T.);
#3867=ORIENTED_EDGE('',*,*,#3058,.T.);
#3868=ORIENTED_EDGE('',*,*,#3057,.F.);
#3869=ORIENTED_EDGE('',*,*,#3059,.F.);
#3870=ORIENTED_EDGE('',*,*,#3060,.T.);
#3871=ORIENTED_EDGE('',*,*,#3061,.T.);
#3872=ORIENTED_EDGE('',*,*,#3060,.F.);
#3873=ORIENTED_EDGE('',*,*,#3062,.T.);
#3874=ORIENTED_EDGE('',*,*,#3063,.T.);
#3875=ORIENTED_EDGE('',*,*,#3064,.F.);
#3876=ORIENTED_EDGE('',*,*,#3065,.F.);
#3877=ORIENTED_EDGE('',*,*,#3066,.T.);
#3878=ORIENTED_EDGE('',*,*,#3065,.T.);
#3879=ORIENTED_EDGE('',*,*,#3067,.F.);
#3880=ORIENTED_EDGE('',*,*,#3068,.F.);
#3881=ORIENTED_EDGE('',*,*,#3069,.T.);
#3882=ORIENTED_EDGE('',*,*,#3068,.T.);
#3883=ORIENTED_EDGE('',*,*,#3070,.F.);
#3884=ORIENTED_EDGE('',*,*,#3071,.F.);
#3885=ORIENTED_EDGE('',*,*,#3072,.T.);
#3886=ORIENTED_EDGE('',*,*,#3071,.T.);
#3887=ORIENTED_EDGE('',*,*,#3073,.F.);
#3888=ORIENTED_EDGE('',*,*,#3063,.F.);
#3889=ORIENTED_EDGE('',*,*,#3074,.F.);
#3890=ORIENTED_EDGE('',*,*,#3075,.T.);
#3891=ORIENTED_EDGE('',*,*,#3076,.T.);
#3892=ORIENTED_EDGE('',*,*,#3075,.F.);
#3893=ORIENTED_EDGE('',*,*,#3077,.F.);
#3894=ORIENTED_EDGE('',*,*,#3078,.T.);
#3895=ORIENTED_EDGE('',*,*,#3079,.T.);
#3896=ORIENTED_EDGE('',*,*,#3078,.F.);
#3897=ORIENTED_EDGE('',*,*,#3080,.F.);
#3898=ORIENTED_EDGE('',*,*,#3081,.T.);
#3899=ORIENTED_EDGE('',*,*,#3082,.T.);
#3900=ORIENTED_EDGE('',*,*,#3081,.F.);
#3901=ORIENTED_EDGE('',*,*,#3083,.F.);
#3902=ORIENTED_EDGE('',*,*,#3084,.T.);
#3903=ORIENTED_EDGE('',*,*,#3085,.T.);
#3904=ORIENTED_EDGE('',*,*,#3084,.F.);
#3905=ORIENTED_EDGE('',*,*,#3086,.F.);
#3906=ORIENTED_EDGE('',*,*,#3087,.T.);
#3907=ORIENTED_EDGE('',*,*,#3088,.T.);
#3908=ORIENTED_EDGE('',*,*,#3087,.F.);
#3909=ORIENTED_EDGE('',*,*,#3089,.F.);
#3910=ORIENTED_EDGE('',*,*,#3090,.T.);
#3911=ORIENTED_EDGE('',*,*,#3091,.T.);
#3912=ORIENTED_EDGE('',*,*,#3090,.F.);
#3913=ORIENTED_EDGE('',*,*,#3092,.F.);
#3914=ORIENTED_EDGE('',*,*,#3093,.T.);
#3915=ORIENTED_EDGE('',*,*,#3094,.T.);
#3916=ORIENTED_EDGE('',*,*,#3093,.F.);
#3917=ORIENTED_EDGE('',*,*,#3095,.F.);
#3918=ORIENTED_EDGE('',*,*,#3096,.T.);
#3919=ORIENTED_EDGE('',*,*,#3097,.T.);
#3920=ORIENTED_EDGE('',*,*,#3096,.F.);
#3921=ORIENTED_EDGE('',*,*,#3098,.F.);
#3922=ORIENTED_EDGE('',*,*,#3099,.T.);
#3923=ORIENTED_EDGE('',*,*,#3100,.T.);
#3924=ORIENTED_EDGE('',*,*,#3099,.F.);
#3925=ORIENTED_EDGE('',*,*,#3101,.F.);
#3926=ORIENTED_EDGE('',*,*,#3102,.T.);
#3927=ORIENTED_EDGE('',*,*,#3103,.T.);
#3928=ORIENTED_EDGE('',*,*,#3102,.F.);
#3929=ORIENTED_EDGE('',*,*,#3104,.F.);
#3930=ORIENTED_EDGE('',*,*,#3105,.T.);
#3931=ORIENTED_EDGE('',*,*,#3106,.T.);
#3932=ORIENTED_EDGE('',*,*,#3105,.F.);
#3933=ORIENTED_EDGE('',*,*,#3107,.F.);
#3934=ORIENTED_EDGE('',*,*,#3108,.T.);
#3935=ORIENTED_EDGE('',*,*,#3109,.T.);
#3936=ORIENTED_EDGE('',*,*,#3108,.F.);
#3937=ORIENTED_EDGE('',*,*,#3110,.F.);
#3938=ORIENTED_EDGE('',*,*,#3111,.T.);
#3939=ORIENTED_EDGE('',*,*,#3112,.T.);
#3940=ORIENTED_EDGE('',*,*,#3111,.F.);
#3941=ORIENTED_EDGE('',*,*,#3113,.F.);
#3942=ORIENTED_EDGE('',*,*,#3114,.T.);
#3943=ORIENTED_EDGE('',*,*,#3115,.T.);
#3944=ORIENTED_EDGE('',*,*,#3114,.F.);
#3945=ORIENTED_EDGE('',*,*,#3116,.T.);
#3946=ORIENTED_EDGE('',*,*,#3117,.T.);
#3947=ORIENTED_EDGE('',*,*,#3118,.F.);
#3948=ORIENTED_EDGE('',*,*,#3119,.F.);
#3949=ORIENTED_EDGE('',*,*,#3120,.T.);
#3950=ORIENTED_EDGE('',*,*,#3119,.T.);
#3951=ORIENTED_EDGE('',*,*,#3121,.F.);
#3952=ORIENTED_EDGE('',*,*,#3122,.F.);
#3953=ORIENTED_EDGE('',*,*,#3123,.T.);
#3954=ORIENTED_EDGE('',*,*,#3122,.T.);
#3955=ORIENTED_EDGE('',*,*,#3124,.F.);
#3956=ORIENTED_EDGE('',*,*,#3125,.F.);
#3957=ORIENTED_EDGE('',*,*,#3126,.T.);
#3958=ORIENTED_EDGE('',*,*,#3125,.T.);
#3959=ORIENTED_EDGE('',*,*,#3127,.F.);
#3960=ORIENTED_EDGE('',*,*,#3117,.F.);
#3961=ORIENTED_EDGE('',*,*,#3128,.F.);
#3962=ORIENTED_EDGE('',*,*,#3129,.T.);
#3963=ORIENTED_EDGE('',*,*,#3130,.T.);
#3964=ORIENTED_EDGE('',*,*,#3129,.F.);
#3965=ORIENTED_EDGE('',*,*,#3131,.F.);
#3966=ORIENTED_EDGE('',*,*,#3132,.T.);
#3967=ORIENTED_EDGE('',*,*,#3133,.T.);
#3968=ORIENTED_EDGE('',*,*,#3132,.F.);
#3969=ORIENTED_EDGE('',*,*,#3134,.F.);
#3970=ORIENTED_EDGE('',*,*,#3135,.T.);
#3971=ORIENTED_EDGE('',*,*,#3136,.T.);
#3972=ORIENTED_EDGE('',*,*,#3135,.F.);
#3973=ORIENTED_EDGE('',*,*,#3137,.F.);
#3974=ORIENTED_EDGE('',*,*,#3138,.T.);
#3975=ORIENTED_EDGE('',*,*,#3139,.T.);
#3976=ORIENTED_EDGE('',*,*,#3138,.F.);
#3977=ORIENTED_EDGE('',*,*,#3140,.F.);
#3978=ORIENTED_EDGE('',*,*,#3141,.T.);
#3979=ORIENTED_EDGE('',*,*,#3142,.T.);
#3980=ORIENTED_EDGE('',*,*,#3141,.F.);
#3981=ORIENTED_EDGE('',*,*,#3143,.T.);
#3982=ORIENTED_EDGE('',*,*,#3144,.T.);
#3983=ORIENTED_EDGE('',*,*,#3145,.F.);
#3984=ORIENTED_EDGE('',*,*,#3146,.F.);
#3985=ORIENTED_EDGE('',*,*,#3147,.T.);
#3986=ORIENTED_EDGE('',*,*,#3146,.T.);
#3987=ORIENTED_EDGE('',*,*,#3148,.F.);
#3988=ORIENTED_EDGE('',*,*,#3149,.F.);
#3989=ORIENTED_EDGE('',*,*,#3150,.T.);
#3990=ORIENTED_EDGE('',*,*,#3149,.T.);
#3991=ORIENTED_EDGE('',*,*,#3151,.F.);
#3992=ORIENTED_EDGE('',*,*,#3152,.F.);
#3993=ORIENTED_EDGE('',*,*,#3153,.T.);
#3994=ORIENTED_EDGE('',*,*,#3152,.T.);
#3995=ORIENTED_EDGE('',*,*,#3154,.F.);
#3996=ORIENTED_EDGE('',*,*,#3144,.F.);
#3997=ORIENTED_EDGE('',*,*,#3155,.F.);
#3998=ORIENTED_EDGE('',*,*,#3156,.T.);
#3999=ORIENTED_EDGE('',*,*,#3157,.T.);
#4000=ORIENTED_EDGE('',*,*,#3156,.F.);
#4001=ORIENTED_EDGE('',*,*,#3158,.F.);
#4002=ORIENTED_EDGE('',*,*,#3159,.T.);
#4003=ORIENTED_EDGE('',*,*,#3160,.T.);
#4004=ORIENTED_EDGE('',*,*,#3159,.F.);
#4005=ORIENTED_EDGE('',*,*,#3161,.F.);
#4006=ORIENTED_EDGE('',*,*,#3162,.T.);
#4007=ORIENTED_EDGE('',*,*,#3163,.T.);
#4008=ORIENTED_EDGE('',*,*,#3162,.F.);
#4009=ORIENTED_EDGE('',*,*,#3164,.F.);
#4010=ORIENTED_EDGE('',*,*,#3165,.T.);
#4011=ORIENTED_EDGE('',*,*,#3166,.T.);
#4012=ORIENTED_EDGE('',*,*,#3165,.F.);
#4013=ORIENTED_EDGE('',*,*,#3167,.F.);
#4014=ORIENTED_EDGE('',*,*,#3168,.T.);
#4015=ORIENTED_EDGE('',*,*,#3169,.T.);
#4016=ORIENTED_EDGE('',*,*,#3168,.F.);
#4017=ORIENTED_EDGE('',*,*,#3170,.F.);
#4018=ORIENTED_EDGE('',*,*,#3171,.T.);
#4019=ORIENTED_EDGE('',*,*,#3172,.T.);
#4020=ORIENTED_EDGE('',*,*,#3171,.F.);
#4021=ORIENTED_EDGE('',*,*,#3173,.F.);
#4022=ORIENTED_EDGE('',*,*,#3174,.T.);
#4023=ORIENTED_EDGE('',*,*,#3175,.T.);
#4024=ORIENTED_EDGE('',*,*,#3174,.F.);
#4025=ORIENTED_EDGE('',*,*,#3176,.F.);
#4026=ORIENTED_EDGE('',*,*,#3177,.T.);
#4027=ORIENTED_EDGE('',*,*,#3178,.T.);
#4028=ORIENTED_EDGE('',*,*,#3177,.F.);
#4029=ORIENTED_EDGE('',*,*,#3179,.T.);
#4030=ORIENTED_EDGE('',*,*,#3180,.T.);
#4031=ORIENTED_EDGE('',*,*,#3181,.F.);
#4032=ORIENTED_EDGE('',*,*,#3182,.F.);
#4033=ORIENTED_EDGE('',*,*,#3183,.T.);
#4034=ORIENTED_EDGE('',*,*,#3182,.T.);
#4035=ORIENTED_EDGE('',*,*,#3184,.F.);
#4036=ORIENTED_EDGE('',*,*,#3185,.F.);
#4037=ORIENTED_EDGE('',*,*,#3186,.T.);
#4038=ORIENTED_EDGE('',*,*,#3185,.T.);
#4039=ORIENTED_EDGE('',*,*,#3187,.F.);
#4040=ORIENTED_EDGE('',*,*,#3188,.F.);
#4041=ORIENTED_EDGE('',*,*,#3189,.T.);
#4042=ORIENTED_EDGE('',*,*,#3188,.T.);
#4043=ORIENTED_EDGE('',*,*,#3190,.F.);
#4044=ORIENTED_EDGE('',*,*,#3180,.F.);
#4045=ORIENTED_EDGE('',*,*,#3191,.T.);
#4046=ORIENTED_EDGE('',*,*,#3192,.T.);
#4047=ORIENTED_EDGE('',*,*,#3193,.F.);
#4048=ORIENTED_EDGE('',*,*,#3194,.F.);
#4049=ORIENTED_EDGE('',*,*,#3195,.T.);
#4050=ORIENTED_EDGE('',*,*,#3194,.T.);
#4051=ORIENTED_EDGE('',*,*,#3196,.F.);
#4052=ORIENTED_EDGE('',*,*,#3197,.F.);
#4053=ORIENTED_EDGE('',*,*,#3198,.T.);
#4054=ORIENTED_EDGE('',*,*,#3197,.T.);
#4055=ORIENTED_EDGE('',*,*,#3199,.F.);
#4056=ORIENTED_EDGE('',*,*,#3200,.F.);
#4057=ORIENTED_EDGE('',*,*,#3201,.T.);
#4058=ORIENTED_EDGE('',*,*,#3200,.T.);
#4059=ORIENTED_EDGE('',*,*,#3202,.F.);
#4060=ORIENTED_EDGE('',*,*,#3192,.F.);
#4061=ORIENTED_EDGE('',*,*,#3203,.F.);
#4062=ORIENTED_EDGE('',*,*,#3204,.T.);
#4063=ORIENTED_EDGE('',*,*,#3205,.T.);
#4064=ORIENTED_EDGE('',*,*,#3204,.F.);
#4065=ORIENTED_EDGE('',*,*,#3206,.F.);
#4066=ORIENTED_EDGE('',*,*,#3207,.T.);
#4067=ORIENTED_EDGE('',*,*,#3208,.T.);
#4068=ORIENTED_EDGE('',*,*,#3207,.F.);
#4069=ORIENTED_EDGE('',*,*,#3209,.T.);
#4070=ORIENTED_EDGE('',*,*,#3210,.T.);
#4071=ORIENTED_EDGE('',*,*,#3211,.F.);
#4072=ORIENTED_EDGE('',*,*,#3212,.F.);
#4073=ORIENTED_EDGE('',*,*,#3213,.T.);
#4074=ORIENTED_EDGE('',*,*,#3212,.T.);
#4075=ORIENTED_EDGE('',*,*,#3214,.F.);
#4076=ORIENTED_EDGE('',*,*,#3215,.F.);
#4077=ORIENTED_EDGE('',*,*,#3216,.T.);
#4078=ORIENTED_EDGE('',*,*,#3215,.T.);
#4079=ORIENTED_EDGE('',*,*,#3217,.F.);
#4080=ORIENTED_EDGE('',*,*,#3218,.F.);
#4081=ORIENTED_EDGE('',*,*,#3219,.T.);
#4082=ORIENTED_EDGE('',*,*,#3218,.T.);
#4083=ORIENTED_EDGE('',*,*,#3220,.F.);
#4084=ORIENTED_EDGE('',*,*,#3210,.F.);
#4085=ORIENTED_EDGE('',*,*,#3221,.F.);
#4086=ORIENTED_EDGE('',*,*,#3222,.T.);
#4087=ORIENTED_EDGE('',*,*,#3223,.T.);
#4088=ORIENTED_EDGE('',*,*,#3222,.F.);
#4089=ORIENTED_EDGE('',*,*,#3224,.F.);
#4090=ORIENTED_EDGE('',*,*,#3225,.T.);
#4091=ORIENTED_EDGE('',*,*,#3226,.T.);
#4092=ORIENTED_EDGE('',*,*,#3225,.F.);
#4093=ORIENTED_EDGE('',*,*,#3227,.F.);
#4094=ORIENTED_EDGE('',*,*,#3228,.T.);
#4095=ORIENTED_EDGE('',*,*,#3229,.T.);
#4096=ORIENTED_EDGE('',*,*,#3228,.F.);
#4097=ORIENTED_EDGE('',*,*,#3230,.F.);
#4098=ORIENTED_EDGE('',*,*,#3231,.T.);
#4099=ORIENTED_EDGE('',*,*,#3232,.T.);
#4100=ORIENTED_EDGE('',*,*,#3231,.F.);
#4101=ORIENTED_EDGE('',*,*,#3233,.F.);
#4102=ORIENTED_EDGE('',*,*,#3234,.T.);
#4103=ORIENTED_EDGE('',*,*,#3235,.T.);
#4104=ORIENTED_EDGE('',*,*,#3234,.F.);
#4105=ORIENTED_EDGE('',*,*,#3236,.F.);
#4106=ORIENTED_EDGE('',*,*,#3237,.T.);
#4107=ORIENTED_EDGE('',*,*,#3238,.T.);
#4108=ORIENTED_EDGE('',*,*,#3237,.F.);
#4109=ORIENTED_EDGE('',*,*,#3239,.F.);
#4110=ORIENTED_EDGE('',*,*,#3240,.T.);
#4111=ORIENTED_EDGE('',*,*,#3241,.T.);
#4112=ORIENTED_EDGE('',*,*,#3240,.F.);
#4113=ORIENTED_EDGE('',*,*,#3242,.F.);
#4114=ORIENTED_EDGE('',*,*,#3243,.T.);
#4115=ORIENTED_EDGE('',*,*,#3244,.T.);
#4116=ORIENTED_EDGE('',*,*,#3243,.F.);
#4117=ORIENTED_EDGE('',*,*,#3245,.F.);
#4118=ORIENTED_EDGE('',*,*,#3246,.T.);
#4119=ORIENTED_EDGE('',*,*,#3247,.T.);
#4120=ORIENTED_EDGE('',*,*,#3246,.F.);
#4121=ORIENTED_EDGE('',*,*,#3248,.F.);
#4122=ORIENTED_EDGE('',*,*,#3249,.T.);
#4123=ORIENTED_EDGE('',*,*,#3250,.T.);
#4124=ORIENTED_EDGE('',*,*,#3249,.F.);
#4125=ORIENTED_EDGE('',*,*,#3251,.F.);
#4126=ORIENTED_EDGE('',*,*,#3252,.T.);
#4127=ORIENTED_EDGE('',*,*,#3253,.T.);
#4128=ORIENTED_EDGE('',*,*,#3252,.F.);
#4129=ORIENTED_EDGE('',*,*,#3254,.F.);
#4130=ORIENTED_EDGE('',*,*,#3255,.T.);
#4131=ORIENTED_EDGE('',*,*,#3256,.T.);
#4132=ORIENTED_EDGE('',*,*,#3255,.F.);
#4133=ORIENTED_EDGE('',*,*,#3257,.F.);
#4134=ORIENTED_EDGE('',*,*,#3258,.T.);
#4135=ORIENTED_EDGE('',*,*,#3259,.T.);
#4136=ORIENTED_EDGE('',*,*,#3258,.F.);
#4137=ORIENTED_EDGE('',*,*,#3260,.F.);
#4138=ORIENTED_EDGE('',*,*,#3261,.T.);
#4139=ORIENTED_EDGE('',*,*,#3262,.T.);
#4140=ORIENTED_EDGE('',*,*,#3261,.F.);
#4141=ORIENTED_EDGE('',*,*,#3263,.F.);
#4142=ORIENTED_EDGE('',*,*,#3264,.T.);
#4143=ORIENTED_EDGE('',*,*,#3265,.T.);
#4144=ORIENTED_EDGE('',*,*,#3264,.F.);
#4145=ORIENTED_EDGE('',*,*,#3266,.F.);
#4146=ORIENTED_EDGE('',*,*,#3267,.T.);
#4147=ORIENTED_EDGE('',*,*,#3268,.T.);
#4148=ORIENTED_EDGE('',*,*,#3267,.F.);
#4149=ORIENTED_EDGE('',*,*,#3269,.F.);
#4150=ORIENTED_EDGE('',*,*,#3270,.T.);
#4151=ORIENTED_EDGE('',*,*,#3271,.T.);
#4152=ORIENTED_EDGE('',*,*,#3270,.F.);
#4153=ORIENTED_EDGE('',*,*,#3272,.F.);
#4154=ORIENTED_EDGE('',*,*,#3273,.T.);
#4155=ORIENTED_EDGE('',*,*,#3274,.T.);
#4156=ORIENTED_EDGE('',*,*,#3273,.F.);
#4157=ORIENTED_EDGE('',*,*,#3275,.T.);
#4158=ORIENTED_EDGE('',*,*,#3276,.T.);
#4159=ORIENTED_EDGE('',*,*,#3277,.F.);
#4160=ORIENTED_EDGE('',*,*,#3278,.F.);
#4161=ORIENTED_EDGE('',*,*,#3279,.T.);
#4162=ORIENTED_EDGE('',*,*,#3278,.T.);
#4163=ORIENTED_EDGE('',*,*,#3280,.F.);
#4164=ORIENTED_EDGE('',*,*,#3281,.F.);
#4165=ORIENTED_EDGE('',*,*,#3282,.T.);
#4166=ORIENTED_EDGE('',*,*,#3281,.T.);
#4167=ORIENTED_EDGE('',*,*,#3283,.F.);
#4168=ORIENTED_EDGE('',*,*,#3284,.F.);
#4169=ORIENTED_EDGE('',*,*,#3285,.T.);
#4170=ORIENTED_EDGE('',*,*,#3284,.T.);
#4171=ORIENTED_EDGE('',*,*,#3286,.F.);
#4172=ORIENTED_EDGE('',*,*,#3276,.F.);
#4173=ORIENTED_EDGE('',*,*,#3287,.F.);
#4174=ORIENTED_EDGE('',*,*,#3288,.T.);
#4175=ORIENTED_EDGE('',*,*,#3289,.T.);
#4176=ORIENTED_EDGE('',*,*,#3288,.F.);
#4177=ORIENTED_EDGE('',*,*,#3290,.F.);
#4178=ORIENTED_EDGE('',*,*,#3291,.T.);
#4179=ORIENTED_EDGE('',*,*,#3292,.T.);
#4180=ORIENTED_EDGE('',*,*,#3291,.F.);
#4181=ORIENTED_EDGE('',*,*,#3293,.F.);
#4182=ORIENTED_EDGE('',*,*,#3294,.T.);
#4183=ORIENTED_EDGE('',*,*,#3295,.T.);
#4184=ORIENTED_EDGE('',*,*,#3294,.F.);
#4185=ORIENTED_EDGE('',*,*,#3296,.F.);
#4186=ORIENTED_EDGE('',*,*,#3297,.T.);
#4187=ORIENTED_EDGE('',*,*,#3298,.T.);
#4188=ORIENTED_EDGE('',*,*,#3297,.F.);
#4189=ORIENTED_EDGE('',*,*,#3299,.F.);
#4190=ORIENTED_EDGE('',*,*,#3300,.T.);
#4191=ORIENTED_EDGE('',*,*,#3301,.T.);
#4192=ORIENTED_EDGE('',*,*,#3300,.F.);
#4193=ORIENTED_EDGE('',*,*,#3302,.F.);
#4194=ORIENTED_EDGE('',*,*,#3303,.T.);
#4195=ORIENTED_EDGE('',*,*,#3304,.T.);
#4196=ORIENTED_EDGE('',*,*,#3303,.F.);
#4197=ORIENTED_EDGE('',*,*,#3305,.F.);
#4198=ORIENTED_EDGE('',*,*,#3306,.T.);
#4199=ORIENTED_EDGE('',*,*,#3307,.T.);
#4200=ORIENTED_EDGE('',*,*,#3306,.F.);
#4201=ORIENTED_EDGE('',*,*,#3308,.F.);
#4202=ORIENTED_EDGE('',*,*,#3309,.T.);
#4203=ORIENTED_EDGE('',*,*,#3310,.T.);
#4204=ORIENTED_EDGE('',*,*,#3309,.F.);
#4205=ORIENTED_EDGE('',*,*,#3311,.F.);
#4206=ORIENTED_EDGE('',*,*,#3312,.T.);
#4207=ORIENTED_EDGE('',*,*,#3313,.T.);
#4208=ORIENTED_EDGE('',*,*,#3312,.F.);
#4209=ORIENTED_EDGE('',*,*,#3314,.F.);
#4210=ORIENTED_EDGE('',*,*,#3315,.T.);
#4211=ORIENTED_EDGE('',*,*,#3316,.T.);
#4212=ORIENTED_EDGE('',*,*,#3315,.F.);
#4213=ORIENTED_EDGE('',*,*,#3317,.F.);
#4214=ORIENTED_EDGE('',*,*,#3318,.T.);
#4215=ORIENTED_EDGE('',*,*,#3319,.T.);
#4216=ORIENTED_EDGE('',*,*,#3318,.F.);
#4217=ORIENTED_EDGE('',*,*,#3320,.F.);
#4218=ORIENTED_EDGE('',*,*,#3321,.T.);
#4219=ORIENTED_EDGE('',*,*,#3322,.T.);
#4220=ORIENTED_EDGE('',*,*,#3321,.F.);
#4221=ORIENTED_EDGE('',*,*,#3323,.F.);
#4222=ORIENTED_EDGE('',*,*,#3324,.T.);
#4223=ORIENTED_EDGE('',*,*,#3325,.T.);
#4224=ORIENTED_EDGE('',*,*,#3324,.F.);
#4225=ORIENTED_EDGE('',*,*,#3326,.F.);
#4226=ORIENTED_EDGE('',*,*,#3327,.T.);
#4227=ORIENTED_EDGE('',*,*,#3328,.T.);
#4228=ORIENTED_EDGE('',*,*,#3327,.F.);
#4229=ORIENTED_EDGE('',*,*,#3329,.F.);
#4230=ORIENTED_EDGE('',*,*,#3330,.T.);
#4231=ORIENTED_EDGE('',*,*,#3331,.T.);
#4232=ORIENTED_EDGE('',*,*,#3330,.F.);
#4233=ORIENTED_EDGE('',*,*,#3332,.F.);
#4234=ORIENTED_EDGE('',*,*,#3333,.T.);
#4235=ORIENTED_EDGE('',*,*,#3334,.T.);
#4236=ORIENTED_EDGE('',*,*,#3333,.F.);
#4237=ORIENTED_EDGE('',*,*,#3335,.F.);
#4238=ORIENTED_EDGE('',*,*,#3336,.T.);
#4239=ORIENTED_EDGE('',*,*,#3337,.T.);
#4240=ORIENTED_EDGE('',*,*,#3336,.F.);
#4241=ORIENTED_EDGE('',*,*,#3338,.T.);
#4242=ORIENTED_EDGE('',*,*,#3339,.T.);
#4243=ORIENTED_EDGE('',*,*,#3340,.F.);
#4244=ORIENTED_EDGE('',*,*,#3341,.F.);
#4245=ORIENTED_EDGE('',*,*,#3342,.T.);
#4246=ORIENTED_EDGE('',*,*,#3341,.T.);
#4247=ORIENTED_EDGE('',*,*,#3343,.F.);
#4248=ORIENTED_EDGE('',*,*,#3344,.F.);
#4249=ORIENTED_EDGE('',*,*,#3345,.T.);
#4250=ORIENTED_EDGE('',*,*,#3344,.T.);
#4251=ORIENTED_EDGE('',*,*,#3346,.F.);
#4252=ORIENTED_EDGE('',*,*,#3347,.F.);
#4253=ORIENTED_EDGE('',*,*,#3348,.T.);
#4254=ORIENTED_EDGE('',*,*,#3347,.T.);
#4255=ORIENTED_EDGE('',*,*,#3349,.F.);
#4256=ORIENTED_EDGE('',*,*,#3339,.F.);
#4257=ORIENTED_EDGE('',*,*,#3350,.F.);
#4258=ORIENTED_EDGE('',*,*,#3351,.T.);
#4259=ORIENTED_EDGE('',*,*,#3352,.T.);
#4260=ORIENTED_EDGE('',*,*,#3351,.F.);
#4261=ORIENTED_EDGE('',*,*,#3353,.F.);
#4262=ORIENTED_EDGE('',*,*,#3354,.T.);
#4263=ORIENTED_EDGE('',*,*,#3355,.T.);
#4264=ORIENTED_EDGE('',*,*,#3354,.F.);
#4265=ORIENTED_EDGE('',*,*,#3356,.F.);
#4266=ORIENTED_EDGE('',*,*,#3357,.T.);
#4267=ORIENTED_EDGE('',*,*,#3358,.T.);
#4268=ORIENTED_EDGE('',*,*,#3357,.F.);
#4269=ORIENTED_EDGE('',*,*,#3359,.F.);
#4270=ORIENTED_EDGE('',*,*,#3360,.T.);
#4271=ORIENTED_EDGE('',*,*,#3361,.T.);
#4272=ORIENTED_EDGE('',*,*,#3360,.F.);
#4273=ORIENTED_EDGE('',*,*,#3362,.F.);
#4274=ORIENTED_EDGE('',*,*,#3363,.T.);
#4275=ORIENTED_EDGE('',*,*,#3364,.T.);
#4276=ORIENTED_EDGE('',*,*,#3363,.F.);
#4277=ORIENTED_EDGE('',*,*,#3365,.F.);
#4278=ORIENTED_EDGE('',*,*,#3366,.T.);
#4279=ORIENTED_EDGE('',*,*,#3367,.T.);
#4280=ORIENTED_EDGE('',*,*,#3366,.F.);
#4281=ORIENTED_EDGE('',*,*,#3368,.F.);
#4282=ORIENTED_EDGE('',*,*,#3369,.T.);
#4283=ORIENTED_EDGE('',*,*,#3370,.T.);
#4284=ORIENTED_EDGE('',*,*,#3369,.F.);
#4285=ORIENTED_EDGE('',*,*,#3371,.F.);
#4286=ORIENTED_EDGE('',*,*,#3372,.T.);
#4287=ORIENTED_EDGE('',*,*,#3373,.T.);
#4288=ORIENTED_EDGE('',*,*,#3372,.F.);
#4289=ORIENTED_EDGE('',*,*,#3374,.F.);
#4290=ORIENTED_EDGE('',*,*,#3375,.T.);
#4291=ORIENTED_EDGE('',*,*,#3376,.T.);
#4292=ORIENTED_EDGE('',*,*,#3375,.F.);
#4293=ORIENTED_EDGE('',*,*,#3377,.F.);
#4294=ORIENTED_EDGE('',*,*,#3378,.T.);
#4295=ORIENTED_EDGE('',*,*,#3379,.T.);
#4296=ORIENTED_EDGE('',*,*,#3378,.F.);
#4297=ORIENTED_EDGE('',*,*,#3380,.F.);
#4298=ORIENTED_EDGE('',*,*,#3381,.T.);
#4299=ORIENTED_EDGE('',*,*,#3382,.T.);
#4300=ORIENTED_EDGE('',*,*,#3381,.F.);
#4301=ORIENTED_EDGE('',*,*,#3383,.F.);
#4302=ORIENTED_EDGE('',*,*,#3384,.T.);
#4303=ORIENTED_EDGE('',*,*,#3385,.T.);
#4304=ORIENTED_EDGE('',*,*,#3384,.F.);
#4305=ORIENTED_EDGE('',*,*,#3386,.F.);
#4306=ORIENTED_EDGE('',*,*,#3387,.T.);
#4307=ORIENTED_EDGE('',*,*,#3388,.T.);
#4308=ORIENTED_EDGE('',*,*,#3387,.F.);
#4309=ORIENTED_EDGE('',*,*,#3389,.F.);
#4310=ORIENTED_EDGE('',*,*,#3390,.T.);
#4311=ORIENTED_EDGE('',*,*,#3391,.F.);
#4312=ORIENTED_EDGE('',*,*,#3392,.F.);
#4313=ORIENTED_EDGE('',*,*,#3393,.F.);
#4314=ORIENTED_EDGE('',*,*,#3392,.T.);
#4315=ORIENTED_EDGE('',*,*,#3394,.F.);
#4316=ORIENTED_EDGE('',*,*,#3395,.F.);
#4317=ORIENTED_EDGE('',*,*,#3396,.F.);
#4318=ORIENTED_EDGE('',*,*,#3395,.T.);
#4319=ORIENTED_EDGE('',*,*,#3397,.F.);
#4320=ORIENTED_EDGE('',*,*,#3398,.F.);
#4321=ORIENTED_EDGE('',*,*,#3399,.F.);
#4322=ORIENTED_EDGE('',*,*,#3398,.T.);
#4323=ORIENTED_EDGE('',*,*,#3400,.F.);
#4324=ORIENTED_EDGE('',*,*,#3390,.F.);
#4325=ORIENTED_EDGE('',*,*,#3400,.T.);
#4326=ORIENTED_EDGE('',*,*,#3397,.T.);
#4327=ORIENTED_EDGE('',*,*,#3394,.T.);
#4328=ORIENTED_EDGE('',*,*,#3391,.T.);
#4329=ORIENTED_EDGE('',*,*,#3386,.T.);
#4330=ORIENTED_EDGE('',*,*,#3383,.T.);
#4331=ORIENTED_EDGE('',*,*,#3380,.T.);
#4332=ORIENTED_EDGE('',*,*,#3377,.T.);
#4333=ORIENTED_EDGE('',*,*,#3374,.T.);
#4334=ORIENTED_EDGE('',*,*,#3371,.T.);
#4335=ORIENTED_EDGE('',*,*,#3368,.T.);
#4336=ORIENTED_EDGE('',*,*,#3365,.T.);
#4337=ORIENTED_EDGE('',*,*,#3362,.T.);
#4338=ORIENTED_EDGE('',*,*,#3359,.T.);
#4339=ORIENTED_EDGE('',*,*,#3356,.T.);
#4340=ORIENTED_EDGE('',*,*,#3353,.T.);
#4341=ORIENTED_EDGE('',*,*,#3350,.T.);
#4342=ORIENTED_EDGE('',*,*,#3349,.T.);
#4343=ORIENTED_EDGE('',*,*,#3346,.T.);
#4344=ORIENTED_EDGE('',*,*,#3343,.T.);
#4345=ORIENTED_EDGE('',*,*,#3340,.T.);
#4346=ORIENTED_EDGE('',*,*,#3335,.T.);
#4347=ORIENTED_EDGE('',*,*,#3332,.T.);
#4348=ORIENTED_EDGE('',*,*,#3329,.T.);
#4349=ORIENTED_EDGE('',*,*,#3326,.T.);
#4350=ORIENTED_EDGE('',*,*,#3323,.T.);
#4351=ORIENTED_EDGE('',*,*,#3320,.T.);
#4352=ORIENTED_EDGE('',*,*,#3317,.T.);
#4353=ORIENTED_EDGE('',*,*,#3314,.T.);
#4354=ORIENTED_EDGE('',*,*,#3311,.T.);
#4355=ORIENTED_EDGE('',*,*,#3308,.T.);
#4356=ORIENTED_EDGE('',*,*,#3305,.T.);
#4357=ORIENTED_EDGE('',*,*,#3302,.T.);
#4358=ORIENTED_EDGE('',*,*,#3299,.T.);
#4359=ORIENTED_EDGE('',*,*,#3296,.T.);
#4360=ORIENTED_EDGE('',*,*,#3293,.T.);
#4361=ORIENTED_EDGE('',*,*,#3290,.T.);
#4362=ORIENTED_EDGE('',*,*,#3287,.T.);
#4363=ORIENTED_EDGE('',*,*,#3286,.T.);
#4364=ORIENTED_EDGE('',*,*,#3283,.T.);
#4365=ORIENTED_EDGE('',*,*,#3280,.T.);
#4366=ORIENTED_EDGE('',*,*,#3277,.T.);
#4367=ORIENTED_EDGE('',*,*,#3272,.T.);
#4368=ORIENTED_EDGE('',*,*,#3269,.T.);
#4369=ORIENTED_EDGE('',*,*,#3266,.T.);
#4370=ORIENTED_EDGE('',*,*,#3263,.T.);
#4371=ORIENTED_EDGE('',*,*,#3260,.T.);
#4372=ORIENTED_EDGE('',*,*,#3257,.T.);
#4373=ORIENTED_EDGE('',*,*,#3254,.T.);
#4374=ORIENTED_EDGE('',*,*,#3251,.T.);
#4375=ORIENTED_EDGE('',*,*,#3248,.T.);
#4376=ORIENTED_EDGE('',*,*,#3245,.T.);
#4377=ORIENTED_EDGE('',*,*,#3242,.T.);
#4378=ORIENTED_EDGE('',*,*,#3239,.T.);
#4379=ORIENTED_EDGE('',*,*,#3236,.T.);
#4380=ORIENTED_EDGE('',*,*,#3233,.T.);
#4381=ORIENTED_EDGE('',*,*,#3230,.T.);
#4382=ORIENTED_EDGE('',*,*,#3227,.T.);
#4383=ORIENTED_EDGE('',*,*,#3224,.T.);
#4384=ORIENTED_EDGE('',*,*,#3221,.T.);
#4385=ORIENTED_EDGE('',*,*,#3220,.T.);
#4386=ORIENTED_EDGE('',*,*,#3217,.T.);
#4387=ORIENTED_EDGE('',*,*,#3214,.T.);
#4388=ORIENTED_EDGE('',*,*,#3211,.T.);
#4389=ORIENTED_EDGE('',*,*,#3206,.T.);
#4390=ORIENTED_EDGE('',*,*,#3203,.T.);
#4391=ORIENTED_EDGE('',*,*,#3202,.T.);
#4392=ORIENTED_EDGE('',*,*,#3199,.T.);
#4393=ORIENTED_EDGE('',*,*,#3196,.T.);
#4394=ORIENTED_EDGE('',*,*,#3193,.T.);
#4395=ORIENTED_EDGE('',*,*,#3190,.T.);
#4396=ORIENTED_EDGE('',*,*,#3187,.T.);
#4397=ORIENTED_EDGE('',*,*,#3184,.T.);
#4398=ORIENTED_EDGE('',*,*,#3181,.T.);
#4399=ORIENTED_EDGE('',*,*,#3176,.T.);
#4400=ORIENTED_EDGE('',*,*,#3173,.T.);
#4401=ORIENTED_EDGE('',*,*,#3170,.T.);
#4402=ORIENTED_EDGE('',*,*,#3167,.T.);
#4403=ORIENTED_EDGE('',*,*,#3164,.T.);
#4404=ORIENTED_EDGE('',*,*,#3161,.T.);
#4405=ORIENTED_EDGE('',*,*,#3158,.T.);
#4406=ORIENTED_EDGE('',*,*,#3155,.T.);
#4407=ORIENTED_EDGE('',*,*,#3154,.T.);
#4408=ORIENTED_EDGE('',*,*,#3151,.T.);
#4409=ORIENTED_EDGE('',*,*,#3148,.T.);
#4410=ORIENTED_EDGE('',*,*,#3145,.T.);
#4411=ORIENTED_EDGE('',*,*,#3140,.T.);
#4412=ORIENTED_EDGE('',*,*,#3137,.T.);
#4413=ORIENTED_EDGE('',*,*,#3134,.T.);
#4414=ORIENTED_EDGE('',*,*,#3131,.T.);
#4415=ORIENTED_EDGE('',*,*,#3128,.T.);
#4416=ORIENTED_EDGE('',*,*,#3127,.T.);
#4417=ORIENTED_EDGE('',*,*,#3124,.T.);
#4418=ORIENTED_EDGE('',*,*,#3121,.T.);
#4419=ORIENTED_EDGE('',*,*,#3118,.T.);
#4420=ORIENTED_EDGE('',*,*,#3113,.T.);
#4421=ORIENTED_EDGE('',*,*,#3110,.T.);
#4422=ORIENTED_EDGE('',*,*,#3107,.T.);
#4423=ORIENTED_EDGE('',*,*,#3104,.T.);
#4424=ORIENTED_EDGE('',*,*,#3101,.T.);
#4425=ORIENTED_EDGE('',*,*,#3098,.T.);
#4426=ORIENTED_EDGE('',*,*,#3095,.T.);
#4427=ORIENTED_EDGE('',*,*,#3092,.T.);
#4428=ORIENTED_EDGE('',*,*,#3089,.T.);
#4429=ORIENTED_EDGE('',*,*,#3086,.T.);
#4430=ORIENTED_EDGE('',*,*,#3083,.T.);
#4431=ORIENTED_EDGE('',*,*,#3080,.T.);
#4432=ORIENTED_EDGE('',*,*,#3077,.T.);
#4433=ORIENTED_EDGE('',*,*,#3074,.T.);
#4434=ORIENTED_EDGE('',*,*,#3073,.T.);
#4435=ORIENTED_EDGE('',*,*,#3070,.T.);
#4436=ORIENTED_EDGE('',*,*,#3067,.T.);
#4437=ORIENTED_EDGE('',*,*,#3064,.T.);
#4438=ORIENTED_EDGE('',*,*,#3059,.T.);
#4439=ORIENTED_EDGE('',*,*,#3056,.T.);
#4440=ORIENTED_EDGE('',*,*,#3053,.T.);
#4441=ORIENTED_EDGE('',*,*,#3050,.T.);
#4442=ORIENTED_EDGE('',*,*,#3047,.T.);
#4443=ORIENTED_EDGE('',*,*,#3044,.T.);
#4444=ORIENTED_EDGE('',*,*,#3041,.T.);
#4445=ORIENTED_EDGE('',*,*,#3038,.T.);
#4446=ORIENTED_EDGE('',*,*,#3035,.T.);
#4447=ORIENTED_EDGE('',*,*,#3034,.T.);
#4448=ORIENTED_EDGE('',*,*,#3031,.T.);
#4449=ORIENTED_EDGE('',*,*,#3028,.T.);
#4450=ORIENTED_EDGE('',*,*,#3025,.T.);
#4451=ORIENTED_EDGE('',*,*,#3020,.T.);
#4452=ORIENTED_EDGE('',*,*,#3017,.T.);
#4453=ORIENTED_EDGE('',*,*,#3014,.T.);
#4454=ORIENTED_EDGE('',*,*,#3011,.T.);
#4455=ORIENTED_EDGE('',*,*,#3008,.T.);
#4456=ORIENTED_EDGE('',*,*,#3005,.T.);
#4457=ORIENTED_EDGE('',*,*,#3002,.T.);
#4458=ORIENTED_EDGE('',*,*,#3001,.T.);
#4459=ORIENTED_EDGE('',*,*,#2998,.T.);
#4460=ORIENTED_EDGE('',*,*,#2995,.T.);
#4461=ORIENTED_EDGE('',*,*,#2992,.T.);
#4462=ORIENTED_EDGE('',*,*,#2989,.T.);
#4463=ORIENTED_EDGE('',*,*,#2986,.T.);
#4464=ORIENTED_EDGE('',*,*,#2983,.T.);
#4465=ORIENTED_EDGE('',*,*,#2980,.T.);
#4466=ORIENTED_EDGE('',*,*,#2977,.T.);
#4467=ORIENTED_EDGE('',*,*,#2974,.T.);
#4468=ORIENTED_EDGE('',*,*,#2971,.T.);
#4469=ORIENTED_EDGE('',*,*,#2968,.T.);
#4470=ORIENTED_EDGE('',*,*,#2965,.T.);
#4471=ORIENTED_EDGE('',*,*,#2962,.T.);
#4472=ORIENTED_EDGE('',*,*,#2959,.T.);
#4473=ORIENTED_EDGE('',*,*,#2956,.T.);
#4474=ORIENTED_EDGE('',*,*,#2953,.T.);
#4475=ORIENTED_EDGE('',*,*,#2950,.T.);
#4476=ORIENTED_EDGE('',*,*,#2947,.T.);
#4477=ORIENTED_EDGE('',*,*,#2944,.T.);
#4478=ORIENTED_EDGE('',*,*,#2939,.T.);
#4479=ORIENTED_EDGE('',*,*,#2936,.T.);
#4480=ORIENTED_EDGE('',*,*,#2933,.T.);
#4481=ORIENTED_EDGE('',*,*,#2930,.T.);
#4482=ORIENTED_EDGE('',*,*,#2927,.T.);
#4483=ORIENTED_EDGE('',*,*,#2924,.T.);
#4484=ORIENTED_EDGE('',*,*,#2921,.T.);
#4485=ORIENTED_EDGE('',*,*,#2918,.T.);
#4486=ORIENTED_EDGE('',*,*,#2915,.T.);
#4487=ORIENTED_EDGE('',*,*,#2912,.T.);
#4488=ORIENTED_EDGE('',*,*,#2909,.T.);
#4489=ORIENTED_EDGE('',*,*,#2906,.T.);
#4490=ORIENTED_EDGE('',*,*,#2903,.T.);
#4491=ORIENTED_EDGE('',*,*,#2900,.T.);
#4492=ORIENTED_EDGE('',*,*,#2897,.T.);
#4493=ORIENTED_EDGE('',*,*,#2894,.T.);
#4494=ORIENTED_EDGE('',*,*,#2891,.T.);
#4495=ORIENTED_EDGE('',*,*,#2888,.T.);
#4496=ORIENTED_EDGE('',*,*,#2885,.T.);
#4497=ORIENTED_EDGE('',*,*,#2882,.T.);
#4498=ORIENTED_EDGE('',*,*,#2879,.T.);
#4499=ORIENTED_EDGE('',*,*,#2876,.T.);
#4500=ORIENTED_EDGE('',*,*,#2873,.T.);
#4501=ORIENTED_EDGE('',*,*,#2870,.T.);
#4502=ORIENTED_EDGE('',*,*,#2867,.T.);
#4503=ORIENTED_EDGE('',*,*,#2864,.T.);
#4504=ORIENTED_EDGE('',*,*,#2861,.T.);
#4505=ORIENTED_EDGE('',*,*,#2860,.T.);
#4506=ORIENTED_EDGE('',*,*,#2857,.T.);
#4507=ORIENTED_EDGE('',*,*,#2854,.T.);
#4508=ORIENTED_EDGE('',*,*,#2851,.T.);
#4509=ORIENTED_EDGE('',*,*,#2846,.T.);
#4510=ORIENTED_EDGE('',*,*,#2843,.T.);
#4511=ORIENTED_EDGE('',*,*,#2840,.T.);
#4512=ORIENTED_EDGE('',*,*,#2837,.T.);
#4513=ORIENTED_EDGE('',*,*,#2834,.T.);
#4514=ORIENTED_EDGE('',*,*,#2831,.T.);
#4515=ORIENTED_EDGE('',*,*,#2828,.T.);
#4516=ORIENTED_EDGE('',*,*,#2825,.T.);
#4517=ORIENTED_EDGE('',*,*,#2822,.T.);
#4518=ORIENTED_EDGE('',*,*,#2819,.T.);
#4519=ORIENTED_EDGE('',*,*,#2816,.T.);
#4520=ORIENTED_EDGE('',*,*,#2813,.T.);
#4521=ORIENTED_EDGE('',*,*,#2810,.T.);
#4522=ORIENTED_EDGE('',*,*,#2807,.T.);
#4523=ORIENTED_EDGE('',*,*,#2804,.T.);
#4524=ORIENTED_EDGE('',*,*,#2801,.T.);
#4525=ORIENTED_EDGE('',*,*,#2798,.T.);
#4526=ORIENTED_EDGE('',*,*,#2795,.T.);
#4527=ORIENTED_EDGE('',*,*,#2792,.T.);
#4528=ORIENTED_EDGE('',*,*,#3399,.T.);
#4529=ORIENTED_EDGE('',*,*,#3389,.T.);
#4530=ORIENTED_EDGE('',*,*,#3393,.T.);
#4531=ORIENTED_EDGE('',*,*,#3396,.T.);
#4532=ORIENTED_EDGE('',*,*,#3388,.F.);
#4533=ORIENTED_EDGE('',*,*,#3385,.F.);
#4534=ORIENTED_EDGE('',*,*,#3382,.F.);
#4535=ORIENTED_EDGE('',*,*,#3379,.F.);
#4536=ORIENTED_EDGE('',*,*,#3376,.F.);
#4537=ORIENTED_EDGE('',*,*,#3373,.F.);
#4538=ORIENTED_EDGE('',*,*,#3370,.F.);
#4539=ORIENTED_EDGE('',*,*,#3367,.F.);
#4540=ORIENTED_EDGE('',*,*,#3364,.F.);
#4541=ORIENTED_EDGE('',*,*,#3361,.F.);
#4542=ORIENTED_EDGE('',*,*,#3358,.F.);
#4543=ORIENTED_EDGE('',*,*,#3355,.F.);
#4544=ORIENTED_EDGE('',*,*,#3352,.F.);
#4545=ORIENTED_EDGE('',*,*,#3348,.F.);
#4546=ORIENTED_EDGE('',*,*,#3338,.F.);
#4547=ORIENTED_EDGE('',*,*,#3342,.F.);
#4548=ORIENTED_EDGE('',*,*,#3345,.F.);
#4549=ORIENTED_EDGE('',*,*,#3337,.F.);
#4550=ORIENTED_EDGE('',*,*,#3334,.F.);
#4551=ORIENTED_EDGE('',*,*,#3331,.F.);
#4552=ORIENTED_EDGE('',*,*,#3328,.F.);
#4553=ORIENTED_EDGE('',*,*,#3325,.F.);
#4554=ORIENTED_EDGE('',*,*,#3322,.F.);
#4555=ORIENTED_EDGE('',*,*,#3319,.F.);
#4556=ORIENTED_EDGE('',*,*,#3316,.F.);
#4557=ORIENTED_EDGE('',*,*,#3313,.F.);
#4558=ORIENTED_EDGE('',*,*,#3310,.F.);
#4559=ORIENTED_EDGE('',*,*,#3307,.F.);
#4560=ORIENTED_EDGE('',*,*,#3304,.F.);
#4561=ORIENTED_EDGE('',*,*,#3301,.F.);
#4562=ORIENTED_EDGE('',*,*,#3298,.F.);
#4563=ORIENTED_EDGE('',*,*,#3295,.F.);
#4564=ORIENTED_EDGE('',*,*,#3292,.F.);
#4565=ORIENTED_EDGE('',*,*,#3289,.F.);
#4566=ORIENTED_EDGE('',*,*,#3285,.F.);
#4567=ORIENTED_EDGE('',*,*,#3275,.F.);
#4568=ORIENTED_EDGE('',*,*,#3279,.F.);
#4569=ORIENTED_EDGE('',*,*,#3282,.F.);
#4570=ORIENTED_EDGE('',*,*,#3274,.F.);
#4571=ORIENTED_EDGE('',*,*,#3271,.F.);
#4572=ORIENTED_EDGE('',*,*,#3268,.F.);
#4573=ORIENTED_EDGE('',*,*,#3265,.F.);
#4574=ORIENTED_EDGE('',*,*,#3262,.F.);
#4575=ORIENTED_EDGE('',*,*,#3259,.F.);
#4576=ORIENTED_EDGE('',*,*,#3256,.F.);
#4577=ORIENTED_EDGE('',*,*,#3253,.F.);
#4578=ORIENTED_EDGE('',*,*,#3250,.F.);
#4579=ORIENTED_EDGE('',*,*,#3247,.F.);
#4580=ORIENTED_EDGE('',*,*,#3244,.F.);
#4581=ORIENTED_EDGE('',*,*,#3241,.F.);
#4582=ORIENTED_EDGE('',*,*,#3238,.F.);
#4583=ORIENTED_EDGE('',*,*,#3235,.F.);
#4584=ORIENTED_EDGE('',*,*,#3232,.F.);
#4585=ORIENTED_EDGE('',*,*,#3229,.F.);
#4586=ORIENTED_EDGE('',*,*,#3226,.F.);
#4587=ORIENTED_EDGE('',*,*,#3223,.F.);
#4588=ORIENTED_EDGE('',*,*,#3219,.F.);
#4589=ORIENTED_EDGE('',*,*,#3209,.F.);
#4590=ORIENTED_EDGE('',*,*,#3213,.F.);
#4591=ORIENTED_EDGE('',*,*,#3216,.F.);
#4592=ORIENTED_EDGE('',*,*,#3208,.F.);
#4593=ORIENTED_EDGE('',*,*,#3205,.F.);
#4594=ORIENTED_EDGE('',*,*,#3201,.F.);
#4595=ORIENTED_EDGE('',*,*,#3191,.F.);
#4596=ORIENTED_EDGE('',*,*,#3195,.F.);
#4597=ORIENTED_EDGE('',*,*,#3198,.F.);
#4598=ORIENTED_EDGE('',*,*,#3189,.F.);
#4599=ORIENTED_EDGE('',*,*,#3179,.F.);
#4600=ORIENTED_EDGE('',*,*,#3183,.F.);
#4601=ORIENTED_EDGE('',*,*,#3186,.F.);
#4602=ORIENTED_EDGE('',*,*,#3178,.F.);
#4603=ORIENTED_EDGE('',*,*,#3175,.F.);
#4604=ORIENTED_EDGE('',*,*,#3172,.F.);
#4605=ORIENTED_EDGE('',*,*,#3169,.F.);
#4606=ORIENTED_EDGE('',*,*,#3166,.F.);
#4607=ORIENTED_EDGE('',*,*,#3163,.F.);
#4608=ORIENTED_EDGE('',*,*,#3160,.F.);
#4609=ORIENTED_EDGE('',*,*,#3157,.F.);
#4610=ORIENTED_EDGE('',*,*,#3153,.F.);
#4611=ORIENTED_EDGE('',*,*,#3143,.F.);
#4612=ORIENTED_EDGE('',*,*,#3147,.F.);
#4613=ORIENTED_EDGE('',*,*,#3150,.F.);
#4614=ORIENTED_EDGE('',*,*,#3142,.F.);
#4615=ORIENTED_EDGE('',*,*,#3139,.F.);
#4616=ORIENTED_EDGE('',*,*,#3136,.F.);
#4617=ORIENTED_EDGE('',*,*,#3133,.F.);
#4618=ORIENTED_EDGE('',*,*,#3130,.F.);
#4619=ORIENTED_EDGE('',*,*,#3126,.F.);
#4620=ORIENTED_EDGE('',*,*,#3116,.F.);
#4621=ORIENTED_EDGE('',*,*,#3120,.F.);
#4622=ORIENTED_EDGE('',*,*,#3123,.F.);
#4623=ORIENTED_EDGE('',*,*,#3115,.F.);
#4624=ORIENTED_EDGE('',*,*,#3112,.F.);
#4625=ORIENTED_EDGE('',*,*,#3109,.F.);
#4626=ORIENTED_EDGE('',*,*,#3106,.F.);
#4627=ORIENTED_EDGE('',*,*,#3103,.F.);
#4628=ORIENTED_EDGE('',*,*,#3100,.F.);
#4629=ORIENTED_EDGE('',*,*,#3097,.F.);
#4630=ORIENTED_EDGE('',*,*,#3094,.F.);
#4631=ORIENTED_EDGE('',*,*,#3091,.F.);
#4632=ORIENTED_EDGE('',*,*,#3088,.F.);
#4633=ORIENTED_EDGE('',*,*,#3085,.F.);
#4634=ORIENTED_EDGE('',*,*,#3082,.F.);
#4635=ORIENTED_EDGE('',*,*,#3079,.F.);
#4636=ORIENTED_EDGE('',*,*,#3076,.F.);
#4637=ORIENTED_EDGE('',*,*,#3072,.F.);
#4638=ORIENTED_EDGE('',*,*,#3062,.F.);
#4639=ORIENTED_EDGE('',*,*,#3066,.F.);
#4640=ORIENTED_EDGE('',*,*,#3069,.F.);
#4641=ORIENTED_EDGE('',*,*,#3061,.F.);
#4642=ORIENTED_EDGE('',*,*,#3058,.F.);
#4643=ORIENTED_EDGE('',*,*,#3055,.F.);
#4644=ORIENTED_EDGE('',*,*,#3052,.F.);
#4645=ORIENTED_EDGE('',*,*,#3049,.F.);
#4646=ORIENTED_EDGE('',*,*,#3046,.F.);
#4647=ORIENTED_EDGE('',*,*,#3043,.F.);
#4648=ORIENTED_EDGE('',*,*,#3040,.F.);
#4649=ORIENTED_EDGE('',*,*,#3037,.F.);
#4650=ORIENTED_EDGE('',*,*,#3033,.F.);
#4651=ORIENTED_EDGE('',*,*,#3023,.F.);
#4652=ORIENTED_EDGE('',*,*,#3027,.F.);
#4653=ORIENTED_EDGE('',*,*,#3030,.F.);
#4654=ORIENTED_EDGE('',*,*,#3022,.F.);
#4655=ORIENTED_EDGE('',*,*,#3019,.F.);
#4656=ORIENTED_EDGE('',*,*,#3016,.F.);
#4657=ORIENTED_EDGE('',*,*,#3013,.F.);
#4658=ORIENTED_EDGE('',*,*,#3010,.F.);
#4659=ORIENTED_EDGE('',*,*,#3007,.F.);
#4660=ORIENTED_EDGE('',*,*,#3004,.F.);
#4661=ORIENTED_EDGE('',*,*,#3000,.F.);
#4662=ORIENTED_EDGE('',*,*,#2990,.F.);
#4663=ORIENTED_EDGE('',*,*,#2994,.F.);
#4664=ORIENTED_EDGE('',*,*,#2997,.F.);
#4665=ORIENTED_EDGE('',*,*,#2988,.F.);
#4666=ORIENTED_EDGE('',*,*,#2978,.F.);
#4667=ORIENTED_EDGE('',*,*,#2982,.F.);
#4668=ORIENTED_EDGE('',*,*,#2985,.F.);
#4669=ORIENTED_EDGE('',*,*,#2976,.F.);
#4670=ORIENTED_EDGE('',*,*,#2966,.F.);
#4671=ORIENTED_EDGE('',*,*,#2970,.F.);
#4672=ORIENTED_EDGE('',*,*,#2973,.F.);
#4673=ORIENTED_EDGE('',*,*,#2964,.F.);
#4674=ORIENTED_EDGE('',*,*,#2954,.F.);
#4675=ORIENTED_EDGE('',*,*,#2958,.F.);
#4676=ORIENTED_EDGE('',*,*,#2961,.F.);
#4677=ORIENTED_EDGE('',*,*,#2952,.F.);
#4678=ORIENTED_EDGE('',*,*,#2942,.F.);
#4679=ORIENTED_EDGE('',*,*,#2946,.F.);
#4680=ORIENTED_EDGE('',*,*,#2949,.F.);
#4681=ORIENTED_EDGE('',*,*,#2941,.F.);
#4682=ORIENTED_EDGE('',*,*,#2938,.F.);
#4683=ORIENTED_EDGE('',*,*,#2935,.F.);
#4684=ORIENTED_EDGE('',*,*,#2932,.F.);
#4685=ORIENTED_EDGE('',*,*,#2929,.F.);
#4686=ORIENTED_EDGE('',*,*,#2926,.F.);
#4687=ORIENTED_EDGE('',*,*,#2923,.F.);
#4688=ORIENTED_EDGE('',*,*,#2920,.F.);
#4689=ORIENTED_EDGE('',*,*,#2917,.F.);
#4690=ORIENTED_EDGE('',*,*,#2914,.F.);
#4691=ORIENTED_EDGE('',*,*,#2911,.F.);
#4692=ORIENTED_EDGE('',*,*,#2908,.F.);
#4693=ORIENTED_EDGE('',*,*,#2905,.F.);
#4694=ORIENTED_EDGE('',*,*,#2902,.F.);
#4695=ORIENTED_EDGE('',*,*,#2899,.F.);
#4696=ORIENTED_EDGE('',*,*,#2896,.F.);
#4697=ORIENTED_EDGE('',*,*,#2893,.F.);
#4698=ORIENTED_EDGE('',*,*,#2890,.F.);
#4699=ORIENTED_EDGE('',*,*,#2887,.F.);
#4700=ORIENTED_EDGE('',*,*,#2884,.F.);
#4701=ORIENTED_EDGE('',*,*,#2881,.F.);
#4702=ORIENTED_EDGE('',*,*,#2878,.F.);
#4703=ORIENTED_EDGE('',*,*,#2875,.F.);
#4704=ORIENTED_EDGE('',*,*,#2872,.F.);
#4705=ORIENTED_EDGE('',*,*,#2869,.F.);
#4706=ORIENTED_EDGE('',*,*,#2866,.F.);
#4707=ORIENTED_EDGE('',*,*,#2863,.F.);
#4708=ORIENTED_EDGE('',*,*,#2859,.F.);
#4709=ORIENTED_EDGE('',*,*,#2849,.F.);
#4710=ORIENTED_EDGE('',*,*,#2853,.F.);
#4711=ORIENTED_EDGE('',*,*,#2856,.F.);
#4712=ORIENTED_EDGE('',*,*,#2848,.F.);
#4713=ORIENTED_EDGE('',*,*,#2845,.F.);
#4714=ORIENTED_EDGE('',*,*,#2842,.F.);
#4715=ORIENTED_EDGE('',*,*,#2839,.F.);
#4716=ORIENTED_EDGE('',*,*,#2836,.F.);
#4717=ORIENTED_EDGE('',*,*,#2833,.F.);
#4718=ORIENTED_EDGE('',*,*,#2830,.F.);
#4719=ORIENTED_EDGE('',*,*,#2827,.F.);
#4720=ORIENTED_EDGE('',*,*,#2824,.F.);
#4721=ORIENTED_EDGE('',*,*,#2821,.F.);
#4722=ORIENTED_EDGE('',*,*,#2818,.F.);
#4723=ORIENTED_EDGE('',*,*,#2815,.F.);
#4724=ORIENTED_EDGE('',*,*,#2812,.F.);
#4725=ORIENTED_EDGE('',*,*,#2809,.F.);
#4726=ORIENTED_EDGE('',*,*,#2806,.F.);
#4727=ORIENTED_EDGE('',*,*,#2803,.F.);
#4728=ORIENTED_EDGE('',*,*,#2800,.F.);
#4729=ORIENTED_EDGE('',*,*,#2797,.F.);
#4730=ORIENTED_EDGE('',*,*,#2794,.F.);
#4731=PLANE('',#5047);
#4732=PLANE('',#5048);
#4733=PLANE('',#5055);
#4734=PLANE('',#5056);
#4735=PLANE('',#5057);
#4736=PLANE('',#5058);
#4737=PLANE('',#5059);
#4738=PLANE('',#5060);
#4739=PLANE('',#5061);
#4740=PLANE('',#5062);
#4741=PLANE('',#5067);
#4742=PLANE('',#5070);
#4743=PLANE('',#5079);
#4744=PLANE('',#5080);
#4745=PLANE('',#5081);
#4746=PLANE('',#5082);
#4747=PLANE('',#5083);
#4748=PLANE('',#5141);
#4749=PLANE('',#5142);
#4750=PLANE('',#5143);
#4751=PLANE('',#5144);
#4752=PLANE('',#5226);
#4753=PLANE('',#5227);
#4754=PLANE('',#5228);
#4755=PLANE('',#5229);
#4756=PLANE('',#5230);
#4757=PLANE('',#5231);
#4758=PLANE('',#5232);
#4759=PLANE('',#5233);
#4760=PLANE('',#5234);
#4761=PLANE('',#5235);
#4762=PLANE('',#5236);
#4763=PLANE('',#5237);
#4764=PLANE('',#5238);
#4765=PLANE('',#5239);
#4766=PLANE('',#5240);
#4767=PLANE('',#5241);
#4768=PLANE('',#5242);
#4769=PLANE('',#5243);
#4770=PLANE('',#5244);
#4771=PLANE('',#5245);
#4772=PLANE('',#5267);
#4773=PLANE('',#5268);
#4774=PLANE('',#5269);
#4775=PLANE('',#5270);
#4776=PLANE('',#5298);
#4777=PLANE('',#5299);
#4778=PLANE('',#5300);
#4779=PLANE('',#5301);
#4780=PLANE('',#5344);
#4781=PLANE('',#5345);
#4782=PLANE('',#5346);
#4783=PLANE('',#5347);
#4784=PLANE('',#5363);
#4785=PLANE('',#5364);
#4786=PLANE('',#5365);
#4787=PLANE('',#5366);
#4788=PLANE('',#5391);
#4789=PLANE('',#5392);
#4790=PLANE('',#5393);
#4791=PLANE('',#5394);
#4792=PLANE('',#5395);
#4793=PLANE('',#5396);
#4794=PLANE('',#5397);
#4795=PLANE('',#5398);
#4796=PLANE('',#5405);
#4797=PLANE('',#5406);
#4798=PLANE('',#5407);
#4799=PLANE('',#5408);
#4800=PLANE('',#5463);
#4801=PLANE('',#5464);
#4802=PLANE('',#5465);
#4803=PLANE('',#5466);
#4804=PLANE('',#5518);
#4805=PLANE('',#5519);
#4806=PLANE('',#5520);
#4807=PLANE('',#5521);
#4808=PLANE('',#5561);
#4809=PLANE('',#5562);
#4810=PLANE('',#5563);
#4811=PLANE('',#5564);
#4812=PLANE('',#5565);
#4813=PLANE('',#5566);
#4814=ADVANCED_FACE('',(#769),#4731,.T.);
#4815=ADVANCED_FACE('',(#770),#4732,.T.);
#4816=ADVANCED_FACE('',(#771),#622,.F.);
#4817=ADVANCED_FACE('',(#772),#623,.T.);
#4818=ADVANCED_FACE('',(#773),#4733,.T.);
#4819=ADVANCED_FACE('',(#774),#4734,.T.);
#4820=ADVANCED_FACE('',(#775),#4735,.T.);
#4821=ADVANCED_FACE('',(#776),#4736,.T.);
#4822=ADVANCED_FACE('',(#777,#21),#4737,.T.);
#4823=ADVANCED_FACE('',(#778),#4738,.T.);
#4824=ADVANCED_FACE('',(#779,#22),#4739,.T.);
#4825=ADVANCED_FACE('',(#780,#23,#24,#25),#4740,.T.);
#4826=ADVANCED_FACE('',(#781),#624,.T.);
#4827=ADVANCED_FACE('',(#782),#4741,.T.);
#4828=ADVANCED_FACE('',(#783),#625,.T.);
#4829=ADVANCED_FACE('',(#784),#4742,.T.);
#4830=ADVANCED_FACE('',(#785),#626,.T.);
#4831=ADVANCED_FACE('',(#786),#627,.T.);
#4832=ADVANCED_FACE('',(#787),#628,.T.);
#4833=ADVANCED_FACE('',(#788),#629,.T.);
#4834=ADVANCED_FACE('',(#789),#4743,.T.);
#4835=ADVANCED_FACE('',(#790,#26),#4744,.T.);
#4836=ADVANCED_FACE('',(#791),#4745,.T.);
#4837=ADVANCED_FACE('',(#792),#4746,.T.);
#4838=ADVANCED_FACE('',(#793,#27),#4747,.T.);
#4839=ADVANCED_FACE('',(#794),#630,.F.);
#4840=ADVANCED_FACE('',(#795),#631,.F.);
#4841=ADVANCED_FACE('',(#796),#632,.F.);
#4842=ADVANCED_FACE('',(#797),#633,.F.);
#4843=ADVANCED_FACE('',(#798),#634,.F.);
#4844=ADVANCED_FACE('',(#799),#635,.F.);
#4845=ADVANCED_FACE('',(#800),#636,.F.);
#4846=ADVANCED_FACE('',(#801),#637,.F.);
#4847=ADVANCED_FACE('',(#802),#638,.F.);
#4848=ADVANCED_FACE('',(#803),#639,.F.);
#4849=ADVANCED_FACE('',(#804),#640,.F.);
#4850=ADVANCED_FACE('',(#805),#641,.F.);
#4851=ADVANCED_FACE('',(#806),#642,.F.);
#4852=ADVANCED_FACE('',(#807),#643,.F.);
#4853=ADVANCED_FACE('',(#808),#644,.F.);
#4854=ADVANCED_FACE('',(#809),#645,.F.);
#4855=ADVANCED_FACE('',(#810),#646,.F.);
#4856=ADVANCED_FACE('',(#811),#647,.F.);
#4857=ADVANCED_FACE('',(#812),#648,.F.);
#4858=ADVANCED_FACE('',(#813),#4748,.T.);
#4859=ADVANCED_FACE('',(#814),#4749,.T.);
#4860=ADVANCED_FACE('',(#815),#4750,.T.);
#4861=ADVANCED_FACE('',(#816),#4751,.T.);
#4862=ADVANCED_FACE('',(#817),#649,.F.);
#4863=ADVANCED_FACE('',(#818),#650,.F.);
#4864=ADVANCED_FACE('',(#819),#651,.F.);
#4865=ADVANCED_FACE('',(#820),#652,.F.);
#4866=ADVANCED_FACE('',(#821),#653,.F.);
#4867=ADVANCED_FACE('',(#822),#654,.F.);
#4868=ADVANCED_FACE('',(#823),#655,.F.);
#4869=ADVANCED_FACE('',(#824),#656,.F.);
#4870=ADVANCED_FACE('',(#825),#657,.F.);
#4871=ADVANCED_FACE('',(#826),#658,.F.);
#4872=ADVANCED_FACE('',(#827),#659,.F.);
#4873=ADVANCED_FACE('',(#828),#660,.F.);
#4874=ADVANCED_FACE('',(#829),#661,.F.);
#4875=ADVANCED_FACE('',(#830),#662,.F.);
#4876=ADVANCED_FACE('',(#831),#663,.F.);
#4877=ADVANCED_FACE('',(#832),#664,.F.);
#4878=ADVANCED_FACE('',(#833),#665,.F.);
#4879=ADVANCED_FACE('',(#834),#666,.F.);
#4880=ADVANCED_FACE('',(#835),#667,.F.);
#4881=ADVANCED_FACE('',(#836),#668,.F.);
#4882=ADVANCED_FACE('',(#837),#669,.F.);
#4883=ADVANCED_FACE('',(#838),#670,.F.);
#4884=ADVANCED_FACE('',(#839),#671,.F.);
#4885=ADVANCED_FACE('',(#840),#672,.F.);
#4886=ADVANCED_FACE('',(#841),#673,.F.);
#4887=ADVANCED_FACE('',(#842),#674,.F.);
#4888=ADVANCED_FACE('',(#843),#675,.F.);
#4889=ADVANCED_FACE('',(#844),#4752,.T.);
#4890=ADVANCED_FACE('',(#845),#4753,.T.);
#4891=ADVANCED_FACE('',(#846),#4754,.T.);
#4892=ADVANCED_FACE('',(#847),#4755,.T.);
#4893=ADVANCED_FACE('',(#848),#4756,.T.);
#4894=ADVANCED_FACE('',(#849),#4757,.T.);
#4895=ADVANCED_FACE('',(#850),#4758,.T.);
#4896=ADVANCED_FACE('',(#851),#4759,.T.);
#4897=ADVANCED_FACE('',(#852),#4760,.T.);
#4898=ADVANCED_FACE('',(#853),#4761,.T.);
#4899=ADVANCED_FACE('',(#854),#4762,.T.);
#4900=ADVANCED_FACE('',(#855),#4763,.T.);
#4901=ADVANCED_FACE('',(#856),#4764,.T.);
#4902=ADVANCED_FACE('',(#857),#4765,.T.);
#4903=ADVANCED_FACE('',(#858),#4766,.T.);
#4904=ADVANCED_FACE('',(#859),#4767,.T.);
#4905=ADVANCED_FACE('',(#860),#4768,.T.);
#4906=ADVANCED_FACE('',(#861),#4769,.T.);
#4907=ADVANCED_FACE('',(#862),#4770,.T.);
#4908=ADVANCED_FACE('',(#863),#4771,.T.);
#4909=ADVANCED_FACE('',(#864),#676,.F.);
#4910=ADVANCED_FACE('',(#865),#677,.F.);
#4911=ADVANCED_FACE('',(#866),#678,.F.);
#4912=ADVANCED_FACE('',(#867),#679,.F.);
#4913=ADVANCED_FACE('',(#868),#680,.F.);
#4914=ADVANCED_FACE('',(#869),#681,.F.);
#4915=ADVANCED_FACE('',(#870),#682,.F.);
#4916=ADVANCED_FACE('',(#871),#4772,.T.);
#4917=ADVANCED_FACE('',(#872),#4773,.T.);
#4918=ADVANCED_FACE('',(#873),#4774,.T.);
#4919=ADVANCED_FACE('',(#874),#4775,.T.);
#4920=ADVANCED_FACE('',(#875),#683,.F.);
#4921=ADVANCED_FACE('',(#876),#684,.F.);
#4922=ADVANCED_FACE('',(#877),#685,.F.);
#4923=ADVANCED_FACE('',(#878),#686,.F.);
#4924=ADVANCED_FACE('',(#879),#687,.F.);
#4925=ADVANCED_FACE('',(#880),#688,.F.);
#4926=ADVANCED_FACE('',(#881),#689,.F.);
#4927=ADVANCED_FACE('',(#882),#690,.F.);
#4928=ADVANCED_FACE('',(#883),#691,.F.);
#4929=ADVANCED_FACE('',(#884),#4776,.T.);
#4930=ADVANCED_FACE('',(#885),#4777,.T.);
#4931=ADVANCED_FACE('',(#886),#4778,.T.);
#4932=ADVANCED_FACE('',(#887),#4779,.T.);
#4933=ADVANCED_FACE('',(#888),#692,.F.);
#4934=ADVANCED_FACE('',(#889),#693,.F.);
#4935=ADVANCED_FACE('',(#890),#694,.F.);
#4936=ADVANCED_FACE('',(#891),#695,.F.);
#4937=ADVANCED_FACE('',(#892),#696,.F.);
#4938=ADVANCED_FACE('',(#893),#697,.F.);
#4939=ADVANCED_FACE('',(#894),#698,.F.);
#4940=ADVANCED_FACE('',(#895),#699,.F.);
#4941=ADVANCED_FACE('',(#896),#700,.F.);
#4942=ADVANCED_FACE('',(#897),#701,.F.);
#4943=ADVANCED_FACE('',(#898),#702,.F.);
#4944=ADVANCED_FACE('',(#899),#703,.F.);
#4945=ADVANCED_FACE('',(#900),#704,.F.);
#4946=ADVANCED_FACE('',(#901),#705,.F.);
#4947=ADVANCED_FACE('',(#902),#4780,.T.);
#4948=ADVANCED_FACE('',(#903),#4781,.T.);
#4949=ADVANCED_FACE('',(#904),#4782,.T.);
#4950=ADVANCED_FACE('',(#905),#4783,.T.);
#4951=ADVANCED_FACE('',(#906),#706,.F.);
#4952=ADVANCED_FACE('',(#907),#707,.F.);
#4953=ADVANCED_FACE('',(#908),#708,.F.);
#4954=ADVANCED_FACE('',(#909),#709,.F.);
#4955=ADVANCED_FACE('',(#910),#710,.F.);
#4956=ADVANCED_FACE('',(#911),#4784,.T.);
#4957=ADVANCED_FACE('',(#912),#4785,.T.);
#4958=ADVANCED_FACE('',(#913),#4786,.T.);
#4959=ADVANCED_FACE('',(#914),#4787,.T.);
#4960=ADVANCED_FACE('',(#915),#711,.F.);
#4961=ADVANCED_FACE('',(#916),#712,.F.);
#4962=ADVANCED_FACE('',(#917),#713,.F.);
#4963=ADVANCED_FACE('',(#918),#714,.F.);
#4964=ADVANCED_FACE('',(#919),#715,.F.);
#4965=ADVANCED_FACE('',(#920),#716,.F.);
#4966=ADVANCED_FACE('',(#921),#717,.F.);
#4967=ADVANCED_FACE('',(#922),#718,.F.);
#4968=ADVANCED_FACE('',(#923),#4788,.T.);
#4969=ADVANCED_FACE('',(#924),#4789,.T.);
#4970=ADVANCED_FACE('',(#925),#4790,.T.);
#4971=ADVANCED_FACE('',(#926),#4791,.T.);
#4972=ADVANCED_FACE('',(#927),#4792,.T.);
#4973=ADVANCED_FACE('',(#928),#4793,.T.);
#4974=ADVANCED_FACE('',(#929),#4794,.T.);
#4975=ADVANCED_FACE('',(#930),#4795,.T.);
#4976=ADVANCED_FACE('',(#931),#719,.F.);
#4977=ADVANCED_FACE('',(#932),#720,.F.);
#4978=ADVANCED_FACE('',(#933),#4796,.T.);
#4979=ADVANCED_FACE('',(#934),#4797,.T.);
#4980=ADVANCED_FACE('',(#935),#4798,.T.);
#4981=ADVANCED_FACE('',(#936),#4799,.T.);
#4982=ADVANCED_FACE('',(#937),#721,.F.);
#4983=ADVANCED_FACE('',(#938),#722,.F.);
#4984=ADVANCED_FACE('',(#939),#723,.F.);
#4985=ADVANCED_FACE('',(#940),#724,.F.);
#4986=ADVANCED_FACE('',(#941),#725,.F.);
#4987=ADVANCED_FACE('',(#942),#726,.F.);
#4988=ADVANCED_FACE('',(#943),#727,.F.);
#4989=ADVANCED_FACE('',(#944),#728,.F.);
#4990=ADVANCED_FACE('',(#945),#729,.F.);
#4991=ADVANCED_FACE('',(#946),#730,.F.);
#4992=ADVANCED_FACE('',(#947),#731,.F.);
#4993=ADVANCED_FACE('',(#948),#732,.F.);
#4994=ADVANCED_FACE('',(#949),#733,.F.);
#4995=ADVANCED_FACE('',(#950),#734,.F.);
#4996=ADVANCED_FACE('',(#951),#735,.F.);
#4997=ADVANCED_FACE('',(#952),#736,.F.);
#4998=ADVANCED_FACE('',(#953),#737,.F.);
#4999=ADVANCED_FACE('',(#954),#738,.F.);
#5000=ADVANCED_FACE('',(#955),#4800,.T.);
#5001=ADVANCED_FACE('',(#956),#4801,.T.);
#5002=ADVANCED_FACE('',(#957),#4802,.T.);
#5003=ADVANCED_FACE('',(#958),#4803,.T.);
#5004=ADVANCED_FACE('',(#959),#739,.F.);
#5005=ADVANCED_FACE('',(#960),#740,.F.);
#5006=ADVANCED_FACE('',(#961),#741,.F.);
#5007=ADVANCED_FACE('',(#962),#742,.F.);
#5008=ADVANCED_FACE('',(#963),#743,.F.);
#5009=ADVANCED_FACE('',(#964),#744,.F.);
#5010=ADVANCED_FACE('',(#965),#745,.F.);
#5011=ADVANCED_FACE('',(#966),#746,.F.);
#5012=ADVANCED_FACE('',(#967),#747,.F.);
#5013=ADVANCED_FACE('',(#968),#748,.F.);
#5014=ADVANCED_FACE('',(#969),#749,.F.);
#5015=ADVANCED_FACE('',(#970),#750,.F.);
#5016=ADVANCED_FACE('',(#971),#751,.F.);
#5017=ADVANCED_FACE('',(#972),#752,.F.);
#5018=ADVANCED_FACE('',(#973),#753,.F.);
#5019=ADVANCED_FACE('',(#974),#754,.F.);
#5020=ADVANCED_FACE('',(#975),#755,.F.);
#5021=ADVANCED_FACE('',(#976),#4804,.T.);
#5022=ADVANCED_FACE('',(#977),#4805,.T.);
#5023=ADVANCED_FACE('',(#978),#4806,.T.);
#5024=ADVANCED_FACE('',(#979),#4807,.T.);
#5025=ADVANCED_FACE('',(#980),#756,.F.);
#5026=ADVANCED_FACE('',(#981),#757,.F.);
#5027=ADVANCED_FACE('',(#982),#758,.F.);
#5028=ADVANCED_FACE('',(#983),#759,.F.);
#5029=ADVANCED_FACE('',(#984),#760,.F.);
#5030=ADVANCED_FACE('',(#985),#761,.F.);
#5031=ADVANCED_FACE('',(#986),#762,.F.);
#5032=ADVANCED_FACE('',(#987),#763,.F.);
#5033=ADVANCED_FACE('',(#988),#764,.F.);
#5034=ADVANCED_FACE('',(#989),#765,.F.);
#5035=ADVANCED_FACE('',(#990),#766,.F.);
#5036=ADVANCED_FACE('',(#991),#767,.F.);
#5037=ADVANCED_FACE('',(#992),#768,.F.);
#5038=ADVANCED_FACE('',(#993),#4808,.T.);
#5039=ADVANCED_FACE('',(#994),#4809,.T.);
#5040=ADVANCED_FACE('',(#995),#4810,.T.);
#5041=ADVANCED_FACE('',(#996),#4811,.T.);
#5042=ADVANCED_FACE('',(#997,#28,#29,#30,#31,#32,#33,#34,#35,#36,#37,#38,
#39,#40,#41,#42,#43,#44,#45,#46,#47,#48,#49,#50,#51,#52,#53,#54,#55,#56,
#57,#58,#59,#60,#61,#62,#63,#64,#65,#66,#67,#68,#69,#70,#71,#72,#73,#74,
#75,#76,#77,#78,#79,#80,#81,#82,#83,#84,#85,#86,#87,#88,#89,#90,#91,#92,
#93,#94,#95,#96,#97,#98,#99,#100,#101,#102,#103,#104,#105,#106,#107,#108,
#109,#110,#111,#112,#113,#114,#115,#116,#117,#118,#119,#120,#121,#122,#123,
#124,#125,#126,#127,#128,#129,#130,#131,#132,#133,#134,#135,#136,#137,#138,
#139,#140,#141,#142,#143,#144,#145,#146,#147,#148,#149,#150,#151,#152,#153,
#154,#155,#156,#157,#158,#159,#160,#161,#162,#163,#164,#165,#166,#167,#168,
#169,#170,#171,#172,#173,#174,#175,#176,#177,#178,#179,#180,#181),#4812,
 .T.);
#5043=ADVANCED_FACE('',(#998,#182,#183,#184,#185,#186,#187,#188,#189,#190,
#191,#192,#193,#194,#195,#196,#197,#198,#199,#200,#201,#202,#203,#204,#205,
#206,#207,#208,#209,#210,#211,#212,#213,#214,#215,#216,#217,#218,#219,#220,
#221,#222,#223,#224,#225,#226,#227,#228,#229,#230,#231,#232,#233,#234,#235,
#236,#237,#238,#239,#240,#241,#242,#243,#244,#245,#246,#247,#248,#249,#250,
#251,#252,#253,#254,#255,#256,#257,#258,#259,#260,#261,#262,#263,#264,#265,
#266,#267,#268,#269,#270,#271,#272,#273,#274,#275,#276,#277,#278,#279,#280,
#281,#282,#283,#284,#285,#286,#287,#288,#289,#290,#291,#292,#293,#294,#295,
#296,#297,#298,#299,#300,#301,#302,#303,#304,#305,#306,#307,#308,#309,#310,
#311,#312,#313,#314,#315,#316,#317,#318,#319,#320,#321,#322,#323,#324,#325,
#326,#327,#328,#329,#330,#331,#332,#333,#334,#335),#4813,.F.);
#5044=CLOSED_SHELL('',(#4814,#4815,#4816,#4817,#4818,#4819,#4820,#4821,
#4822,#4823,#4824,#4825,#4826,#4827,#4828,#4829,#4830,#4831,#4832,#4833,
#4834,#4835,#4836,#4837,#4838));
#5045=CLOSED_SHELL('',(#4839,#4840,#4841,#4842,#4843,#4844,#4845,#4846,
#4847,#4848,#4849,#4850,#4851,#4852,#4853,#4854,#4855,#4856,#4857,#4858,
#4859,#4860,#4861,#4862,#4863,#4864,#4865,#4866,#4867,#4868,#4869,#4870,
#4871,#4872,#4873,#4874,#4875,#4876,#4877,#4878,#4879,#4880,#4881,#4882,
#4883,#4884,#4885,#4886,#4887,#4888,#4889,#4890,#4891,#4892,#4893,#4894,
#4895,#4896,#4897,#4898,#4899,#4900,#4901,#4902,#4903,#4904,#4905,#4906,
#4907,#4908,#4909,#4910,#4911,#4912,#4913,#4914,#4915,#4916,#4917,#4918,
#4919,#4920,#4921,#4922,#4923,#4924,#4925,#4926,#4927,#4928,#4929,#4930,
#4931,#4932,#4933,#4934,#4935,#4936,#4937,#4938,#4939,#4940,#4941,#4942,
#4943,#4944,#4945,#4946,#4947,#4948,#4949,#4950,#4951,#4952,#4953,#4954,
#4955,#4956,#4957,#4958,#4959,#4960,#4961,#4962,#4963,#4964,#4965,#4966,
#4967,#4968,#4969,#4970,#4971,#4972,#4973,#4974,#4975,#4976,#4977,#4978,
#4979,#4980,#4981,#4982,#4983,#4984,#4985,#4986,#4987,#4988,#4989,#4990,
#4991,#4992,#4993,#4994,#4995,#4996,#4997,#4998,#4999,#5000,#5001,#5002,
#5003,#5004,#5005,#5006,#5007,#5008,#5009,#5010,#5011,#5012,#5013,#5014,
#5015,#5016,#5017,#5018,#5019,#5020,#5021,#5022,#5023,#5024,#5025,#5026,
#5027,#5028,#5029,#5030,#5031,#5032,#5033,#5034,#5035,#5036,#5037,#5038,
#5039,#5040,#5041,#5042,#5043));
#5046=AXIS2_PLACEMENT_3D('',#6984,#5567,#5568);
#5047=AXIS2_PLACEMENT_3D('',#6985,#5569,#5570);
#5048=AXIS2_PLACEMENT_3D('',#6994,#5575,#5576);
#5049=AXIS2_PLACEMENT_3D('',#7000,#5580,#5581);
#5050=AXIS2_PLACEMENT_3D('',#7002,#5582,#5583);
#5051=AXIS2_PLACEMENT_3D('',#7005,#5585,#5586);
#5052=AXIS2_PLACEMENT_3D('',#7006,#5587,#5588);
#5053=AXIS2_PLACEMENT_3D('',#7008,#5589,#5590);
#5054=AXIS2_PLACEMENT_3D('',#7011,#5592,#5593);
#5055=AXIS2_PLACEMENT_3D('',#7012,#5594,#5595);
#5056=AXIS2_PLACEMENT_3D('',#7013,#5596,#5597);
#5057=AXIS2_PLACEMENT_3D('',#7019,#5601,#5602);
#5058=AXIS2_PLACEMENT_3D('',#7029,#5608,#5609);
#5059=AXIS2_PLACEMENT_3D('',#7035,#5613,#5614);
#5060=AXIS2_PLACEMENT_3D('',#7041,#5618,#5619);
#5061=AXIS2_PLACEMENT_3D('',#7044,#5622,#5623);
#5062=AXIS2_PLACEMENT_3D('',#7053,#5628,#5629);
#5063=AXIS2_PLACEMENT_3D('',#7056,#5631,#5632);
#5064=AXIS2_PLACEMENT_3D('',#7058,#5633,#5634);
#5065=AXIS2_PLACEMENT_3D('',#7059,#5635,#5636);
#5066=AXIS2_PLACEMENT_3D('',#7061,#5637,#5638);
#5067=AXIS2_PLACEMENT_3D('',#7063,#5640,#5641);
#5068=AXIS2_PLACEMENT_3D('',#7064,#5642,#5643);
#5069=AXIS2_PLACEMENT_3D('',#7066,#5644,#5645);
#5070=AXIS2_PLACEMENT_3D('',#7068,#5647,#5648);
#5071=AXIS2_PLACEMENT_3D('',#7069,#5649,#5650);
#5072=AXIS2_PLACEMENT_3D('',#7074,#5652,#5653);
#5073=AXIS2_PLACEMENT_3D('',#7077,#5655,#5656);
#5074=AXIS2_PLACEMENT_3D('',#7078,#5657,#5658);
#5075=AXIS2_PLACEMENT_3D('',#7082,#5660,#5661);
#5076=AXIS2_PLACEMENT_3D('',#7084,#5663,#5664);
#5077=AXIS2_PLACEMENT_3D('',#7088,#5666,#5667);
#5078=AXIS2_PLACEMENT_3D('',#7090,#5669,#5670);
#5079=AXIS2_PLACEMENT_3D('',#7093,#5673,#5674);
#5080=AXIS2_PLACEMENT_3D('',#7096,#5677,#5678);
#5081=AXIS2_PLACEMENT_3D('',#7098,#5680,#5681);
#5082=AXIS2_PLACEMENT_3D('',#7099,#5682,#5683);
#5083=AXIS2_PLACEMENT_3D('',#7101,#5685,#5686);
#5084=AXIS2_PLACEMENT_3D('',#7102,#5687,#5688);
#5085=AXIS2_PLACEMENT_3D('',#7104,#5689,#5690);
#5086=AXIS2_PLACEMENT_3D('',#7107,#5692,#5693);
#5087=AXIS2_PLACEMENT_3D('',#7108,#5694,#5695);
#5088=AXIS2_PLACEMENT_3D('',#7110,#5696,#5697);
#5089=AXIS2_PLACEMENT_3D('',#7113,#5699,#5700);
#5090=AXIS2_PLACEMENT_3D('',#7114,#5701,#5702);
#5091=AXIS2_PLACEMENT_3D('',#7116,#5703,#5704);
#5092=AXIS2_PLACEMENT_3D('',#7119,#5706,#5707);
#5093=AXIS2_PLACEMENT_3D('',#7120,#5708,#5709);
#5094=AXIS2_PLACEMENT_3D('',#7122,#5710,#5711);
#5095=AXIS2_PLACEMENT_3D('',#7125,#5713,#5714);
#5096=AXIS2_PLACEMENT_3D('',#7126,#5715,#5716);
#5097=AXIS2_PLACEMENT_3D('',#7128,#5717,#5718);
#5098=AXIS2_PLACEMENT_3D('',#7131,#5720,#5721);
#5099=AXIS2_PLACEMENT_3D('',#7132,#5722,#5723);
#5100=AXIS2_PLACEMENT_3D('',#7134,#5724,#5725);
#5101=AXIS2_PLACEMENT_3D('',#7137,#5727,#5728);
#5102=AXIS2_PLACEMENT_3D('',#7138,#5729,#5730);
#5103=AXIS2_PLACEMENT_3D('',#7140,#5731,#5732);
#5104=AXIS2_PLACEMENT_3D('',#7143,#5734,#5735);
#5105=AXIS2_PLACEMENT_3D('',#7144,#5736,#5737);
#5106=AXIS2_PLACEMENT_3D('',#7146,#5738,#5739);
#5107=AXIS2_PLACEMENT_3D('',#7149,#5741,#5742);
#5108=AXIS2_PLACEMENT_3D('',#7150,#5743,#5744);
#5109=AXIS2_PLACEMENT_3D('',#7152,#5745,#5746);
#5110=AXIS2_PLACEMENT_3D('',#7155,#5748,#5749);
#5111=AXIS2_PLACEMENT_3D('',#7156,#5750,#5751);
#5112=AXIS2_PLACEMENT_3D('',#7158,#5752,#5753);
#5113=AXIS2_PLACEMENT_3D('',#7161,#5755,#5756);
#5114=AXIS2_PLACEMENT_3D('',#7162,#5757,#5758);
#5115=AXIS2_PLACEMENT_3D('',#7164,#5759,#5760);
#5116=AXIS2_PLACEMENT_3D('',#7167,#5762,#5763);
#5117=AXIS2_PLACEMENT_3D('',#7168,#5764,#5765);
#5118=AXIS2_PLACEMENT_3D('',#7170,#5766,#5767);
#5119=AXIS2_PLACEMENT_3D('',#7173,#5769,#5770);
#5120=AXIS2_PLACEMENT_3D('',#7174,#5771,#5772);
#5121=AXIS2_PLACEMENT_3D('',#7176,#5773,#5774);
#5122=AXIS2_PLACEMENT_3D('',#7179,#5776,#5777);
#5123=AXIS2_PLACEMENT_3D('',#7180,#5778,#5779);
#5124=AXIS2_PLACEMENT_3D('',#7182,#5780,#5781);
#5125=AXIS2_PLACEMENT_3D('',#7185,#5783,#5784);
#5126=AXIS2_PLACEMENT_3D('',#7186,#5785,#5786);
#5127=AXIS2_PLACEMENT_3D('',#7188,#5787,#5788);
#5128=AXIS2_PLACEMENT_3D('',#7191,#5790,#5791);
#5129=AXIS2_PLACEMENT_3D('',#7192,#5792,#5793);
#5130=AXIS2_PLACEMENT_3D('',#7194,#5794,#5795);
#5131=AXIS2_PLACEMENT_3D('',#7197,#5797,#5798);
#5132=AXIS2_PLACEMENT_3D('',#7198,#5799,#5800);
#5133=AXIS2_PLACEMENT_3D('',#7200,#5801,#5802);
#5134=AXIS2_PLACEMENT_3D('',#7203,#5804,#5805);
#5135=AXIS2_PLACEMENT_3D('',#7204,#5806,#5807);
#5136=AXIS2_PLACEMENT_3D('',#7206,#5808,#5809);
#5137=AXIS2_PLACEMENT_3D('',#7209,#5811,#5812);
#5138=AXIS2_PLACEMENT_3D('',#7210,#5813,#5814);
#5139=AXIS2_PLACEMENT_3D('',#7212,#5815,#5816);
#5140=AXIS2_PLACEMENT_3D('',#7215,#5818,#5819);
#5141=AXIS2_PLACEMENT_3D('',#7216,#5820,#5821);
#5142=AXIS2_PLACEMENT_3D('',#7225,#5826,#5827);
#5143=AXIS2_PLACEMENT_3D('',#7231,#5831,#5832);
#5144=AXIS2_PLACEMENT_3D('',#7237,#5836,#5837);
#5145=AXIS2_PLACEMENT_3D('',#7240,#5840,#5841);
#5146=AXIS2_PLACEMENT_3D('',#7242,#5842,#5843);
#5147=AXIS2_PLACEMENT_3D('',#7245,#5845,#5846);
#5148=AXIS2_PLACEMENT_3D('',#7246,#5847,#5848);
#5149=AXIS2_PLACEMENT_3D('',#7248,#5849,#5850);
#5150=AXIS2_PLACEMENT_3D('',#7251,#5852,#5853);
#5151=AXIS2_PLACEMENT_3D('',#7252,#5854,#5855);
#5152=AXIS2_PLACEMENT_3D('',#7254,#5856,#5857);
#5153=AXIS2_PLACEMENT_3D('',#7257,#5859,#5860);
#5154=AXIS2_PLACEMENT_3D('',#7258,#5861,#5862);
#5155=AXIS2_PLACEMENT_3D('',#7260,#5863,#5864);
#5156=AXIS2_PLACEMENT_3D('',#7263,#5866,#5867);
#5157=AXIS2_PLACEMENT_3D('',#7264,#5868,#5869);
#5158=AXIS2_PLACEMENT_3D('',#7266,#5870,#5871);
#5159=AXIS2_PLACEMENT_3D('',#7269,#5873,#5874);
#5160=AXIS2_PLACEMENT_3D('',#7270,#5875,#5876);
#5161=AXIS2_PLACEMENT_3D('',#7272,#5877,#5878);
#5162=AXIS2_PLACEMENT_3D('',#7275,#5880,#5881);
#5163=AXIS2_PLACEMENT_3D('',#7276,#5882,#5883);
#5164=AXIS2_PLACEMENT_3D('',#7278,#5884,#5885);
#5165=AXIS2_PLACEMENT_3D('',#7281,#5887,#5888);
#5166=AXIS2_PLACEMENT_3D('',#7282,#5889,#5890);
#5167=AXIS2_PLACEMENT_3D('',#7284,#5891,#5892);
#5168=AXIS2_PLACEMENT_3D('',#7287,#5894,#5895);
#5169=AXIS2_PLACEMENT_3D('',#7288,#5896,#5897);
#5170=AXIS2_PLACEMENT_3D('',#7290,#5898,#5899);
#5171=AXIS2_PLACEMENT_3D('',#7293,#5901,#5902);
#5172=AXIS2_PLACEMENT_3D('',#7294,#5903,#5904);
#5173=AXIS2_PLACEMENT_3D('',#7296,#5905,#5906);
#5174=AXIS2_PLACEMENT_3D('',#7299,#5908,#5909);
#5175=AXIS2_PLACEMENT_3D('',#7300,#5910,#5911);
#5176=AXIS2_PLACEMENT_3D('',#7302,#5912,#5913);
#5177=AXIS2_PLACEMENT_3D('',#7305,#5915,#5916);
#5178=AXIS2_PLACEMENT_3D('',#7306,#5917,#5918);
#5179=AXIS2_PLACEMENT_3D('',#7308,#5919,#5920);
#5180=AXIS2_PLACEMENT_3D('',#7311,#5922,#5923);
#5181=AXIS2_PLACEMENT_3D('',#7312,#5924,#5925);
#5182=AXIS2_PLACEMENT_3D('',#7314,#5926,#5927);
#5183=AXIS2_PLACEMENT_3D('',#7317,#5929,#5930);
#5184=AXIS2_PLACEMENT_3D('',#7318,#5931,#5932);
#5185=AXIS2_PLACEMENT_3D('',#7320,#5933,#5934);
#5186=AXIS2_PLACEMENT_3D('',#7323,#5936,#5937);
#5187=AXIS2_PLACEMENT_3D('',#7324,#5938,#5939);
#5188=AXIS2_PLACEMENT_3D('',#7326,#5940,#5941);
#5189=AXIS2_PLACEMENT_3D('',#7329,#5943,#5944);
#5190=AXIS2_PLACEMENT_3D('',#7330,#5945,#5946);
#5191=AXIS2_PLACEMENT_3D('',#7332,#5947,#5948);
#5192=AXIS2_PLACEMENT_3D('',#7335,#5950,#5951);
#5193=AXIS2_PLACEMENT_3D('',#7336,#5952,#5953);
#5194=AXIS2_PLACEMENT_3D('',#7338,#5954,#5955);
#5195=AXIS2_PLACEMENT_3D('',#7341,#5957,#5958);
#5196=AXIS2_PLACEMENT_3D('',#7342,#5959,#5960);
#5197=AXIS2_PLACEMENT_3D('',#7344,#5961,#5962);
#5198=AXIS2_PLACEMENT_3D('',#7347,#5964,#5965);
#5199=AXIS2_PLACEMENT_3D('',#7348,#5966,#5967);
#5200=AXIS2_PLACEMENT_3D('',#7350,#5968,#5969);
#5201=AXIS2_PLACEMENT_3D('',#7353,#5971,#5972);
#5202=AXIS2_PLACEMENT_3D('',#7354,#5973,#5974);
#5203=AXIS2_PLACEMENT_3D('',#7356,#5975,#5976);
#5204=AXIS2_PLACEMENT_3D('',#7359,#5978,#5979);
#5205=AXIS2_PLACEMENT_3D('',#7360,#5980,#5981);
#5206=AXIS2_PLACEMENT_3D('',#7362,#5982,#5983);
#5207=AXIS2_PLACEMENT_3D('',#7365,#5985,#5986);
#5208=AXIS2_PLACEMENT_3D('',#7366,#5987,#5988);
#5209=AXIS2_PLACEMENT_3D('',#7368,#5989,#5990);
#5210=AXIS2_PLACEMENT_3D('',#7371,#5992,#5993);
#5211=AXIS2_PLACEMENT_3D('',#7372,#5994,#5995);
#5212=AXIS2_PLACEMENT_3D('',#7374,#5996,#5997);
#5213=AXIS2_PLACEMENT_3D('',#7377,#5999,#6000);
#5214=AXIS2_PLACEMENT_3D('',#7378,#6001,#6002);
#5215=AXIS2_PLACEMENT_3D('',#7380,#6003,#6004);
#5216=AXIS2_PLACEMENT_3D('',#7383,#6006,#6007);
#5217=AXIS2_PLACEMENT_3D('',#7384,#6008,#6009);
#5218=AXIS2_PLACEMENT_3D('',#7386,#6010,#6011);
#5219=AXIS2_PLACEMENT_3D('',#7389,#6013,#6014);
#5220=AXIS2_PLACEMENT_3D('',#7390,#6015,#6016);
#5221=AXIS2_PLACEMENT_3D('',#7392,#6017,#6018);
#5222=AXIS2_PLACEMENT_3D('',#7395,#6020,#6021);
#5223=AXIS2_PLACEMENT_3D('',#7396,#6022,#6023);
#5224=AXIS2_PLACEMENT_3D('',#7398,#6024,#6025);
#5225=AXIS2_PLACEMENT_3D('',#7401,#6027,#6028);
#5226=AXIS2_PLACEMENT_3D('',#7402,#6029,#6030);
#5227=AXIS2_PLACEMENT_3D('',#7411,#6035,#6036);
#5228=AXIS2_PLACEMENT_3D('',#7417,#6040,#6041);
#5229=AXIS2_PLACEMENT_3D('',#7423,#6045,#6046);
#5230=AXIS2_PLACEMENT_3D('',#7426,#6049,#6050);
#5231=AXIS2_PLACEMENT_3D('',#7435,#6055,#6056);
#5232=AXIS2_PLACEMENT_3D('',#7441,#6060,#6061);
#5233=AXIS2_PLACEMENT_3D('',#7447,#6065,#6066);
#5234=AXIS2_PLACEMENT_3D('',#7450,#6069,#6070);
#5235=AXIS2_PLACEMENT_3D('',#7459,#6075,#6076);
#5236=AXIS2_PLACEMENT_3D('',#7465,#6080,#6081);
#5237=AXIS2_PLACEMENT_3D('',#7471,#6085,#6086);
#5238=AXIS2_PLACEMENT_3D('',#7474,#6089,#6090);
#5239=AXIS2_PLACEMENT_3D('',#7483,#6095,#6096);
#5240=AXIS2_PLACEMENT_3D('',#7489,#6100,#6101);
#5241=AXIS2_PLACEMENT_3D('',#7495,#6105,#6106);
#5242=AXIS2_PLACEMENT_3D('',#7498,#6109,#6110);
#5243=AXIS2_PLACEMENT_3D('',#7507,#6115,#6116);
#5244=AXIS2_PLACEMENT_3D('',#7513,#6120,#6121);
#5245=AXIS2_PLACEMENT_3D('',#7519,#6125,#6126);
#5246=AXIS2_PLACEMENT_3D('',#7522,#6129,#6130);
#5247=AXIS2_PLACEMENT_3D('',#7524,#6131,#6132);
#5248=AXIS2_PLACEMENT_3D('',#7527,#6134,#6135);
#5249=AXIS2_PLACEMENT_3D('',#7528,#6136,#6137);
#5250=AXIS2_PLACEMENT_3D('',#7530,#6138,#6139);
#5251=AXIS2_PLACEMENT_3D('',#7533,#6141,#6142);
#5252=AXIS2_PLACEMENT_3D('',#7534,#6143,#6144);
#5253=AXIS2_PLACEMENT_3D('',#7536,#6145,#6146);
#5254=AXIS2_PLACEMENT_3D('',#7539,#6148,#6149);
#5255=AXIS2_PLACEMENT_3D('',#7540,#6150,#6151);
#5256=AXIS2_PLACEMENT_3D('',#7542,#6152,#6153);
#5257=AXIS2_PLACEMENT_3D('',#7545,#6155,#6156);
#5258=AXIS2_PLACEMENT_3D('',#7546,#6157,#6158);
#5259=AXIS2_PLACEMENT_3D('',#7548,#6159,#6160);
#5260=AXIS2_PLACEMENT_3D('',#7551,#6162,#6163);
#5261=AXIS2_PLACEMENT_3D('',#7552,#6164,#6165);
#5262=AXIS2_PLACEMENT_3D('',#7554,#6166,#6167);
#5263=AXIS2_PLACEMENT_3D('',#7557,#6169,#6170);
#5264=AXIS2_PLACEMENT_3D('',#7558,#6171,#6172);
#5265=AXIS2_PLACEMENT_3D('',#7560,#6173,#6174);
#5266=AXIS2_PLACEMENT_3D('',#7563,#6176,#6177);
#5267=AXIS2_PLACEMENT_3D('',#7564,#6178,#6179);
#5268=AXIS2_PLACEMENT_3D('',#7573,#6184,#6185);
#5269=AXIS2_PLACEMENT_3D('',#7579,#6189,#6190);
#5270=AXIS2_PLACEMENT_3D('',#7585,#6194,#6195);
#5271=AXIS2_PLACEMENT_3D('',#7588,#6198,#6199);
#5272=AXIS2_PLACEMENT_3D('',#7590,#6200,#6201);
#5273=AXIS2_PLACEMENT_3D('',#7593,#6203,#6204);
#5274=AXIS2_PLACEMENT_3D('',#7594,#6205,#6206);
#5275=AXIS2_PLACEMENT_3D('',#7596,#6207,#6208);
#5276=AXIS2_PLACEMENT_3D('',#7599,#6210,#6211);
#5277=AXIS2_PLACEMENT_3D('',#7600,#6212,#6213);
#5278=AXIS2_PLACEMENT_3D('',#7602,#6214,#6215);
#5279=AXIS2_PLACEMENT_3D('',#7605,#6217,#6218);
#5280=AXIS2_PLACEMENT_3D('',#7606,#6219,#6220);
#5281=AXIS2_PLACEMENT_3D('',#7608,#6221,#6222);
#5282=AXIS2_PLACEMENT_3D('',#7611,#6224,#6225);
#5283=AXIS2_PLACEMENT_3D('',#7612,#6226,#6227);
#5284=AXIS2_PLACEMENT_3D('',#7614,#6228,#6229);
#5285=AXIS2_PLACEMENT_3D('',#7617,#6231,#6232);
#5286=AXIS2_PLACEMENT_3D('',#7618,#6233,#6234);
#5287=AXIS2_PLACEMENT_3D('',#7620,#6235,#6236);
#5288=AXIS2_PLACEMENT_3D('',#7623,#6238,#6239);
#5289=AXIS2_PLACEMENT_3D('',#7624,#6240,#6241);
#5290=AXIS2_PLACEMENT_3D('',#7626,#6242,#6243);
#5291=AXIS2_PLACEMENT_3D('',#7629,#6245,#6246);
#5292=AXIS2_PLACEMENT_3D('',#7630,#6247,#6248);
#5293=AXIS2_PLACEMENT_3D('',#7632,#6249,#6250);
#5294=AXIS2_PLACEMENT_3D('',#7635,#6252,#6253);
#5295=AXIS2_PLACEMENT_3D('',#7636,#6254,#6255);
#5296=AXIS2_PLACEMENT_3D('',#7638,#6256,#6257);
#5297=AXIS2_PLACEMENT_3D('',#7641,#6259,#6260);
#5298=AXIS2_PLACEMENT_3D('',#7642,#6261,#6262);
#5299=AXIS2_PLACEMENT_3D('',#7651,#6267,#6268);
#5300=AXIS2_PLACEMENT_3D('',#7657,#6272,#6273);
#5301=AXIS2_PLACEMENT_3D('',#7663,#6277,#6278);
#5302=AXIS2_PLACEMENT_3D('',#7666,#6281,#6282);
#5303=AXIS2_PLACEMENT_3D('',#7668,#6283,#6284);
#5304=AXIS2_PLACEMENT_3D('',#7671,#6286,#6287);
#5305=AXIS2_PLACEMENT_3D('',#7672,#6288,#6289);
#5306=AXIS2_PLACEMENT_3D('',#7674,#6290,#6291);
#5307=AXIS2_PLACEMENT_3D('',#7677,#6293,#6294);
#5308=AXIS2_PLACEMENT_3D('',#7678,#6295,#6296);
#5309=AXIS2_PLACEMENT_3D('',#7680,#6297,#6298);
#5310=AXIS2_PLACEMENT_3D('',#7683,#6300,#6301);
#5311=AXIS2_PLACEMENT_3D('',#7684,#6302,#6303);
#5312=AXIS2_PLACEMENT_3D('',#7686,#6304,#6305);
#5313=AXIS2_PLACEMENT_3D('',#7689,#6307,#6308);
#5314=AXIS2_PLACEMENT_3D('',#7690,#6309,#6310);
#5315=AXIS2_PLACEMENT_3D('',#7692,#6311,#6312);
#5316=AXIS2_PLACEMENT_3D('',#7695,#6314,#6315);
#5317=AXIS2_PLACEMENT_3D('',#7696,#6316,#6317);
#5318=AXIS2_PLACEMENT_3D('',#7698,#6318,#6319);
#5319=AXIS2_PLACEMENT_3D('',#7701,#6321,#6322);
#5320=AXIS2_PLACEMENT_3D('',#7702,#6323,#6324);
#5321=AXIS2_PLACEMENT_3D('',#7704,#6325,#6326);
#5322=AXIS2_PLACEMENT_3D('',#7707,#6328,#6329);
#5323=AXIS2_PLACEMENT_3D('',#7708,#6330,#6331);
#5324=AXIS2_PLACEMENT_3D('',#7710,#6332,#6333);
#5325=AXIS2_PLACEMENT_3D('',#7713,#6335,#6336);
#5326=AXIS2_PLACEMENT_3D('',#7714,#6337,#6338);
#5327=AXIS2_PLACEMENT_3D('',#7716,#6339,#6340);
#5328=AXIS2_PLACEMENT_3D('',#7719,#6342,#6343);
#5329=AXIS2_PLACEMENT_3D('',#7720,#6344,#6345);
#5330=AXIS2_PLACEMENT_3D('',#7722,#6346,#6347);
#5331=AXIS2_PLACEMENT_3D('',#7725,#6349,#6350);
#5332=AXIS2_PLACEMENT_3D('',#7726,#6351,#6352);
#5333=AXIS2_PLACEMENT_3D('',#7728,#6353,#6354);
#5334=AXIS2_PLACEMENT_3D('',#7731,#6356,#6357);
#5335=AXIS2_PLACEMENT_3D('',#7732,#6358,#6359);
#5336=AXIS2_PLACEMENT_3D('',#7734,#6360,#6361);
#5337=AXIS2_PLACEMENT_3D('',#7737,#6363,#6364);
#5338=AXIS2_PLACEMENT_3D('',#7738,#6365,#6366);
#5339=AXIS2_PLACEMENT_3D('',#7740,#6367,#6368);
#5340=AXIS2_PLACEMENT_3D('',#7743,#6370,#6371);
#5341=AXIS2_PLACEMENT_3D('',#7744,#6372,#6373);
#5342=AXIS2_PLACEMENT_3D('',#7746,#6374,#6375);
#5343=AXIS2_PLACEMENT_3D('',#7749,#6377,#6378);
#5344=AXIS2_PLACEMENT_3D('',#7750,#6379,#6380);
#5345=AXIS2_PLACEMENT_3D('',#7759,#6385,#6386);
#5346=AXIS2_PLACEMENT_3D('',#7765,#6390,#6391);
#5347=AXIS2_PLACEMENT_3D('',#7771,#6395,#6396);
#5348=AXIS2_PLACEMENT_3D('',#7774,#6399,#6400);
#5349=AXIS2_PLACEMENT_3D('',#7776,#6401,#6402);
#5350=AXIS2_PLACEMENT_3D('',#7779,#6404,#6405);
#5351=AXIS2_PLACEMENT_3D('',#7780,#6406,#6407);
#5352=AXIS2_PLACEMENT_3D('',#7782,#6408,#6409);
#5353=AXIS2_PLACEMENT_3D('',#7785,#6411,#6412);
#5354=AXIS2_PLACEMENT_3D('',#7786,#6413,#6414);
#5355=AXIS2_PLACEMENT_3D('',#7788,#6415,#6416);
#5356=AXIS2_PLACEMENT_3D('',#7791,#6418,#6419);
#5357=AXIS2_PLACEMENT_3D('',#7792,#6420,#6421);
#5358=AXIS2_PLACEMENT_3D('',#7794,#6422,#6423);
#5359=AXIS2_PLACEMENT_3D('',#7797,#6425,#6426);
#5360=AXIS2_PLACEMENT_3D('',#7798,#6427,#6428);
#5361=AXIS2_PLACEMENT_3D('',#7800,#6429,#6430);
#5362=AXIS2_PLACEMENT_3D('',#7803,#6432,#6433);
#5363=AXIS2_PLACEMENT_3D('',#7804,#6434,#6435);
#5364=AXIS2_PLACEMENT_3D('',#7813,#6440,#6441);
#5365=AXIS2_PLACEMENT_3D('',#7819,#6445,#6446);
#5366=AXIS2_PLACEMENT_3D('',#7825,#6450,#6451);
#5367=AXIS2_PLACEMENT_3D('',#7828,#6454,#6455);
#5368=AXIS2_PLACEMENT_3D('',#7830,#6456,#6457);
#5369=AXIS2_PLACEMENT_3D('',#7833,#6459,#6460);
#5370=AXIS2_PLACEMENT_3D('',#7834,#6461,#6462);
#5371=AXIS2_PLACEMENT_3D('',#7836,#6463,#6464);
#5372=AXIS2_PLACEMENT_3D('',#7839,#6466,#6467);
#5373=AXIS2_PLACEMENT_3D('',#7840,#6468,#6469);
#5374=AXIS2_PLACEMENT_3D('',#7842,#6470,#6471);
#5375=AXIS2_PLACEMENT_3D('',#7845,#6473,#6474);
#5376=AXIS2_PLACEMENT_3D('',#7846,#6475,#6476);
#5377=AXIS2_PLACEMENT_3D('',#7848,#6477,#6478);
#5378=AXIS2_PLACEMENT_3D('',#7851,#6480,#6481);
#5379=AXIS2_PLACEMENT_3D('',#7852,#6482,#6483);
#5380=AXIS2_PLACEMENT_3D('',#7854,#6484,#6485);
#5381=AXIS2_PLACEMENT_3D('',#7857,#6487,#6488);
#5382=AXIS2_PLACEMENT_3D('',#7858,#6489,#6490);
#5383=AXIS2_PLACEMENT_3D('',#7860,#6491,#6492);
#5384=AXIS2_PLACEMENT_3D('',#7863,#6494,#6495);
#5385=AXIS2_PLACEMENT_3D('',#7864,#6496,#6497);
#5386=AXIS2_PLACEMENT_3D('',#7866,#6498,#6499);
#5387=AXIS2_PLACEMENT_3D('',#7869,#6501,#6502);
#5388=AXIS2_PLACEMENT_3D('',#7870,#6503,#6504);
#5389=AXIS2_PLACEMENT_3D('',#7872,#6505,#6506);
#5390=AXIS2_PLACEMENT_3D('',#7875,#6508,#6509);
#5391=AXIS2_PLACEMENT_3D('',#7876,#6510,#6511);
#5392=AXIS2_PLACEMENT_3D('',#7885,#6516,#6517);
#5393=AXIS2_PLACEMENT_3D('',#7891,#6521,#6522);
#5394=AXIS2_PLACEMENT_3D('',#7897,#6526,#6527);
#5395=AXIS2_PLACEMENT_3D('',#7900,#6530,#6531);
#5396=AXIS2_PLACEMENT_3D('',#7909,#6536,#6537);
#5397=AXIS2_PLACEMENT_3D('',#7915,#6541,#6542);
#5398=AXIS2_PLACEMENT_3D('',#7921,#6546,#6547);
#5399=AXIS2_PLACEMENT_3D('',#7924,#6550,#6551);
#5400=AXIS2_PLACEMENT_3D('',#7926,#6552,#6553);
#5401=AXIS2_PLACEMENT_3D('',#7929,#6555,#6556);
#5402=AXIS2_PLACEMENT_3D('',#7930,#6557,#6558);
#5403=AXIS2_PLACEMENT_3D('',#7932,#6559,#6560);
#5404=AXIS2_PLACEMENT_3D('',#7935,#6562,#6563);
#5405=AXIS2_PLACEMENT_3D('',#7936,#6564,#6565);
#5406=AXIS2_PLACEMENT_3D('',#7945,#6570,#6571);
#5407=AXIS2_PLACEMENT_3D('',#7951,#6575,#6576);
#5408=AXIS2_PLACEMENT_3D('',#7957,#6580,#6581);
#5409=AXIS2_PLACEMENT_3D('',#7960,#6584,#6585);
#5410=AXIS2_PLACEMENT_3D('',#7962,#6586,#6587);
#5411=AXIS2_PLACEMENT_3D('',#7965,#6589,#6590);
#5412=AXIS2_PLACEMENT_3D('',#7966,#6591,#6592);
#5413=AXIS2_PLACEMENT_3D('',#7968,#6593,#6594);
#5414=AXIS2_PLACEMENT_3D('',#7971,#6596,#6597);
#5415=AXIS2_PLACEMENT_3D('',#7972,#6598,#6599);
#5416=AXIS2_PLACEMENT_3D('',#7974,#6600,#6601);
#5417=AXIS2_PLACEMENT_3D('',#7977,#6603,#6604);
#5418=AXIS2_PLACEMENT_3D('',#7978,#6605,#6606);
#5419=AXIS2_PLACEMENT_3D('',#7980,#6607,#6608);
#5420=AXIS2_PLACEMENT_3D('',#7983,#6610,#6611);
#5421=AXIS2_PLACEMENT_3D('',#7984,#6612,#6613);
#5422=AXIS2_PLACEMENT_3D('',#7986,#6614,#6615);
#5423=AXIS2_PLACEMENT_3D('',#7989,#6617,#6618);
#5424=AXIS2_PLACEMENT_3D('',#7990,#6619,#6620);
#5425=AXIS2_PLACEMENT_3D('',#7992,#6621,#6622);
#5426=AXIS2_PLACEMENT_3D('',#7995,#6624,#6625);
#5427=AXIS2_PLACEMENT_3D('',#7996,#6626,#6627);
#5428=AXIS2_PLACEMENT_3D('',#7998,#6628,#6629);
#5429=AXIS2_PLACEMENT_3D('',#8001,#6631,#6632);
#5430=AXIS2_PLACEMENT_3D('',#8002,#6633,#6634);
#5431=AXIS2_PLACEMENT_3D('',#8004,#6635,#6636);
#5432=AXIS2_PLACEMENT_3D('',#8007,#6638,#6639);
#5433=AXIS2_PLACEMENT_3D('',#8008,#6640,#6641);
#5434=AXIS2_PLACEMENT_3D('',#8010,#6642,#6643);
#5435=AXIS2_PLACEMENT_3D('',#8013,#6645,#6646);
#5436=AXIS2_PLACEMENT_3D('',#8014,#6647,#6648);
#5437=AXIS2_PLACEMENT_3D('',#8016,#6649,#6650);
#5438=AXIS2_PLACEMENT_3D('',#8019,#6652,#6653);
#5439=AXIS2_PLACEMENT_3D('',#8020,#6654,#6655);
#5440=AXIS2_PLACEMENT_3D('',#8022,#6656,#6657);
#5441=AXIS2_PLACEMENT_3D('',#8025,#6659,#6660);
#5442=AXIS2_PLACEMENT_3D('',#8026,#6661,#6662);
#5443=AXIS2_PLACEMENT_3D('',#8028,#6663,#6664);
#5444=AXIS2_PLACEMENT_3D('',#8031,#6666,#6667);
#5445=AXIS2_PLACEMENT_3D('',#8032,#6668,#6669);
#5446=AXIS2_PLACEMENT_3D('',#8034,#6670,#6671);
#5447=AXIS2_PLACEMENT_3D('',#8037,#6673,#6674);
#5448=AXIS2_PLACEMENT_3D('',#8038,#6675,#6676);
#5449=AXIS2_PLACEMENT_3D('',#8040,#6677,#6678);
#5450=AXIS2_PLACEMENT_3D('',#8043,#6680,#6681);
#5451=AXIS2_PLACEMENT_3D('',#8044,#6682,#6683);
#5452=AXIS2_PLACEMENT_3D('',#8046,#6684,#6685);
#5453=AXIS2_PLACEMENT_3D('',#8049,#6687,#6688);
#5454=AXIS2_PLACEMENT_3D('',#8050,#6689,#6690);
#5455=AXIS2_PLACEMENT_3D('',#8052,#6691,#6692);
#5456=AXIS2_PLACEMENT_3D('',#8055,#6694,#6695);
#5457=AXIS2_PLACEMENT_3D('',#8056,#6696,#6697);
#5458=AXIS2_PLACEMENT_3D('',#8058,#6698,#6699);
#5459=AXIS2_PLACEMENT_3D('',#8061,#6701,#6702);
#5460=AXIS2_PLACEMENT_3D('',#8062,#6703,#6704);
#5461=AXIS2_PLACEMENT_3D('',#8064,#6705,#6706);
#5462=AXIS2_PLACEMENT_3D('',#8067,#6708,#6709);
#5463=AXIS2_PLACEMENT_3D('',#8068,#6710,#6711);
#5464=AXIS2_PLACEMENT_3D('',#8077,#6716,#6717);
#5465=AXIS2_PLACEMENT_3D('',#8083,#6721,#6722);
#5466=AXIS2_PLACEMENT_3D('',#8089,#6726,#6727);
#5467=AXIS2_PLACEMENT_3D('',#8092,#6730,#6731);
#5468=AXIS2_PLACEMENT_3D('',#8094,#6732,#6733);
#5469=AXIS2_PLACEMENT_3D('',#8097,#6735,#6736);
#5470=AXIS2_PLACEMENT_3D('',#8098,#6737,#6738);
#5471=AXIS2_PLACEMENT_3D('',#8100,#6739,#6740);
#5472=AXIS2_PLACEMENT_3D('',#8103,#6742,#6743);
#5473=AXIS2_PLACEMENT_3D('',#8104,#6744,#6745);
#5474=AXIS2_PLACEMENT_3D('',#8106,#6746,#6747);
#5475=AXIS2_PLACEMENT_3D('',#8109,#6749,#6750);
#5476=AXIS2_PLACEMENT_3D('',#8110,#6751,#6752);
#5477=AXIS2_PLACEMENT_3D('',#8112,#6753,#6754);
#5478=AXIS2_PLACEMENT_3D('',#8115,#6756,#6757);
#5479=AXIS2_PLACEMENT_3D('',#8116,#6758,#6759);
#5480=AXIS2_PLACEMENT_3D('',#8118,#6760,#6761);
#5481=AXIS2_PLACEMENT_3D('',#8121,#6763,#6764);
#5482=AXIS2_PLACEMENT_3D('',#8122,#6765,#6766);
#5483=AXIS2_PLACEMENT_3D('',#8124,#6767,#6768);
#5484=AXIS2_PLACEMENT_3D('',#8127,#6770,#6771);
#5485=AXIS2_PLACEMENT_3D('',#8128,#6772,#6773);
#5486=AXIS2_PLACEMENT_3D('',#8130,#6774,#6775);
#5487=AXIS2_PLACEMENT_3D('',#8133,#6777,#6778);
#5488=AXIS2_PLACEMENT_3D('',#8134,#6779,#6780);
#5489=AXIS2_PLACEMENT_3D('',#8136,#6781,#6782);
#5490=AXIS2_PLACEMENT_3D('',#8139,#6784,#6785);
#5491=AXIS2_PLACEMENT_3D('',#8140,#6786,#6787);
#5492=AXIS2_PLACEMENT_3D('',#8142,#6788,#6789);
#5493=AXIS2_PLACEMENT_3D('',#8145,#6791,#6792);
#5494=AXIS2_PLACEMENT_3D('',#8146,#6793,#6794);
#5495=AXIS2_PLACEMENT_3D('',#8148,#6795,#6796);
#5496=AXIS2_PLACEMENT_3D('',#8151,#6798,#6799);
#5497=AXIS2_PLACEMENT_3D('',#8152,#6800,#6801);
#5498=AXIS2_PLACEMENT_3D('',#8154,#6802,#6803);
#5499=AXIS2_PLACEMENT_3D('',#8157,#6805,#6806);
#5500=AXIS2_PLACEMENT_3D('',#8158,#6807,#6808);
#5501=AXIS2_PLACEMENT_3D('',#8160,#6809,#6810);
#5502=AXIS2_PLACEMENT_3D('',#8163,#6812,#6813);
#5503=AXIS2_PLACEMENT_3D('',#8164,#6814,#6815);
#5504=AXIS2_PLACEMENT_3D('',#8166,#6816,#6817);
#5505=AXIS2_PLACEMENT_3D('',#8169,#6819,#6820);
#5506=AXIS2_PLACEMENT_3D('',#8170,#6821,#6822);
#5507=AXIS2_PLACEMENT_3D('',#8172,#6823,#6824);
#5508=AXIS2_PLACEMENT_3D('',#8175,#6826,#6827);
#5509=AXIS2_PLACEMENT_3D('',#8176,#6828,#6829);
#5510=AXIS2_PLACEMENT_3D('',#8178,#6830,#6831);
#5511=AXIS2_PLACEMENT_3D('',#8181,#6833,#6834);
#5512=AXIS2_PLACEMENT_3D('',#8182,#6835,#6836);
#5513=AXIS2_PLACEMENT_3D('',#8184,#6837,#6838);
#5514=AXIS2_PLACEMENT_3D('',#8187,#6840,#6841);
#5515=AXIS2_PLACEMENT_3D('',#8188,#6842,#6843);
#5516=AXIS2_PLACEMENT_3D('',#8190,#6844,#6845);
#5517=AXIS2_PLACEMENT_3D('',#8193,#6847,#6848);
#5518=AXIS2_PLACEMENT_3D('',#8194,#6849,#6850);
#5519=AXIS2_PLACEMENT_3D('',#8203,#6855,#6856);
#5520=AXIS2_PLACEMENT_3D('',#8209,#6860,#6861);
#5521=AXIS2_PLACEMENT_3D('',#8215,#6865,#6866);
#5522=AXIS2_PLACEMENT_3D('',#8218,#6869,#6870);
#5523=AXIS2_PLACEMENT_3D('',#8220,#6871,#6872);
#5524=AXIS2_PLACEMENT_3D('',#8223,#6874,#6875);
#5525=AXIS2_PLACEMENT_3D('',#8224,#6876,#6877);
#5526=AXIS2_PLACEMENT_3D('',#8226,#6878,#6879);
#5527=AXIS2_PLACEMENT_3D('',#8229,#6881,#6882);
#5528=AXIS2_PLACEMENT_3D('',#8230,#6883,#6884);
#5529=AXIS2_PLACEMENT_3D('',#8232,#6885,#6886);
#5530=AXIS2_PLACEMENT_3D('',#8235,#6888,#6889);
#5531=AXIS2_PLACEMENT_3D('',#8236,#6890,#6891);
#5532=AXIS2_PLACEMENT_3D('',#8238,#6892,#6893);
#5533=AXIS2_PLACEMENT_3D('',#8241,#6895,#6896);
#5534=AXIS2_PLACEMENT_3D('',#8242,#6897,#6898);
#5535=AXIS2_PLACEMENT_3D('',#8244,#6899,#6900);
#5536=AXIS2_PLACEMENT_3D('',#8247,#6902,#6903);
#5537=AXIS2_PLACEMENT_3D('',#8248,#6904,#6905);
#5538=AXIS2_PLACEMENT_3D('',#8250,#6906,#6907);
#5539=AXIS2_PLACEMENT_3D('',#8253,#6909,#6910);
#5540=AXIS2_PLACEMENT_3D('',#8254,#6911,#6912);
#5541=AXIS2_PLACEMENT_3D('',#8256,#6913,#6914);
#5542=AXIS2_PLACEMENT_3D('',#8259,#6916,#6917);
#5543=AXIS2_PLACEMENT_3D('',#8260,#6918,#6919);
#5544=AXIS2_PLACEMENT_3D('',#8262,#6920,#6921);
#5545=AXIS2_PLACEMENT_3D('',#8265,#6923,#6924);
#5546=AXIS2_PLACEMENT_3D('',#8266,#6925,#6926);
#5547=AXIS2_PLACEMENT_3D('',#8268,#6927,#6928);
#5548=AXIS2_PLACEMENT_3D('',#8271,#6930,#6931);
#5549=AXIS2_PLACEMENT_3D('',#8272,#6932,#6933);
#5550=AXIS2_PLACEMENT_3D('',#8274,#6934,#6935);
#5551=AXIS2_PLACEMENT_3D('',#8277,#6937,#6938);
#5552=AXIS2_PLACEMENT_3D('',#8278,#6939,#6940);
#5553=AXIS2_PLACEMENT_3D('',#8280,#6941,#6942);
#5554=AXIS2_PLACEMENT_3D('',#8283,#6944,#6945);
#5555=AXIS2_PLACEMENT_3D('',#8284,#6946,#6947);
#5556=AXIS2_PLACEMENT_3D('',#8286,#6948,#6949);
#5557=AXIS2_PLACEMENT_3D('',#8289,#6951,#6952);
#5558=AXIS2_PLACEMENT_3D('',#8290,#6953,#6954);
#5559=AXIS2_PLACEMENT_3D('',#8292,#6955,#6956);
#5560=AXIS2_PLACEMENT_3D('',#8295,#6958,#6959);
#5561=AXIS2_PLACEMENT_3D('',#8296,#6960,#6961);
#5562=AXIS2_PLACEMENT_3D('',#8305,#6966,#6967);
#5563=AXIS2_PLACEMENT_3D('',#8311,#6971,#6972);
#5564=AXIS2_PLACEMENT_3D('',#8317,#6976,#6977);
#5565=AXIS2_PLACEMENT_3D('',#8320,#6980,#6981);
#5566=AXIS2_PLACEMENT_3D('',#8321,#6982,#6983);
#5567=DIRECTION('axis',(0.,0.,1.));
#5568=DIRECTION('refdir',(1.,0.,0.));
#5569=DIRECTION('center_axis',(0.,0.,-1.));
#5570=DIRECTION('ref_axis',(-1.,0.,0.));
#5571=DIRECTION('',(0.,-1.,0.));
#5572=DIRECTION('',(1.,0.,0.));
#5573=DIRECTION('',(0.,1.,0.));
#5574=DIRECTION('',(-1.,0.,0.));
#5575=DIRECTION('center_axis',(-1.,0.,0.));
#5576=DIRECTION('ref_axis',(0.,-1.,0.));
#5577=DIRECTION('',(0.,0.,1.));
#5578=DIRECTION('',(0.,1.,0.));
#5579=DIRECTION('',(0.,0.,1.));
#5580=DIRECTION('center_axis',(3.85185988877447E-33,-1.,0.));
#5581=DIRECTION('ref_axis',(0.,0.,1.));
#5582=DIRECTION('center_axis',(3.85185988877447E-33,-1.,0.));
#5583=DIRECTION('ref_axis',(0.,0.,1.));
#5584=DIRECTION('',(3.85185988877447E-33,-1.,0.));
#5585=DIRECTION('center_axis',(0.,1.,0.));
#5586=DIRECTION('ref_axis',(0.,0.,1.));
#5587=DIRECTION('center_axis',(0.,0.,1.));
#5588=DIRECTION('ref_axis',(1.,0.,0.));
#5589=DIRECTION('center_axis',(0.,0.,1.));
#5590=DIRECTION('ref_axis',(1.,0.,0.));
#5591=DIRECTION('',(0.,0.,-1.));
#5592=DIRECTION('center_axis',(0.,0.,-1.));
#5593=DIRECTION('ref_axis',(1.,0.,0.));
#5594=DIRECTION('center_axis',(0.,0.,1.));
#5595=DIRECTION('ref_axis',(1.,0.,0.));
#5596=DIRECTION('center_axis',(1.,0.,0.));
#5597=DIRECTION('ref_axis',(0.,1.,0.));
#5598=DIRECTION('',(0.,0.,1.));
#5599=DIRECTION('',(0.,-1.,0.));
#5600=DIRECTION('',(0.,0.,1.));
#5601=DIRECTION('center_axis',(0.,1.,0.));
#5602=DIRECTION('ref_axis',(-1.,0.,0.));
#5603=DIRECTION('',(1.,0.,0.));
#5604=DIRECTION('',(1.,0.,0.));
#5605=DIRECTION('',(0.,0.,1.));
#5606=DIRECTION('',(-1.,0.,0.));
#5607=DIRECTION('',(0.,0.,1.));
#5608=DIRECTION('center_axis',(-1.,0.,0.));
#5609=DIRECTION('ref_axis',(0.,-1.,0.));
#5610=DIRECTION('',(0.,1.,0.));
#5611=DIRECTION('',(0.,-1.,0.));
#5612=DIRECTION('',(0.,0.,1.));
#5613=DIRECTION('center_axis',(0.,-1.,0.));
#5614=DIRECTION('ref_axis',(1.,0.,0.));
#5615=DIRECTION('',(-1.,0.,0.));
#5616=DIRECTION('',(1.,0.,0.));
#5617=DIRECTION('',(0.,0.,1.));
#5618=DIRECTION('center_axis',(1.,0.,0.));
#5619=DIRECTION('ref_axis',(0.,1.,0.));
#5620=DIRECTION('',(0.,-1.,0.));
#5621=DIRECTION('',(0.,1.,0.));
#5622=DIRECTION('center_axis',(0.,0.,1.));
#5623=DIRECTION('ref_axis',(1.,0.,0.));
#5624=DIRECTION('',(1.,0.,0.));
#5625=DIRECTION('',(0.,1.,0.));
#5626=DIRECTION('',(-1.,-3.85185988877447E-33,0.));
#5627=DIRECTION('',(0.,-1.,0.));
#5628=DIRECTION('center_axis',(0.,0.,1.));
#5629=DIRECTION('ref_axis',(1.,0.,0.));
#5630=DIRECTION('',(-1.,0.,0.));
#5631=DIRECTION('center_axis',(0.,0.,-1.));
#5632=DIRECTION('ref_axis',(1.,0.,0.));
#5633=DIRECTION('center_axis',(0.,0.,-1.));
#5634=DIRECTION('ref_axis',(1.,0.,0.));
#5635=DIRECTION('center_axis',(0.,0.,1.));
#5636=DIRECTION('ref_axis',(1.,0.,0.));
#5637=DIRECTION('center_axis',(0.,0.,1.));
#5638=DIRECTION('ref_axis',(1.,0.,0.));
#5639=DIRECTION('',(0.,0.,-1.));
#5640=DIRECTION('center_axis',(0.,0.,1.));
#5641=DIRECTION('ref_axis',(1.,0.,0.));
#5642=DIRECTION('center_axis',(0.,0.,1.));
#5643=DIRECTION('ref_axis',(1.,0.,0.));
#5644=DIRECTION('center_axis',(0.,0.,1.));
#5645=DIRECTION('ref_axis',(1.,0.,0.));
#5646=DIRECTION('',(0.,0.,-1.));
#5647=DIRECTION('center_axis',(0.,0.,1.));
#5648=DIRECTION('ref_axis',(1.,0.,0.));
#5649=DIRECTION('center_axis',(1.,3.85185988877447E-33,0.));
#5650=DIRECTION('ref_axis',(0.,0.707106781186547,-0.707106781186548));
#5651=DIRECTION('',(-1.,-3.85185988877447E-33,0.));
#5652=DIRECTION('center_axis',(0.707106781186548,0.707106781186548,-2.09345661157837E-15));
#5653=DIRECTION('ref_axis',(-0.707106781186547,0.707106781186547,-2.09345661157837E-15));
#5654=DIRECTION('',(1.,3.85185988877447E-33,0.));
#5655=DIRECTION('center_axis',(0.707106781186546,-0.707106781186549,0.));
#5656=DIRECTION('ref_axis',(0.707106781186549,0.707106781186546,0.));
#5657=DIRECTION('center_axis',(0.,1.,0.));
#5658=DIRECTION('ref_axis',(-0.707106781186547,0.,-0.707106781186548));
#5659=DIRECTION('',(0.,-1.,0.));
#5660=DIRECTION('center_axis',(-0.707106781186549,0.707106781186546,2.09345661157837E-15));
#5661=DIRECTION('ref_axis',(-0.707106781186546,-0.707106781186549,2.09345661157836E-15));
#5662=DIRECTION('',(0.,1.,0.));
#5663=DIRECTION('center_axis',(-1.,0.,0.));
#5664=DIRECTION('ref_axis',(0.,-0.707106781186553,-0.707106781186543));
#5665=DIRECTION('',(1.,0.,0.));
#5666=DIRECTION('center_axis',(-0.707106781186548,-0.707106781186548,0.));
#5667=DIRECTION('ref_axis',(0.707106781186547,-0.707106781186547,0.));
#5668=DIRECTION('',(-1.,0.,0.));
#5669=DIRECTION('center_axis',(0.,-1.,0.));
#5670=DIRECTION('ref_axis',(0.707106781186548,0.,-0.707106781186547));
#5671=DIRECTION('',(0.,-1.,0.));
#5672=DIRECTION('',(0.,1.,0.));
#5673=DIRECTION('center_axis',(1.,0.,0.));
#5674=DIRECTION('ref_axis',(0.,-1.,0.));
#5675=DIRECTION('',(0.,0.,1.));
#5676=DIRECTION('',(0.,0.,1.));
#5677=DIRECTION('center_axis',(-3.85185988877447E-33,1.,0.));
#5678=DIRECTION('ref_axis',(1.,3.85185988877447E-33,0.));
#5679=DIRECTION('',(0.,0.,1.));
#5680=DIRECTION('center_axis',(0.,0.,-1.));
#5681=DIRECTION('ref_axis',(-1.,0.,0.));
#5682=DIRECTION('center_axis',(-1.,0.,0.));
#5683=DIRECTION('ref_axis',(0.,1.,0.));
#5684=DIRECTION('',(0.,0.,-1.));
#5685=DIRECTION('center_axis',(0.,-1.,0.));
#5686=DIRECTION('ref_axis',(-1.,0.,0.));
#5687=DIRECTION('center_axis',(0.,0.,1.));
#5688=DIRECTION('ref_axis',(1.,0.,0.));
#5689=DIRECTION('center_axis',(0.,0.,-1.));
#5690=DIRECTION('ref_axis',(1.,0.,0.));
#5691=DIRECTION('',(0.,0.,-1.));
#5692=DIRECTION('center_axis',(0.,0.,-1.));
#5693=DIRECTION('ref_axis',(1.,0.,0.));
#5694=DIRECTION('center_axis',(0.,0.,1.));
#5695=DIRECTION('ref_axis',(1.,0.,0.));
#5696=DIRECTION('center_axis',(0.,0.,-1.));
#5697=DIRECTION('ref_axis',(1.,0.,0.));
#5698=DIRECTION('',(0.,0.,-1.));
#5699=DIRECTION('center_axis',(0.,0.,-1.));
#5700=DIRECTION('ref_axis',(1.,0.,0.));
#5701=DIRECTION('center_axis',(0.,0.,1.));
#5702=DIRECTION('ref_axis',(1.,0.,0.));
#5703=DIRECTION('center_axis',(0.,0.,-1.));
#5704=DIRECTION('ref_axis',(1.,0.,0.));
#5705=DIRECTION('',(0.,0.,-1.));
#5706=DIRECTION('center_axis',(0.,0.,-1.));
#5707=DIRECTION('ref_axis',(1.,0.,0.));
#5708=DIRECTION('center_axis',(0.,0.,1.));
#5709=DIRECTION('ref_axis',(1.,0.,0.));
#5710=DIRECTION('center_axis',(0.,0.,-1.));
#5711=DIRECTION('ref_axis',(1.,0.,0.));
#5712=DIRECTION('',(0.,0.,-1.));
#5713=DIRECTION('center_axis',(0.,0.,-1.));
#5714=DIRECTION('ref_axis',(1.,0.,0.));
#5715=DIRECTION('center_axis',(0.,0.,1.));
#5716=DIRECTION('ref_axis',(1.,0.,0.));
#5717=DIRECTION('center_axis',(0.,0.,-1.));
#5718=DIRECTION('ref_axis',(1.,0.,0.));
#5719=DIRECTION('',(0.,0.,-1.));
#5720=DIRECTION('center_axis',(0.,0.,-1.));
#5721=DIRECTION('ref_axis',(1.,0.,0.));
#5722=DIRECTION('center_axis',(0.,0.,1.));
#5723=DIRECTION('ref_axis',(1.,0.,0.));
#5724=DIRECTION('center_axis',(0.,0.,-1.));
#5725=DIRECTION('ref_axis',(1.,0.,0.));
#5726=DIRECTION('',(0.,0.,-1.));
#5727=DIRECTION('center_axis',(0.,0.,-1.));
#5728=DIRECTION('ref_axis',(1.,0.,0.));
#5729=DIRECTION('center_axis',(0.,0.,1.));
#5730=DIRECTION('ref_axis',(1.,0.,0.));
#5731=DIRECTION('center_axis',(0.,0.,-1.));
#5732=DIRECTION('ref_axis',(1.,0.,0.));
#5733=DIRECTION('',(0.,0.,-1.));
#5734=DIRECTION('center_axis',(0.,0.,-1.));
#5735=DIRECTION('ref_axis',(1.,0.,0.));
#5736=DIRECTION('center_axis',(0.,0.,1.));
#5737=DIRECTION('ref_axis',(1.,0.,0.));
#5738=DIRECTION('center_axis',(0.,0.,-1.));
#5739=DIRECTION('ref_axis',(1.,0.,0.));
#5740=DIRECTION('',(0.,0.,-1.));
#5741=DIRECTION('center_axis',(0.,0.,-1.));
#5742=DIRECTION('ref_axis',(1.,0.,0.));
#5743=DIRECTION('center_axis',(0.,0.,1.));
#5744=DIRECTION('ref_axis',(1.,0.,0.));
#5745=DIRECTION('center_axis',(0.,0.,-1.));
#5746=DIRECTION('ref_axis',(1.,0.,0.));
#5747=DIRECTION('',(0.,0.,-1.));
#5748=DIRECTION('center_axis',(0.,0.,-1.));
#5749=DIRECTION('ref_axis',(1.,0.,0.));
#5750=DIRECTION('center_axis',(0.,0.,1.));
#5751=DIRECTION('ref_axis',(1.,0.,0.));
#5752=DIRECTION('center_axis',(0.,0.,-1.));
#5753=DIRECTION('ref_axis',(1.,0.,0.));
#5754=DIRECTION('',(0.,0.,-1.));
#5755=DIRECTION('center_axis',(0.,0.,-1.));
#5756=DIRECTION('ref_axis',(1.,0.,0.));
#5757=DIRECTION('center_axis',(0.,0.,1.));
#5758=DIRECTION('ref_axis',(1.,0.,0.));
#5759=DIRECTION('center_axis',(0.,0.,-1.));
#5760=DIRECTION('ref_axis',(1.,0.,0.));
#5761=DIRECTION('',(0.,0.,-1.));
#5762=DIRECTION('center_axis',(0.,0.,-1.));
#5763=DIRECTION('ref_axis',(1.,0.,0.));
#5764=DIRECTION('center_axis',(0.,0.,1.));
#5765=DIRECTION('ref_axis',(1.,0.,0.));
#5766=DIRECTION('center_axis',(0.,0.,-1.));
#5767=DIRECTION('ref_axis',(1.,0.,0.));
#5768=DIRECTION('',(0.,0.,-1.));
#5769=DIRECTION('center_axis',(0.,0.,-1.));
#5770=DIRECTION('ref_axis',(1.,0.,0.));
#5771=DIRECTION('center_axis',(0.,0.,1.));
#5772=DIRECTION('ref_axis',(1.,0.,0.));
#5773=DIRECTION('center_axis',(0.,0.,-1.));
#5774=DIRECTION('ref_axis',(1.,0.,0.));
#5775=DIRECTION('',(0.,0.,-1.));
#5776=DIRECTION('center_axis',(0.,0.,-1.));
#5777=DIRECTION('ref_axis',(1.,0.,0.));
#5778=DIRECTION('center_axis',(0.,0.,1.));
#5779=DIRECTION('ref_axis',(1.,0.,0.));
#5780=DIRECTION('center_axis',(0.,0.,-1.));
#5781=DIRECTION('ref_axis',(1.,0.,0.));
#5782=DIRECTION('',(0.,0.,-1.));
#5783=DIRECTION('center_axis',(0.,0.,-1.));
#5784=DIRECTION('ref_axis',(1.,0.,0.));
#5785=DIRECTION('center_axis',(0.,0.,1.));
#5786=DIRECTION('ref_axis',(1.,0.,0.));
#5787=DIRECTION('center_axis',(0.,0.,-1.));
#5788=DIRECTION('ref_axis',(1.,0.,0.));
#5789=DIRECTION('',(0.,0.,-1.));
#5790=DIRECTION('center_axis',(0.,0.,-1.));
#5791=DIRECTION('ref_axis',(1.,0.,0.));
#5792=DIRECTION('center_axis',(0.,0.,1.));
#5793=DIRECTION('ref_axis',(1.,0.,0.));
#5794=DIRECTION('center_axis',(0.,0.,-1.));
#5795=DIRECTION('ref_axis',(1.,0.,0.));
#5796=DIRECTION('',(0.,0.,-1.));
#5797=DIRECTION('center_axis',(0.,0.,-1.));
#5798=DIRECTION('ref_axis',(1.,0.,0.));
#5799=DIRECTION('center_axis',(0.,0.,1.));
#5800=DIRECTION('ref_axis',(1.,0.,0.));
#5801=DIRECTION('center_axis',(0.,0.,-1.));
#5802=DIRECTION('ref_axis',(1.,0.,0.));
#5803=DIRECTION('',(0.,0.,-1.));
#5804=DIRECTION('center_axis',(0.,0.,-1.));
#5805=DIRECTION('ref_axis',(1.,0.,0.));
#5806=DIRECTION('center_axis',(0.,0.,1.));
#5807=DIRECTION('ref_axis',(1.,0.,0.));
#5808=DIRECTION('center_axis',(0.,0.,-1.));
#5809=DIRECTION('ref_axis',(1.,0.,0.));
#5810=DIRECTION('',(0.,0.,-1.));
#5811=DIRECTION('center_axis',(0.,0.,-1.));
#5812=DIRECTION('ref_axis',(1.,0.,0.));
#5813=DIRECTION('center_axis',(0.,0.,1.));
#5814=DIRECTION('ref_axis',(1.,0.,0.));
#5815=DIRECTION('center_axis',(0.,0.,-1.));
#5816=DIRECTION('ref_axis',(1.,0.,0.));
#5817=DIRECTION('',(0.,0.,-1.));
#5818=DIRECTION('center_axis',(0.,0.,-1.));
#5819=DIRECTION('ref_axis',(1.,0.,0.));
#5820=DIRECTION('center_axis',(0.,1.,0.));
#5821=DIRECTION('ref_axis',(-1.,0.,0.));
#5822=DIRECTION('',(-1.,0.,0.));
#5823=DIRECTION('',(0.,0.,1.));
#5824=DIRECTION('',(-1.,0.,0.));
#5825=DIRECTION('',(0.,0.,1.));
#5826=DIRECTION('center_axis',(-1.,0.,0.));
#5827=DIRECTION('ref_axis',(0.,-1.,0.));
#5828=DIRECTION('',(0.,-1.,0.));
#5829=DIRECTION('',(0.,-1.,0.));
#5830=DIRECTION('',(0.,0.,1.));
#5831=DIRECTION('center_axis',(0.,-1.,0.));
#5832=DIRECTION('ref_axis',(1.,0.,0.));
#5833=DIRECTION('',(1.,0.,0.));
#5834=DIRECTION('',(1.,0.,0.));
#5835=DIRECTION('',(0.,0.,1.));
#5836=DIRECTION('center_axis',(1.,0.,0.));
#5837=DIRECTION('ref_axis',(0.,1.,0.));
#5838=DIRECTION('',(0.,1.,0.));
#5839=DIRECTION('',(0.,1.,0.));
#5840=DIRECTION('center_axis',(0.,0.,1.));
#5841=DIRECTION('ref_axis',(1.,0.,0.));
#5842=DIRECTION('center_axis',(0.,0.,-1.));
#5843=DIRECTION('ref_axis',(1.,0.,0.));
#5844=DIRECTION('',(0.,0.,-1.));
#5845=DIRECTION('center_axis',(0.,0.,-1.));
#5846=DIRECTION('ref_axis',(1.,0.,0.));
#5847=DIRECTION('center_axis',(0.,0.,1.));
#5848=DIRECTION('ref_axis',(1.,0.,0.));
#5849=DIRECTION('center_axis',(0.,0.,-1.));
#5850=DIRECTION('ref_axis',(1.,0.,0.));
#5851=DIRECTION('',(0.,0.,-1.));
#5852=DIRECTION('center_axis',(0.,0.,-1.));
#5853=DIRECTION('ref_axis',(1.,0.,0.));
#5854=DIRECTION('center_axis',(0.,0.,1.));
#5855=DIRECTION('ref_axis',(1.,0.,0.));
#5856=DIRECTION('center_axis',(0.,0.,-1.));
#5857=DIRECTION('ref_axis',(1.,0.,0.));
#5858=DIRECTION('',(0.,0.,-1.));
#5859=DIRECTION('center_axis',(0.,0.,-1.));
#5860=DIRECTION('ref_axis',(1.,0.,0.));
#5861=DIRECTION('center_axis',(0.,0.,1.));
#5862=DIRECTION('ref_axis',(1.,0.,0.));
#5863=DIRECTION('center_axis',(0.,0.,-1.));
#5864=DIRECTION('ref_axis',(1.,0.,0.));
#5865=DIRECTION('',(0.,0.,-1.));
#5866=DIRECTION('center_axis',(0.,0.,-1.));
#5867=DIRECTION('ref_axis',(1.,0.,0.));
#5868=DIRECTION('center_axis',(0.,0.,1.));
#5869=DIRECTION('ref_axis',(1.,0.,0.));
#5870=DIRECTION('center_axis',(0.,0.,-1.));
#5871=DIRECTION('ref_axis',(1.,0.,0.));
#5872=DIRECTION('',(0.,0.,-1.));
#5873=DIRECTION('center_axis',(0.,0.,-1.));
#5874=DIRECTION('ref_axis',(1.,0.,0.));
#5875=DIRECTION('center_axis',(0.,0.,1.));
#5876=DIRECTION('ref_axis',(1.,0.,0.));
#5877=DIRECTION('center_axis',(0.,0.,-1.));
#5878=DIRECTION('ref_axis',(1.,0.,0.));
#5879=DIRECTION('',(0.,0.,-1.));
#5880=DIRECTION('center_axis',(0.,0.,-1.));
#5881=DIRECTION('ref_axis',(1.,0.,0.));
#5882=DIRECTION('center_axis',(0.,0.,1.));
#5883=DIRECTION('ref_axis',(1.,0.,0.));
#5884=DIRECTION('center_axis',(0.,0.,-1.));
#5885=DIRECTION('ref_axis',(1.,0.,0.));
#5886=DIRECTION('',(0.,0.,-1.));
#5887=DIRECTION('center_axis',(0.,0.,-1.));
#5888=DIRECTION('ref_axis',(1.,0.,0.));
#5889=DIRECTION('center_axis',(0.,0.,1.));
#5890=DIRECTION('ref_axis',(1.,0.,0.));
#5891=DIRECTION('center_axis',(0.,0.,-1.));
#5892=DIRECTION('ref_axis',(1.,0.,0.));
#5893=DIRECTION('',(0.,0.,-1.));
#5894=DIRECTION('center_axis',(0.,0.,-1.));
#5895=DIRECTION('ref_axis',(1.,0.,0.));
#5896=DIRECTION('center_axis',(0.,0.,1.));
#5897=DIRECTION('ref_axis',(1.,0.,0.));
#5898=DIRECTION('center_axis',(0.,0.,-1.));
#5899=DIRECTION('ref_axis',(1.,0.,0.));
#5900=DIRECTION('',(0.,0.,-1.));
#5901=DIRECTION('center_axis',(0.,0.,-1.));
#5902=DIRECTION('ref_axis',(1.,0.,0.));
#5903=DIRECTION('center_axis',(0.,0.,1.));
#5904=DIRECTION('ref_axis',(1.,0.,0.));
#5905=DIRECTION('center_axis',(0.,0.,-1.));
#5906=DIRECTION('ref_axis',(1.,0.,0.));
#5907=DIRECTION('',(0.,0.,-1.));
#5908=DIRECTION('center_axis',(0.,0.,-1.));
#5909=DIRECTION('ref_axis',(1.,0.,0.));
#5910=DIRECTION('center_axis',(0.,0.,1.));
#5911=DIRECTION('ref_axis',(1.,0.,0.));
#5912=DIRECTION('center_axis',(0.,0.,-1.));
#5913=DIRECTION('ref_axis',(1.,0.,0.));
#5914=DIRECTION('',(0.,0.,-1.));
#5915=DIRECTION('center_axis',(0.,0.,-1.));
#5916=DIRECTION('ref_axis',(1.,0.,0.));
#5917=DIRECTION('center_axis',(0.,0.,1.));
#5918=DIRECTION('ref_axis',(1.,0.,0.));
#5919=DIRECTION('center_axis',(0.,0.,-1.));
#5920=DIRECTION('ref_axis',(1.,0.,0.));
#5921=DIRECTION('',(0.,0.,-1.));
#5922=DIRECTION('center_axis',(0.,0.,-1.));
#5923=DIRECTION('ref_axis',(1.,0.,0.));
#5924=DIRECTION('center_axis',(0.,0.,1.));
#5925=DIRECTION('ref_axis',(1.,0.,0.));
#5926=DIRECTION('center_axis',(0.,0.,-1.));
#5927=DIRECTION('ref_axis',(1.,0.,0.));
#5928=DIRECTION('',(0.,0.,-1.));
#5929=DIRECTION('center_axis',(0.,0.,-1.));
#5930=DIRECTION('ref_axis',(1.,0.,0.));
#5931=DIRECTION('center_axis',(0.,0.,1.));
#5932=DIRECTION('ref_axis',(1.,0.,0.));
#5933=DIRECTION('center_axis',(0.,0.,-1.));
#5934=DIRECTION('ref_axis',(1.,0.,0.));
#5935=DIRECTION('',(0.,0.,-1.));
#5936=DIRECTION('center_axis',(0.,0.,-1.));
#5937=DIRECTION('ref_axis',(1.,0.,0.));
#5938=DIRECTION('center_axis',(0.,0.,1.));
#5939=DIRECTION('ref_axis',(1.,0.,0.));
#5940=DIRECTION('center_axis',(0.,0.,-1.));
#5941=DIRECTION('ref_axis',(1.,0.,0.));
#5942=DIRECTION('',(0.,0.,-1.));
#5943=DIRECTION('center_axis',(0.,0.,-1.));
#5944=DIRECTION('ref_axis',(1.,0.,0.));
#5945=DIRECTION('center_axis',(0.,0.,1.));
#5946=DIRECTION('ref_axis',(1.,0.,0.));
#5947=DIRECTION('center_axis',(0.,0.,-1.));
#5948=DIRECTION('ref_axis',(1.,0.,0.));
#5949=DIRECTION('',(0.,0.,-1.));
#5950=DIRECTION('center_axis',(0.,0.,-1.));
#5951=DIRECTION('ref_axis',(1.,0.,0.));
#5952=DIRECTION('center_axis',(0.,0.,1.));
#5953=DIRECTION('ref_axis',(1.,0.,0.));
#5954=DIRECTION('center_axis',(0.,0.,-1.));
#5955=DIRECTION('ref_axis',(1.,0.,0.));
#5956=DIRECTION('',(0.,0.,-1.));
#5957=DIRECTION('center_axis',(0.,0.,-1.));
#5958=DIRECTION('ref_axis',(1.,0.,0.));
#5959=DIRECTION('center_axis',(0.,0.,1.));
#5960=DIRECTION('ref_axis',(1.,0.,0.));
#5961=DIRECTION('center_axis',(0.,0.,-1.));
#5962=DIRECTION('ref_axis',(1.,0.,0.));
#5963=DIRECTION('',(0.,0.,-1.));
#5964=DIRECTION('center_axis',(0.,0.,-1.));
#5965=DIRECTION('ref_axis',(1.,0.,0.));
#5966=DIRECTION('center_axis',(0.,0.,1.));
#5967=DIRECTION('ref_axis',(1.,0.,0.));
#5968=DIRECTION('center_axis',(0.,0.,-1.));
#5969=DIRECTION('ref_axis',(1.,0.,0.));
#5970=DIRECTION('',(0.,0.,-1.));
#5971=DIRECTION('center_axis',(0.,0.,-1.));
#5972=DIRECTION('ref_axis',(1.,0.,0.));
#5973=DIRECTION('center_axis',(0.,0.,1.));
#5974=DIRECTION('ref_axis',(0.396079766039153,-0.918216106880276,0.));
#5975=DIRECTION('center_axis',(0.,0.,-1.));
#5976=DIRECTION('ref_axis',(0.396079766039153,-0.918216106880276,0.));
#5977=DIRECTION('',(0.,0.,-1.));
#5978=DIRECTION('center_axis',(0.,0.,-1.));
#5979=DIRECTION('ref_axis',(0.396079766039153,-0.918216106880276,0.));
#5980=DIRECTION('center_axis',(0.,0.,1.));
#5981=DIRECTION('ref_axis',(0.365341024366399,-0.930873748644203,0.));
#5982=DIRECTION('center_axis',(0.,0.,-1.));
#5983=DIRECTION('ref_axis',(0.365341024366399,-0.930873748644203,0.));
#5984=DIRECTION('',(0.,0.,-1.));
#5985=DIRECTION('center_axis',(0.,0.,-1.));
#5986=DIRECTION('ref_axis',(0.365341024366399,-0.930873748644203,0.));
#5987=DIRECTION('center_axis',(0.,0.,1.));
#5988=DIRECTION('ref_axis',(0.826238774316003,0.563320058063611,0.));
#5989=DIRECTION('center_axis',(0.,0.,-1.));
#5990=DIRECTION('ref_axis',(0.826238774316003,0.563320058063611,0.));
#5991=DIRECTION('',(0.,0.,-1.));
#5992=DIRECTION('center_axis',(0.,0.,-1.));
#5993=DIRECTION('ref_axis',(0.826238774316003,0.563320058063611,0.));
#5994=DIRECTION('center_axis',(0.,0.,1.));
#5995=DIRECTION('ref_axis',(1.,0.,0.));
#5996=DIRECTION('center_axis',(0.,0.,-1.));
#5997=DIRECTION('ref_axis',(1.,0.,0.));
#5998=DIRECTION('',(0.,0.,-1.));
#5999=DIRECTION('center_axis',(0.,0.,-1.));
#6000=DIRECTION('ref_axis',(1.,0.,0.));
#6001=DIRECTION('center_axis',(0.,0.,1.));
#6002=DIRECTION('ref_axis',(-0.500000000000007,-0.866025403784434,0.));
#6003=DIRECTION('center_axis',(0.,0.,-1.));
#6004=DIRECTION('ref_axis',(-0.500000000000007,-0.866025403784434,0.));
#6005=DIRECTION('',(0.,0.,-1.));
#6006=DIRECTION('center_axis',(0.,0.,-1.));
#6007=DIRECTION('ref_axis',(-0.500000000000007,-0.866025403784434,0.));
#6008=DIRECTION('center_axis',(0.,0.,1.));
#6009=DIRECTION('ref_axis',(-0.939692620785908,-0.342020143325671,0.));
#6010=DIRECTION('center_axis',(0.,0.,-1.));
#6011=DIRECTION('ref_axis',(-0.939692620785908,-0.342020143325671,0.));
#6012=DIRECTION('',(0.,0.,-1.));
#6013=DIRECTION('center_axis',(0.,0.,-1.));
#6014=DIRECTION('ref_axis',(-0.939692620785908,-0.342020143325671,0.));
#6015=DIRECTION('center_axis',(0.,0.,1.));
#6016=DIRECTION('ref_axis',(0.173648177666929,-0.984807753012208,0.));
#6017=DIRECTION('center_axis',(0.,0.,-1.));
#6018=DIRECTION('ref_axis',(0.173648177666929,-0.984807753012208,0.));
#6019=DIRECTION('',(0.,0.,-1.));
#6020=DIRECTION('center_axis',(0.,0.,-1.));
#6021=DIRECTION('ref_axis',(0.173648177666929,-0.984807753012208,0.));
#6022=DIRECTION('center_axis',(0.,0.,1.));
#6023=DIRECTION('ref_axis',(0.25881904510252,0.965925826289069,0.));
#6024=DIRECTION('center_axis',(0.,0.,-1.));
#6025=DIRECTION('ref_axis',(0.25881904510252,0.965925826289069,0.));
#6026=DIRECTION('',(0.,0.,-1.));
#6027=DIRECTION('center_axis',(0.,0.,-1.));
#6028=DIRECTION('ref_axis',(0.25881904510252,0.965925826289069,0.));
#6029=DIRECTION('center_axis',(-1.,0.,0.));
#6030=DIRECTION('ref_axis',(0.,-1.,0.));
#6031=DIRECTION('',(0.,-1.,0.));
#6032=DIRECTION('',(0.,0.,1.));
#6033=DIRECTION('',(0.,-1.,0.));
#6034=DIRECTION('',(0.,0.,1.));
#6035=DIRECTION('center_axis',(0.,-1.,0.));
#6036=DIRECTION('ref_axis',(1.,0.,0.));
#6037=DIRECTION('',(1.,0.,0.));
#6038=DIRECTION('',(1.,0.,0.));
#6039=DIRECTION('',(0.,0.,1.));
#6040=DIRECTION('center_axis',(1.,0.,0.));
#6041=DIRECTION('ref_axis',(0.,1.,0.));
#6042=DIRECTION('',(0.,1.,0.));
#6043=DIRECTION('',(0.,1.,0.));
#6044=DIRECTION('',(0.,0.,1.));
#6045=DIRECTION('center_axis',(0.,1.,0.));
#6046=DIRECTION('ref_axis',(-1.,0.,0.));
#6047=DIRECTION('',(-1.,0.,0.));
#6048=DIRECTION('',(-1.,0.,0.));
#6049=DIRECTION('center_axis',(-1.,0.,0.));
#6050=DIRECTION('ref_axis',(0.,-1.,0.));
#6051=DIRECTION('',(0.,-1.,0.));
#6052=DIRECTION('',(0.,0.,1.));
#6053=DIRECTION('',(0.,-1.,0.));
#6054=DIRECTION('',(0.,0.,1.));
#6055=DIRECTION('center_axis',(0.,-1.,0.));
#6056=DIRECTION('ref_axis',(1.,0.,0.));
#6057=DIRECTION('',(1.,0.,0.));
#6058=DIRECTION('',(1.,0.,0.));
#6059=DIRECTION('',(0.,0.,1.));
#6060=DIRECTION('center_axis',(1.,0.,0.));
#6061=DIRECTION('ref_axis',(0.,1.,0.));
#6062=DIRECTION('',(0.,1.,0.));
#6063=DIRECTION('',(0.,1.,0.));
#6064=DIRECTION('',(0.,0.,1.));
#6065=DIRECTION('center_axis',(0.,1.,0.));
#6066=DIRECTION('ref_axis',(-1.,0.,0.));
#6067=DIRECTION('',(-1.,0.,0.));
#6068=DIRECTION('',(-1.,0.,0.));
#6069=DIRECTION('center_axis',(-1.,0.,0.));
#6070=DIRECTION('ref_axis',(0.,-1.,0.));
#6071=DIRECTION('',(0.,-1.,0.));
#6072=DIRECTION('',(0.,0.,1.));
#6073=DIRECTION('',(0.,-1.,0.));
#6074=DIRECTION('',(0.,0.,1.));
#6075=DIRECTION('center_axis',(0.,-1.,0.));
#6076=DIRECTION('ref_axis',(1.,0.,0.));
#6077=DIRECTION('',(1.,0.,0.));
#6078=DIRECTION('',(1.,0.,0.));
#6079=DIRECTION('',(0.,0.,1.));
#6080=DIRECTION('center_axis',(1.,0.,0.));
#6081=DIRECTION('ref_axis',(0.,1.,0.));
#6082=DIRECTION('',(0.,1.,0.));
#6083=DIRECTION('',(0.,1.,0.));
#6084=DIRECTION('',(0.,0.,1.));
#6085=DIRECTION('center_axis',(0.,1.,0.));
#6086=DIRECTION('ref_axis',(-1.,0.,0.));
#6087=DIRECTION('',(-1.,0.,0.));
#6088=DIRECTION('',(-1.,0.,0.));
#6089=DIRECTION('center_axis',(-1.,0.,0.));
#6090=DIRECTION('ref_axis',(0.,-1.,0.));
#6091=DIRECTION('',(0.,-1.,0.));
#6092=DIRECTION('',(0.,0.,1.));
#6093=DIRECTION('',(0.,-1.,0.));
#6094=DIRECTION('',(0.,0.,1.));
#6095=DIRECTION('center_axis',(0.,-1.,0.));
#6096=DIRECTION('ref_axis',(1.,0.,0.));
#6097=DIRECTION('',(1.,0.,0.));
#6098=DIRECTION('',(1.,0.,0.));
#6099=DIRECTION('',(0.,0.,1.));
#6100=DIRECTION('center_axis',(1.,0.,0.));
#6101=DIRECTION('ref_axis',(0.,1.,0.));
#6102=DIRECTION('',(0.,1.,0.));
#6103=DIRECTION('',(0.,1.,0.));
#6104=DIRECTION('',(0.,0.,1.));
#6105=DIRECTION('center_axis',(0.,1.,0.));
#6106=DIRECTION('ref_axis',(-1.,0.,0.));
#6107=DIRECTION('',(-1.,0.,0.));
#6108=DIRECTION('',(-1.,0.,0.));
#6109=DIRECTION('center_axis',(-1.,0.,0.));
#6110=DIRECTION('ref_axis',(0.,-1.,0.));
#6111=DIRECTION('',(0.,-1.,0.));
#6112=DIRECTION('',(0.,0.,1.));
#6113=DIRECTION('',(0.,-1.,0.));
#6114=DIRECTION('',(0.,0.,1.));
#6115=DIRECTION('center_axis',(0.,-1.,0.));
#6116=DIRECTION('ref_axis',(1.,0.,0.));
#6117=DIRECTION('',(1.,0.,0.));
#6118=DIRECTION('',(1.,0.,0.));
#6119=DIRECTION('',(0.,0.,1.));
#6120=DIRECTION('center_axis',(1.,0.,0.));
#6121=DIRECTION('ref_axis',(0.,1.,0.));
#6122=DIRECTION('',(0.,1.,0.));
#6123=DIRECTION('',(0.,1.,0.));
#6124=DIRECTION('',(0.,0.,1.));
#6125=DIRECTION('center_axis',(0.,1.,0.));
#6126=DIRECTION('ref_axis',(-1.,0.,0.));
#6127=DIRECTION('',(-1.,0.,0.));
#6128=DIRECTION('',(-1.,0.,0.));
#6129=DIRECTION('center_axis',(0.,0.,1.));
#6130=DIRECTION('ref_axis',(0.,1.,0.));
#6131=DIRECTION('center_axis',(0.,0.,-1.));
#6132=DIRECTION('ref_axis',(0.,1.,0.));
#6133=DIRECTION('',(0.,0.,-1.));
#6134=DIRECTION('center_axis',(0.,0.,-1.));
#6135=DIRECTION('ref_axis',(0.,1.,0.));
#6136=DIRECTION('center_axis',(0.,0.,1.));
#6137=DIRECTION('ref_axis',(1.,0.,0.));
#6138=DIRECTION('center_axis',(0.,0.,-1.));
#6139=DIRECTION('ref_axis',(1.,0.,0.));
#6140=DIRECTION('',(0.,0.,-1.));
#6141=DIRECTION('center_axis',(0.,0.,-1.));
#6142=DIRECTION('ref_axis',(1.,0.,0.));
#6143=DIRECTION('center_axis',(0.,0.,1.));
#6144=DIRECTION('ref_axis',(1.,0.,0.));
#6145=DIRECTION('center_axis',(0.,0.,-1.));
#6146=DIRECTION('ref_axis',(1.,0.,0.));
#6147=DIRECTION('',(0.,0.,-1.));
#6148=DIRECTION('center_axis',(0.,0.,-1.));
#6149=DIRECTION('ref_axis',(1.,0.,0.));
#6150=DIRECTION('center_axis',(0.,0.,1.));
#6151=DIRECTION('ref_axis',(-0.98883082622513,-0.149042266176165,0.));
#6152=DIRECTION('center_axis',(0.,0.,-1.));
#6153=DIRECTION('ref_axis',(-0.98883082622513,-0.149042266176165,0.));
#6154=DIRECTION('',(0.,0.,-1.));
#6155=DIRECTION('center_axis',(0.,0.,-1.));
#6156=DIRECTION('ref_axis',(-0.98883082622513,-0.149042266176165,0.));
#6157=DIRECTION('center_axis',(0.,0.,1.));
#6158=DIRECTION('ref_axis',(-0.500000000000006,0.866025403784435,0.));
#6159=DIRECTION('center_axis',(0.,0.,-1.));
#6160=DIRECTION('ref_axis',(-0.500000000000006,0.866025403784435,0.));
#6161=DIRECTION('',(0.,0.,-1.));
#6162=DIRECTION('center_axis',(0.,0.,-1.));
#6163=DIRECTION('ref_axis',(-0.500000000000006,0.866025403784435,0.));
#6164=DIRECTION('center_axis',(0.,0.,1.));
#6165=DIRECTION('ref_axis',(0.59715859170278,-0.802123192755048,0.));
#6166=DIRECTION('center_axis',(0.,0.,-1.));
#6167=DIRECTION('ref_axis',(0.59715859170278,-0.802123192755048,0.));
#6168=DIRECTION('',(0.,0.,-1.));
#6169=DIRECTION('center_axis',(0.,0.,-1.));
#6170=DIRECTION('ref_axis',(0.59715859170278,-0.802123192755048,0.));
#6171=DIRECTION('center_axis',(0.,0.,1.));
#6172=DIRECTION('ref_axis',(-0.993238357741944,0.116092914125224,0.));
#6173=DIRECTION('center_axis',(0.,0.,-1.));
#6174=DIRECTION('ref_axis',(-0.993238357741944,0.116092914125224,0.));
#6175=DIRECTION('',(0.,0.,-1.));
#6176=DIRECTION('center_axis',(0.,0.,-1.));
#6177=DIRECTION('ref_axis',(-0.993238357741944,0.116092914125224,0.));
#6178=DIRECTION('center_axis',(-1.,0.,0.));
#6179=DIRECTION('ref_axis',(0.,-1.,0.));
#6180=DIRECTION('',(0.,-1.,0.));
#6181=DIRECTION('',(0.,0.,1.));
#6182=DIRECTION('',(0.,-1.,0.));
#6183=DIRECTION('',(0.,0.,1.));
#6184=DIRECTION('center_axis',(0.,-1.,0.));
#6185=DIRECTION('ref_axis',(1.,0.,0.));
#6186=DIRECTION('',(1.,0.,0.));
#6187=DIRECTION('',(1.,0.,0.));
#6188=DIRECTION('',(0.,0.,1.));
#6189=DIRECTION('center_axis',(1.,0.,0.));
#6190=DIRECTION('ref_axis',(0.,1.,0.));
#6191=DIRECTION('',(0.,1.,0.));
#6192=DIRECTION('',(0.,1.,0.));
#6193=DIRECTION('',(0.,0.,1.));
#6194=DIRECTION('center_axis',(0.,1.,0.));
#6195=DIRECTION('ref_axis',(-1.,0.,0.));
#6196=DIRECTION('',(-1.,0.,0.));
#6197=DIRECTION('',(-1.,0.,0.));
#6198=DIRECTION('center_axis',(0.,0.,1.));
#6199=DIRECTION('ref_axis',(0.173648177666929,0.984807753012208,0.));
#6200=DIRECTION('center_axis',(0.,0.,-1.));
#6201=DIRECTION('ref_axis',(0.173648177666929,0.984807753012208,0.));
#6202=DIRECTION('',(0.,0.,-1.));
#6203=DIRECTION('center_axis',(0.,0.,-1.));
#6204=DIRECTION('ref_axis',(0.173648177666929,0.984807753012208,0.));
#6205=DIRECTION('center_axis',(0.,0.,1.));
#6206=DIRECTION('ref_axis',(-0.707106781186552,0.707106781186543,0.));
#6207=DIRECTION('center_axis',(0.,0.,-1.));
#6208=DIRECTION('ref_axis',(-0.707106781186552,0.707106781186543,0.));
#6209=DIRECTION('',(0.,0.,-1.));
#6210=DIRECTION('center_axis',(0.,0.,-1.));
#6211=DIRECTION('ref_axis',(-0.707106781186552,0.707106781186543,0.));
#6212=DIRECTION('center_axis',(0.,0.,1.));
#6213=DIRECTION('ref_axis',(0.0747300935864282,-0.99720379718118,0.));
#6214=DIRECTION('center_axis',(0.,0.,-1.));
#6215=DIRECTION('ref_axis',(0.0747300935864282,-0.99720379718118,0.));
#6216=DIRECTION('',(0.,0.,-1.));
#6217=DIRECTION('center_axis',(0.,0.,-1.));
#6218=DIRECTION('ref_axis',(0.0747300935864282,-0.99720379718118,0.));
#6219=DIRECTION('center_axis',(0.,0.,1.));
#6220=DIRECTION('ref_axis',(-0.258819045102522,-0.965925826289068,0.));
#6221=DIRECTION('center_axis',(0.,0.,-1.));
#6222=DIRECTION('ref_axis',(-0.258819045102522,-0.965925826289068,0.));
#6223=DIRECTION('',(0.,0.,-1.));
#6224=DIRECTION('center_axis',(0.,0.,-1.));
#6225=DIRECTION('ref_axis',(-0.258819045102522,-0.965925826289068,0.));
#6226=DIRECTION('center_axis',(0.,0.,1.));
#6227=DIRECTION('ref_axis',(0.500000000000006,0.866025403784435,0.));
#6228=DIRECTION('center_axis',(0.,0.,-1.));
#6229=DIRECTION('ref_axis',(0.500000000000006,0.866025403784435,0.));
#6230=DIRECTION('',(0.,0.,-1.));
#6231=DIRECTION('center_axis',(0.,0.,-1.));
#6232=DIRECTION('ref_axis',(0.500000000000006,0.866025403784435,0.));
#6233=DIRECTION('center_axis',(0.,0.,1.));
#6234=DIRECTION('ref_axis',(0.62348980185873,0.781831482468032,0.));
#6235=DIRECTION('center_axis',(0.,0.,-1.));
#6236=DIRECTION('ref_axis',(0.62348980185873,0.781831482468032,0.));
#6237=DIRECTION('',(0.,0.,-1.));
#6238=DIRECTION('center_axis',(0.,0.,-1.));
#6239=DIRECTION('ref_axis',(0.62348980185873,0.781831482468032,0.));
#6240=DIRECTION('center_axis',(0.,0.,1.));
#6241=DIRECTION('ref_axis',(-0.0581448289104788,-0.998308158271268,0.));
#6242=DIRECTION('center_axis',(0.,0.,-1.));
#6243=DIRECTION('ref_axis',(-0.0581448289104788,-0.998308158271268,0.));
#6244=DIRECTION('',(0.,0.,-1.));
#6245=DIRECTION('center_axis',(0.,0.,-1.));
#6246=DIRECTION('ref_axis',(-0.0581448289104788,-0.998308158271268,0.));
#6247=DIRECTION('center_axis',(0.,0.,1.));
#6248=DIRECTION('ref_axis',(0.965925826289065,0.258819045102531,0.));
#6249=DIRECTION('center_axis',(0.,0.,-1.));
#6250=DIRECTION('ref_axis',(0.965925826289065,0.258819045102531,0.));
#6251=DIRECTION('',(0.,0.,-1.));
#6252=DIRECTION('center_axis',(0.,0.,-1.));
#6253=DIRECTION('ref_axis',(0.965925826289065,0.258819045102531,0.));
#6254=DIRECTION('center_axis',(0.,0.,1.));
#6255=DIRECTION('ref_axis',(1.,0.,0.));
#6256=DIRECTION('center_axis',(0.,0.,-1.));
#6257=DIRECTION('ref_axis',(1.,0.,0.));
#6258=DIRECTION('',(0.,0.,-1.));
#6259=DIRECTION('center_axis',(0.,0.,-1.));
#6260=DIRECTION('ref_axis',(1.,0.,0.));
#6261=DIRECTION('center_axis',(-1.,0.,0.));
#6262=DIRECTION('ref_axis',(0.,-1.,0.));
#6263=DIRECTION('',(0.,-1.,0.));
#6264=DIRECTION('',(0.,0.,1.));
#6265=DIRECTION('',(0.,-1.,0.));
#6266=DIRECTION('',(0.,0.,1.));
#6267=DIRECTION('center_axis',(0.,-1.,0.));
#6268=DIRECTION('ref_axis',(1.,0.,0.));
#6269=DIRECTION('',(1.,0.,0.));
#6270=DIRECTION('',(1.,0.,0.));
#6271=DIRECTION('',(0.,0.,1.));
#6272=DIRECTION('center_axis',(1.,0.,0.));
#6273=DIRECTION('ref_axis',(0.,1.,0.));
#6274=DIRECTION('',(0.,1.,0.));
#6275=DIRECTION('',(0.,1.,0.));
#6276=DIRECTION('',(0.,0.,1.));
#6277=DIRECTION('center_axis',(0.,1.,0.));
#6278=DIRECTION('ref_axis',(-1.,0.,0.));
#6279=DIRECTION('',(-1.,0.,0.));
#6280=DIRECTION('',(-1.,0.,0.));
#6281=DIRECTION('center_axis',(0.,0.,1.));
#6282=DIRECTION('ref_axis',(1.,0.,0.));
#6283=DIRECTION('center_axis',(0.,0.,-1.));
#6284=DIRECTION('ref_axis',(1.,0.,0.));
#6285=DIRECTION('',(0.,0.,-1.));
#6286=DIRECTION('center_axis',(0.,0.,-1.));
#6287=DIRECTION('ref_axis',(1.,0.,0.));
#6288=DIRECTION('center_axis',(0.,0.,1.));
#6289=DIRECTION('ref_axis',(-0.835487811412933,0.549508978070812,0.));
#6290=DIRECTION('center_axis',(0.,0.,-1.));
#6291=DIRECTION('ref_axis',(-0.835487811412933,0.549508978070812,0.));
#6292=DIRECTION('',(0.,0.,-1.));
#6293=DIRECTION('center_axis',(0.,0.,-1.));
#6294=DIRECTION('ref_axis',(-0.835487811412933,0.549508978070812,0.));
#6295=DIRECTION('center_axis',(0.,0.,1.));
#6296=DIRECTION('ref_axis',(1.,0.,0.));
#6297=DIRECTION('center_axis',(0.,0.,-1.));
#6298=DIRECTION('ref_axis',(1.,0.,0.));
#6299=DIRECTION('',(0.,0.,-1.));
#6300=DIRECTION('center_axis',(0.,0.,-1.));
#6301=DIRECTION('ref_axis',(1.,0.,0.));
#6302=DIRECTION('center_axis',(0.,0.,1.));
#6303=DIRECTION('ref_axis',(1.,0.,0.));
#6304=DIRECTION('center_axis',(0.,0.,-1.));
#6305=DIRECTION('ref_axis',(1.,0.,0.));
#6306=DIRECTION('',(0.,0.,-1.));
#6307=DIRECTION('center_axis',(0.,0.,-1.));
#6308=DIRECTION('ref_axis',(1.,0.,0.));
#6309=DIRECTION('center_axis',(0.,0.,1.));
#6310=DIRECTION('ref_axis',(1.,0.,0.));
#6311=DIRECTION('center_axis',(0.,0.,-1.));
#6312=DIRECTION('ref_axis',(1.,0.,0.));
#6313=DIRECTION('',(0.,0.,-1.));
#6314=DIRECTION('center_axis',(0.,0.,-1.));
#6315=DIRECTION('ref_axis',(1.,0.,0.));
#6316=DIRECTION('center_axis',(0.,0.,1.));
#6317=DIRECTION('ref_axis',(1.,0.,0.));
#6318=DIRECTION('center_axis',(0.,0.,-1.));
#6319=DIRECTION('ref_axis',(1.,0.,0.));
#6320=DIRECTION('',(0.,0.,-1.));
#6321=DIRECTION('center_axis',(0.,0.,-1.));
#6322=DIRECTION('ref_axis',(1.,0.,0.));
#6323=DIRECTION('center_axis',(0.,0.,1.));
#6324=DIRECTION('ref_axis',(1.,0.,0.));
#6325=DIRECTION('center_axis',(0.,0.,-1.));
#6326=DIRECTION('ref_axis',(1.,0.,0.));
#6327=DIRECTION('',(0.,0.,-1.));
#6328=DIRECTION('center_axis',(0.,0.,-1.));
#6329=DIRECTION('ref_axis',(1.,0.,0.));
#6330=DIRECTION('center_axis',(0.,0.,1.));
#6331=DIRECTION('ref_axis',(1.,0.,0.));
#6332=DIRECTION('center_axis',(0.,0.,-1.));
#6333=DIRECTION('ref_axis',(1.,0.,0.));
#6334=DIRECTION('',(0.,0.,-1.));
#6335=DIRECTION('center_axis',(0.,0.,-1.));
#6336=DIRECTION('ref_axis',(1.,0.,0.));
#6337=DIRECTION('center_axis',(0.,0.,1.));
#6338=DIRECTION('ref_axis',(-0.866025403784438,0.500000000000002,0.));
#6339=DIRECTION('center_axis',(0.,0.,-1.));
#6340=DIRECTION('ref_axis',(-0.866025403784438,0.500000000000002,0.));
#6341=DIRECTION('',(0.,0.,-1.));
#6342=DIRECTION('center_axis',(0.,0.,-1.));
#6343=DIRECTION('ref_axis',(-0.866025403784438,0.500000000000002,0.));
#6344=DIRECTION('center_axis',(0.,0.,1.));
#6345=DIRECTION('ref_axis',(0.973044870579821,0.230615870742451,0.));
#6346=DIRECTION('center_axis',(0.,0.,-1.));
#6347=DIRECTION('ref_axis',(0.973044870579821,0.230615870742451,0.));
#6348=DIRECTION('',(0.,0.,-1.));
#6349=DIRECTION('center_axis',(0.,0.,-1.));
#6350=DIRECTION('ref_axis',(0.973044870579821,0.230615870742451,0.));
#6351=DIRECTION('center_axis',(0.,0.,1.));
#6352=DIRECTION('ref_axis',(1.,0.,0.));
#6353=DIRECTION('center_axis',(0.,0.,-1.));
#6354=DIRECTION('ref_axis',(1.,0.,0.));
#6355=DIRECTION('',(0.,0.,-1.));
#6356=DIRECTION('center_axis',(0.,0.,-1.));
#6357=DIRECTION('ref_axis',(1.,0.,0.));
#6358=DIRECTION('center_axis',(0.,0.,1.));
#6359=DIRECTION('ref_axis',(-0.98883082622513,0.149042266176165,0.));
#6360=DIRECTION('center_axis',(0.,0.,-1.));
#6361=DIRECTION('ref_axis',(-0.98883082622513,0.149042266176165,0.));
#6362=DIRECTION('',(0.,0.,-1.));
#6363=DIRECTION('center_axis',(0.,0.,-1.));
#6364=DIRECTION('ref_axis',(-0.98883082622513,0.149042266176165,0.));
#6365=DIRECTION('center_axis',(0.,0.,1.));
#6366=DIRECTION('ref_axis',(0.396079766039153,0.918216106880276,0.));
#6367=DIRECTION('center_axis',(0.,0.,-1.));
#6368=DIRECTION('ref_axis',(0.396079766039153,0.918216106880276,0.));
#6369=DIRECTION('',(0.,0.,-1.));
#6370=DIRECTION('center_axis',(0.,0.,-1.));
#6371=DIRECTION('ref_axis',(0.396079766039153,0.918216106880276,0.));
#6372=DIRECTION('center_axis',(0.,0.,1.));
#6373=DIRECTION('ref_axis',(0.866025403784438,0.500000000000002,0.));
#6374=DIRECTION('center_axis',(0.,0.,-1.));
#6375=DIRECTION('ref_axis',(0.866025403784438,0.500000000000002,0.));
#6376=DIRECTION('',(0.,0.,-1.));
#6377=DIRECTION('center_axis',(0.,0.,-1.));
#6378=DIRECTION('ref_axis',(0.866025403784438,0.500000000000002,0.));
#6379=DIRECTION('center_axis',(-1.,0.,0.));
#6380=DIRECTION('ref_axis',(0.,-1.,0.));
#6381=DIRECTION('',(0.,-1.,0.));
#6382=DIRECTION('',(0.,0.,1.));
#6383=DIRECTION('',(0.,-1.,0.));
#6384=DIRECTION('',(0.,0.,1.));
#6385=DIRECTION('center_axis',(0.,-1.,0.));
#6386=DIRECTION('ref_axis',(1.,0.,0.));
#6387=DIRECTION('',(1.,0.,0.));
#6388=DIRECTION('',(1.,0.,0.));
#6389=DIRECTION('',(0.,0.,1.));
#6390=DIRECTION('center_axis',(1.,0.,0.));
#6391=DIRECTION('ref_axis',(0.,1.,0.));
#6392=DIRECTION('',(0.,1.,0.));
#6393=DIRECTION('',(0.,1.,0.));
#6394=DIRECTION('',(0.,0.,1.));
#6395=DIRECTION('center_axis',(0.,1.,0.));
#6396=DIRECTION('ref_axis',(-1.,0.,0.));
#6397=DIRECTION('',(-1.,0.,0.));
#6398=DIRECTION('',(-1.,0.,0.));
#6399=DIRECTION('center_axis',(0.,0.,1.));
#6400=DIRECTION('ref_axis',(0.365341024366395,0.930873748644204,0.));
#6401=DIRECTION('center_axis',(0.,0.,-1.));
#6402=DIRECTION('ref_axis',(0.365341024366395,0.930873748644204,0.));
#6403=DIRECTION('',(0.,0.,-1.));
#6404=DIRECTION('center_axis',(0.,0.,-1.));
#6405=DIRECTION('ref_axis',(0.365341024366395,0.930873748644204,0.));
#6406=DIRECTION('center_axis',(0.,0.,1.));
#6407=DIRECTION('ref_axis',(1.,0.,0.));
#6408=DIRECTION('center_axis',(0.,0.,-1.));
#6409=DIRECTION('ref_axis',(1.,0.,0.));
#6410=DIRECTION('',(0.,0.,-1.));
#6411=DIRECTION('center_axis',(0.,0.,-1.));
#6412=DIRECTION('ref_axis',(1.,0.,0.));
#6413=DIRECTION('center_axis',(0.,0.,1.));
#6414=DIRECTION('ref_axis',(-0.222520933956314,0.974927912181824,0.));
#6415=DIRECTION('center_axis',(0.,0.,-1.));
#6416=DIRECTION('ref_axis',(-0.222520933956314,0.974927912181824,0.));
#6417=DIRECTION('',(0.,0.,-1.));
#6418=DIRECTION('center_axis',(0.,0.,-1.));
#6419=DIRECTION('ref_axis',(-0.222520933956314,0.974927912181824,0.));
#6420=DIRECTION('center_axis',(0.,0.,1.));
#6421=DIRECTION('ref_axis',(-0.500000000000006,0.866025403784435,0.));
#6422=DIRECTION('center_axis',(0.,0.,-1.));
#6423=DIRECTION('ref_axis',(-0.500000000000006,0.866025403784435,0.));
#6424=DIRECTION('',(0.,0.,-1.));
#6425=DIRECTION('center_axis',(0.,0.,-1.));
#6426=DIRECTION('ref_axis',(-0.500000000000006,0.866025403784435,0.));
#6427=DIRECTION('center_axis',(0.,0.,1.));
#6428=DIRECTION('ref_axis',(0.89363264032341,0.448799180200468,0.));
#6429=DIRECTION('center_axis',(0.,0.,-1.));
#6430=DIRECTION('ref_axis',(0.89363264032341,0.448799180200468,0.));
#6431=DIRECTION('',(0.,0.,-1.));
#6432=DIRECTION('center_axis',(0.,0.,-1.));
#6433=DIRECTION('ref_axis',(0.89363264032341,0.448799180200468,0.));
#6434=DIRECTION('center_axis',(-1.,0.,0.));
#6435=DIRECTION('ref_axis',(0.,-1.,0.));
#6436=DIRECTION('',(0.,-1.,0.));
#6437=DIRECTION('',(0.,0.,1.));
#6438=DIRECTION('',(0.,-1.,0.));
#6439=DIRECTION('',(0.,0.,1.));
#6440=DIRECTION('center_axis',(0.,-1.,0.));
#6441=DIRECTION('ref_axis',(1.,0.,0.));
#6442=DIRECTION('',(1.,0.,0.));
#6443=DIRECTION('',(1.,0.,0.));
#6444=DIRECTION('',(0.,0.,1.));
#6445=DIRECTION('center_axis',(1.,0.,0.));
#6446=DIRECTION('ref_axis',(0.,1.,0.));
#6447=DIRECTION('',(0.,1.,0.));
#6448=DIRECTION('',(0.,1.,0.));
#6449=DIRECTION('',(0.,0.,1.));
#6450=DIRECTION('center_axis',(0.,1.,0.));
#6451=DIRECTION('ref_axis',(-1.,0.,0.));
#6452=DIRECTION('',(-1.,0.,0.));
#6453=DIRECTION('',(-1.,0.,0.));
#6454=DIRECTION('center_axis',(0.,0.,1.));
#6455=DIRECTION('ref_axis',(-1.,0.,0.));
#6456=DIRECTION('center_axis',(0.,0.,-1.));
#6457=DIRECTION('ref_axis',(-1.,0.,0.));
#6458=DIRECTION('',(0.,0.,-1.));
#6459=DIRECTION('center_axis',(0.,0.,-1.));
#6460=DIRECTION('ref_axis',(-1.,0.,0.));
#6461=DIRECTION('center_axis',(0.,0.,1.));
#6462=DIRECTION('ref_axis',(1.,0.,0.));
#6463=DIRECTION('center_axis',(0.,0.,-1.));
#6464=DIRECTION('ref_axis',(1.,0.,0.));
#6465=DIRECTION('',(0.,0.,-1.));
#6466=DIRECTION('center_axis',(0.,0.,-1.));
#6467=DIRECTION('ref_axis',(1.,0.,0.));
#6468=DIRECTION('center_axis',(0.,0.,1.));
#6469=DIRECTION('ref_axis',(0.955572805786136,0.294755174410919,0.));
#6470=DIRECTION('center_axis',(0.,0.,-1.));
#6471=DIRECTION('ref_axis',(0.955572805786136,0.294755174410919,0.));
#6472=DIRECTION('',(0.,0.,-1.));
#6473=DIRECTION('center_axis',(0.,0.,-1.));
#6474=DIRECTION('ref_axis',(0.955572805786136,0.294755174410919,0.));
#6475=DIRECTION('center_axis',(0.,0.,1.));
#6476=DIRECTION('ref_axis',(0.597158591702777,0.80212319275505,0.));
#6477=DIRECTION('center_axis',(0.,0.,-1.));
#6478=DIRECTION('ref_axis',(0.597158591702777,0.80212319275505,0.));
#6479=DIRECTION('',(0.,0.,-1.));
#6480=DIRECTION('center_axis',(0.,0.,-1.));
#6481=DIRECTION('ref_axis',(0.597158591702777,0.80212319275505,0.));
#6482=DIRECTION('center_axis',(0.,0.,1.));
#6483=DIRECTION('ref_axis',(-0.733051871829834,-0.680172737770911,0.));
#6484=DIRECTION('center_axis',(0.,0.,-1.));
#6485=DIRECTION('ref_axis',(-0.733051871829834,-0.680172737770911,0.));
#6486=DIRECTION('',(0.,0.,-1.));
#6487=DIRECTION('center_axis',(0.,0.,-1.));
#6488=DIRECTION('ref_axis',(-0.733051871829834,-0.680172737770911,0.));
#6489=DIRECTION('center_axis',(0.,0.,1.));
#6490=DIRECTION('ref_axis',(-0.900968867902417,0.433883739117563,0.));
#6491=DIRECTION('center_axis',(0.,0.,-1.));
#6492=DIRECTION('ref_axis',(-0.900968867902417,0.433883739117563,0.));
#6493=DIRECTION('',(0.,0.,-1.));
#6494=DIRECTION('center_axis',(0.,0.,-1.));
#6495=DIRECTION('ref_axis',(-0.900968867902417,0.433883739117563,0.));
#6496=DIRECTION('center_axis',(0.,0.,1.));
#6497=DIRECTION('ref_axis',(-0.733051871829834,0.680172737770911,0.));
#6498=DIRECTION('center_axis',(0.,0.,-1.));
#6499=DIRECTION('ref_axis',(-0.733051871829834,0.680172737770911,0.));
#6500=DIRECTION('',(0.,0.,-1.));
#6501=DIRECTION('center_axis',(0.,0.,-1.));
#6502=DIRECTION('ref_axis',(-0.733051871829834,0.680172737770911,0.));
#6503=DIRECTION('center_axis',(0.,0.,1.));
#6504=DIRECTION('ref_axis',(0.766044443118975,0.642787609686542,0.));
#6505=DIRECTION('center_axis',(0.,0.,-1.));
#6506=DIRECTION('ref_axis',(0.766044443118975,0.642787609686542,0.));
#6507=DIRECTION('',(0.,0.,-1.));
#6508=DIRECTION('center_axis',(0.,0.,-1.));
#6509=DIRECTION('ref_axis',(0.766044443118975,0.642787609686542,0.));
#6510=DIRECTION('center_axis',(0.,1.,0.));
#6511=DIRECTION('ref_axis',(-1.,0.,0.));
#6512=DIRECTION('',(-1.,0.,0.));
#6513=DIRECTION('',(0.,0.,1.));
#6514=DIRECTION('',(-1.,0.,0.));
#6515=DIRECTION('',(0.,0.,1.));
#6516=DIRECTION('center_axis',(-1.,0.,0.));
#6517=DIRECTION('ref_axis',(0.,-1.,0.));
#6518=DIRECTION('',(0.,-1.,0.));
#6519=DIRECTION('',(0.,-1.,0.));
#6520=DIRECTION('',(0.,0.,1.));
#6521=DIRECTION('center_axis',(0.,-1.,0.));
#6522=DIRECTION('ref_axis',(1.,0.,0.));
#6523=DIRECTION('',(1.,0.,0.));
#6524=DIRECTION('',(1.,0.,0.));
#6525=DIRECTION('',(0.,0.,1.));
#6526=DIRECTION('center_axis',(1.,0.,0.));
#6527=DIRECTION('ref_axis',(0.,1.,0.));
#6528=DIRECTION('',(0.,1.,0.));
#6529=DIRECTION('',(0.,1.,0.));
#6530=DIRECTION('center_axis',(1.,0.,0.));
#6531=DIRECTION('ref_axis',(0.,1.,0.));
#6532=DIRECTION('',(0.,1.,0.));
#6533=DIRECTION('',(0.,0.,1.));
#6534=DIRECTION('',(0.,1.,0.));
#6535=DIRECTION('',(0.,0.,1.));
#6536=DIRECTION('center_axis',(0.,1.,0.));
#6537=DIRECTION('ref_axis',(-1.,0.,0.));
#6538=DIRECTION('',(-1.,0.,0.));
#6539=DIRECTION('',(-1.,0.,0.));
#6540=DIRECTION('',(0.,0.,1.));
#6541=DIRECTION('center_axis',(-1.,0.,0.));
#6542=DIRECTION('ref_axis',(0.,-1.,0.));
#6543=DIRECTION('',(0.,-1.,0.));
#6544=DIRECTION('',(0.,-1.,0.));
#6545=DIRECTION('',(0.,0.,1.));
#6546=DIRECTION('center_axis',(0.,-1.,0.));
#6547=DIRECTION('ref_axis',(1.,0.,0.));
#6548=DIRECTION('',(1.,0.,0.));
#6549=DIRECTION('',(1.,0.,0.));
#6550=DIRECTION('center_axis',(0.,0.,1.));
#6551=DIRECTION('ref_axis',(0.707106781186552,0.707106781186543,0.));
#6552=DIRECTION('center_axis',(0.,0.,-1.));
#6553=DIRECTION('ref_axis',(0.707106781186552,0.707106781186543,0.));
#6554=DIRECTION('',(0.,0.,-1.));
#6555=DIRECTION('center_axis',(0.,0.,-1.));
#6556=DIRECTION('ref_axis',(0.707106781186552,0.707106781186543,0.));
#6557=DIRECTION('center_axis',(0.,0.,1.));
#6558=DIRECTION('ref_axis',(1.,0.,0.));
#6559=DIRECTION('center_axis',(0.,0.,-1.));
#6560=DIRECTION('ref_axis',(1.,0.,0.));
#6561=DIRECTION('',(0.,0.,-1.));
#6562=DIRECTION('center_axis',(0.,0.,-1.));
#6563=DIRECTION('ref_axis',(1.,0.,0.));
#6564=DIRECTION('center_axis',(-1.,0.,0.));
#6565=DIRECTION('ref_axis',(0.,-1.,0.));
#6566=DIRECTION('',(0.,-1.,0.));
#6567=DIRECTION('',(0.,0.,1.));
#6568=DIRECTION('',(0.,-1.,0.));
#6569=DIRECTION('',(0.,0.,1.));
#6570=DIRECTION('center_axis',(0.,-1.,0.));
#6571=DIRECTION('ref_axis',(1.,0.,0.));
#6572=DIRECTION('',(1.,0.,0.));
#6573=DIRECTION('',(1.,0.,0.));
#6574=DIRECTION('',(0.,0.,1.));
#6575=DIRECTION('center_axis',(1.,0.,0.));
#6576=DIRECTION('ref_axis',(0.,1.,0.));
#6577=DIRECTION('',(0.,1.,0.));
#6578=DIRECTION('',(0.,1.,0.));
#6579=DIRECTION('',(0.,0.,1.));
#6580=DIRECTION('center_axis',(0.,1.,0.));
#6581=DIRECTION('ref_axis',(-1.,0.,0.));
#6582=DIRECTION('',(-1.,0.,0.));
#6583=DIRECTION('',(-1.,0.,0.));
#6584=DIRECTION('center_axis',(0.,0.,1.));
#6585=DIRECTION('ref_axis',(-0.0581448289104744,0.998308158271268,0.));
#6586=DIRECTION('center_axis',(0.,0.,-1.));
#6587=DIRECTION('ref_axis',(-0.0581448289104744,0.998308158271268,0.));
#6588=DIRECTION('',(0.,0.,-1.));
#6589=DIRECTION('center_axis',(0.,0.,-1.));
#6590=DIRECTION('ref_axis',(-0.0581448289104744,0.998308158271268,0.));
#6591=DIRECTION('center_axis',(0.,0.,1.));
#6592=DIRECTION('ref_axis',(1.,0.,0.));
#6593=DIRECTION('center_axis',(0.,0.,-1.));
#6594=DIRECTION('ref_axis',(1.,0.,0.));
#6595=DIRECTION('',(0.,0.,-1.));
#6596=DIRECTION('center_axis',(0.,0.,-1.));
#6597=DIRECTION('ref_axis',(1.,0.,0.));
#6598=DIRECTION('center_axis',(0.,0.,1.));
#6599=DIRECTION('ref_axis',(-0.686241637868735,0.727373641573047,0.));
#6600=DIRECTION('center_axis',(0.,0.,-1.));
#6601=DIRECTION('ref_axis',(-0.686241637868735,0.727373641573047,0.));
#6602=DIRECTION('',(0.,0.,-1.));
#6603=DIRECTION('center_axis',(0.,0.,-1.));
#6604=DIRECTION('ref_axis',(-0.686241637868735,0.727373641573047,0.));
#6605=DIRECTION('center_axis',(0.,0.,1.));
#6606=DIRECTION('ref_axis',(1.,0.,0.));
#6607=DIRECTION('center_axis',(0.,0.,-1.));
#6608=DIRECTION('ref_axis',(1.,0.,0.));
#6609=DIRECTION('',(0.,0.,-1.));
#6610=DIRECTION('center_axis',(0.,0.,-1.));
#6611=DIRECTION('ref_axis',(1.,0.,0.));
#6612=DIRECTION('center_axis',(0.,0.,1.));
#6613=DIRECTION('ref_axis',(-0.939692620785907,0.342020143325673,0.));
#6614=DIRECTION('center_axis',(0.,0.,-1.));
#6615=DIRECTION('ref_axis',(-0.939692620785907,0.342020143325673,0.));
#6616=DIRECTION('',(0.,0.,-1.));
#6617=DIRECTION('center_axis',(0.,0.,-1.));
#6618=DIRECTION('ref_axis',(-0.939692620785907,0.342020143325673,0.));
#6619=DIRECTION('center_axis',(0.,0.,1.));
#6620=DIRECTION('ref_axis',(-0.965925826289065,0.258819045102531,0.));
#6621=DIRECTION('center_axis',(0.,0.,-1.));
#6622=DIRECTION('ref_axis',(-0.965925826289065,0.258819045102531,0.));
#6623=DIRECTION('',(0.,0.,-1.));
#6624=DIRECTION('center_axis',(0.,0.,-1.));
#6625=DIRECTION('ref_axis',(-0.965925826289065,0.258819045102531,0.));
#6626=DIRECTION('center_axis',(0.,0.,1.));
#6627=DIRECTION('ref_axis',(-0.222520933956314,-0.974927912181824,0.));
#6628=DIRECTION('center_axis',(0.,0.,-1.));
#6629=DIRECTION('ref_axis',(-0.222520933956314,-0.974927912181824,0.));
#6630=DIRECTION('',(0.,0.,-1.));
#6631=DIRECTION('center_axis',(0.,0.,-1.));
#6632=DIRECTION('ref_axis',(-0.222520933956314,-0.974927912181824,0.));
#6633=DIRECTION('center_axis',(0.,0.,1.));
#6634=DIRECTION('ref_axis',(-0.25881904510252,0.965925826289069,0.));
#6635=DIRECTION('center_axis',(0.,0.,-1.));
#6636=DIRECTION('ref_axis',(-0.25881904510252,0.965925826289069,0.));
#6637=DIRECTION('',(0.,0.,-1.));
#6638=DIRECTION('center_axis',(0.,0.,-1.));
#6639=DIRECTION('ref_axis',(-0.25881904510252,0.965925826289069,0.));
#6640=DIRECTION('center_axis',(0.,0.,1.));
#6641=DIRECTION('ref_axis',(-0.835487811412933,-0.549508978070812,0.));
#6642=DIRECTION('center_axis',(0.,0.,-1.));
#6643=DIRECTION('ref_axis',(-0.835487811412933,-0.549508978070812,0.));
#6644=DIRECTION('',(0.,0.,-1.));
#6645=DIRECTION('center_axis',(0.,0.,-1.));
#6646=DIRECTION('ref_axis',(-0.835487811412933,-0.549508978070812,0.));
#6647=DIRECTION('center_axis',(0.,0.,1.));
#6648=DIRECTION('ref_axis',(-0.686241637868733,-0.727373641573049,0.));
#6649=DIRECTION('center_axis',(0.,0.,-1.));
#6650=DIRECTION('ref_axis',(-0.686241637868733,-0.727373641573049,0.));
#6651=DIRECTION('',(0.,0.,-1.));
#6652=DIRECTION('center_axis',(0.,0.,-1.));
#6653=DIRECTION('ref_axis',(-0.686241637868733,-0.727373641573049,0.));
#6654=DIRECTION('center_axis',(0.,0.,1.));
#6655=DIRECTION('ref_axis',(0.0747300935864238,0.99720379718118,0.));
#6656=DIRECTION('center_axis',(0.,0.,-1.));
#6657=DIRECTION('ref_axis',(0.0747300935864238,0.99720379718118,0.));
#6658=DIRECTION('',(0.,0.,-1.));
#6659=DIRECTION('center_axis',(0.,0.,-1.));
#6660=DIRECTION('ref_axis',(0.0747300935864238,0.99720379718118,0.));
#6661=DIRECTION('center_axis',(0.,0.,1.));
#6662=DIRECTION('ref_axis',(1.,0.,0.));
#6663=DIRECTION('center_axis',(0.,0.,-1.));
#6664=DIRECTION('ref_axis',(1.,0.,0.));
#6665=DIRECTION('',(0.,0.,-1.));
#6666=DIRECTION('center_axis',(0.,0.,-1.));
#6667=DIRECTION('ref_axis',(1.,0.,0.));
#6668=DIRECTION('center_axis',(0.,0.,1.));
#6669=DIRECTION('ref_axis',(-0.707106781186552,-0.707106781186543,0.));
#6670=DIRECTION('center_axis',(0.,0.,-1.));
#6671=DIRECTION('ref_axis',(-0.707106781186552,-0.707106781186543,0.));
#6672=DIRECTION('',(0.,0.,-1.));
#6673=DIRECTION('center_axis',(0.,0.,-1.));
#6674=DIRECTION('ref_axis',(-0.707106781186552,-0.707106781186543,0.));
#6675=DIRECTION('center_axis',(0.,0.,1.));
#6676=DIRECTION('ref_axis',(1.,0.,0.));
#6677=DIRECTION('center_axis',(0.,0.,-1.));
#6678=DIRECTION('ref_axis',(1.,0.,0.));
#6679=DIRECTION('',(0.,0.,-1.));
#6680=DIRECTION('center_axis',(0.,0.,-1.));
#6681=DIRECTION('ref_axis',(1.,0.,0.));
#6682=DIRECTION('center_axis',(0.,0.,1.));
#6683=DIRECTION('ref_axis',(1.,0.,0.));
#6684=DIRECTION('center_axis',(0.,0.,-1.));
#6685=DIRECTION('ref_axis',(1.,0.,0.));
#6686=DIRECTION('',(0.,0.,-1.));
#6687=DIRECTION('center_axis',(0.,0.,-1.));
#6688=DIRECTION('ref_axis',(1.,0.,0.));
#6689=DIRECTION('center_axis',(0.,0.,1.));
#6690=DIRECTION('ref_axis',(-0.900968867902417,-0.433883739117563,0.));
#6691=DIRECTION('center_axis',(0.,0.,-1.));
#6692=DIRECTION('ref_axis',(-0.900968867902417,-0.433883739117563,0.));
#6693=DIRECTION('',(0.,0.,-1.));
#6694=DIRECTION('center_axis',(0.,0.,-1.));
#6695=DIRECTION('ref_axis',(-0.900968867902417,-0.433883739117563,0.));
#6696=DIRECTION('center_axis',(0.,0.,1.));
#6697=DIRECTION('ref_axis',(1.,0.,0.));
#6698=DIRECTION('center_axis',(0.,0.,-1.));
#6699=DIRECTION('ref_axis',(1.,0.,0.));
#6700=DIRECTION('',(0.,0.,-1.));
#6701=DIRECTION('center_axis',(0.,0.,-1.));
#6702=DIRECTION('ref_axis',(1.,0.,0.));
#6703=DIRECTION('center_axis',(0.,0.,1.));
#6704=DIRECTION('ref_axis',(1.,0.,0.));
#6705=DIRECTION('center_axis',(0.,0.,-1.));
#6706=DIRECTION('ref_axis',(1.,0.,0.));
#6707=DIRECTION('',(0.,0.,-1.));
#6708=DIRECTION('center_axis',(0.,0.,-1.));
#6709=DIRECTION('ref_axis',(1.,0.,0.));
#6710=DIRECTION('center_axis',(-1.,0.,0.));
#6711=DIRECTION('ref_axis',(0.,-1.,0.));
#6712=DIRECTION('',(0.,-1.,0.));
#6713=DIRECTION('',(0.,0.,1.));
#6714=DIRECTION('',(0.,-1.,0.));
#6715=DIRECTION('',(0.,0.,1.));
#6716=DIRECTION('center_axis',(0.,-1.,0.));
#6717=DIRECTION('ref_axis',(1.,0.,0.));
#6718=DIRECTION('',(1.,0.,0.));
#6719=DIRECTION('',(1.,0.,0.));
#6720=DIRECTION('',(0.,0.,1.));
#6721=DIRECTION('center_axis',(1.,0.,0.));
#6722=DIRECTION('ref_axis',(0.,1.,0.));
#6723=DIRECTION('',(0.,1.,0.));
#6724=DIRECTION('',(0.,1.,0.));
#6725=DIRECTION('',(0.,0.,1.));
#6726=DIRECTION('center_axis',(0.,1.,0.));
#6727=DIRECTION('ref_axis',(-1.,0.,0.));
#6728=DIRECTION('',(-1.,0.,0.));
#6729=DIRECTION('',(-1.,0.,0.));
#6730=DIRECTION('center_axis',(0.,0.,1.));
#6731=DIRECTION('ref_axis',(-0.500000000000007,-0.866025403784434,0.));
#6732=DIRECTION('center_axis',(0.,0.,-1.));
#6733=DIRECTION('ref_axis',(-0.500000000000007,-0.866025403784434,0.));
#6734=DIRECTION('',(0.,0.,-1.));
#6735=DIRECTION('center_axis',(0.,0.,-1.));
#6736=DIRECTION('ref_axis',(-0.500000000000007,-0.866025403784434,0.));
#6737=DIRECTION('center_axis',(0.,0.,1.));
#6738=DIRECTION('ref_axis',(1.,0.,0.));
#6739=DIRECTION('center_axis',(0.,0.,-1.));
#6740=DIRECTION('ref_axis',(1.,0.,0.));
#6741=DIRECTION('',(0.,0.,-1.));
#6742=DIRECTION('center_axis',(0.,0.,-1.));
#6743=DIRECTION('ref_axis',(1.,0.,0.));
#6744=DIRECTION('center_axis',(0.,0.,1.));
#6745=DIRECTION('ref_axis',(-0.965925826289066,-0.25881904510253,0.));
#6746=DIRECTION('center_axis',(0.,0.,-1.));
#6747=DIRECTION('ref_axis',(-0.965925826289066,-0.25881904510253,0.));
#6748=DIRECTION('',(0.,0.,-1.));
#6749=DIRECTION('center_axis',(0.,0.,-1.));
#6750=DIRECTION('ref_axis',(-0.965925826289066,-0.25881904510253,0.));
#6751=DIRECTION('center_axis',(0.,0.,1.));
#6752=DIRECTION('ref_axis',(-0.500000000000007,0.866025403784434,0.));
#6753=DIRECTION('center_axis',(0.,0.,-1.));
#6754=DIRECTION('ref_axis',(-0.500000000000007,0.866025403784434,0.));
#6755=DIRECTION('',(0.,0.,-1.));
#6756=DIRECTION('center_axis',(0.,0.,-1.));
#6757=DIRECTION('ref_axis',(-0.500000000000007,0.866025403784434,0.));
#6758=DIRECTION('center_axis',(0.,0.,1.));
#6759=DIRECTION('ref_axis',(-0.286803232711085,-0.95798951231549,0.));
#6760=DIRECTION('center_axis',(0.,0.,-1.));
#6761=DIRECTION('ref_axis',(-0.286803232711085,-0.95798951231549,0.));
#6762=DIRECTION('',(0.,0.,-1.));
#6763=DIRECTION('center_axis',(0.,0.,-1.));
#6764=DIRECTION('ref_axis',(-0.286803232711085,-0.95798951231549,0.));
#6765=DIRECTION('center_axis',(0.,0.,1.));
#6766=DIRECTION('ref_axis',(1.,0.,0.));
#6767=DIRECTION('center_axis',(0.,0.,-1.));
#6768=DIRECTION('ref_axis',(1.,0.,0.));
#6769=DIRECTION('',(0.,0.,-1.));
#6770=DIRECTION('center_axis',(0.,0.,-1.));
#6771=DIRECTION('ref_axis',(1.,0.,0.));
#6772=DIRECTION('center_axis',(0.,0.,1.));
#6773=DIRECTION('ref_axis',(1.,0.,0.));
#6774=DIRECTION('center_axis',(0.,0.,-1.));
#6775=DIRECTION('ref_axis',(1.,0.,0.));
#6776=DIRECTION('',(0.,0.,-1.));
#6777=DIRECTION('center_axis',(0.,0.,-1.));
#6778=DIRECTION('ref_axis',(1.,0.,0.));
#6779=DIRECTION('center_axis',(0.,0.,1.));
#6780=DIRECTION('ref_axis',(1.,0.,0.));
#6781=DIRECTION('center_axis',(0.,0.,-1.));
#6782=DIRECTION('ref_axis',(1.,0.,0.));
#6783=DIRECTION('',(0.,0.,-1.));
#6784=DIRECTION('center_axis',(0.,0.,-1.));
#6785=DIRECTION('ref_axis',(1.,0.,0.));
#6786=DIRECTION('center_axis',(0.,0.,1.));
#6787=DIRECTION('ref_axis',(1.,0.,0.));
#6788=DIRECTION('center_axis',(0.,0.,-1.));
#6789=DIRECTION('ref_axis',(1.,0.,0.));
#6790=DIRECTION('',(0.,0.,-1.));
#6791=DIRECTION('center_axis',(0.,0.,-1.));
#6792=DIRECTION('ref_axis',(1.,0.,0.));
#6793=DIRECTION('center_axis',(0.,0.,1.));
#6794=DIRECTION('ref_axis',(1.,0.,0.));
#6795=DIRECTION('center_axis',(0.,0.,-1.));
#6796=DIRECTION('ref_axis',(1.,0.,0.));
#6797=DIRECTION('',(0.,0.,-1.));
#6798=DIRECTION('center_axis',(0.,0.,-1.));
#6799=DIRECTION('ref_axis',(1.,0.,0.));
#6800=DIRECTION('center_axis',(0.,0.,1.));
#6801=DIRECTION('ref_axis',(1.,0.,0.));
#6802=DIRECTION('center_axis',(0.,0.,-1.));
#6803=DIRECTION('ref_axis',(1.,0.,0.));
#6804=DIRECTION('',(0.,0.,-1.));
#6805=DIRECTION('center_axis',(0.,0.,-1.));
#6806=DIRECTION('ref_axis',(1.,0.,0.));
#6807=DIRECTION('center_axis',(0.,0.,1.));
#6808=DIRECTION('ref_axis',(1.,0.,0.));
#6809=DIRECTION('center_axis',(0.,0.,-1.));
#6810=DIRECTION('ref_axis',(1.,0.,0.));
#6811=DIRECTION('',(0.,0.,-1.));
#6812=DIRECTION('center_axis',(0.,0.,-1.));
#6813=DIRECTION('ref_axis',(1.,0.,0.));
#6814=DIRECTION('center_axis',(0.,0.,1.));
#6815=DIRECTION('ref_axis',(1.,0.,0.));
#6816=DIRECTION('center_axis',(0.,0.,-1.));
#6817=DIRECTION('ref_axis',(1.,0.,0.));
#6818=DIRECTION('',(0.,0.,-1.));
#6819=DIRECTION('center_axis',(0.,0.,-1.));
#6820=DIRECTION('ref_axis',(1.,0.,0.));
#6821=DIRECTION('center_axis',(0.,0.,1.));
#6822=DIRECTION('ref_axis',(-0.866025403784439,-0.5,0.));
#6823=DIRECTION('center_axis',(0.,0.,-1.));
#6824=DIRECTION('ref_axis',(-0.866025403784439,-0.5,0.));
#6825=DIRECTION('',(0.,0.,-1.));
#6826=DIRECTION('center_axis',(0.,0.,-1.));
#6827=DIRECTION('ref_axis',(-0.866025403784439,-0.5,0.));
#6828=DIRECTION('center_axis',(0.,0.,1.));
#6829=DIRECTION('ref_axis',(-0.286803232711087,0.95798951231549,0.));
#6830=DIRECTION('center_axis',(0.,0.,-1.));
#6831=DIRECTION('ref_axis',(-0.286803232711087,0.95798951231549,0.));
#6832=DIRECTION('',(0.,0.,-1.));
#6833=DIRECTION('center_axis',(0.,0.,-1.));
#6834=DIRECTION('ref_axis',(-0.286803232711087,0.95798951231549,0.));
#6835=DIRECTION('center_axis',(0.,0.,1.));
#6836=DIRECTION('ref_axis',(1.,0.,0.));
#6837=DIRECTION('center_axis',(0.,0.,-1.));
#6838=DIRECTION('ref_axis',(1.,0.,0.));
#6839=DIRECTION('',(0.,0.,-1.));
#6840=DIRECTION('center_axis',(0.,0.,-1.));
#6841=DIRECTION('ref_axis',(1.,0.,0.));
#6842=DIRECTION('center_axis',(0.,0.,1.));
#6843=DIRECTION('ref_axis',(1.,0.,0.));
#6844=DIRECTION('center_axis',(0.,0.,-1.));
#6845=DIRECTION('ref_axis',(1.,0.,0.));
#6846=DIRECTION('',(0.,0.,-1.));
#6847=DIRECTION('center_axis',(0.,0.,-1.));
#6848=DIRECTION('ref_axis',(1.,0.,0.));
#6849=DIRECTION('center_axis',(1.,0.,0.));
#6850=DIRECTION('ref_axis',(0.,1.,0.));
#6851=DIRECTION('',(0.,1.,0.));
#6852=DIRECTION('',(0.,0.,1.));
#6853=DIRECTION('',(0.,1.,0.));
#6854=DIRECTION('',(0.,0.,1.));
#6855=DIRECTION('center_axis',(0.,1.,0.));
#6856=DIRECTION('ref_axis',(-1.,0.,0.));
#6857=DIRECTION('',(-1.,0.,0.));
#6858=DIRECTION('',(-1.,0.,0.));
#6859=DIRECTION('',(0.,0.,1.));
#6860=DIRECTION('center_axis',(-1.,0.,0.));
#6861=DIRECTION('ref_axis',(0.,-1.,0.));
#6862=DIRECTION('',(0.,-1.,0.));
#6863=DIRECTION('',(0.,-1.,0.));
#6864=DIRECTION('',(0.,0.,1.));
#6865=DIRECTION('center_axis',(0.,-1.,0.));
#6866=DIRECTION('ref_axis',(1.,0.,0.));
#6867=DIRECTION('',(1.,0.,0.));
#6868=DIRECTION('',(1.,0.,0.));
#6869=DIRECTION('center_axis',(0.,0.,1.));
#6870=DIRECTION('ref_axis',(1.,0.,0.));
#6871=DIRECTION('center_axis',(0.,0.,-1.));
#6872=DIRECTION('ref_axis',(1.,0.,0.));
#6873=DIRECTION('',(0.,0.,-1.));
#6874=DIRECTION('center_axis',(0.,0.,-1.));
#6875=DIRECTION('ref_axis',(1.,0.,0.));
#6876=DIRECTION('center_axis',(0.,0.,1.));
#6877=DIRECTION('ref_axis',(1.,0.,0.));
#6878=DIRECTION('center_axis',(0.,0.,-1.));
#6879=DIRECTION('ref_axis',(1.,0.,0.));
#6880=DIRECTION('',(0.,0.,-1.));
#6881=DIRECTION('center_axis',(0.,0.,-1.));
#6882=DIRECTION('ref_axis',(1.,0.,0.));
#6883=DIRECTION('center_axis',(0.,0.,1.));
#6884=DIRECTION('ref_axis',(1.,0.,0.));
#6885=DIRECTION('center_axis',(0.,0.,-1.));
#6886=DIRECTION('ref_axis',(1.,0.,0.));
#6887=DIRECTION('',(0.,0.,-1.));
#6888=DIRECTION('center_axis',(0.,0.,-1.));
#6889=DIRECTION('ref_axis',(1.,0.,0.));
#6890=DIRECTION('center_axis',(0.,0.,1.));
#6891=DIRECTION('ref_axis',(1.,0.,0.));
#6892=DIRECTION('center_axis',(0.,0.,-1.));
#6893=DIRECTION('ref_axis',(1.,0.,0.));
#6894=DIRECTION('',(0.,0.,-1.));
#6895=DIRECTION('center_axis',(0.,0.,-1.));
#6896=DIRECTION('ref_axis',(1.,0.,0.));
#6897=DIRECTION('center_axis',(0.,0.,1.));
#6898=DIRECTION('ref_axis',(1.,0.,0.));
#6899=DIRECTION('center_axis',(0.,0.,-1.));
#6900=DIRECTION('ref_axis',(1.,0.,0.));
#6901=DIRECTION('',(0.,0.,-1.));
#6902=DIRECTION('center_axis',(0.,0.,-1.));
#6903=DIRECTION('ref_axis',(1.,0.,0.));
#6904=DIRECTION('center_axis',(0.,0.,1.));
#6905=DIRECTION('ref_axis',(1.,0.,0.));
#6906=DIRECTION('center_axis',(0.,0.,-1.));
#6907=DIRECTION('ref_axis',(1.,0.,0.));
#6908=DIRECTION('',(0.,0.,-1.));
#6909=DIRECTION('center_axis',(0.,0.,-1.));
#6910=DIRECTION('ref_axis',(1.,0.,0.));
#6911=DIRECTION('center_axis',(0.,0.,1.));
#6912=DIRECTION('ref_axis',(1.,0.,0.));
#6913=DIRECTION('center_axis',(0.,0.,-1.));
#6914=DIRECTION('ref_axis',(1.,0.,0.));
#6915=DIRECTION('',(0.,0.,-1.));
#6916=DIRECTION('center_axis',(0.,0.,-1.));
#6917=DIRECTION('ref_axis',(1.,0.,0.));
#6918=DIRECTION('center_axis',(0.,0.,1.));
#6919=DIRECTION('ref_axis',(1.,0.,0.));
#6920=DIRECTION('center_axis',(0.,0.,-1.));
#6921=DIRECTION('ref_axis',(1.,0.,0.));
#6922=DIRECTION('',(0.,0.,-1.));
#6923=DIRECTION('center_axis',(0.,0.,-1.));
#6924=DIRECTION('ref_axis',(1.,0.,0.));
#6925=DIRECTION('center_axis',(0.,0.,1.));
#6926=DIRECTION('ref_axis',(1.,0.,0.));
#6927=DIRECTION('center_axis',(0.,0.,-1.));
#6928=DIRECTION('ref_axis',(1.,0.,0.));
#6929=DIRECTION('',(0.,0.,-1.));
#6930=DIRECTION('center_axis',(0.,0.,-1.));
#6931=DIRECTION('ref_axis',(1.,0.,0.));
#6932=DIRECTION('center_axis',(0.,0.,1.));
#6933=DIRECTION('ref_axis',(1.,0.,0.));
#6934=DIRECTION('center_axis',(0.,0.,-1.));
#6935=DIRECTION('ref_axis',(1.,0.,0.));
#6936=DIRECTION('',(0.,0.,-1.));
#6937=DIRECTION('center_axis',(0.,0.,-1.));
#6938=DIRECTION('ref_axis',(1.,0.,0.));
#6939=DIRECTION('center_axis',(0.,0.,1.));
#6940=DIRECTION('ref_axis',(-0.993238357741944,-0.116092914125224,0.));
#6941=DIRECTION('center_axis',(0.,0.,-1.));
#6942=DIRECTION('ref_axis',(-0.993238357741944,-0.116092914125224,0.));
#6943=DIRECTION('',(0.,0.,-1.));
#6944=DIRECTION('center_axis',(0.,0.,-1.));
#6945=DIRECTION('ref_axis',(-0.993238357741944,-0.116092914125224,0.));
#6946=DIRECTION('center_axis',(0.,0.,1.));
#6947=DIRECTION('ref_axis',(1.,0.,0.));
#6948=DIRECTION('center_axis',(0.,0.,-1.));
#6949=DIRECTION('ref_axis',(1.,0.,0.));
#6950=DIRECTION('',(0.,0.,-1.));
#6951=DIRECTION('center_axis',(0.,0.,-1.));
#6952=DIRECTION('ref_axis',(1.,0.,0.));
#6953=DIRECTION('center_axis',(0.,0.,1.));
#6954=DIRECTION('ref_axis',(-0.500000000000007,-0.866025403784434,0.));
#6955=DIRECTION('center_axis',(0.,0.,-1.));
#6956=DIRECTION('ref_axis',(-0.500000000000007,-0.866025403784434,0.));
#6957=DIRECTION('',(0.,0.,-1.));
#6958=DIRECTION('center_axis',(0.,0.,-1.));
#6959=DIRECTION('ref_axis',(-0.500000000000007,-0.866025403784434,0.));
#6960=DIRECTION('center_axis',(-1.,0.,0.));
#6961=DIRECTION('ref_axis',(0.,-1.,0.));
#6962=DIRECTION('',(0.,1.,0.));
#6963=DIRECTION('',(0.,0.,1.));
#6964=DIRECTION('',(0.,-1.,0.));
#6965=DIRECTION('',(0.,0.,1.));
#6966=DIRECTION('center_axis',(-3.85185988877447E-33,1.,0.));
#6967=DIRECTION('ref_axis',(-1.,-3.85185988877447E-33,0.));
#6968=DIRECTION('',(1.,3.85185988877447E-33,0.));
#6969=DIRECTION('',(-1.,-3.85185988877447E-33,0.));
#6970=DIRECTION('',(0.,0.,1.));
#6971=DIRECTION('center_axis',(1.,0.,0.));
#6972=DIRECTION('ref_axis',(0.,1.,0.));
#6973=DIRECTION('',(0.,-1.,0.));
#6974=DIRECTION('',(0.,1.,0.));
#6975=DIRECTION('',(0.,0.,1.));
#6976=DIRECTION('center_axis',(0.,-1.,0.));
#6977=DIRECTION('ref_axis',(1.,0.,0.));
#6978=DIRECTION('',(-1.,0.,0.));
#6979=DIRECTION('',(1.,0.,0.));
#6980=DIRECTION('center_axis',(0.,0.,1.));
#6981=DIRECTION('ref_axis',(1.,0.,0.));
#6982=DIRECTION('center_axis',(0.,0.,1.));
#6983=DIRECTION('ref_axis',(1.,0.,0.));
#6984=CARTESIAN_POINT('',(0.,0.,0.));
#6985=CARTESIAN_POINT('Origin',(28.000000372529,-118.750001788139,-5.));
#6986=CARTESIAN_POINT('',(25.000000372529,-117.500001788139,-5.));
#6987=CARTESIAN_POINT('',(25.000000372529,-120.000001788139,-5.));
#6988=CARTESIAN_POINT('',(25.000000372529,-119.375001788139,-5.));
#6989=CARTESIAN_POINT('',(31.000000372529,-117.500001788139,-5.));
#6990=CARTESIAN_POINT('',(31.000000372529,-117.500001788139,-5.));
#6991=CARTESIAN_POINT('',(31.000000372529,-120.000001788139,-5.));
#6992=CARTESIAN_POINT('',(31.000000372529,-118.125001788139,-5.));
#6993=CARTESIAN_POINT('',(25.000000372529,-120.000001788139,-5.));
#6994=CARTESIAN_POINT('Origin',(31.000000372529,-117.500001788139,-10.));
#6995=CARTESIAN_POINT('',(31.000000372529,-117.500001788139,-10.));
#6996=CARTESIAN_POINT('',(31.000000372529,-117.500001788139,-10.));
#6997=CARTESIAN_POINT('',(31.000000372529,-120.000001788139,-10.));
#6998=CARTESIAN_POINT('',(31.000000372529,-88.7500013411045,-10.));
#6999=CARTESIAN_POINT('',(31.000000372529,-120.000001788139,-10.));
#7000=CARTESIAN_POINT('Origin',(45.171776614484,-1.5,-5.57712112034662));
#7001=CARTESIAN_POINT('',(45.171776614484,0.,-7.57712112034662));
#7002=CARTESIAN_POINT('Origin',(45.171776614484,0.,-5.57712112034662));
#7003=CARTESIAN_POINT('',(45.171776614484,-2.5000000372529,-7.57712112034662));
#7004=CARTESIAN_POINT('',(45.171776614484,-1.5,-7.57712112034662));
#7005=CARTESIAN_POINT('Origin',(45.171776614484,-2.5000000372529,-5.57712112034662));
#7006=CARTESIAN_POINT('Origin',(35.0000005215406,-82.0000012218952,-10.));
#7007=CARTESIAN_POINT('',(34.1250005215406,-82.0000012218952,1.11022302462516E-15));
#7008=CARTESIAN_POINT('Origin',(35.0000005215406,-82.0000012218952,1.11022302462516E-15));
#7009=CARTESIAN_POINT('',(34.1250005215406,-82.0000012218952,-10.));
#7010=CARTESIAN_POINT('',(34.1250005215406,-82.0000012218952,-10.));
#7011=CARTESIAN_POINT('Origin',(35.0000005215406,-82.0000012218952,-10.));
#7012=CARTESIAN_POINT('Origin',(35.0000005215406,-82.0000012218952,1.11022302462516E-15));
#7013=CARTESIAN_POINT('Origin',(25.000000372529,-120.000001788139,-10.));
#7014=CARTESIAN_POINT('',(25.000000372529,-120.000001788139,-10.));
#7015=CARTESIAN_POINT('',(25.000000372529,-120.000001788139,-10.));
#7016=CARTESIAN_POINT('',(25.000000372529,-117.500001788139,-10.));
#7017=CARTESIAN_POINT('',(25.000000372529,-90.0000013411045,-10.));
#7018=CARTESIAN_POINT('',(25.000000372529,-117.500001788139,-10.));
#7019=CARTESIAN_POINT('Origin',(53.5000000372529,-117.500000037253,-10.));
#7020=CARTESIAN_POINT('',(53.5000000372529,-117.500000037253,-10.));
#7021=CARTESIAN_POINT('',(40.7500000186265,-117.500000037253,-10.));
#7022=CARTESIAN_POINT('',(2.5000000372529,-117.500000037253,-10.));
#7023=CARTESIAN_POINT('',(26.5000001862645,-117.500000037253,-10.));
#7024=CARTESIAN_POINT('',(2.5000000372529,-117.500000037253,1.11022302462516E-15));
#7025=CARTESIAN_POINT('',(2.5000000372529,-117.500000037253,-10.));
#7026=CARTESIAN_POINT('',(53.5000000372529,-117.500000037253,1.11022302462516E-15));
#7027=CARTESIAN_POINT('',(53.5000000372529,-117.500000037253,1.11022302462516E-15));
#7028=CARTESIAN_POINT('',(53.5000000372529,-117.500000037253,-10.));
#7029=CARTESIAN_POINT('Origin',(53.5000000372529,-2.5000000372529,-10.));
#7030=CARTESIAN_POINT('',(53.5000000372529,-2.5000000372529,-10.));
#7031=CARTESIAN_POINT('',(53.5000000372529,-31.2500004656613,-10.));
#7032=CARTESIAN_POINT('',(53.5000000372529,-2.5000000372529,1.11022302462516E-15));
#7033=CARTESIAN_POINT('',(53.5000000372529,-2.5000000372529,1.11022302462516E-15));
#7034=CARTESIAN_POINT('',(53.5000000372529,-2.5000000372529,-10.));
#7035=CARTESIAN_POINT('Origin',(2.5000000372529,-2.5000000372529,-10.));
#7036=CARTESIAN_POINT('',(2.5000000372529,-2.5000000372529,-10.));
#7037=CARTESIAN_POINT('',(15.2500000186265,-2.5000000372529,-10.));
#7038=CARTESIAN_POINT('',(2.5000000372529,-2.5000000372529,1.11022302462516E-15));
#7039=CARTESIAN_POINT('',(2.5000000372529,-2.5000000372529,1.11022302462516E-15));
#7040=CARTESIAN_POINT('',(2.5000000372529,-2.5000000372529,-10.));
#7041=CARTESIAN_POINT('Origin',(2.5000000372529,-117.500000037253,-10.));
#7042=CARTESIAN_POINT('',(2.5000000372529,-88.7500004656613,-10.));
#7043=CARTESIAN_POINT('',(2.5000000372529,-117.500000037253,1.11022302462516E-15));
#7044=CARTESIAN_POINT('Origin',(28.,-60.0000008940697,1.11022302462516E-15));
#7045=CARTESIAN_POINT('',(0.,-120.,1.11022302462516E-15));
#7046=CARTESIAN_POINT('',(56.,-120.,1.11022302462516E-15));
#7047=CARTESIAN_POINT('',(56.,-120.,1.11022302462516E-15));
#7048=CARTESIAN_POINT('',(56.,0.,1.11022302462516E-15));
#7049=CARTESIAN_POINT('',(56.,2.1570415377137E-31,1.11022302462516E-15));
#7050=CARTESIAN_POINT('',(0.,0.,1.11022302462516E-15));
#7051=CARTESIAN_POINT('',(0.,0.,1.11022302462516E-15));
#7052=CARTESIAN_POINT('',(0.,-120.,1.11022302462516E-15));
#7053=CARTESIAN_POINT('Origin',(28.,-60.0000008940697,-10.));
#7054=CARTESIAN_POINT('',(56.,-120.,-10.));
#7055=CARTESIAN_POINT('',(11.6250001862645,-27.0000004023314,-10.));
#7056=CARTESIAN_POINT('Origin',(12.5000001862645,-27.0000004023314,-10.));
#7057=CARTESIAN_POINT('',(47.1249999441206,-5.49999994412065,-10.));
#7058=CARTESIAN_POINT('Origin',(47.9999999441206,-5.49999994412065,-10.));
#7059=CARTESIAN_POINT('Origin',(47.9999999441206,-5.49999994412065,-10.));
#7060=CARTESIAN_POINT('',(47.1249999441206,-5.49999994412065,1.11022302462516E-15));
#7061=CARTESIAN_POINT('Origin',(47.9999999441206,-5.49999994412065,1.11022302462516E-15));
#7062=CARTESIAN_POINT('',(47.1249999441206,-5.49999994412065,-10.));
#7063=CARTESIAN_POINT('Origin',(47.9999999441206,-5.49999994412065,1.11022302462516E-15));
#7064=CARTESIAN_POINT('Origin',(12.5000001862645,-27.0000004023314,-10.));
#7065=CARTESIAN_POINT('',(11.6250001862645,-27.0000004023314,1.11022302462516E-15));
#7066=CARTESIAN_POINT('Origin',(12.5000001862645,-27.0000004023314,1.11022302462516E-15));
#7067=CARTESIAN_POINT('',(11.6250001862645,-27.0000004023314,-10.));
#7068=CARTESIAN_POINT('Origin',(12.5000001862645,-27.0000004023314,1.11022302462516E-15));
#7069=CARTESIAN_POINT('Origin',(14.,-1.5,-10.5));
#7070=CARTESIAN_POINT('',(54.5,-1.5,-12.));
#7071=CARTESIAN_POINT('',(1.5,-1.5,-12.));
#7072=CARTESIAN_POINT('',(14.,-1.5,-12.));
#7073=CARTESIAN_POINT('',(0.,0.,-10.5));
#7074=CARTESIAN_POINT('Origin',(1.5,-1.5,-10.5));
#7075=CARTESIAN_POINT('',(56.,2.1570415377137E-31,-10.5));
#7076=CARTESIAN_POINT('',(14.,0.,-10.5));
#7077=CARTESIAN_POINT('Origin',(54.5,-1.5,-10.5));
#7078=CARTESIAN_POINT('Origin',(1.5,-90.0000004470348,-10.5));
#7079=CARTESIAN_POINT('',(1.49999999999999,-118.5,-12.));
#7080=CARTESIAN_POINT('',(1.5,-90.0000004470348,-12.));
#7081=CARTESIAN_POINT('',(0.,-120.,-10.5));
#7082=CARTESIAN_POINT('Origin',(1.5,-118.5,-10.5));
#7083=CARTESIAN_POINT('',(0.,-90.0000004470348,-10.5));
#7084=CARTESIAN_POINT('Origin',(42.,-118.5,-10.5));
#7085=CARTESIAN_POINT('',(54.5,-118.5,-12.));
#7086=CARTESIAN_POINT('',(42.,-118.5,-12.));
#7087=CARTESIAN_POINT('',(56.,-120.,-10.5));
#7088=CARTESIAN_POINT('Origin',(54.5,-118.5,-10.5));
#7089=CARTESIAN_POINT('',(42.,-120.,-10.5));
#7090=CARTESIAN_POINT('Origin',(54.5,-30.0000004470348,-10.5));
#7091=CARTESIAN_POINT('',(56.,-30.0000004470348,-10.5));
#7092=CARTESIAN_POINT('',(54.5,-30.0000004470348,-12.));
#7093=CARTESIAN_POINT('Origin',(56.,2.1570415377137E-31,-10.));
#7094=CARTESIAN_POINT('',(56.,2.1570415377137E-31,-10.));
#7095=CARTESIAN_POINT('',(56.,-120.,-10.));
#7096=CARTESIAN_POINT('Origin',(0.,0.,-10.));
#7097=CARTESIAN_POINT('',(0.,0.,-10.));
#7098=CARTESIAN_POINT('Origin',(28.,-60.0000008940697,-12.));
#7099=CARTESIAN_POINT('Origin',(0.,-120.,-10.));
#7100=CARTESIAN_POINT('',(0.,-120.,-10.));
#7101=CARTESIAN_POINT('Origin',(56.,-120.,-10.));
#7102=CARTESIAN_POINT('Origin',(19.2500002570451,-105.531090434162,0.));
#7103=CARTESIAN_POINT('',(18.750000257045,-105.531090434162,2.));
#7104=CARTESIAN_POINT('Origin',(19.2500002570451,-105.531090434162,2.));
#7105=CARTESIAN_POINT('',(18.750000257045,-105.531090434162,0.));
#7106=CARTESIAN_POINT('',(18.750000257045,-105.531090434162,0.));
#7107=CARTESIAN_POINT('Origin',(19.2500002570451,-105.531090434162,0.));
#7108=CARTESIAN_POINT('Origin',(20.5310891675635,-100.750001531094,0.));
#7109=CARTESIAN_POINT('',(20.0310891675635,-100.750001531094,2.));
#7110=CARTESIAN_POINT('Origin',(20.5310891675635,-100.750001531094,2.));
#7111=CARTESIAN_POINT('',(20.0310891675635,-100.750001531094,0.));
#7112=CARTESIAN_POINT('',(20.0310891675635,-100.750001531094,0.));
#7113=CARTESIAN_POINT('Origin',(20.5310891675635,-100.750001531094,0.));
#7114=CARTESIAN_POINT('Origin',(17.5000002607703,-106.000001519918,0.));
#7115=CARTESIAN_POINT('',(17.0000002607703,-106.000001519918,2.));
#7116=CARTESIAN_POINT('Origin',(17.5000002607703,-106.000001519918,2.));
#7117=CARTESIAN_POINT('',(17.0000002607703,-106.000001519918,0.));
#7118=CARTESIAN_POINT('',(17.0000002607703,-106.000001519918,0.));
#7119=CARTESIAN_POINT('Origin',(17.5000002607703,-106.000001519918,0.));
#7120=CARTESIAN_POINT('Origin',(22.9164428950001,-101.544936551495,0.));
#7121=CARTESIAN_POINT('',(22.4164428950001,-101.544936551495,2.));
#7122=CARTESIAN_POINT('Origin',(22.9164428950001,-101.544936551495,2.));
#7123=CARTESIAN_POINT('',(22.4164428950001,-101.544936551495,0.));
#7124=CARTESIAN_POINT('',(22.4164428950001,-101.544936551495,0.));
#7125=CARTESIAN_POINT('Origin',(22.9164428950001,-101.544936551495,0.));
#7126=CARTESIAN_POINT('Origin',(20.5310891675635,-104.250001523644,0.));
#7127=CARTESIAN_POINT('',(20.0310891675635,-104.250001523644,2.));
#7128=CARTESIAN_POINT('Origin',(20.5310891675635,-104.250001523644,2.));
#7129=CARTESIAN_POINT('',(20.0310891675635,-104.250001523644,0.));
#7130=CARTESIAN_POINT('',(20.0310891675635,-104.250001523644,0.));
#7131=CARTESIAN_POINT('Origin',(20.5310891675635,-104.250001523644,0.));
#7132=CARTESIAN_POINT('Origin',(25.7272415902701,-97.7500015310943,0.));
#7133=CARTESIAN_POINT('',(25.2272415902701,-97.7500015310943,2.));
#7134=CARTESIAN_POINT('Origin',(25.7272415902701,-97.7500015310943,2.));
#7135=CARTESIAN_POINT('',(25.2272415902701,-97.7500015310943,0.));
#7136=CARTESIAN_POINT('',(25.2272415902701,-97.7500015310943,0.));
#7137=CARTESIAN_POINT('Origin',(25.7272415902701,-97.7500015310943,0.));
#7138=CARTESIAN_POINT('Origin',(14.4689113539772,-100.750001531094,0.));
#7139=CARTESIAN_POINT('',(13.9689113539771,-100.750001531094,2.));
#7140=CARTESIAN_POINT('Origin',(14.4689113539772,-100.750001531094,2.));
#7141=CARTESIAN_POINT('',(13.9689113539771,-100.750001531094,0.));
#7142=CARTESIAN_POINT('',(13.9689113539771,-100.750001531094,0.));
#7143=CARTESIAN_POINT('Origin',(14.4689113539772,-100.750001531094,0.));
#7144=CARTESIAN_POINT('Origin',(21.0000002533198,-102.500001527369,0.));
#7145=CARTESIAN_POINT('',(20.5000002533198,-102.500001527369,2.));
#7146=CARTESIAN_POINT('Origin',(21.0000002533198,-102.500001527369,2.));
#7147=CARTESIAN_POINT('',(20.5000002533198,-102.500001527369,0.));
#7148=CARTESIAN_POINT('',(20.5000002533198,-102.500001527369,0.));
#7149=CARTESIAN_POINT('Origin',(21.0000002533198,-102.500001527369,0.));
#7150=CARTESIAN_POINT('Origin',(21.0353321092572,-98.2867570959221,0.));
#7151=CARTESIAN_POINT('',(20.5353321092572,-98.2867570959221,2.));
#7152=CARTESIAN_POINT('Origin',(21.0353321092572,-98.2867570959221,2.));
#7153=CARTESIAN_POINT('',(20.5353321092572,-98.2867570959221,0.));
#7154=CARTESIAN_POINT('',(20.5353321092572,-98.2867570959221,0.));
#7155=CARTESIAN_POINT('Origin',(21.0353321092572,-98.2867570959221,0.));
#7156=CARTESIAN_POINT('Origin',(17.5000002607703,-108.000001519918,0.));
#7157=CARTESIAN_POINT('',(17.0000002607703,-108.000001519918,2.));
#7158=CARTESIAN_POINT('Origin',(17.5000002607703,-108.000001519918,2.));
#7159=CARTESIAN_POINT('',(17.0000002607703,-108.000001519918,0.));
#7160=CARTESIAN_POINT('',(17.0000002607703,-108.000001519918,0.));
#7161=CARTESIAN_POINT('Origin',(17.5000002607703,-108.000001519918,0.));
#7162=CARTESIAN_POINT('Origin',(21.0353321092572,-106.713245958816,0.));
#7163=CARTESIAN_POINT('',(20.5353321092572,-106.713245958816,2.));
#7164=CARTESIAN_POINT('Origin',(21.0353321092572,-106.713245958816,2.));
#7165=CARTESIAN_POINT('',(20.5353321092572,-106.713245958816,0.));
#7166=CARTESIAN_POINT('',(20.5353321092572,-106.713245958816,0.));
#7167=CARTESIAN_POINT('Origin',(21.0353321092572,-106.713245958816,0.));
#7168=CARTESIAN_POINT('Origin',(19.3811110465133,-97.3316921200477,0.));
#7169=CARTESIAN_POINT('',(18.8811110465133,-97.3316921200477,2.));
#7170=CARTESIAN_POINT('Origin',(19.3811110465133,-97.3316921200477,2.));
#7171=CARTESIAN_POINT('',(18.8811110465133,-97.3316921200477,0.));
#7172=CARTESIAN_POINT('',(18.8811110465133,-97.3316921200477,0.));
#7173=CARTESIAN_POINT('Origin',(19.3811110465133,-97.3316921200477,0.));
#7174=CARTESIAN_POINT('Origin',(22.2631399751324,-105.250001523644,0.));
#7175=CARTESIAN_POINT('',(21.7631399751324,-105.250001523644,2.));
#7176=CARTESIAN_POINT('Origin',(22.2631399751324,-105.250001523644,2.));
#7177=CARTESIAN_POINT('',(21.7631399751324,-105.250001523644,0.));
#7178=CARTESIAN_POINT('',(21.7631399751324,-105.250001523644,0.));
#7179=CARTESIAN_POINT('Origin',(22.2631399751324,-105.250001523644,0.));
#7180=CARTESIAN_POINT('Origin',(15.7500002644956,-99.4689126205758,0.));
#7181=CARTESIAN_POINT('',(15.2500002644956,-99.4689126205758,2.));
#7182=CARTESIAN_POINT('Origin',(15.7500002644956,-99.4689126205758,2.));
#7183=CARTESIAN_POINT('',(15.2500002644956,-99.4689126205758,0.));
#7184=CARTESIAN_POINT('',(15.2500002644956,-99.4689126205758,0.));
#7185=CARTESIAN_POINT('Origin',(15.7500002644956,-99.4689126205758,0.));
#7186=CARTESIAN_POINT('Origin',(12.0835576265405,-103.455066503243,0.));
#7187=CARTESIAN_POINT('',(11.5835576265405,-103.455066503243,2.));
#7188=CARTESIAN_POINT('Origin',(12.0835576265405,-103.455066503243,2.));
#7189=CARTESIAN_POINT('',(11.5835576265405,-103.455066503243,0.));
#7190=CARTESIAN_POINT('',(11.5835576265405,-103.455066503243,0.));
#7191=CARTESIAN_POINT('Origin',(12.0835576265405,-103.455066503243,0.));
#7192=CARTESIAN_POINT('Origin',(22.9164428950001,-103.455066503243,0.));
#7193=CARTESIAN_POINT('',(22.4164428950001,-103.455066503243,2.));
#7194=CARTESIAN_POINT('Origin',(22.9164428950001,-103.455066503243,2.));
#7195=CARTESIAN_POINT('',(22.4164428950001,-103.455066503243,0.));
#7196=CARTESIAN_POINT('',(22.4164428950001,-103.455066503243,0.));
#7197=CARTESIAN_POINT('Origin',(22.9164428950001,-103.455066503243,0.));
#7198=CARTESIAN_POINT('Origin',(16.200962161546,-103.250001523644,0.));
#7199=CARTESIAN_POINT('',(15.700962161546,-103.250001523644,2.));
#7200=CARTESIAN_POINT('Origin',(16.200962161546,-103.250001523644,2.));
#7201=CARTESIAN_POINT('',(15.700962161546,-103.250001523644,0.));
#7202=CARTESIAN_POINT('',(15.700962161546,-103.250001523644,0.));
#7203=CARTESIAN_POINT('Origin',(16.200962161546,-103.250001523644,0.));
#7204=CARTESIAN_POINT('Origin',(13.9646684122835,-98.2867570959221,0.));
#7205=CARTESIAN_POINT('',(13.4646684122835,-98.2867570959221,2.));
#7206=CARTESIAN_POINT('Origin',(13.9646684122835,-98.2867570959221,2.));
#7207=CARTESIAN_POINT('',(13.4646684122835,-98.2867570959221,0.));
#7208=CARTESIAN_POINT('',(13.4646684122835,-98.2867570959221,0.));
#7209=CARTESIAN_POINT('Origin',(13.9646684122835,-98.2867570959221,0.));
#7210=CARTESIAN_POINT('Origin',(22.2631399751324,-99.7500015310943,0.));
#7211=CARTESIAN_POINT('',(21.7631399751324,-99.7500015310943,2.));
#7212=CARTESIAN_POINT('Origin',(22.2631399751324,-99.7500015310943,2.));
#7213=CARTESIAN_POINT('',(21.7631399751324,-99.7500015310943,0.));
#7214=CARTESIAN_POINT('',(21.7631399751324,-99.7500015310943,0.));
#7215=CARTESIAN_POINT('Origin',(22.2631399751324,-99.7500015310943,0.));
#7216=CARTESIAN_POINT('Origin',(53.0000005215406,-117.000001743436,0.));
#7217=CARTESIAN_POINT('',(53.0000005215406,-117.000001743436,0.));
#7218=CARTESIAN_POINT('',(35.0000005215406,-117.000001743436,0.));
#7219=CARTESIAN_POINT('',(35.0000005215406,-117.000001743436,0.));
#7220=CARTESIAN_POINT('',(35.0000005215406,-117.000001743436,2.));
#7221=CARTESIAN_POINT('',(35.0000005215406,-117.000001743436,0.));
#7222=CARTESIAN_POINT('',(53.0000005215406,-117.000001743436,2.));
#7223=CARTESIAN_POINT('',(35.0000005215406,-117.000001743436,2.));
#7224=CARTESIAN_POINT('',(53.0000005215406,-117.000001743436,0.));
#7225=CARTESIAN_POINT('Origin',(53.0000005215406,-106.000001743436,0.));
#7226=CARTESIAN_POINT('',(53.0000005215406,-106.000001743436,0.));
#7227=CARTESIAN_POINT('',(53.0000005215406,-117.000001743436,0.));
#7228=CARTESIAN_POINT('',(53.0000005215406,-106.000001743436,2.));
#7229=CARTESIAN_POINT('',(53.0000005215406,-117.000001743436,2.));
#7230=CARTESIAN_POINT('',(53.0000005215406,-106.000001743436,0.));
#7231=CARTESIAN_POINT('Origin',(35.0000005215406,-106.000001743436,0.));
#7232=CARTESIAN_POINT('',(35.0000005215406,-106.000001743436,0.));
#7233=CARTESIAN_POINT('',(53.0000005215406,-106.000001743436,0.));
#7234=CARTESIAN_POINT('',(35.0000005215406,-106.000001743436,2.));
#7235=CARTESIAN_POINT('',(53.0000005215406,-106.000001743436,2.));
#7236=CARTESIAN_POINT('',(35.0000005215406,-106.000001743436,0.));
#7237=CARTESIAN_POINT('Origin',(35.0000005215406,-117.000001743436,0.));
#7238=CARTESIAN_POINT('',(35.0000005215406,-106.000001743436,0.));
#7239=CARTESIAN_POINT('',(35.0000005215406,-106.000001743436,2.));
#7240=CARTESIAN_POINT('Origin',(22.250000257045,-94.2727601978692,0.));
#7241=CARTESIAN_POINT('',(21.750000257045,-94.2727601978692,2.));
#7242=CARTESIAN_POINT('Origin',(22.250000257045,-94.2727601978692,2.));
#7243=CARTESIAN_POINT('',(21.750000257045,-94.2727601978692,0.));
#7244=CARTESIAN_POINT('',(21.750000257045,-94.2727601978692,0.));
#7245=CARTESIAN_POINT('Origin',(22.250000257045,-94.2727601978692,0.));
#7246=CARTESIAN_POINT('Origin',(18.7990383599946,-103.250001523644,0.));
#7247=CARTESIAN_POINT('',(18.2990383599946,-103.250001523644,2.));
#7248=CARTESIAN_POINT('Origin',(18.7990383599946,-103.250001523644,2.));
#7249=CARTESIAN_POINT('',(18.2990383599946,-103.250001523644,0.));
#7250=CARTESIAN_POINT('',(18.2990383599946,-103.250001523644,0.));
#7251=CARTESIAN_POINT('Origin',(18.7990383599946,-103.250001523644,0.));
#7252=CARTESIAN_POINT('Origin',(18.7990383599946,-101.750001531094,0.));
#7253=CARTESIAN_POINT('',(18.2990383599946,-101.750001531094,2.));
#7254=CARTESIAN_POINT('Origin',(18.7990383599946,-101.750001531094,2.));
#7255=CARTESIAN_POINT('',(18.2990383599946,-101.750001531094,0.));
#7256=CARTESIAN_POINT('',(18.2990383599946,-101.750001531094,0.));
#7257=CARTESIAN_POINT('Origin',(18.7990383599946,-101.750001531094,0.));
#7258=CARTESIAN_POINT('Origin',(45.0000006705523,-95.0000014156103,0.));
#7259=CARTESIAN_POINT('',(41.0000006705523,-95.0000014156103,2.));
#7260=CARTESIAN_POINT('Origin',(45.0000006705523,-95.0000014156103,2.));
#7261=CARTESIAN_POINT('',(41.0000006705523,-95.0000014156103,0.));
#7262=CARTESIAN_POINT('',(41.0000006705523,-95.0000014156103,0.));
#7263=CARTESIAN_POINT('Origin',(45.0000006705523,-95.0000014156103,0.));
#7264=CARTESIAN_POINT('Origin',(17.5000002607703,-104.000001519918,0.));
#7265=CARTESIAN_POINT('',(17.0000002607703,-104.000001519918,2.));
#7266=CARTESIAN_POINT('Origin',(17.5000002607703,-104.000001519918,2.));
#7267=CARTESIAN_POINT('',(17.0000002607703,-104.000001519918,0.));
#7268=CARTESIAN_POINT('',(17.0000002607703,-104.000001519918,0.));
#7269=CARTESIAN_POINT('Origin',(17.5000002607703,-104.000001519918,0.));
#7270=CARTESIAN_POINT('Origin',(19.2500002570451,-99.4689126205758,0.));
#7271=CARTESIAN_POINT('',(18.750000257045,-99.4689126205758,2.));
#7272=CARTESIAN_POINT('Origin',(19.2500002570451,-99.4689126205758,2.));
#7273=CARTESIAN_POINT('',(18.750000257045,-99.4689126205758,0.));
#7274=CARTESIAN_POINT('',(18.750000257045,-99.4689126205758,0.));
#7275=CARTESIAN_POINT('Origin',(19.2500002570451,-99.4689126205758,0.));
#7276=CARTESIAN_POINT('Origin',(16.200962161546,-101.750001531094,0.));
#7277=CARTESIAN_POINT('',(15.700962161546,-101.750001531094,2.));
#7278=CARTESIAN_POINT('Origin',(16.200962161546,-101.750001531094,2.));
#7279=CARTESIAN_POINT('',(15.700962161546,-101.750001531094,0.));
#7280=CARTESIAN_POINT('',(15.700962161546,-101.750001531094,0.));
#7281=CARTESIAN_POINT('Origin',(16.200962161546,-101.750001531094,0.));
#7282=CARTESIAN_POINT('Origin',(13.9646684122835,-106.713245958816,0.));
#7283=CARTESIAN_POINT('',(13.4646684122835,-106.713245958816,2.));
#7284=CARTESIAN_POINT('Origin',(13.9646684122835,-106.713245958816,2.));
#7285=CARTESIAN_POINT('',(13.4646684122835,-106.713245958816,0.));
#7286=CARTESIAN_POINT('',(13.4646684122835,-106.713245958816,0.));
#7287=CARTESIAN_POINT('Origin',(13.9646684122835,-106.713245958816,0.));
#7288=CARTESIAN_POINT('Origin',(12.7368605464083,-105.250001523644,0.));
#7289=CARTESIAN_POINT('',(12.2368605464083,-105.250001523644,2.));
#7290=CARTESIAN_POINT('Origin',(12.7368605464083,-105.250001523644,2.));
#7291=CARTESIAN_POINT('',(12.2368605464083,-105.250001523644,0.));
#7292=CARTESIAN_POINT('',(12.2368605464083,-105.250001523644,0.));
#7293=CARTESIAN_POINT('Origin',(12.7368605464083,-105.250001523644,0.));
#7294=CARTESIAN_POINT('Origin',(15.6188894750274,-97.3316921200477,0.));
#7295=CARTESIAN_POINT('',(15.1188894750274,-97.3316921200477,2.));
#7296=CARTESIAN_POINT('Origin',(15.6188894750274,-97.3316921200477,2.));
#7297=CARTESIAN_POINT('',(15.1188894750274,-97.3316921200477,0.));
#7298=CARTESIAN_POINT('',(15.1188894750274,-97.3316921200477,0.));
#7299=CARTESIAN_POINT('Origin',(15.6188894750274,-97.3316921200477,0.));
#7300=CARTESIAN_POINT('Origin',(19.9587811873159,-93.3237061848196,0.));
#7301=CARTESIAN_POINT('',(19.4587811873159,-93.3237061848196,2.));
#7302=CARTESIAN_POINT('Origin',(19.9587811873159,-93.3237061848196,2.));
#7303=CARTESIAN_POINT('',(19.4587811873159,-93.3237061848196,0.));
#7304=CARTESIAN_POINT('',(19.4587811873159,-93.3237061848196,0.));
#7305=CARTESIAN_POINT('Origin',(19.9587811873159,-93.3237061848196,0.));
#7306=CARTESIAN_POINT('Origin',(15.7500002644956,-105.531090434162,0.));
#7307=CARTESIAN_POINT('',(15.2500002644956,-105.531090434162,2.));
#7308=CARTESIAN_POINT('Origin',(15.7500002644956,-105.531090434162,2.));
#7309=CARTESIAN_POINT('',(15.2500002644956,-105.531090434162,0.));
#7310=CARTESIAN_POINT('',(15.2500002644956,-105.531090434162,0.));
#7311=CARTESIAN_POINT('Origin',(15.7500002644956,-105.531090434162,0.));
#7312=CARTESIAN_POINT('Origin',(14.4689113539772,-104.250001523644,0.));
#7313=CARTESIAN_POINT('',(13.9689113539771,-104.250001523644,2.));
#7314=CARTESIAN_POINT('Origin',(14.4689113539772,-104.250001523644,2.));
#7315=CARTESIAN_POINT('',(13.9689113539771,-104.250001523644,0.));
#7316=CARTESIAN_POINT('',(13.9689113539771,-104.250001523644,0.));
#7317=CARTESIAN_POINT('Origin',(14.4689113539772,-104.250001523644,0.));
#7318=CARTESIAN_POINT('Origin',(12.7368605464083,-99.7500015310943,0.));
#7319=CARTESIAN_POINT('',(12.2368605464083,-99.7500015310943,2.));
#7320=CARTESIAN_POINT('Origin',(12.7368605464083,-99.7500015310943,2.));
#7321=CARTESIAN_POINT('',(12.2368605464083,-99.7500015310943,0.));
#7322=CARTESIAN_POINT('',(12.2368605464083,-99.7500015310943,0.));
#7323=CARTESIAN_POINT('Origin',(12.7368605464083,-99.7500015310943,0.));
#7324=CARTESIAN_POINT('Origin',(12.0835576265405,-101.544936551495,0.));
#7325=CARTESIAN_POINT('',(11.5835576265405,-101.544936551495,2.));
#7326=CARTESIAN_POINT('Origin',(12.0835576265405,-101.544936551495,2.));
#7327=CARTESIAN_POINT('',(11.5835576265405,-101.544936551495,0.));
#7328=CARTESIAN_POINT('',(11.5835576265405,-101.544936551495,0.));
#7329=CARTESIAN_POINT('Origin',(12.0835576265405,-101.544936551495,0.));
#7330=CARTESIAN_POINT('Origin',(15.6188894750274,-107.66831093469,0.));
#7331=CARTESIAN_POINT('',(15.1188894750274,-107.66831093469,2.));
#7332=CARTESIAN_POINT('Origin',(15.6188894750274,-107.66831093469,2.));
#7333=CARTESIAN_POINT('',(15.1188894750274,-107.66831093469,0.));
#7334=CARTESIAN_POINT('',(15.1188894750274,-107.66831093469,0.));
#7335=CARTESIAN_POINT('Origin',(15.6188894750274,-107.66831093469,0.));
#7336=CARTESIAN_POINT('Origin',(14.0000002682209,-102.500001527369,0.));
#7337=CARTESIAN_POINT('',(13.5000002682209,-102.500001527369,2.));
#7338=CARTESIAN_POINT('Origin',(14.0000002682209,-102.500001527369,2.));
#7339=CARTESIAN_POINT('',(13.5000002682209,-102.500001527369,0.));
#7340=CARTESIAN_POINT('',(13.5000002682209,-102.500001527369,0.));
#7341=CARTESIAN_POINT('Origin',(14.0000002682209,-102.500001527369,0.));
#7342=CARTESIAN_POINT('Origin',(24.2175146767742,-95.7824871113652,0.));
#7343=CARTESIAN_POINT('',(23.7175146767742,-95.7824871113652,2.));
#7344=CARTESIAN_POINT('Origin',(24.2175146767742,-95.7824871113652,2.));
#7345=CARTESIAN_POINT('',(23.7175146767742,-95.7824871113652,0.));
#7346=CARTESIAN_POINT('',(23.7175146767742,-95.7824871113652,0.));
#7347=CARTESIAN_POINT('Origin',(24.2175146767742,-95.7824871113652,0.));
#7348=CARTESIAN_POINT('Origin',(19.3811110465133,-107.66831093469,0.));
#7349=CARTESIAN_POINT('',(18.8811110465133,-107.66831093469,2.));
#7350=CARTESIAN_POINT('Origin',(19.3811110465133,-107.66831093469,2.));
#7351=CARTESIAN_POINT('',(18.8811110465133,-107.66831093469,0.));
#7352=CARTESIAN_POINT('',(18.8811110465133,-107.66831093469,0.));
#7353=CARTESIAN_POINT('Origin',(19.3811110465133,-107.66831093469,0.));
#7354=CARTESIAN_POINT('Origin',(28.0594854830522,-97.9450842208697,0.));
#7355=CARTESIAN_POINT('',(27.8614456000327,-97.4859761674296,2.));
#7356=CARTESIAN_POINT('Origin',(28.0594854830522,-97.9450842208697,2.));
#7357=CARTESIAN_POINT('',(27.8614456000327,-97.4859761674296,0.));
#7358=CARTESIAN_POINT('',(27.8614456000327,-97.4859761674296,0.));
#7359=CARTESIAN_POINT('Origin',(28.0594854830522,-97.9450842208697,0.));
#7360=CARTESIAN_POINT('Origin',(24.4815533686663,-99.7599438473431,0.));
#7361=CARTESIAN_POINT('',(24.2988828564831,-99.2945069730209,2.));
#7362=CARTESIAN_POINT('Origin',(24.4815533686663,-99.7599438473431,2.));
#7363=CARTESIAN_POINT('',(24.2988828564831,-99.2945069730209,0.));
#7364=CARTESIAN_POINT('',(24.2988828564831,-99.2945069730209,0.));
#7365=CARTESIAN_POINT('Origin',(24.4815533686663,-99.7599438473431,0.));
#7366=CARTESIAN_POINT('Origin',(13.2750998294902,-96.303210726155,0.));
#7367=CARTESIAN_POINT('',(12.8619804423322,-96.5848707551868,2.));
#7368=CARTESIAN_POINT('Origin',(13.2750998294902,-96.303210726155,2.));
#7369=CARTESIAN_POINT('',(12.8619804423322,-96.5848707551868,0.));
#7370=CARTESIAN_POINT('',(12.8619804423322,-96.5848707551868,0.));
#7371=CARTESIAN_POINT('Origin',(13.2750998294902,-96.303210726155,0.));
#7372=CARTESIAN_POINT('Origin',(27.0000002533198,-102.500001527369,0.));
#7373=CARTESIAN_POINT('',(26.5000002533198,-102.500001527369,2.));
#7374=CARTESIAN_POINT('Origin',(27.0000002533198,-102.500001527369,2.));
#7375=CARTESIAN_POINT('',(26.5000002533198,-102.500001527369,0.));
#7376=CARTESIAN_POINT('',(26.5000002533198,-102.500001527369,0.));
#7377=CARTESIAN_POINT('Origin',(27.0000002533198,-102.500001527369,0.));
#7378=CARTESIAN_POINT('Origin',(27.459292397839,-108.250001523644,0.));
#7379=CARTESIAN_POINT('',(27.709292397839,-107.816988821752,2.));
#7380=CARTESIAN_POINT('Origin',(27.459292397839,-108.250001523644,2.));
#7381=CARTESIAN_POINT('',(27.709292397839,-107.816988821752,0.));
#7382=CARTESIAN_POINT('',(27.709292397839,-107.816988821752,0.));
#7383=CARTESIAN_POINT('Origin',(27.459292397839,-108.250001523644,0.));
#7384=CARTESIAN_POINT('Origin',(21.4332319064673,-113.306466659406,0.));
#7385=CARTESIAN_POINT('',(21.9030782168602,-113.135456587743,2.));
#7386=CARTESIAN_POINT('Origin',(21.4332319064673,-113.306466659406,2.));
#7387=CARTESIAN_POINT('',(21.9030782168602,-113.135456587743,0.));
#7388=CARTESIAN_POINT('',(21.9030782168602,-113.135456587743,0.));
#7389=CARTESIAN_POINT('Origin',(21.4332319064673,-113.306466659406,0.));
#7390=CARTESIAN_POINT('Origin',(28.8252894130733,-100.503047485493,0.));
#7391=CARTESIAN_POINT('',(28.7384653242399,-100.010643608987,2.));
#7392=CARTESIAN_POINT('Origin',(28.8252894130733,-100.503047485493,2.));
#7393=CARTESIAN_POINT('',(28.7384653242399,-100.010643608987,0.));
#7394=CARTESIAN_POINT('',(28.7384653242399,-100.010643608987,0.));
#7395=CARTESIAN_POINT('Origin',(28.8252894130733,-100.503047485493,0.));
#7396=CARTESIAN_POINT('Origin',(8.32370491822086,-100.041220600823,0.));
#7397=CARTESIAN_POINT('',(8.1942953956696,-100.524183513968,2.));
#7398=CARTESIAN_POINT('Origin',(8.32370491822086,-100.041220600823,2.));
#7399=CARTESIAN_POINT('',(8.1942953956696,-100.524183513968,0.));
#7400=CARTESIAN_POINT('',(8.1942953956696,-100.524183513968,0.));
#7401=CARTESIAN_POINT('Origin',(8.32370491822086,-100.041220600823,0.));
#7402=CARTESIAN_POINT('Origin',(32.9999995306134,-45.5000006780028,0.));
#7403=CARTESIAN_POINT('',(32.9999995306134,-45.5000006780028,0.));
#7404=CARTESIAN_POINT('',(32.9999995306134,-53.0000006780028,0.));
#7405=CARTESIAN_POINT('',(32.9999995306134,-45.5000006780028,0.));
#7406=CARTESIAN_POINT('',(32.9999995306134,-53.0000006780028,2.));
#7407=CARTESIAN_POINT('',(32.9999995306134,-53.0000006780028,0.));
#7408=CARTESIAN_POINT('',(32.9999995306134,-45.5000006780028,2.));
#7409=CARTESIAN_POINT('',(32.9999995306134,-45.5000006780028,2.));
#7410=CARTESIAN_POINT('',(32.9999995306134,-45.5000006780028,0.));
#7411=CARTESIAN_POINT('Origin',(22.9999995306134,-45.5000006780028,0.));
#7412=CARTESIAN_POINT('',(22.9999995306134,-45.5000006780028,0.));
#7413=CARTESIAN_POINT('',(22.9999995306134,-45.5000006780028,0.));
#7414=CARTESIAN_POINT('',(22.9999995306134,-45.5000006780028,2.));
#7415=CARTESIAN_POINT('',(22.9999995306134,-45.5000006780028,2.));
#7416=CARTESIAN_POINT('',(22.9999995306134,-45.5000006780028,0.));
#7417=CARTESIAN_POINT('Origin',(22.9999995306134,-53.0000006780028,0.));
#7418=CARTESIAN_POINT('',(22.9999995306134,-53.0000006780028,0.));
#7419=CARTESIAN_POINT('',(22.9999995306134,-53.0000006780028,0.));
#7420=CARTESIAN_POINT('',(22.9999995306134,-53.0000006780028,2.));
#7421=CARTESIAN_POINT('',(22.9999995306134,-53.0000006780028,2.));
#7422=CARTESIAN_POINT('',(22.9999995306134,-53.0000006780028,0.));
#7423=CARTESIAN_POINT('Origin',(32.9999995306134,-53.0000006780028,0.));
#7424=CARTESIAN_POINT('',(32.9999995306134,-53.0000006780028,0.));
#7425=CARTESIAN_POINT('',(32.9999995306134,-53.0000006780028,2.));
#7426=CARTESIAN_POINT('Origin',(18.000000089407,-75.5000006780028,0.));
#7427=CARTESIAN_POINT('',(18.000000089407,-75.5000006780028,0.));
#7428=CARTESIAN_POINT('',(18.000000089407,-83.0000006780028,0.));
#7429=CARTESIAN_POINT('',(18.000000089407,-75.5000006780028,0.));
#7430=CARTESIAN_POINT('',(18.000000089407,-83.0000006780028,2.));
#7431=CARTESIAN_POINT('',(18.000000089407,-83.0000006780028,0.));
#7432=CARTESIAN_POINT('',(18.000000089407,-75.5000006780028,2.));
#7433=CARTESIAN_POINT('',(18.000000089407,-75.5000006780028,2.));
#7434=CARTESIAN_POINT('',(18.000000089407,-75.5000006780028,0.));
#7435=CARTESIAN_POINT('Origin',(8.00000008940697,-75.5000006780028,0.));
#7436=CARTESIAN_POINT('',(8.00000008940697,-75.5000006780028,0.));
#7437=CARTESIAN_POINT('',(8.00000008940697,-75.5000006780028,0.));
#7438=CARTESIAN_POINT('',(8.00000008940697,-75.5000006780028,2.));
#7439=CARTESIAN_POINT('',(8.00000008940697,-75.5000006780028,2.));
#7440=CARTESIAN_POINT('',(8.00000008940697,-75.5000006780028,0.));
#7441=CARTESIAN_POINT('Origin',(8.00000008940697,-83.0000006780028,0.));
#7442=CARTESIAN_POINT('',(8.00000008940697,-83.0000006780028,0.));
#7443=CARTESIAN_POINT('',(8.00000008940697,-83.0000006780028,0.));
#7444=CARTESIAN_POINT('',(8.00000008940697,-83.0000006780028,2.));
#7445=CARTESIAN_POINT('',(8.00000008940697,-83.0000006780028,2.));
#7446=CARTESIAN_POINT('',(8.00000008940697,-83.0000006780028,0.));
#7447=CARTESIAN_POINT('Origin',(18.000000089407,-83.0000006780028,0.));
#7448=CARTESIAN_POINT('',(18.000000089407,-83.0000006780028,0.));
#7449=CARTESIAN_POINT('',(18.000000089407,-83.0000006780028,2.));
#7450=CARTESIAN_POINT('Origin',(48.0000005364418,-60.5000004544854,0.));
#7451=CARTESIAN_POINT('',(48.0000005364418,-60.5000004544854,0.));
#7452=CARTESIAN_POINT('',(48.0000005364418,-68.0000004544854,0.));
#7453=CARTESIAN_POINT('',(48.0000005364418,-60.5000004544854,0.));
#7454=CARTESIAN_POINT('',(48.0000005364418,-68.0000004544854,2.));
#7455=CARTESIAN_POINT('',(48.0000005364418,-68.0000004544854,0.));
#7456=CARTESIAN_POINT('',(48.0000005364418,-60.5000004544854,2.));
#7457=CARTESIAN_POINT('',(48.0000005364418,-60.5000004544854,2.));
#7458=CARTESIAN_POINT('',(48.0000005364418,-60.5000004544854,0.));
#7459=CARTESIAN_POINT('Origin',(38.0000005364418,-60.5000004544854,0.));
#7460=CARTESIAN_POINT('',(38.0000005364418,-60.5000004544854,0.));
#7461=CARTESIAN_POINT('',(38.0000005364418,-60.5000004544854,0.));
#7462=CARTESIAN_POINT('',(38.0000005364418,-60.5000004544854,2.));
#7463=CARTESIAN_POINT('',(38.0000005364418,-60.5000004544854,2.));
#7464=CARTESIAN_POINT('',(38.0000005364418,-60.5000004544854,0.));
#7465=CARTESIAN_POINT('Origin',(38.0000005364418,-68.0000004544854,0.));
#7466=CARTESIAN_POINT('',(38.0000005364418,-68.0000004544854,0.));
#7467=CARTESIAN_POINT('',(38.0000005364418,-68.0000004544854,0.));
#7468=CARTESIAN_POINT('',(38.0000005364418,-68.0000004544854,2.));
#7469=CARTESIAN_POINT('',(38.0000005364418,-68.0000004544854,2.));
#7470=CARTESIAN_POINT('',(38.0000005364418,-68.0000004544854,0.));
#7471=CARTESIAN_POINT('Origin',(48.0000005364418,-68.0000004544854,0.));
#7472=CARTESIAN_POINT('',(48.0000005364418,-68.0000004544854,0.));
#7473=CARTESIAN_POINT('',(48.0000005364418,-68.0000004544854,2.));
#7474=CARTESIAN_POINT('Origin',(5.00000007450581,-4.00000005960464,0.));
#7475=CARTESIAN_POINT('',(5.00000007450581,-4.00000005960464,0.));
#7476=CARTESIAN_POINT('',(5.00000007450581,-5.00000007450581,0.));
#7477=CARTESIAN_POINT('',(5.00000007450581,-4.00000005960464,0.));
#7478=CARTESIAN_POINT('',(5.00000007450581,-5.00000007450581,2.));
#7479=CARTESIAN_POINT('',(5.00000007450581,-5.00000007450581,0.));
#7480=CARTESIAN_POINT('',(5.00000007450581,-4.00000005960464,2.));
#7481=CARTESIAN_POINT('',(5.00000007450581,-4.00000005960464,2.));
#7482=CARTESIAN_POINT('',(5.00000007450581,-4.00000005960464,0.));
#7483=CARTESIAN_POINT('Origin',(4.00000005960464,-4.00000005960464,0.));
#7484=CARTESIAN_POINT('',(4.00000005960464,-4.00000005960464,0.));
#7485=CARTESIAN_POINT('',(4.00000005960464,-4.00000005960464,0.));
#7486=CARTESIAN_POINT('',(4.00000005960464,-4.00000005960464,2.));
#7487=CARTESIAN_POINT('',(4.00000005960464,-4.00000005960464,2.));
#7488=CARTESIAN_POINT('',(4.00000005960464,-4.00000005960464,0.));
#7489=CARTESIAN_POINT('Origin',(4.00000005960464,-5.00000007450581,0.));
#7490=CARTESIAN_POINT('',(4.00000005960464,-5.00000007450581,0.));
#7491=CARTESIAN_POINT('',(4.00000005960464,-5.00000007450581,0.));
#7492=CARTESIAN_POINT('',(4.00000005960464,-5.00000007450581,2.));
#7493=CARTESIAN_POINT('',(4.00000005960464,-5.00000007450581,2.));
#7494=CARTESIAN_POINT('',(4.00000005960464,-5.00000007450581,0.));
#7495=CARTESIAN_POINT('Origin',(5.00000007450581,-5.00000007450581,0.));
#7496=CARTESIAN_POINT('',(5.00000007450581,-5.00000007450581,0.));
#7497=CARTESIAN_POINT('',(5.00000007450581,-5.00000007450581,2.));
#7498=CARTESIAN_POINT('Origin',(46.0000001937151,-13.0000001937151,0.));
#7499=CARTESIAN_POINT('',(46.0000001937151,-13.0000001937151,0.));
#7500=CARTESIAN_POINT('',(46.0000001937151,-25.0000001937151,0.));
#7501=CARTESIAN_POINT('',(46.0000001937151,-13.0000001937151,0.));
#7502=CARTESIAN_POINT('',(46.0000001937151,-25.0000001937151,2.));
#7503=CARTESIAN_POINT('',(46.0000001937151,-25.0000001937151,0.));
#7504=CARTESIAN_POINT('',(46.0000001937151,-13.0000001937151,2.));
#7505=CARTESIAN_POINT('',(46.0000001937151,-13.0000001937151,2.));
#7506=CARTESIAN_POINT('',(46.0000001937151,-13.0000001937151,0.));
#7507=CARTESIAN_POINT('Origin',(13.0000001937151,-13.0000001937151,0.));
#7508=CARTESIAN_POINT('',(13.0000001937151,-13.0000001937151,0.));
#7509=CARTESIAN_POINT('',(13.0000001937151,-13.0000001937151,0.));
#7510=CARTESIAN_POINT('',(13.0000001937151,-13.0000001937151,2.));
#7511=CARTESIAN_POINT('',(13.0000001937151,-13.0000001937151,2.));
#7512=CARTESIAN_POINT('',(13.0000001937151,-13.0000001937151,0.));
#7513=CARTESIAN_POINT('Origin',(13.0000001937151,-25.0000001937151,0.));
#7514=CARTESIAN_POINT('',(13.0000001937151,-25.0000001937151,0.));
#7515=CARTESIAN_POINT('',(13.0000001937151,-25.0000001937151,0.));
#7516=CARTESIAN_POINT('',(13.0000001937151,-25.0000001937151,2.));
#7517=CARTESIAN_POINT('',(13.0000001937151,-25.0000001937151,2.));
#7518=CARTESIAN_POINT('',(13.0000001937151,-25.0000001937151,0.));
#7519=CARTESIAN_POINT('Origin',(46.0000001937151,-25.0000001937151,0.));
#7520=CARTESIAN_POINT('',(46.0000001937151,-25.0000001937151,0.));
#7521=CARTESIAN_POINT('',(46.0000001937151,-25.0000001937151,2.));
#7522=CARTESIAN_POINT('Origin',(8.00000026822088,-102.500001527369,0.));
#7523=CARTESIAN_POINT('',(8.00000026822088,-103.000001527369,2.));
#7524=CARTESIAN_POINT('Origin',(8.00000026822088,-102.500001527369,2.));
#7525=CARTESIAN_POINT('',(8.00000026822088,-103.000001527369,0.));
#7526=CARTESIAN_POINT('',(8.00000026822088,-103.000001527369,0.));
#7527=CARTESIAN_POINT('Origin',(8.00000026822088,-102.500001527369,0.));
#7528=CARTESIAN_POINT('Origin',(17.5000002607703,-101.00000153482,0.));
#7529=CARTESIAN_POINT('',(17.0000002607703,-101.00000153482,2.));
#7530=CARTESIAN_POINT('Origin',(17.5000002607703,-101.00000153482,2.));
#7531=CARTESIAN_POINT('',(17.0000002607703,-101.00000153482,0.));
#7532=CARTESIAN_POINT('',(17.0000002607703,-101.00000153482,0.));
#7533=CARTESIAN_POINT('Origin',(17.5000002607703,-101.00000153482,0.));
#7534=CARTESIAN_POINT('Origin',(17.5000002607703,-99.0000015348196,0.));
#7535=CARTESIAN_POINT('',(17.0000002607703,-99.0000015348196,2.));
#7536=CARTESIAN_POINT('Origin',(17.5000002607703,-99.0000015348196,2.));
#7537=CARTESIAN_POINT('',(17.0000002607703,-99.0000015348196,0.));
#7538=CARTESIAN_POINT('',(17.0000002607703,-99.0000015348196,0.));
#7539=CARTESIAN_POINT('Origin',(17.5000002607703,-99.0000015348196,0.));
#7540=CARTESIAN_POINT('Origin',(18.6178172559812,-109.91623271669,0.));
#7541=CARTESIAN_POINT('',(19.1122326690937,-109.841711583602,2.));
#7542=CARTESIAN_POINT('Origin',(18.6178172559812,-109.91623271669,2.));
#7543=CARTESIAN_POINT('',(19.1122326690937,-109.841711583602,0.));
#7544=CARTESIAN_POINT('',(19.1122326690937,-109.841711583602,0.));
#7545=CARTESIAN_POINT('Origin',(18.6178172559812,-109.91623271669,0.));
#7546=CARTESIAN_POINT('Origin',(7.54070812370166,-108.250001523644,0.));
#7547=CARTESIAN_POINT('',(7.79070812370167,-108.683014225536,2.));
#7548=CARTESIAN_POINT('Origin',(7.54070812370166,-108.250001523644,2.));
#7549=CARTESIAN_POINT('',(7.79070812370167,-108.683014225536,0.));
#7550=CARTESIAN_POINT('',(7.79070812370167,-108.683014225536,0.));
#7551=CARTESIAN_POINT('Origin',(7.54070812370166,-108.250001523644,0.));
#7552=CARTESIAN_POINT('Origin',(26.7244169714771,-95.6326777272362,0.));
#7553=CARTESIAN_POINT('',(26.4258376756257,-95.2316161308586,2.));
#7554=CARTESIAN_POINT('Origin',(26.7244169714771,-95.6326777272362,2.));
#7555=CARTESIAN_POINT('',(26.4258376756257,-95.2316161308586,0.));
#7556=CARTESIAN_POINT('',(26.4258376756257,-95.2316161308586,0.));
#7557=CARTESIAN_POINT('Origin',(26.7244169714771,-95.6326777272362,0.));
#7558=CARTESIAN_POINT('Origin',(16.1649317491951,-113.922242634001,0.));
#7559=CARTESIAN_POINT('',(16.6615509280661,-113.980289091064,2.));
#7560=CARTESIAN_POINT('Origin',(16.1649317491951,-113.922242634001,2.));
#7561=CARTESIAN_POINT('',(16.6615509280661,-113.980289091064,0.));
#7562=CARTESIAN_POINT('',(16.6615509280661,-113.980289091064,0.));
#7563=CARTESIAN_POINT('Origin',(16.1649317491951,-113.922242634001,0.));
#7564=CARTESIAN_POINT('Origin',(18.000000089407,-30.5000004544854,0.));
#7565=CARTESIAN_POINT('',(18.000000089407,-30.5000004544854,0.));
#7566=CARTESIAN_POINT('',(18.000000089407,-38.0000004544854,0.));
#7567=CARTESIAN_POINT('',(18.000000089407,-30.5000004544854,0.));
#7568=CARTESIAN_POINT('',(18.000000089407,-38.0000004544854,2.));
#7569=CARTESIAN_POINT('',(18.000000089407,-38.0000004544854,0.));
#7570=CARTESIAN_POINT('',(18.000000089407,-30.5000004544854,2.));
#7571=CARTESIAN_POINT('',(18.000000089407,-30.5000004544854,2.));
#7572=CARTESIAN_POINT('',(18.000000089407,-30.5000004544854,0.));
#7573=CARTESIAN_POINT('Origin',(8.00000008940697,-30.5000004544854,0.));
#7574=CARTESIAN_POINT('',(8.00000008940697,-30.5000004544854,0.));
#7575=CARTESIAN_POINT('',(8.00000008940697,-30.5000004544854,0.));
#7576=CARTESIAN_POINT('',(8.00000008940697,-30.5000004544854,2.));
#7577=CARTESIAN_POINT('',(8.00000008940697,-30.5000004544854,2.));
#7578=CARTESIAN_POINT('',(8.00000008940697,-30.5000004544854,0.));
#7579=CARTESIAN_POINT('Origin',(8.00000008940697,-38.0000004544854,0.));
#7580=CARTESIAN_POINT('',(8.00000008940697,-38.0000004544854,0.));
#7581=CARTESIAN_POINT('',(8.00000008940697,-38.0000004544854,0.));
#7582=CARTESIAN_POINT('',(8.00000008940697,-38.0000004544854,2.));
#7583=CARTESIAN_POINT('',(8.00000008940697,-38.0000004544854,2.));
#7584=CARTESIAN_POINT('',(8.00000008940697,-38.0000004544854,0.));
#7585=CARTESIAN_POINT('Origin',(18.000000089407,-38.0000004544854,0.));
#7586=CARTESIAN_POINT('',(18.000000089407,-38.0000004544854,0.));
#7587=CARTESIAN_POINT('',(18.000000089407,-38.0000004544854,2.));
#7588=CARTESIAN_POINT('Origin',(6.17471110846731,-100.503047485493,0.));
#7589=CARTESIAN_POINT('',(6.08788701963384,-100.995451361999,2.));
#7590=CARTESIAN_POINT('Origin',(6.17471110846731,-100.503047485493,2.));
#7591=CARTESIAN_POINT('',(6.08788701963384,-100.995451361999,0.));
#7592=CARTESIAN_POINT('',(6.08788701963384,-100.995451361999,0.));
#7593=CARTESIAN_POINT('Origin',(6.17471110846731,-100.503047485493,0.));
#7594=CARTESIAN_POINT('Origin',(10.7824858447665,-109.217515943373,0.));
#7595=CARTESIAN_POINT('',(11.1360392353597,-109.571069333966,2.));
#7596=CARTESIAN_POINT('Origin',(10.7824858447665,-109.217515943373,2.));
#7597=CARTESIAN_POINT('',(11.1360392353597,-109.571069333966,0.));
#7598=CARTESIAN_POINT('',(11.1360392353597,-109.571069333966,0.));
#7599=CARTESIAN_POINT('Origin',(10.7824858447665,-109.217515943373,0.));
#7600=CARTESIAN_POINT('Origin',(24.9790287321995,-101.939525826028,0.));
#7601=CARTESIAN_POINT('',(24.9416636854062,-101.440923927437,2.));
#7602=CARTESIAN_POINT('Origin',(24.9790287321995,-101.939525826028,2.));
#7603=CARTESIAN_POINT('',(24.9416636854062,-101.440923927437,0.));
#7604=CARTESIAN_POINT('',(24.9416636854062,-101.440923927437,0.));
#7605=CARTESIAN_POINT('Origin',(24.9790287321995,-101.939525826028,0.));
#7606=CARTESIAN_POINT('Origin',(26.6762956033198,-104.958782453915,0.));
#7607=CARTESIAN_POINT('',(26.805705125871,-104.47581954077,2.));
#7608=CARTESIAN_POINT('Origin',(26.6762956033198,-104.958782453915,2.));
#7609=CARTESIAN_POINT('',(26.805705125871,-104.47581954077,0.));
#7610=CARTESIAN_POINT('',(26.805705125871,-104.47581954077,0.));
#7611=CARTESIAN_POINT('Origin',(26.6762956033198,-104.958782453915,0.));
#7612=CARTESIAN_POINT('Origin',(9.27275893127053,-97.7500015310943,0.));
#7613=CARTESIAN_POINT('',(9.02275893127053,-98.1830142329865,2.));
#7614=CARTESIAN_POINT('Origin',(9.27275893127053,-97.7500015310943,2.));
#7615=CARTESIAN_POINT('',(9.02275893127053,-98.1830142329865,0.));
#7616=CARTESIAN_POINT('',(9.02275893127053,-98.1830142329865,0.));
#7617=CARTESIAN_POINT('Origin',(9.27275893127053,-97.7500015310943,0.));
#7618=CARTESIAN_POINT('Origin',(11.6362641480852,-97.8238280180739,0.));
#7619=CARTESIAN_POINT('',(11.3245192471558,-98.2147437593079,2.));
#7620=CARTESIAN_POINT('Origin',(11.6362641480852,-97.8238280180739,2.));
#7621=CARTESIAN_POINT('',(11.3245192471558,-98.2147437593079,0.));
#7622=CARTESIAN_POINT('',(11.3245192471558,-98.2147437593079,0.));
#7623=CARTESIAN_POINT('Origin',(11.6362641480852,-97.8238280180739,0.));
#7624=CARTESIAN_POINT('Origin',(28.9805440734519,-103.168667059406,0.));
#7625=CARTESIAN_POINT('',(29.0096164879072,-102.669512980271,2.));
#7626=CARTESIAN_POINT('Origin',(28.9805440734519,-103.168667059406,2.));
#7627=CARTESIAN_POINT('',(29.0096164879072,-102.669512980271,0.));
#7628=CARTESIAN_POINT('',(29.0096164879072,-102.669512980271,0.));
#7629=CARTESIAN_POINT('Origin',(28.9805440734519,-103.168667059406,0.));
#7630=CARTESIAN_POINT('Origin',(15.0412193342247,-93.3237061848196,0.));
#7631=CARTESIAN_POINT('',(14.5582564210802,-93.4531157073708,2.));
#7632=CARTESIAN_POINT('Origin',(15.0412193342247,-93.3237061848196,2.));
#7633=CARTESIAN_POINT('',(14.5582564210802,-93.4531157073708,0.));
#7634=CARTESIAN_POINT('',(14.5582564210802,-93.4531157073708,0.));
#7635=CARTESIAN_POINT('Origin',(15.0412193342247,-93.3237061848196,0.));
#7636=CARTESIAN_POINT('Origin',(20.306808085261,-89.2950089247504,0.));
#7637=CARTESIAN_POINT('',(19.806808085261,-89.2950089247504,2.));
#7638=CARTESIAN_POINT('Origin',(20.306808085261,-89.2950089247504,2.));
#7639=CARTESIAN_POINT('',(19.806808085261,-89.2950089247504,0.));
#7640=CARTESIAN_POINT('',(19.806808085261,-89.2950089247504,0.));
#7641=CARTESIAN_POINT('Origin',(20.306808085261,-89.2950089247504,0.));
#7642=CARTESIAN_POINT('Origin',(48.0000005364418,-30.5000004544854,0.));
#7643=CARTESIAN_POINT('',(48.0000005364418,-30.5000004544854,0.));
#7644=CARTESIAN_POINT('',(48.0000005364418,-38.0000004544854,0.));
#7645=CARTESIAN_POINT('',(48.0000005364418,-30.5000004544854,0.));
#7646=CARTESIAN_POINT('',(48.0000005364418,-38.0000004544854,2.));
#7647=CARTESIAN_POINT('',(48.0000005364418,-38.0000004544854,0.));
#7648=CARTESIAN_POINT('',(48.0000005364418,-30.5000004544854,2.));
#7649=CARTESIAN_POINT('',(48.0000005364418,-30.5000004544854,2.));
#7650=CARTESIAN_POINT('',(48.0000005364418,-30.5000004544854,0.));
#7651=CARTESIAN_POINT('Origin',(38.0000005364418,-30.5000004544854,0.));
#7652=CARTESIAN_POINT('',(38.0000005364418,-30.5000004544854,0.));
#7653=CARTESIAN_POINT('',(38.0000005364418,-30.5000004544854,0.));
#7654=CARTESIAN_POINT('',(38.0000005364418,-30.5000004544854,2.));
#7655=CARTESIAN_POINT('',(38.0000005364418,-30.5000004544854,2.));
#7656=CARTESIAN_POINT('',(38.0000005364418,-30.5000004544854,0.));
#7657=CARTESIAN_POINT('Origin',(38.0000005364418,-38.0000004544854,0.));
#7658=CARTESIAN_POINT('',(38.0000005364418,-38.0000004544854,0.));
#7659=CARTESIAN_POINT('',(38.0000005364418,-38.0000004544854,0.));
#7660=CARTESIAN_POINT('',(38.0000005364418,-38.0000004544854,2.));
#7661=CARTESIAN_POINT('',(38.0000005364418,-38.0000004544854,2.));
#7662=CARTESIAN_POINT('',(38.0000005364418,-38.0000004544854,0.));
#7663=CARTESIAN_POINT('Origin',(48.0000005364418,-38.0000004544854,0.));
#7664=CARTESIAN_POINT('',(48.0000005364418,-38.0000004544854,0.));
#7665=CARTESIAN_POINT('',(48.0000005364418,-38.0000004544854,2.));
#7666=CARTESIAN_POINT('Origin',(26.6762956033198,-100.041220600823,0.));
#7667=CARTESIAN_POINT('',(26.1762956033198,-100.041220600823,2.));
#7668=CARTESIAN_POINT('Origin',(26.6762956033198,-100.041220600823,2.));
#7669=CARTESIAN_POINT('',(26.1762956033198,-100.041220600823,0.));
#7670=CARTESIAN_POINT('',(26.1762956033198,-100.041220600823,0.));
#7671=CARTESIAN_POINT('Origin',(26.6762956033198,-100.041220600823,0.));
#7672=CARTESIAN_POINT('Origin',(11.1806470170502,-112.108111352393,0.));
#7673=CARTESIAN_POINT('',(11.5983909227567,-112.382865841428,2.));
#7674=CARTESIAN_POINT('Origin',(11.1806470170502,-112.108111352393,2.));
#7675=CARTESIAN_POINT('',(11.5983909227567,-112.382865841428,0.));
#7676=CARTESIAN_POINT('',(11.5983909227567,-112.382865841428,0.));
#7677=CARTESIAN_POINT('Origin',(11.1806470170502,-112.108111352393,0.));
#7678=CARTESIAN_POINT('Origin',(17.5000002607703,-89.0000015348196,0.));
#7679=CARTESIAN_POINT('',(17.0000002607703,-89.0000015348196,2.));
#7680=CARTESIAN_POINT('Origin',(17.5000002607703,-89.0000015348196,2.));
#7681=CARTESIAN_POINT('',(17.0000002607703,-89.0000015348196,0.));
#7682=CARTESIAN_POINT('',(17.0000002607703,-89.0000015348196,0.));
#7683=CARTESIAN_POINT('Origin',(17.5000002607703,-89.0000015348196,0.));
#7684=CARTESIAN_POINT('Origin',(22.9909449392632,-90.1671378560003,0.));
#7685=CARTESIAN_POINT('',(22.4909449392632,-90.1671378560003,2.));
#7686=CARTESIAN_POINT('Origin',(22.9909449392632,-90.1671378560003,2.));
#7687=CARTESIAN_POINT('',(22.4909449392632,-90.1671378560003,0.));
#7688=CARTESIAN_POINT('',(22.4909449392632,-90.1671378560003,0.));
#7689=CARTESIAN_POINT('Origin',(22.9909449392632,-90.1671378560003,0.));
#7690=CARTESIAN_POINT('Origin',(17.5000002607703,-93.0000015348196,0.));
#7691=CARTESIAN_POINT('',(17.0000002607703,-93.0000015348196,2.));
#7692=CARTESIAN_POINT('Origin',(17.5000002607703,-93.0000015348196,2.));
#7693=CARTESIAN_POINT('',(17.0000002607703,-93.0000015348196,0.));
#7694=CARTESIAN_POINT('',(17.0000002607703,-93.0000015348196,0.));
#7695=CARTESIAN_POINT('Origin',(17.5000002607703,-93.0000015348196,0.));
#7696=CARTESIAN_POINT('Origin',(7.46754512236237,-93.4667383465098,0.));
#7697=CARTESIAN_POINT('',(6.96754512236236,-93.4667383465098,2.));
#7698=CARTESIAN_POINT('Origin',(7.46754512236237,-93.4667383465098,2.));
#7699=CARTESIAN_POINT('',(6.96754512236236,-93.4667383465098,0.));
#7700=CARTESIAN_POINT('',(6.96754512236236,-93.4667383465098,0.));
#7701=CARTESIAN_POINT('Origin',(7.46754512236237,-93.4667383465098,0.));
#7702=CARTESIAN_POINT('Origin',(12.0090555822774,-90.1671378560004,0.));
#7703=CARTESIAN_POINT('',(11.5090555822774,-90.1671378560004,2.));
#7704=CARTESIAN_POINT('Origin',(12.0090555822774,-90.1671378560004,2.));
#7705=CARTESIAN_POINT('',(11.5090555822774,-90.1671378560004,0.));
#7706=CARTESIAN_POINT('',(11.5090555822774,-90.1671378560004,0.));
#7707=CARTESIAN_POINT('Origin',(12.0090555822774,-90.1671378560004,0.));
#7708=CARTESIAN_POINT('Origin',(22.6611908297318,-92.2232261703079,0.));
#7709=CARTESIAN_POINT('',(22.1611908297318,-92.2232261703079,2.));
#7710=CARTESIAN_POINT('Origin',(22.6611908297318,-92.2232261703079,2.));
#7711=CARTESIAN_POINT('',(22.1611908297318,-92.2232261703079,0.));
#7712=CARTESIAN_POINT('',(22.1611908297318,-92.2232261703079,0.));
#7713=CARTESIAN_POINT('Origin',(22.6611908297318,-92.2232261703079,0.));
#7714=CARTESIAN_POINT('Origin',(12.7500002644956,-110.727242856869,0.));
#7715=CARTESIAN_POINT('',(13.1830129663878,-110.977242856869,2.));
#7716=CARTESIAN_POINT('Origin',(12.7500002644956,-110.727242856869,2.));
#7717=CARTESIAN_POINT('',(13.1830129663878,-110.977242856869,0.));
#7718=CARTESIAN_POINT('',(13.1830129663878,-110.977242856869,0.));
#7719=CARTESIAN_POINT('Origin',(12.7500002644956,-110.727242856869,0.));
#7720=CARTESIAN_POINT('Origin',(14.8479177489505,-91.3099855229508,0.));
#7721=CARTESIAN_POINT('',(14.3613953136606,-91.425293458322,2.));
#7722=CARTESIAN_POINT('Origin',(14.8479177489505,-91.3099855229508,2.));
#7723=CARTESIAN_POINT('',(14.3613953136606,-91.425293458322,0.));
#7724=CARTESIAN_POINT('',(14.3613953136606,-91.425293458322,0.));
#7725=CARTESIAN_POINT('Origin',(14.8479177489505,-91.3099855229508,0.));
#7726=CARTESIAN_POINT('Origin',(17.5000002607703,-97.0000015348196,0.));
#7727=CARTESIAN_POINT('',(17.0000002607703,-97.0000015348196,2.));
#7728=CARTESIAN_POINT('Origin',(17.5000002607703,-97.0000015348196,2.));
#7729=CARTESIAN_POINT('',(17.0000002607703,-97.0000015348196,0.));
#7730=CARTESIAN_POINT('',(17.0000002607703,-97.0000015348196,0.));
#7731=CARTESIAN_POINT('Origin',(17.5000002607703,-97.0000015348196,0.));
#7732=CARTESIAN_POINT('Origin',(16.3821832655595,-109.91623271669,0.));
#7733=CARTESIAN_POINT('',(16.876598678672,-109.990753849778,2.));
#7734=CARTESIAN_POINT('Origin',(16.3821832655595,-109.91623271669,2.));
#7735=CARTESIAN_POINT('',(16.876598678672,-109.990753849778,0.));
#7736=CARTESIAN_POINT('',(16.876598678672,-109.990753849778,0.));
#7737=CARTESIAN_POINT('Origin',(16.3821832655595,-109.91623271669,0.));
#7738=CARTESIAN_POINT('Origin',(6.9405150384884,-97.9450842208697,0.));
#7739=CARTESIAN_POINT('',(6.74247515546882,-98.4041922743099,2.));
#7740=CARTESIAN_POINT('Origin',(6.9405150384884,-97.9450842208697,2.));
#7741=CARTESIAN_POINT('',(6.74247515546882,-98.4041922743099,0.));
#7742=CARTESIAN_POINT('',(6.74247515546882,-98.4041922743099,0.));
#7743=CARTESIAN_POINT('Origin',(6.9405150384884,-97.9450842208697,0.));
#7744=CARTESIAN_POINT('Origin',(12.7500002644956,-94.2727601978692,0.));
#7745=CARTESIAN_POINT('',(12.3169875626034,-94.5227601978692,2.));
#7746=CARTESIAN_POINT('Origin',(12.7500002644956,-94.2727601978692,2.));
#7747=CARTESIAN_POINT('',(12.3169875626034,-94.5227601978692,0.));
#7748=CARTESIAN_POINT('',(12.3169875626034,-94.5227601978692,0.));
#7749=CARTESIAN_POINT('Origin',(12.7500002644956,-94.2727601978692,0.));
#7750=CARTESIAN_POINT('Origin',(32.9999995306134,-30.4999993182719,0.));
#7751=CARTESIAN_POINT('',(32.9999995306134,-30.4999993182719,0.));
#7752=CARTESIAN_POINT('',(32.9999995306134,-37.9999993182719,0.));
#7753=CARTESIAN_POINT('',(32.9999995306134,-30.4999993182719,0.));
#7754=CARTESIAN_POINT('',(32.9999995306134,-37.9999993182719,2.));
#7755=CARTESIAN_POINT('',(32.9999995306134,-37.9999993182719,0.));
#7756=CARTESIAN_POINT('',(32.9999995306134,-30.4999993182719,2.));
#7757=CARTESIAN_POINT('',(32.9999995306134,-30.4999993182719,2.));
#7758=CARTESIAN_POINT('',(32.9999995306134,-30.4999993182719,0.));
#7759=CARTESIAN_POINT('Origin',(22.9999995306134,-30.4999993182719,0.));
#7760=CARTESIAN_POINT('',(22.9999995306134,-30.4999993182719,0.));
#7761=CARTESIAN_POINT('',(22.9999995306134,-30.4999993182719,0.));
#7762=CARTESIAN_POINT('',(22.9999995306134,-30.4999993182719,2.));
#7763=CARTESIAN_POINT('',(22.9999995306134,-30.4999993182719,2.));
#7764=CARTESIAN_POINT('',(22.9999995306134,-30.4999993182719,0.));
#7765=CARTESIAN_POINT('Origin',(22.9999995306134,-37.9999993182719,0.));
#7766=CARTESIAN_POINT('',(22.9999995306134,-37.9999993182719,0.));
#7767=CARTESIAN_POINT('',(22.9999995306134,-37.9999993182719,0.));
#7768=CARTESIAN_POINT('',(22.9999995306134,-37.9999993182719,2.));
#7769=CARTESIAN_POINT('',(22.9999995306134,-37.9999993182719,2.));
#7770=CARTESIAN_POINT('',(22.9999995306134,-37.9999993182719,0.));
#7771=CARTESIAN_POINT('Origin',(32.9999995306134,-37.9999993182719,0.));
#7772=CARTESIAN_POINT('',(32.9999995306134,-37.9999993182719,0.));
#7773=CARTESIAN_POINT('',(32.9999995306134,-37.9999993182719,2.));
#7774=CARTESIAN_POINT('Origin',(10.5184471528743,-99.7599438473431,0.));
#7775=CARTESIAN_POINT('',(10.3357766406911,-100.225380721665,2.));
#7776=CARTESIAN_POINT('Origin',(10.5184471528743,-99.7599438473431,2.));
#7777=CARTESIAN_POINT('',(10.3357766406911,-100.225380721665,0.));
#7778=CARTESIAN_POINT('',(10.3357766406911,-100.225380721665,0.));
#7779=CARTESIAN_POINT('Origin',(10.5184471528743,-99.7599438473431,0.));
#7780=CARTESIAN_POINT('Origin',(24.8920577673764,-93.6904904372082,0.));
#7781=CARTESIAN_POINT('',(24.3920577673764,-93.6904904372082,2.));
#7782=CARTESIAN_POINT('Origin',(24.8920577673764,-93.6904904372082,2.));
#7783=CARTESIAN_POINT('',(24.3920577673764,-93.6904904372082,0.));
#7784=CARTESIAN_POINT('',(24.3920577673764,-93.6904904372082,0.));
#7785=CARTESIAN_POINT('Origin',(24.8920577673764,-93.6904904372082,0.));
#7786=CARTESIAN_POINT('Origin',(10.1880409266704,-104.168908530383,0.));
#7787=CARTESIAN_POINT('',(10.2993013936486,-104.656372486474,2.));
#7788=CARTESIAN_POINT('Origin',(10.1880409266704,-104.168908530383,2.));
#7789=CARTESIAN_POINT('',(10.2993013936486,-104.656372486474,0.));
#7790=CARTESIAN_POINT('',(10.2993013936486,-104.656372486474,0.));
#7791=CARTESIAN_POINT('Origin',(10.1880409266704,-104.168908530383,0.));
#7792=CARTESIAN_POINT('Origin',(9.27275893127053,-107.250001523644,0.));
#7793=CARTESIAN_POINT('',(9.52275893127053,-107.683014225536,2.));
#7794=CARTESIAN_POINT('Origin',(9.27275893127053,-107.250001523644,2.));
#7795=CARTESIAN_POINT('',(9.52275893127053,-107.683014225536,0.));
#7796=CARTESIAN_POINT('',(9.52275893127053,-107.683014225536,0.));
#7797=CARTESIAN_POINT('Origin',(9.27275893127053,-107.250001523644,0.));
#7798=CARTESIAN_POINT('Origin',(12.3388096918088,-92.2232261703079,0.));
#7799=CARTESIAN_POINT('',(11.8919933716471,-92.4476257604081,2.));
#7800=CARTESIAN_POINT('Origin',(12.3388096918088,-92.2232261703079,2.));
#7801=CARTESIAN_POINT('',(11.8919933716471,-92.4476257604081,0.));
#7802=CARTESIAN_POINT('',(11.8919933716471,-92.4476257604081,0.));
#7803=CARTESIAN_POINT('Origin',(12.3388096918088,-92.2232261703079,0.));
#7804=CARTESIAN_POINT('Origin',(32.9999995306134,-60.4999993182719,0.));
#7805=CARTESIAN_POINT('',(32.9999995306134,-60.4999993182719,0.));
#7806=CARTESIAN_POINT('',(32.9999995306134,-67.9999993182719,0.));
#7807=CARTESIAN_POINT('',(32.9999995306134,-60.4999993182719,0.));
#7808=CARTESIAN_POINT('',(32.9999995306134,-67.9999993182719,2.));
#7809=CARTESIAN_POINT('',(32.9999995306134,-67.9999993182719,0.));
#7810=CARTESIAN_POINT('',(32.9999995306134,-60.4999993182719,2.));
#7811=CARTESIAN_POINT('',(32.9999995306134,-60.4999993182719,2.));
#7812=CARTESIAN_POINT('',(32.9999995306134,-60.4999993182719,0.));
#7813=CARTESIAN_POINT('Origin',(22.9999995306134,-60.4999993182719,0.));
#7814=CARTESIAN_POINT('',(22.9999995306134,-60.4999993182719,0.));
#7815=CARTESIAN_POINT('',(22.9999995306134,-60.4999993182719,0.));
#7816=CARTESIAN_POINT('',(22.9999995306134,-60.4999993182719,2.));
#7817=CARTESIAN_POINT('',(22.9999995306134,-60.4999993182719,2.));
#7818=CARTESIAN_POINT('',(22.9999995306134,-60.4999993182719,0.));
#7819=CARTESIAN_POINT('Origin',(22.9999995306134,-67.9999993182719,0.));
#7820=CARTESIAN_POINT('',(22.9999995306134,-67.9999993182719,0.));
#7821=CARTESIAN_POINT('',(22.9999995306134,-67.9999993182719,0.));
#7822=CARTESIAN_POINT('',(22.9999995306134,-67.9999993182719,2.));
#7823=CARTESIAN_POINT('',(22.9999995306134,-67.9999993182719,2.));
#7824=CARTESIAN_POINT('',(22.9999995306134,-67.9999993182719,0.));
#7825=CARTESIAN_POINT('Origin',(32.9999995306134,-67.9999993182719,0.));
#7826=CARTESIAN_POINT('',(32.9999995306134,-67.9999993182719,0.));
#7827=CARTESIAN_POINT('',(32.9999995306134,-67.9999993182719,2.));
#7828=CARTESIAN_POINT('Origin',(17.5000002607703,-112.000001519918,0.));
#7829=CARTESIAN_POINT('',(18.0000002607703,-112.000001519918,2.));
#7830=CARTESIAN_POINT('Origin',(17.5000002607703,-112.000001519918,2.));
#7831=CARTESIAN_POINT('',(18.0000002607703,-112.000001519918,0.));
#7832=CARTESIAN_POINT('',(18.0000002607703,-112.000001519918,0.));
#7833=CARTESIAN_POINT('Origin',(17.5000002607703,-112.000001519918,0.));
#7834=CARTESIAN_POINT('Origin',(17.5000002607703,-91.0000015348196,0.));
#7835=CARTESIAN_POINT('',(17.0000002607703,-91.0000015348196,2.));
#7836=CARTESIAN_POINT('Origin',(17.5000002607703,-91.0000015348196,2.));
#7837=CARTESIAN_POINT('',(17.0000002607703,-91.0000015348196,0.));
#7838=CARTESIAN_POINT('',(17.0000002607703,-91.0000015348196,0.));
#7839=CARTESIAN_POINT('Origin',(17.5000002607703,-91.0000015348196,0.));
#7840=CARTESIAN_POINT('Origin',(15.2893364548846,-95.3332054910925,0.));
#7841=CARTESIAN_POINT('',(14.8115500519916,-95.480583078298,2.));
#7842=CARTESIAN_POINT('Origin',(15.2893364548846,-95.3332054910925,2.));
#7843=CARTESIAN_POINT('',(14.8115500519916,-95.480583078298,0.));
#7844=CARTESIAN_POINT('',(14.8115500519916,-95.480583078298,0.));
#7845=CARTESIAN_POINT('Origin',(15.2893364548846,-95.3332054910925,0.));
#7846=CARTESIAN_POINT('Origin',(8.27558355006358,-95.6326777272361,0.));
#7847=CARTESIAN_POINT('',(7.97700425421219,-96.0337393236137,2.));
#7848=CARTESIAN_POINT('Origin',(8.27558355006358,-95.6326777272361,2.));
#7849=CARTESIAN_POINT('',(7.97700425421219,-96.0337393236137,0.));
#7850=CARTESIAN_POINT('',(7.97700425421219,-96.0337393236137,0.));
#7851=CARTESIAN_POINT('Origin',(8.27558355006358,-95.6326777272361,0.));
#7852=CARTESIAN_POINT('Origin',(22.6012957889845,-107.997890560631,0.));
#7853=CARTESIAN_POINT('',(22.9678217248995,-107.657804191746,2.));
#7854=CARTESIAN_POINT('Origin',(22.6012957889845,-107.997890560631,2.));
#7855=CARTESIAN_POINT('',(22.9678217248995,-107.657804191746,0.));
#7856=CARTESIAN_POINT('',(22.9678217248995,-107.657804191746,0.));
#7857=CARTESIAN_POINT('Origin',(22.6012957889845,-107.997890560631,0.));
#7858=CARTESIAN_POINT('Origin',(14.2458722206213,-109.257268029924,0.));
#7859=CARTESIAN_POINT('',(14.6963566545725,-109.474209899483,2.));
#7860=CARTESIAN_POINT('Origin',(14.2458722206213,-109.257268029924,2.));
#7861=CARTESIAN_POINT('',(14.6963566545725,-109.474209899483,0.));
#7862=CARTESIAN_POINT('',(14.6963566545725,-109.474209899483,0.));
#7863=CARTESIAN_POINT('Origin',(14.2458722206213,-109.257268029924,0.));
#7864=CARTESIAN_POINT('Origin',(12.3987047325561,-107.997890560631,0.));
#7865=CARTESIAN_POINT('',(12.765230668471,-108.337976929517,2.));
#7866=CARTESIAN_POINT('Origin',(12.3987047325561,-107.997890560631,2.));
#7867=CARTESIAN_POINT('',(12.765230668471,-108.337976929517,0.));
#7868=CARTESIAN_POINT('',(12.765230668471,-108.337976929517,0.));
#7869=CARTESIAN_POINT('Origin',(12.3987047325561,-107.997890560631,0.));
#7870=CARTESIAN_POINT('Origin',(10.1079427541643,-93.6904904372082,0.));
#7871=CARTESIAN_POINT('',(9.72492053260477,-94.0118842420515,2.));
#7872=CARTESIAN_POINT('Origin',(10.1079427541643,-93.6904904372082,2.));
#7873=CARTESIAN_POINT('',(9.72492053260477,-94.0118842420515,0.));
#7874=CARTESIAN_POINT('',(9.72492053260477,-94.0118842420515,0.));
#7875=CARTESIAN_POINT('Origin',(10.1079427541643,-93.6904904372082,0.));
#7876=CARTESIAN_POINT('Origin',(18.000000089407,-68.0000004544854,0.));
#7877=CARTESIAN_POINT('',(18.000000089407,-68.0000004544854,0.));
#7878=CARTESIAN_POINT('',(8.00000008940697,-68.0000004544854,0.));
#7879=CARTESIAN_POINT('',(18.000000089407,-68.0000004544854,0.));
#7880=CARTESIAN_POINT('',(8.00000008940697,-68.0000004544854,2.));
#7881=CARTESIAN_POINT('',(8.00000008940697,-68.0000004544854,0.));
#7882=CARTESIAN_POINT('',(18.000000089407,-68.0000004544854,2.));
#7883=CARTESIAN_POINT('',(18.000000089407,-68.0000004544854,2.));
#7884=CARTESIAN_POINT('',(18.000000089407,-68.0000004544854,0.));
#7885=CARTESIAN_POINT('Origin',(18.000000089407,-60.5000004544854,0.));
#7886=CARTESIAN_POINT('',(18.000000089407,-60.5000004544854,0.));
#7887=CARTESIAN_POINT('',(18.000000089407,-60.5000004544854,0.));
#7888=CARTESIAN_POINT('',(18.000000089407,-60.5000004544854,2.));
#7889=CARTESIAN_POINT('',(18.000000089407,-60.5000004544854,2.));
#7890=CARTESIAN_POINT('',(18.000000089407,-60.5000004544854,0.));
#7891=CARTESIAN_POINT('Origin',(8.00000008940697,-60.5000004544854,0.));
#7892=CARTESIAN_POINT('',(8.00000008940697,-60.5000004544854,0.));
#7893=CARTESIAN_POINT('',(8.00000008940697,-60.5000004544854,0.));
#7894=CARTESIAN_POINT('',(8.00000008940697,-60.5000004544854,2.));
#7895=CARTESIAN_POINT('',(8.00000008940697,-60.5000004544854,2.));
#7896=CARTESIAN_POINT('',(8.00000008940697,-60.5000004544854,0.));
#7897=CARTESIAN_POINT('Origin',(8.00000008940697,-68.0000004544854,0.));
#7898=CARTESIAN_POINT('',(8.00000008940697,-68.0000004544854,0.));
#7899=CARTESIAN_POINT('',(8.00000008940697,-68.0000004544854,2.));
#7900=CARTESIAN_POINT('Origin',(38.0000005364418,-83.0000006780028,0.));
#7901=CARTESIAN_POINT('',(38.0000005364418,-83.0000006780028,0.));
#7902=CARTESIAN_POINT('',(38.0000005364418,-75.5000006780028,0.));
#7903=CARTESIAN_POINT('',(38.0000005364418,-83.0000006780028,0.));
#7904=CARTESIAN_POINT('',(38.0000005364418,-75.5000006780028,2.));
#7905=CARTESIAN_POINT('',(38.0000005364418,-75.5000006780028,0.));
#7906=CARTESIAN_POINT('',(38.0000005364418,-83.0000006780028,2.));
#7907=CARTESIAN_POINT('',(38.0000005364418,-83.0000006780028,2.));
#7908=CARTESIAN_POINT('',(38.0000005364418,-83.0000006780028,0.));
#7909=CARTESIAN_POINT('Origin',(48.0000005364418,-83.0000006780028,0.));
#7910=CARTESIAN_POINT('',(48.0000005364418,-83.0000006780028,0.));
#7911=CARTESIAN_POINT('',(48.0000005364418,-83.0000006780028,0.));
#7912=CARTESIAN_POINT('',(48.0000005364418,-83.0000006780028,2.));
#7913=CARTESIAN_POINT('',(48.0000005364418,-83.0000006780028,2.));
#7914=CARTESIAN_POINT('',(48.0000005364418,-83.0000006780028,0.));
#7915=CARTESIAN_POINT('Origin',(48.0000005364418,-75.5000006780028,0.));
#7916=CARTESIAN_POINT('',(48.0000005364418,-75.5000006780028,0.));
#7917=CARTESIAN_POINT('',(48.0000005364418,-75.5000006780028,0.));
#7918=CARTESIAN_POINT('',(48.0000005364418,-75.5000006780028,2.));
#7919=CARTESIAN_POINT('',(48.0000005364418,-75.5000006780028,2.));
#7920=CARTESIAN_POINT('',(48.0000005364418,-75.5000006780028,0.));
#7921=CARTESIAN_POINT('Origin',(38.0000005364418,-75.5000006780028,0.));
#7922=CARTESIAN_POINT('',(38.0000005364418,-75.5000006780028,0.));
#7923=CARTESIAN_POINT('',(38.0000005364418,-75.5000006780028,2.));
#7924=CARTESIAN_POINT('Origin',(10.7824858447665,-95.7824871113652,0.));
#7925=CARTESIAN_POINT('',(10.4289324541732,-96.1360405019584,2.));
#7926=CARTESIAN_POINT('Origin',(10.7824858447665,-95.7824871113652,2.));
#7927=CARTESIAN_POINT('',(10.4289324541732,-96.1360405019584,0.));
#7928=CARTESIAN_POINT('',(10.4289324541732,-96.1360405019584,0.));
#7929=CARTESIAN_POINT('Origin',(10.7824858447665,-95.7824871113652,0.));
#7930=CARTESIAN_POINT('Origin',(20.1520827725902,-91.3099855229508,0.));
#7931=CARTESIAN_POINT('',(19.6520827725902,-91.3099855229508,2.));
#7932=CARTESIAN_POINT('Origin',(20.1520827725902,-91.3099855229508,2.));
#7933=CARTESIAN_POINT('',(19.6520827725902,-91.3099855229508,0.));
#7934=CARTESIAN_POINT('',(19.6520827725902,-91.3099855229508,0.));
#7935=CARTESIAN_POINT('Origin',(20.1520827725902,-91.3099855229508,0.));
#7936=CARTESIAN_POINT('Origin',(18.000000089407,-45.5000006780028,0.));
#7937=CARTESIAN_POINT('',(18.000000089407,-45.5000006780028,0.));
#7938=CARTESIAN_POINT('',(18.000000089407,-53.0000006780028,0.));
#7939=CARTESIAN_POINT('',(18.000000089407,-45.5000006780028,0.));
#7940=CARTESIAN_POINT('',(18.000000089407,-53.0000006780028,2.));
#7941=CARTESIAN_POINT('',(18.000000089407,-53.0000006780028,0.));
#7942=CARTESIAN_POINT('',(18.000000089407,-45.5000006780028,2.));
#7943=CARTESIAN_POINT('',(18.000000089407,-45.5000006780028,2.));
#7944=CARTESIAN_POINT('',(18.000000089407,-45.5000006780028,0.));
#7945=CARTESIAN_POINT('Origin',(8.00000008940697,-45.5000006780028,0.));
#7946=CARTESIAN_POINT('',(8.00000008940697,-45.5000006780028,0.));
#7947=CARTESIAN_POINT('',(8.00000008940697,-45.5000006780028,0.));
#7948=CARTESIAN_POINT('',(8.00000008940697,-45.5000006780028,2.));
#7949=CARTESIAN_POINT('',(8.00000008940697,-45.5000006780028,2.));
#7950=CARTESIAN_POINT('',(8.00000008940697,-45.5000006780028,0.));
#7951=CARTESIAN_POINT('Origin',(8.00000008940697,-53.0000006780028,0.));
#7952=CARTESIAN_POINT('',(8.00000008940697,-53.0000006780028,0.));
#7953=CARTESIAN_POINT('',(8.00000008940697,-53.0000006780028,0.));
#7954=CARTESIAN_POINT('',(8.00000008940697,-53.0000006780028,2.));
#7955=CARTESIAN_POINT('',(8.00000008940697,-53.0000006780028,2.));
#7956=CARTESIAN_POINT('',(8.00000008940697,-53.0000006780028,0.));
#7957=CARTESIAN_POINT('Origin',(18.000000089407,-53.0000006780028,0.));
#7958=CARTESIAN_POINT('',(18.000000089407,-53.0000006780028,0.));
#7959=CARTESIAN_POINT('',(18.000000089407,-53.0000006780028,2.));
#7960=CARTESIAN_POINT('Origin',(6.0194564480887,-103.168667059406,0.));
#7961=CARTESIAN_POINT('',(6.04852886254394,-103.667821138542,2.));
#7962=CARTESIAN_POINT('Origin',(6.0194564480887,-103.168667059406,2.));
#7963=CARTESIAN_POINT('',(6.04852886254394,-103.667821138542,0.));
#7964=CARTESIAN_POINT('',(6.04852886254394,-103.667821138542,0.));
#7965=CARTESIAN_POINT('Origin',(6.0194564480887,-103.168667059406,0.));
#7966=CARTESIAN_POINT('Origin',(23.3637363734555,-97.8238280180739,0.));
#7967=CARTESIAN_POINT('',(22.8637363734555,-97.8238280180739,2.));
#7968=CARTESIAN_POINT('Origin',(23.3637363734555,-97.8238280180739,2.));
#7969=CARTESIAN_POINT('',(22.8637363734555,-97.8238280180739,0.));
#7970=CARTESIAN_POINT('',(22.8637363734555,-97.8238280180739,0.));
#7971=CARTESIAN_POINT('Origin',(23.3637363734555,-97.8238280180739,0.));
#7972=CARTESIAN_POINT('Origin',(9.13520338809961,-110.391780357747,0.));
#7973=CARTESIAN_POINT('',(9.47832420703398,-110.755467178533,2.));
#7974=CARTESIAN_POINT('Origin',(9.13520338809961,-110.391780357747,2.));
#7975=CARTESIAN_POINT('',(9.47832420703398,-110.755467178533,0.));
#7976=CARTESIAN_POINT('',(9.47832420703398,-110.755467178533,0.));
#7977=CARTESIAN_POINT('Origin',(9.13520338809961,-110.391780357747,0.));
#7978=CARTESIAN_POINT('Origin',(17.5000002607703,-95.0000015348196,0.));
#7979=CARTESIAN_POINT('',(17.0000002607703,-95.0000015348196,2.));
#7980=CARTESIAN_POINT('Origin',(17.5000002607703,-95.0000015348196,2.));
#7981=CARTESIAN_POINT('',(17.0000002607703,-95.0000015348196,0.));
#7982=CARTESIAN_POINT('',(17.0000002607703,-95.0000015348196,0.));
#7983=CARTESIAN_POINT('Origin',(17.5000002607703,-95.0000015348196,0.));
#7984=CARTESIAN_POINT('Origin',(13.5667686150734,-113.306466659406,0.));
#7985=CARTESIAN_POINT('',(14.0366149254663,-113.477476731069,2.));
#7986=CARTESIAN_POINT('Origin',(13.5667686150734,-113.306466659406,2.));
#7987=CARTESIAN_POINT('',(14.0366149254663,-113.477476731069,0.));
#7988=CARTESIAN_POINT('',(14.0366149254663,-113.477476731069,0.));
#7989=CARTESIAN_POINT('Origin',(13.5667686150734,-113.306466659406,0.));
#7990=CARTESIAN_POINT('Origin',(15.0412193342247,-111.676296869918,0.));
#7991=CARTESIAN_POINT('',(15.5241822473693,-111.80570639247,2.));
#7992=CARTESIAN_POINT('Origin',(15.0412193342247,-111.676296869918,2.));
#7993=CARTESIAN_POINT('',(15.5241822473693,-111.80570639247,0.));
#7994=CARTESIAN_POINT('',(15.5241822473693,-111.80570639247,0.));
#7995=CARTESIAN_POINT('Origin',(15.0412193342247,-111.676296869918,0.));
#7996=CARTESIAN_POINT('Origin',(24.8119595948702,-104.168908530383,0.));
#7997=CARTESIAN_POINT('',(24.9232200618484,-103.681444574293,2.));
#7998=CARTESIAN_POINT('Origin',(24.8119595948702,-104.168908530383,2.));
#7999=CARTESIAN_POINT('',(24.9232200618484,-103.681444574293,0.));
#8000=CARTESIAN_POINT('',(24.9232200618484,-103.681444574293,0.));
#8001=CARTESIAN_POINT('Origin',(24.8119595948702,-104.168908530383,0.));
#8002=CARTESIAN_POINT('Origin',(8.32370491822086,-104.958782453915,0.));
#8003=CARTESIAN_POINT('',(8.45311444077213,-105.441745367059,2.));
#8004=CARTESIAN_POINT('Origin',(8.32370491822086,-104.958782453915,2.));
#8005=CARTESIAN_POINT('',(8.45311444077212,-105.441745367059,0.));
#8006=CARTESIAN_POINT('',(8.45311444077212,-105.441745367059,0.));
#8007=CARTESIAN_POINT('Origin',(8.32370491822086,-104.958782453915,0.));
#8008=CARTESIAN_POINT('Origin',(23.8193535044904,-112.108111352393,0.));
#8009=CARTESIAN_POINT('',(24.2370974101969,-111.833356863358,2.));
#8010=CARTESIAN_POINT('Origin',(23.8193535044904,-112.108111352393,2.));
#8011=CARTESIAN_POINT('',(24.2370974101969,-111.833356863358,0.));
#8012=CARTESIAN_POINT('',(24.2370974101969,-111.833356863358,0.));
#8013=CARTESIAN_POINT('Origin',(23.8193535044904,-112.108111352393,0.));
#8014=CARTESIAN_POINT('Origin',(25.864797133441,-110.391780357747,0.));
#8015=CARTESIAN_POINT('',(26.2079179523754,-110.02809353696,2.));
#8016=CARTESIAN_POINT('Origin',(25.864797133441,-110.391780357747,2.));
#8017=CARTESIAN_POINT('',(26.2079179523754,-110.02809353696,0.));
#8018=CARTESIAN_POINT('',(26.2079179523754,-110.02809353696,0.));
#8019=CARTESIAN_POINT('Origin',(25.864797133441,-110.391780357747,0.));
#8020=CARTESIAN_POINT('Origin',(10.0209717893412,-101.939525826028,0.));
#8021=CARTESIAN_POINT('',(9.98360674254799,-102.438127724618,2.));
#8022=CARTESIAN_POINT('Origin',(10.0209717893412,-101.939525826028,2.));
#8023=CARTESIAN_POINT('',(9.98360674254799,-102.438127724618,0.));
#8024=CARTESIAN_POINT('',(9.98360674254799,-102.438127724618,0.));
#8025=CARTESIAN_POINT('Origin',(10.0209717893412,-101.939525826028,0.));
#8026=CARTESIAN_POINT('Origin',(9.56489935920127,-91.5782721093349,0.));
#8027=CARTESIAN_POINT('',(9.06489935920126,-91.5782721093349,2.));
#8028=CARTESIAN_POINT('Origin',(9.56489935920127,-91.5782721093349,2.));
#8029=CARTESIAN_POINT('',(9.06489935920126,-91.5782721093349,0.));
#8030=CARTESIAN_POINT('',(9.06489935920126,-91.5782721093349,0.));
#8031=CARTESIAN_POINT('Origin',(9.56489935920127,-91.5782721093349,0.));
#8032=CARTESIAN_POINT('Origin',(24.2175146767742,-109.217515943373,0.));
#8033=CARTESIAN_POINT('',(24.5710680673674,-108.86396255278,2.));
#8034=CARTESIAN_POINT('Origin',(24.2175146767742,-109.217515943373,2.));
#8035=CARTESIAN_POINT('',(24.5710680673674,-108.86396255278,0.));
#8036=CARTESIAN_POINT('',(24.5710680673674,-108.86396255278,0.));
#8037=CARTESIAN_POINT('Origin',(24.2175146767742,-109.217515943373,0.));
#8038=CARTESIAN_POINT('Origin',(9.56489935920128,-113.421730945403,0.));
#8039=CARTESIAN_POINT('',(9.06489935920127,-113.421730945403,2.));
#8040=CARTESIAN_POINT('Origin',(9.56489935920128,-113.421730945403,2.));
#8041=CARTESIAN_POINT('',(9.06489935920127,-113.421730945403,0.));
#8042=CARTESIAN_POINT('',(9.06489935920127,-113.421730945403,0.));
#8043=CARTESIAN_POINT('Origin',(9.56489935920128,-113.421730945403,0.));
#8044=CARTESIAN_POINT('Origin',(12.0090555822774,-114.832865198738,0.));
#8045=CARTESIAN_POINT('',(11.5090555822774,-114.832865198738,2.));
#8046=CARTESIAN_POINT('Origin',(12.0090555822774,-114.832865198738,2.));
#8047=CARTESIAN_POINT('',(11.5090555822774,-114.832865198738,0.));
#8048=CARTESIAN_POINT('',(11.5090555822774,-114.832865198738,0.));
#8049=CARTESIAN_POINT('Origin',(12.0090555822774,-114.832865198738,0.));
#8050=CARTESIAN_POINT('Origin',(20.7541283009193,-109.257268029924,0.));
#8051=CARTESIAN_POINT('',(21.2046127348705,-109.040326160366,2.));
#8052=CARTESIAN_POINT('Origin',(20.7541283009193,-109.257268029924,2.));
#8053=CARTESIAN_POINT('',(21.2046127348705,-109.040326160366,0.));
#8054=CARTESIAN_POINT('',(21.2046127348705,-109.040326160366,0.));
#8055=CARTESIAN_POINT('Origin',(20.7541283009193,-109.257268029924,0.));
#8056=CARTESIAN_POINT('Origin',(22.9909449392632,-114.832865198738,0.));
#8057=CARTESIAN_POINT('',(22.4909449392632,-114.832865198738,2.));
#8058=CARTESIAN_POINT('Origin',(22.9909449392632,-114.832865198738,2.));
#8059=CARTESIAN_POINT('',(22.4909449392632,-114.832865198738,0.));
#8060=CARTESIAN_POINT('',(22.4909449392632,-114.832865198738,0.));
#8061=CARTESIAN_POINT('Origin',(22.9909449392632,-114.832865198738,0.));
#8062=CARTESIAN_POINT('Origin',(17.5000002607703,-116.000001519918,0.));
#8063=CARTESIAN_POINT('',(17.0000002607703,-116.000001519918,2.));
#8064=CARTESIAN_POINT('Origin',(17.5000002607703,-116.000001519918,2.));
#8065=CARTESIAN_POINT('',(17.0000002607703,-116.000001519918,0.));
#8066=CARTESIAN_POINT('',(17.0000002607703,-116.000001519918,0.));
#8067=CARTESIAN_POINT('Origin',(17.5000002607703,-116.000001519918,0.));
#8068=CARTESIAN_POINT('Origin',(48.0000005364418,-45.5000006780028,0.));
#8069=CARTESIAN_POINT('',(48.0000005364418,-45.5000006780028,0.));
#8070=CARTESIAN_POINT('',(48.0000005364418,-53.0000006780028,0.));
#8071=CARTESIAN_POINT('',(48.0000005364418,-45.5000006780028,0.));
#8072=CARTESIAN_POINT('',(48.0000005364418,-53.0000006780028,2.));
#8073=CARTESIAN_POINT('',(48.0000005364418,-53.0000006780028,0.));
#8074=CARTESIAN_POINT('',(48.0000005364418,-45.5000006780028,2.));
#8075=CARTESIAN_POINT('',(48.0000005364418,-45.5000006780028,2.));
#8076=CARTESIAN_POINT('',(48.0000005364418,-45.5000006780028,0.));
#8077=CARTESIAN_POINT('Origin',(38.0000005364418,-45.5000006780028,0.));
#8078=CARTESIAN_POINT('',(38.0000005364418,-45.5000006780028,0.));
#8079=CARTESIAN_POINT('',(38.0000005364418,-45.5000006780028,0.));
#8080=CARTESIAN_POINT('',(38.0000005364418,-45.5000006780028,2.));
#8081=CARTESIAN_POINT('',(38.0000005364418,-45.5000006780028,2.));
#8082=CARTESIAN_POINT('',(38.0000005364418,-45.5000006780028,0.));
#8083=CARTESIAN_POINT('Origin',(38.0000005364418,-53.0000006780028,0.));
#8084=CARTESIAN_POINT('',(38.0000005364418,-53.0000006780028,0.));
#8085=CARTESIAN_POINT('',(38.0000005364418,-53.0000006780028,0.));
#8086=CARTESIAN_POINT('',(38.0000005364418,-53.0000006780028,2.));
#8087=CARTESIAN_POINT('',(38.0000005364418,-53.0000006780028,2.));
#8088=CARTESIAN_POINT('',(38.0000005364418,-53.0000006780028,0.));
#8089=CARTESIAN_POINT('Origin',(48.0000005364418,-53.0000006780028,0.));
#8090=CARTESIAN_POINT('',(48.0000005364418,-53.0000006780028,0.));
#8091=CARTESIAN_POINT('',(48.0000005364418,-53.0000006780028,2.));
#8092=CARTESIAN_POINT('Origin',(25.7272415902701,-107.250001523644,0.));
#8093=CARTESIAN_POINT('',(25.9772415902701,-106.816988821752,2.));
#8094=CARTESIAN_POINT('Origin',(25.7272415902701,-107.250001523644,2.));
#8095=CARTESIAN_POINT('',(25.9772415902701,-106.816988821752,0.));
#8096=CARTESIAN_POINT('',(25.9772415902701,-106.816988821752,0.));
#8097=CARTESIAN_POINT('Origin',(25.7272415902701,-107.250001523644,0.));
#8098=CARTESIAN_POINT('Origin',(21.7249006920504,-96.303210726155,0.));
#8099=CARTESIAN_POINT('',(21.2249006920504,-96.303210726155,2.));
#8100=CARTESIAN_POINT('Origin',(21.7249006920504,-96.303210726155,2.));
#8101=CARTESIAN_POINT('',(21.2249006920504,-96.303210726155,0.));
#8102=CARTESIAN_POINT('',(21.2249006920504,-96.303210726155,0.));
#8103=CARTESIAN_POINT('Origin',(21.7249006920504,-96.303210726155,0.));
#8104=CARTESIAN_POINT('Origin',(19.9587811873159,-111.676296869918,0.));
#8105=CARTESIAN_POINT('',(20.4417441004605,-111.546887347367,2.));
#8106=CARTESIAN_POINT('Origin',(19.9587811873159,-111.676296869918,2.));
#8107=CARTESIAN_POINT('',(20.4417441004605,-111.546887347367,0.));
#8108=CARTESIAN_POINT('',(20.4417441004605,-111.546887347367,0.));
#8109=CARTESIAN_POINT('Origin',(19.9587811873159,-111.676296869918,0.));
#8110=CARTESIAN_POINT('Origin',(11.0048097388394,-106.250001523644,0.));
#8111=CARTESIAN_POINT('',(11.2548097388394,-106.683014225536,2.));
#8112=CARTESIAN_POINT('Origin',(11.0048097388394,-106.250001523644,2.));
#8113=CARTESIAN_POINT('',(11.2548097388394,-106.683014225536,0.));
#8114=CARTESIAN_POINT('',(11.2548097388394,-106.683014225536,0.));
#8115=CARTESIAN_POINT('Origin',(11.0048097388394,-106.250001523644,0.));
#8116=CARTESIAN_POINT('Origin',(28.5168796452609,-105.79823870141,0.));
#8117=CARTESIAN_POINT('',(28.6602812616164,-105.319243945252,2.));
#8118=CARTESIAN_POINT('Origin',(28.5168796452609,-105.79823870141,2.));
#8119=CARTESIAN_POINT('',(28.6602812616164,-105.319243945252,0.));
#8120=CARTESIAN_POINT('',(28.6602812616164,-105.319243945252,0.));
#8121=CARTESIAN_POINT('Origin',(28.5168796452609,-105.79823870141,0.));
#8122=CARTESIAN_POINT('Origin',(14.6931924362796,-115.704994129988,0.));
#8123=CARTESIAN_POINT('',(14.1931924362796,-115.704994129988,2.));
#8124=CARTESIAN_POINT('Origin',(14.6931924362796,-115.704994129988,2.));
#8125=CARTESIAN_POINT('',(14.1931924362796,-115.704994129988,0.));
#8126=CARTESIAN_POINT('',(14.1931924362796,-115.704994129988,0.));
#8127=CARTESIAN_POINT('Origin',(14.6931924362796,-115.704994129988,0.));
#8128=CARTESIAN_POINT('Origin',(25.4351011623394,-113.421730945403,0.));
#8129=CARTESIAN_POINT('',(24.9351011623394,-113.421730945403,2.));
#8130=CARTESIAN_POINT('Origin',(25.4351011623394,-113.421730945403,2.));
#8131=CARTESIAN_POINT('',(24.9351011623394,-113.421730945403,0.));
#8132=CARTESIAN_POINT('',(24.9351011623394,-113.421730945403,0.));
#8133=CARTESIAN_POINT('Origin',(25.4351011623394,-113.421730945403,0.));
#8134=CARTESIAN_POINT('Origin',(20.306808085261,-115.704994129988,0.));
#8135=CARTESIAN_POINT('',(19.806808085261,-115.704994129988,2.));
#8136=CARTESIAN_POINT('Origin',(20.306808085261,-115.704994129988,2.));
#8137=CARTESIAN_POINT('',(19.806808085261,-115.704994129988,0.));
#8138=CARTESIAN_POINT('',(19.806808085261,-115.704994129988,0.));
#8139=CARTESIAN_POINT('Origin',(20.306808085261,-115.704994129988,0.));
#8140=CARTESIAN_POINT('Origin',(4.66073729787167,-98.3282721056096,0.));
#8141=CARTESIAN_POINT('',(4.16073729787167,-98.3282721056096,2.));
#8142=CARTESIAN_POINT('Origin',(4.66073729787167,-98.3282721056096,2.));
#8143=CARTESIAN_POINT('',(4.16073729787167,-98.3282721056096,0.));
#8144=CARTESIAN_POINT('',(4.16073729787167,-98.3282721056096,0.));
#8145=CARTESIAN_POINT('Origin',(4.66073729787167,-98.3282721056096,0.));
#8146=CARTESIAN_POINT('Origin',(29.1913432054078,-109.250001523644,0.));
#8147=CARTESIAN_POINT('',(28.6913432054078,-109.250001523644,2.));
#8148=CARTESIAN_POINT('Origin',(29.1913432054078,-109.250001523644,2.));
#8149=CARTESIAN_POINT('',(28.6913432054078,-109.250001523644,0.));
#8150=CARTESIAN_POINT('',(28.6913432054078,-109.250001523644,0.));
#8151=CARTESIAN_POINT('Origin',(29.1913432054078,-109.250001523644,0.));
#8152=CARTESIAN_POINT('Origin',(30.339263223669,-106.671730949128,0.));
#8153=CARTESIAN_POINT('',(29.839263223669,-106.671730949128,2.));
#8154=CARTESIAN_POINT('Origin',(30.339263223669,-106.671730949128,2.));
#8155=CARTESIAN_POINT('',(29.839263223669,-106.671730949128,0.));
#8156=CARTESIAN_POINT('',(29.839263223669,-106.671730949128,0.));
#8157=CARTESIAN_POINT('Origin',(30.339263223669,-106.671730949128,0.));
#8158=CARTESIAN_POINT('Origin',(30.339263223669,-98.3282721056096,0.));
#8159=CARTESIAN_POINT('',(29.839263223669,-98.3282721056096,2.));
#8160=CARTESIAN_POINT('Origin',(30.339263223669,-98.3282721056096,2.));
#8161=CARTESIAN_POINT('',(29.839263223669,-98.3282721056096,0.));
#8162=CARTESIAN_POINT('',(29.839263223669,-98.3282721056096,0.));
#8163=CARTESIAN_POINT('Origin',(30.339263223669,-98.3282721056096,0.));
#8164=CARTESIAN_POINT('Origin',(25.4351011623394,-91.5782721093349,0.));
#8165=CARTESIAN_POINT('',(24.9351011623394,-91.5782721093349,2.));
#8166=CARTESIAN_POINT('Origin',(25.4351011623394,-91.5782721093349,2.));
#8167=CARTESIAN_POINT('',(24.9351011623394,-91.5782721093349,0.));
#8168=CARTESIAN_POINT('',(24.9351011623394,-91.5782721093349,0.));
#8169=CARTESIAN_POINT('Origin',(25.4351011623394,-91.5782721093349,0.));
#8170=CARTESIAN_POINT('Origin',(22.250000257045,-110.727242856869,0.));
#8171=CARTESIAN_POINT('',(22.6830129589373,-110.477242856869,2.));
#8172=CARTESIAN_POINT('Origin',(22.250000257045,-110.727242856869,2.));
#8173=CARTESIAN_POINT('',(22.6830129589373,-110.477242856869,0.));
#8174=CARTESIAN_POINT('',(22.6830129589373,-110.477242856869,0.));
#8175=CARTESIAN_POINT('Origin',(22.250000257045,-110.727242856869,0.));
#8176=CARTESIAN_POINT('Origin',(6.48312087627977,-105.79823870141,0.));
#8177=CARTESIAN_POINT('',(6.62652249263531,-106.277233457567,2.));
#8178=CARTESIAN_POINT('Origin',(6.48312087627977,-105.79823870141,2.));
#8179=CARTESIAN_POINT('',(6.62652249263531,-106.277233457567,0.));
#8180=CARTESIAN_POINT('',(6.62652249263531,-106.277233457567,0.));
#8181=CARTESIAN_POINT('Origin',(6.48312087627977,-105.79823870141,0.));
#8182=CARTESIAN_POINT('Origin',(5.80865731613279,-95.7500015310943,0.));
#8183=CARTESIAN_POINT('',(5.30865731613279,-95.7500015310943,2.));
#8184=CARTESIAN_POINT('Origin',(5.80865731613279,-95.7500015310943,2.));
#8185=CARTESIAN_POINT('',(5.30865731613279,-95.7500015310943,0.));
#8186=CARTESIAN_POINT('',(5.30865731613279,-95.7500015310943,0.));
#8187=CARTESIAN_POINT('Origin',(5.80865731613279,-95.7500015310943,0.));
#8188=CARTESIAN_POINT('Origin',(30.9260458408323,-101.088867274035,0.));
#8189=CARTESIAN_POINT('',(30.4260458408323,-101.088867274035,2.));
#8190=CARTESIAN_POINT('Origin',(30.9260458408323,-101.088867274035,2.));
#8191=CARTESIAN_POINT('',(30.4260458408323,-101.088867274035,0.));
#8192=CARTESIAN_POINT('',(30.4260458408323,-101.088867274035,0.));
#8193=CARTESIAN_POINT('Origin',(30.9260458408323,-101.088867274035,0.));
#8194=CARTESIAN_POINT('Origin',(22.9999995306134,-83.0000006780028,0.));
#8195=CARTESIAN_POINT('',(22.9999995306134,-83.0000006780028,0.));
#8196=CARTESIAN_POINT('',(22.9999995306134,-75.5000006780028,0.));
#8197=CARTESIAN_POINT('',(22.9999995306134,-83.0000006780028,0.));
#8198=CARTESIAN_POINT('',(22.9999995306134,-75.5000006780028,2.));
#8199=CARTESIAN_POINT('',(22.9999995306134,-75.5000006780028,0.));
#8200=CARTESIAN_POINT('',(22.9999995306134,-83.0000006780028,2.));
#8201=CARTESIAN_POINT('',(22.9999995306134,-83.0000006780028,2.));
#8202=CARTESIAN_POINT('',(22.9999995306134,-83.0000006780028,0.));
#8203=CARTESIAN_POINT('Origin',(32.9999995306134,-83.0000006780028,0.));
#8204=CARTESIAN_POINT('',(32.9999995306134,-83.0000006780028,0.));
#8205=CARTESIAN_POINT('',(32.9999995306134,-83.0000006780028,0.));
#8206=CARTESIAN_POINT('',(32.9999995306134,-83.0000006780028,2.));
#8207=CARTESIAN_POINT('',(32.9999995306134,-83.0000006780028,2.));
#8208=CARTESIAN_POINT('',(32.9999995306134,-83.0000006780028,0.));
#8209=CARTESIAN_POINT('Origin',(32.9999995306134,-75.5000006780028,0.));
#8210=CARTESIAN_POINT('',(32.9999995306134,-75.5000006780028,0.));
#8211=CARTESIAN_POINT('',(32.9999995306134,-75.5000006780028,0.));
#8212=CARTESIAN_POINT('',(32.9999995306134,-75.5000006780028,2.));
#8213=CARTESIAN_POINT('',(32.9999995306134,-75.5000006780028,2.));
#8214=CARTESIAN_POINT('',(32.9999995306134,-75.5000006780028,0.));
#8215=CARTESIAN_POINT('Origin',(22.9999995306134,-75.5000006780028,0.));
#8216=CARTESIAN_POINT('',(22.9999995306134,-75.5000006780028,0.));
#8217=CARTESIAN_POINT('',(22.9999995306134,-75.5000006780028,2.));
#8218=CARTESIAN_POINT('Origin',(7.46754512236235,-111.533264708228,0.));
#8219=CARTESIAN_POINT('',(6.96754512236234,-111.533264708228,2.));
#8220=CARTESIAN_POINT('Origin',(7.46754512236235,-111.533264708228,2.));
#8221=CARTESIAN_POINT('',(6.96754512236234,-111.533264708228,0.));
#8222=CARTESIAN_POINT('',(6.96754512236234,-111.533264708228,0.));
#8223=CARTESIAN_POINT('Origin',(7.46754512236235,-111.533264708228,0.));
#8224=CARTESIAN_POINT('Origin',(29.1913432054079,-95.7500015310943,0.));
#8225=CARTESIAN_POINT('',(28.6913432054079,-95.7500015310943,2.));
#8226=CARTESIAN_POINT('Origin',(29.1913432054079,-95.7500015310943,2.));
#8227=CARTESIAN_POINT('',(28.6913432054079,-95.7500015310943,0.));
#8228=CARTESIAN_POINT('',(28.6913432054079,-95.7500015310943,0.));
#8229=CARTESIAN_POINT('Origin',(29.1913432054079,-95.7500015310943,0.));
#8230=CARTESIAN_POINT('Origin',(5.80865731613279,-109.250001523644,0.));
#8231=CARTESIAN_POINT('',(5.30865731613279,-109.250001523644,2.));
#8232=CARTESIAN_POINT('Origin',(5.80865731613279,-109.250001523644,2.));
#8233=CARTESIAN_POINT('',(5.30865731613279,-109.250001523644,0.));
#8234=CARTESIAN_POINT('',(5.30865731613279,-109.250001523644,0.));
#8235=CARTESIAN_POINT('Origin',(5.80865731613279,-109.250001523644,0.));
#8236=CARTESIAN_POINT('Origin',(4.07395468070838,-103.911135780704,0.));
#8237=CARTESIAN_POINT('',(3.57395468070838,-103.911135780704,2.));
#8238=CARTESIAN_POINT('Origin',(4.07395468070838,-103.911135780704,2.));
#8239=CARTESIAN_POINT('',(3.57395468070838,-103.911135780704,0.));
#8240=CARTESIAN_POINT('',(3.57395468070838,-103.911135780704,0.));
#8241=CARTESIAN_POINT('Origin',(4.07395468070838,-103.911135780704,0.));
#8242=CARTESIAN_POINT('Origin',(4.66073729787168,-106.671730949128,0.));
#8243=CARTESIAN_POINT('',(4.16073729787168,-106.671730949128,2.));
#8244=CARTESIAN_POINT('Origin',(4.66073729787168,-106.671730949128,2.));
#8245=CARTESIAN_POINT('',(4.16073729787168,-106.671730949128,0.));
#8246=CARTESIAN_POINT('',(4.16073729787168,-106.671730949128,0.));
#8247=CARTESIAN_POINT('Origin',(4.66073729787168,-106.671730949128,0.));
#8248=CARTESIAN_POINT('Origin',(19.710664066656,-95.3332054910925,0.));
#8249=CARTESIAN_POINT('',(19.210664066656,-95.3332054910925,2.));
#8250=CARTESIAN_POINT('Origin',(19.710664066656,-95.3332054910925,2.));
#8251=CARTESIAN_POINT('',(19.210664066656,-95.3332054910925,0.));
#8252=CARTESIAN_POINT('',(19.210664066656,-95.3332054910925,0.));
#8253=CARTESIAN_POINT('Origin',(19.710664066656,-95.3332054910925,0.));
#8254=CARTESIAN_POINT('Origin',(30.9260458408322,-103.911135780704,0.));
#8255=CARTESIAN_POINT('',(30.4260458408322,-103.911135780704,2.));
#8256=CARTESIAN_POINT('Origin',(30.9260458408322,-103.911135780704,2.));
#8257=CARTESIAN_POINT('',(30.4260458408322,-103.911135780704,0.));
#8258=CARTESIAN_POINT('',(30.4260458408322,-103.911135780704,0.));
#8259=CARTESIAN_POINT('Origin',(30.9260458408322,-103.911135780704,0.));
#8260=CARTESIAN_POINT('Origin',(27.5324553991783,-111.533264708228,0.));
#8261=CARTESIAN_POINT('',(27.0324553991783,-111.533264708228,2.));
#8262=CARTESIAN_POINT('Origin',(27.5324553991783,-111.533264708228,2.));
#8263=CARTESIAN_POINT('',(27.0324553991783,-111.533264708228,0.));
#8264=CARTESIAN_POINT('',(27.0324553991783,-111.533264708228,0.));
#8265=CARTESIAN_POINT('Origin',(27.5324553991783,-111.533264708228,0.));
#8266=CARTESIAN_POINT('Origin',(14.6931924362796,-89.2950089247504,0.));
#8267=CARTESIAN_POINT('',(14.1931924362796,-89.2950089247504,2.));
#8268=CARTESIAN_POINT('Origin',(14.6931924362796,-89.2950089247504,2.));
#8269=CARTESIAN_POINT('',(14.1931924362796,-89.2950089247504,0.));
#8270=CARTESIAN_POINT('',(14.1931924362796,-89.2950089247504,0.));
#8271=CARTESIAN_POINT('Origin',(14.6931924362796,-89.2950089247504,0.));
#8272=CARTESIAN_POINT('Origin',(4.0739546807084,-101.088867274034,0.));
#8273=CARTESIAN_POINT('',(3.57395468070839,-101.088867274034,2.));
#8274=CARTESIAN_POINT('Origin',(4.0739546807084,-101.088867274034,2.));
#8275=CARTESIAN_POINT('',(3.5739546807084,-101.088867274034,0.));
#8276=CARTESIAN_POINT('',(3.5739546807084,-101.088867274034,0.));
#8277=CARTESIAN_POINT('Origin',(4.0739546807084,-101.088867274034,0.));
#8278=CARTESIAN_POINT('Origin',(18.8350687723455,-113.922242634001,0.));
#8279=CARTESIAN_POINT('',(19.3316879512165,-113.864196176939,2.));
#8280=CARTESIAN_POINT('Origin',(18.8350687723455,-113.922242634001,2.));
#8281=CARTESIAN_POINT('',(19.3316879512165,-113.864196176939,0.));
#8282=CARTESIAN_POINT('',(19.3316879512165,-113.864196176939,0.));
#8283=CARTESIAN_POINT('Origin',(18.8350687723455,-113.922242634001,0.));
#8284=CARTESIAN_POINT('Origin',(27.5324553991783,-93.4667383465099,0.));
#8285=CARTESIAN_POINT('',(27.0324553991783,-93.4667383465099,2.));
#8286=CARTESIAN_POINT('Origin',(27.5324553991783,-93.4667383465099,2.));
#8287=CARTESIAN_POINT('',(27.0324553991783,-93.4667383465099,0.));
#8288=CARTESIAN_POINT('',(27.0324553991783,-93.4667383465099,0.));
#8289=CARTESIAN_POINT('Origin',(27.5324553991783,-93.4667383465099,0.));
#8290=CARTESIAN_POINT('Origin',(23.9951907827012,-106.250001523644,0.));
#8291=CARTESIAN_POINT('',(24.2451907827012,-105.816988821752,2.));
#8292=CARTESIAN_POINT('Origin',(23.9951907827012,-106.250001523644,2.));
#8293=CARTESIAN_POINT('',(24.2451907827012,-105.816988821752,0.));
#8294=CARTESIAN_POINT('',(24.2451907827012,-105.816988821752,0.));
#8295=CARTESIAN_POINT('Origin',(23.9951907827012,-106.250001523644,0.));
#8296=CARTESIAN_POINT('Origin',(0.,0.,0.));
#8297=CARTESIAN_POINT('',(0.,-120.,0.));
#8298=CARTESIAN_POINT('',(0.,0.,0.));
#8299=CARTESIAN_POINT('',(0.,-120.,0.));
#8300=CARTESIAN_POINT('',(0.,-120.,2.));
#8301=CARTESIAN_POINT('',(0.,-120.,0.));
#8302=CARTESIAN_POINT('',(0.,0.,2.));
#8303=CARTESIAN_POINT('',(0.,-120.,2.));
#8304=CARTESIAN_POINT('',(0.,0.,0.));
#8305=CARTESIAN_POINT('Origin',(56.,2.1570415377137E-31,0.));
#8306=CARTESIAN_POINT('',(56.,2.1570415377137E-31,0.));
#8307=CARTESIAN_POINT('',(0.,0.,0.));
#8308=CARTESIAN_POINT('',(56.,0.,2.));
#8309=CARTESIAN_POINT('',(0.,0.,2.));
#8310=CARTESIAN_POINT('',(56.,2.1570415377137E-31,0.));
#8311=CARTESIAN_POINT('Origin',(56.,-120.,0.));
#8312=CARTESIAN_POINT('',(56.,-120.,0.));
#8313=CARTESIAN_POINT('',(56.,2.1570415377137E-31,0.));
#8314=CARTESIAN_POINT('',(56.,-120.,2.));
#8315=CARTESIAN_POINT('',(56.,2.1570415377137E-31,2.));
#8316=CARTESIAN_POINT('',(56.,-120.,0.));
#8317=CARTESIAN_POINT('Origin',(0.,-120.,0.));
#8318=CARTESIAN_POINT('',(56.,-120.,0.));
#8319=CARTESIAN_POINT('',(56.,-120.,2.));
#8320=CARTESIAN_POINT('Origin',(28.,-60.0000008940697,2.));
#8321=CARTESIAN_POINT('Origin',(28.,-60.0000008940697,0.));
#8322=UNCERTAINTY_MEASURE_WITH_UNIT(LENGTH_MEASURE(0.01),#8326,
'DISTANCE_ACCURACY_VALUE',
'Maximum model space distance between geometric entities at asserted c
onnectivities');
#8323=UNCERTAINTY_MEASURE_WITH_UNIT(LENGTH_MEASURE(0.01),#8326,
'DISTANCE_ACCURACY_VALUE',
'Maximum model space distance between geometric entities at asserted c
onnectivities');
#8324=(
GEOMETRIC_REPRESENTATION_CONTEXT(3)
GLOBAL_UNCERTAINTY_ASSIGNED_CONTEXT((#8322))
GLOBAL_UNIT_ASSIGNED_CONTEXT((#8326,#8327,#8328))
REPRESENTATION_CONTEXT('','3D')
);
#8325=(
GEOMETRIC_REPRESENTATION_CONTEXT(3)
GLOBAL_UNCERTAINTY_ASSIGNED_CONTEXT((#8323))
GLOBAL_UNIT_ASSIGNED_CONTEXT((#8326,#8327,#8328))
REPRESENTATION_CONTEXT('','3D')
);
#8326=(
LENGTH_UNIT()
NAMED_UNIT(*)
SI_UNIT(.MILLI.,.METRE.)
);
#8327=(
NAMED_UNIT(*)
PLANE_ANGLE_UNIT()
SI_UNIT($,.RADIAN.)
);
#8328=(
NAMED_UNIT(*)
SI_UNIT($,.STERADIAN.)
SOLID_ANGLE_UNIT()
);
#8329=SHAPE_DEFINITION_REPRESENTATION(#8330,#8331);
#8330=PRODUCT_DEFINITION_SHAPE('',$,#8333);
#8331=SHAPE_REPRESENTATION('',(#5046),#8324);
#8332=PRODUCT_DEFINITION_CONTEXT('part definition',#8337,'design');
#8333=PRODUCT_DEFINITION('2026-04-19-06-02-20-391','PCB',#8334,#8332);
#8334=PRODUCT_DEFINITION_FORMATION('',$,#8339);
#8335=PRODUCT_RELATED_PRODUCT_CATEGORY('PCB','PCB',(#8339));
#8336=APPLICATION_PROTOCOL_DEFINITION('international standard',
'automotive_design',2009,#8337);
#8337=APPLICATION_CONTEXT(
'Core Data for Automotive Mechanical Design Process');
#8338=PRODUCT_CONTEXT('part definition',#8337,'mechanical');
#8339=PRODUCT('2026-04-19-06-02-20-391','PCB',
'KiCad electronic assembly',(#8338));
#8340=PRESENTATION_STYLE_ASSIGNMENT((#8341));
#8341=SURFACE_STYLE_USAGE(.BOTH.,#8342);
#8342=SURFACE_SIDE_STYLE('',(#8343));
#8343=SURFACE_STYLE_FILL_AREA(#8344);
#8344=FILL_AREA_STYLE('Steel - Satin',(#8345));
#8345=FILL_AREA_STYLE_COLOUR('Steel - Satin',#8346);
#8346=COLOUR_RGB('Steel - Satin',0.627450980392157,0.627450980392157,0.627450980392157);
ENDSEC;
END-ISO-10303-21;
