ISO-10303-21;
HEADER;
/* Generated by software containing ST-Developer
 * from STEP Tools, Inc. (www.steptools.com) 
 */

FILE_DESCRIPTION(
/* description */ ('KiCad electronic assembly'),
/* implementation_level */ '2;1');

FILE_NAME(
/* name */ 'Top.step',
/* time_stamp */ '2026-04-19T16:01:30+05:30',
/* author */ (''),
/* organization */ (''),
/* preprocessor_version */ 'ST-DEVELOPER v20.1',
/* originating_system */ 'Autodesk Translation Framework v14.24.0.0',
/* authorisation */ '');

FILE_SCHEMA (('AUTOMOTIVE_DESIGN { 1 0 10303 214 3 1 1 }'));
ENDSEC;

DATA;
#10=MECHANICAL_DESIGN_GEOMETRIC_PRESENTATION_REPRESENTATION('',(#13),#7632);
#11=SHAPE_REPRESENTATION_RELATIONSHIP('SRR','None',#7638,#12);
#12=ADVANCED_BREP_SHAPE_REPRESENTATION('',(#14),#7631);
#13=STYLED_ITEM('',(#7647),#14);
#14=MANIFOLD_SOLID_BREP('Body9',#4624);
#15=FACE_BOUND('',#798,.T.);
#16=FACE_BOUND('',#799,.T.);
#17=FACE_BOUND('',#800,.T.);
#18=FACE_BOUND('',#801,.T.);
#19=FACE_BOUND('',#802,.T.);
#20=FACE_BOUND('',#803,.T.);
#21=FACE_BOUND('',#804,.T.);
#22=FACE_BOUND('',#805,.T.);
#23=FACE_BOUND('',#806,.T.);
#24=FACE_BOUND('',#807,.T.);
#25=FACE_BOUND('',#808,.T.);
#26=FACE_BOUND('',#809,.T.);
#27=FACE_BOUND('',#810,.T.);
#28=FACE_BOUND('',#811,.T.);
#29=FACE_BOUND('',#812,.T.);
#30=FACE_BOUND('',#813,.T.);
#31=FACE_BOUND('',#814,.T.);
#32=FACE_BOUND('',#815,.T.);
#33=FACE_BOUND('',#816,.T.);
#34=FACE_BOUND('',#817,.T.);
#35=FACE_BOUND('',#818,.T.);
#36=FACE_BOUND('',#819,.T.);
#37=FACE_BOUND('',#820,.T.);
#38=FACE_BOUND('',#821,.T.);
#39=FACE_BOUND('',#822,.T.);
#40=FACE_BOUND('',#823,.T.);
#41=FACE_BOUND('',#824,.T.);
#42=FACE_BOUND('',#825,.T.);
#43=FACE_BOUND('',#826,.T.);
#44=FACE_BOUND('',#827,.T.);
#45=FACE_BOUND('',#828,.T.);
#46=FACE_BOUND('',#829,.T.);
#47=FACE_BOUND('',#830,.T.);
#48=FACE_BOUND('',#831,.T.);
#49=FACE_BOUND('',#832,.T.);
#50=FACE_BOUND('',#833,.T.);
#51=FACE_BOUND('',#834,.T.);
#52=FACE_BOUND('',#835,.T.);
#53=FACE_BOUND('',#836,.T.);
#54=FACE_BOUND('',#837,.T.);
#55=FACE_BOUND('',#838,.T.);
#56=FACE_BOUND('',#839,.T.);
#57=FACE_BOUND('',#840,.T.);
#58=FACE_BOUND('',#841,.T.);
#59=FACE_BOUND('',#842,.T.);
#60=FACE_BOUND('',#843,.T.);
#61=FACE_BOUND('',#844,.T.);
#62=FACE_BOUND('',#845,.T.);
#63=FACE_BOUND('',#846,.T.);
#64=FACE_BOUND('',#847,.T.);
#65=FACE_BOUND('',#848,.T.);
#66=FACE_BOUND('',#849,.T.);
#67=FACE_BOUND('',#850,.T.);
#68=FACE_BOUND('',#851,.T.);
#69=FACE_BOUND('',#852,.T.);
#70=FACE_BOUND('',#853,.T.);
#71=FACE_BOUND('',#854,.T.);
#72=FACE_BOUND('',#855,.T.);
#73=FACE_BOUND('',#856,.T.);
#74=FACE_BOUND('',#857,.T.);
#75=FACE_BOUND('',#858,.T.);
#76=FACE_BOUND('',#859,.T.);
#77=FACE_BOUND('',#860,.T.);
#78=FACE_BOUND('',#861,.T.);
#79=FACE_BOUND('',#862,.T.);
#80=FACE_BOUND('',#863,.T.);
#81=FACE_BOUND('',#864,.T.);
#82=FACE_BOUND('',#865,.T.);
#83=FACE_BOUND('',#866,.T.);
#84=FACE_BOUND('',#867,.T.);
#85=FACE_BOUND('',#868,.T.);
#86=FACE_BOUND('',#869,.T.);
#87=FACE_BOUND('',#870,.T.);
#88=FACE_BOUND('',#871,.T.);
#89=FACE_BOUND('',#872,.T.);
#90=FACE_BOUND('',#873,.T.);
#91=FACE_BOUND('',#874,.T.);
#92=FACE_BOUND('',#875,.T.);
#93=FACE_BOUND('',#876,.T.);
#94=FACE_BOUND('',#877,.T.);
#95=FACE_BOUND('',#878,.T.);
#96=FACE_BOUND('',#879,.T.);
#97=FACE_BOUND('',#880,.T.);
#98=FACE_BOUND('',#881,.T.);
#99=FACE_BOUND('',#882,.T.);
#100=FACE_BOUND('',#883,.T.);
#101=FACE_BOUND('',#884,.T.);
#102=FACE_BOUND('',#885,.T.);
#103=FACE_BOUND('',#886,.T.);
#104=FACE_BOUND('',#887,.T.);
#105=FACE_BOUND('',#888,.T.);
#106=FACE_BOUND('',#889,.T.);
#107=FACE_BOUND('',#890,.T.);
#108=FACE_BOUND('',#891,.T.);
#109=FACE_BOUND('',#892,.T.);
#110=FACE_BOUND('',#893,.T.);
#111=FACE_BOUND('',#894,.T.);
#112=FACE_BOUND('',#895,.T.);
#113=FACE_BOUND('',#896,.T.);
#114=FACE_BOUND('',#897,.T.);
#115=FACE_BOUND('',#898,.T.);
#116=FACE_BOUND('',#899,.T.);
#117=FACE_BOUND('',#900,.T.);
#118=FACE_BOUND('',#901,.T.);
#119=FACE_BOUND('',#902,.T.);
#120=FACE_BOUND('',#903,.T.);
#121=FACE_BOUND('',#904,.T.);
#122=FACE_BOUND('',#905,.T.);
#123=FACE_BOUND('',#906,.T.);
#124=FACE_BOUND('',#907,.T.);
#125=FACE_BOUND('',#908,.T.);
#126=FACE_BOUND('',#909,.T.);
#127=FACE_BOUND('',#910,.T.);
#128=FACE_BOUND('',#911,.T.);
#129=FACE_BOUND('',#912,.T.);
#130=FACE_BOUND('',#913,.T.);
#131=FACE_BOUND('',#914,.T.);
#132=FACE_BOUND('',#915,.T.);
#133=FACE_BOUND('',#916,.T.);
#134=FACE_BOUND('',#917,.T.);
#135=FACE_BOUND('',#918,.T.);
#136=FACE_BOUND('',#919,.T.);
#137=FACE_BOUND('',#920,.T.);
#138=FACE_BOUND('',#921,.T.);
#139=FACE_BOUND('',#922,.T.);
#140=FACE_BOUND('',#923,.T.);
#141=FACE_BOUND('',#924,.T.);
#142=FACE_BOUND('',#925,.T.);
#143=FACE_BOUND('',#926,.T.);
#144=FACE_BOUND('',#927,.T.);
#145=FACE_BOUND('',#928,.T.);
#146=FACE_BOUND('',#929,.T.);
#147=FACE_BOUND('',#930,.T.);
#148=FACE_BOUND('',#931,.T.);
#149=FACE_BOUND('',#932,.T.);
#150=FACE_BOUND('',#933,.T.);
#151=FACE_BOUND('',#934,.T.);
#152=FACE_BOUND('',#935,.T.);
#153=FACE_BOUND('',#936,.T.);
#154=FACE_BOUND('',#937,.T.);
#155=FACE_BOUND('',#938,.T.);
#156=FACE_BOUND('',#939,.T.);
#157=FACE_BOUND('',#940,.T.);
#158=FACE_BOUND('',#941,.T.);
#159=FACE_BOUND('',#942,.T.);
#160=FACE_BOUND('',#943,.T.);
#161=FACE_BOUND('',#944,.T.);
#162=FACE_BOUND('',#945,.T.);
#163=FACE_BOUND('',#946,.T.);
#164=FACE_BOUND('',#947,.T.);
#165=FACE_BOUND('',#948,.T.);
#166=FACE_BOUND('',#949,.T.);
#167=FACE_BOUND('',#950,.T.);
#168=FACE_BOUND('',#951,.T.);
#169=FACE_BOUND('',#953,.T.);
#170=FACE_BOUND('',#954,.T.);
#171=FACE_BOUND('',#955,.T.);
#172=FACE_BOUND('',#956,.T.);
#173=FACE_BOUND('',#957,.T.);
#174=FACE_BOUND('',#958,.T.);
#175=FACE_BOUND('',#959,.T.);
#176=FACE_BOUND('',#960,.T.);
#177=FACE_BOUND('',#961,.T.);
#178=FACE_BOUND('',#962,.T.);
#179=FACE_BOUND('',#963,.T.);
#180=FACE_BOUND('',#964,.T.);
#181=FACE_BOUND('',#965,.T.);
#182=FACE_BOUND('',#966,.T.);
#183=FACE_BOUND('',#967,.T.);
#184=FACE_BOUND('',#968,.T.);
#185=FACE_BOUND('',#969,.T.);
#186=FACE_BOUND('',#970,.T.);
#187=FACE_BOUND('',#971,.T.);
#188=FACE_BOUND('',#972,.T.);
#189=FACE_BOUND('',#973,.T.);
#190=FACE_BOUND('',#974,.T.);
#191=FACE_BOUND('',#975,.T.);
#192=FACE_BOUND('',#976,.T.);
#193=FACE_BOUND('',#977,.T.);
#194=FACE_BOUND('',#978,.T.);
#195=FACE_BOUND('',#979,.T.);
#196=FACE_BOUND('',#980,.T.);
#197=FACE_BOUND('',#981,.T.);
#198=FACE_BOUND('',#982,.T.);
#199=FACE_BOUND('',#983,.T.);
#200=FACE_BOUND('',#984,.T.);
#201=FACE_BOUND('',#985,.T.);
#202=FACE_BOUND('',#986,.T.);
#203=FACE_BOUND('',#987,.T.);
#204=FACE_BOUND('',#988,.T.);
#205=FACE_BOUND('',#989,.T.);
#206=FACE_BOUND('',#990,.T.);
#207=FACE_BOUND('',#991,.T.);
#208=FACE_BOUND('',#992,.T.);
#209=FACE_BOUND('',#993,.T.);
#210=FACE_BOUND('',#994,.T.);
#211=FACE_BOUND('',#995,.T.);
#212=FACE_BOUND('',#996,.T.);
#213=FACE_BOUND('',#997,.T.);
#214=FACE_BOUND('',#998,.T.);
#215=FACE_BOUND('',#999,.T.);
#216=FACE_BOUND('',#1000,.T.);
#217=FACE_BOUND('',#1001,.T.);
#218=FACE_BOUND('',#1002,.T.);
#219=FACE_BOUND('',#1003,.T.);
#220=FACE_BOUND('',#1004,.T.);
#221=FACE_BOUND('',#1005,.T.);
#222=FACE_BOUND('',#1006,.T.);
#223=FACE_BOUND('',#1007,.T.);
#224=FACE_BOUND('',#1008,.T.);
#225=FACE_BOUND('',#1009,.T.);
#226=FACE_BOUND('',#1010,.T.);
#227=FACE_BOUND('',#1011,.T.);
#228=FACE_BOUND('',#1012,.T.);
#229=FACE_BOUND('',#1013,.T.);
#230=FACE_BOUND('',#1014,.T.);
#231=FACE_BOUND('',#1015,.T.);
#232=FACE_BOUND('',#1016,.T.);
#233=FACE_BOUND('',#1017,.T.);
#234=FACE_BOUND('',#1018,.T.);
#235=FACE_BOUND('',#1019,.T.);
#236=FACE_BOUND('',#1020,.T.);
#237=FACE_BOUND('',#1021,.T.);
#238=FACE_BOUND('',#1022,.T.);
#239=FACE_BOUND('',#1023,.T.);
#240=FACE_BOUND('',#1024,.T.);
#241=FACE_BOUND('',#1025,.T.);
#242=FACE_BOUND('',#1026,.T.);
#243=FACE_BOUND('',#1027,.T.);
#244=FACE_BOUND('',#1028,.T.);
#245=FACE_BOUND('',#1029,.T.);
#246=FACE_BOUND('',#1030,.T.);
#247=FACE_BOUND('',#1031,.T.);
#248=FACE_BOUND('',#1032,.T.);
#249=FACE_BOUND('',#1033,.T.);
#250=FACE_BOUND('',#1034,.T.);
#251=FACE_BOUND('',#1035,.T.);
#252=FACE_BOUND('',#1036,.T.);
#253=FACE_BOUND('',#1037,.T.);
#254=FACE_BOUND('',#1038,.T.);
#255=FACE_BOUND('',#1039,.T.);
#256=FACE_BOUND('',#1040,.T.);
#257=FACE_BOUND('',#1041,.T.);
#258=FACE_BOUND('',#1042,.T.);
#259=FACE_BOUND('',#1043,.T.);
#260=FACE_BOUND('',#1044,.T.);
#261=FACE_BOUND('',#1045,.T.);
#262=FACE_BOUND('',#1046,.T.);
#263=FACE_BOUND('',#1047,.T.);
#264=FACE_BOUND('',#1048,.T.);
#265=FACE_BOUND('',#1049,.T.);
#266=FACE_BOUND('',#1050,.T.);
#267=FACE_BOUND('',#1051,.T.);
#268=FACE_BOUND('',#1052,.T.);
#269=FACE_BOUND('',#1053,.T.);
#270=FACE_BOUND('',#1054,.T.);
#271=FACE_BOUND('',#1055,.T.);
#272=FACE_BOUND('',#1056,.T.);
#273=FACE_BOUND('',#1057,.T.);
#274=FACE_BOUND('',#1058,.T.);
#275=FACE_BOUND('',#1059,.T.);
#276=FACE_BOUND('',#1060,.T.);
#277=FACE_BOUND('',#1061,.T.);
#278=FACE_BOUND('',#1062,.T.);
#279=FACE_BOUND('',#1063,.T.);
#280=FACE_BOUND('',#1064,.T.);
#281=FACE_BOUND('',#1065,.T.);
#282=FACE_BOUND('',#1066,.T.);
#283=FACE_BOUND('',#1067,.T.);
#284=FACE_BOUND('',#1068,.T.);
#285=FACE_BOUND('',#1069,.T.);
#286=FACE_BOUND('',#1070,.T.);
#287=FACE_BOUND('',#1071,.T.);
#288=FACE_BOUND('',#1072,.T.);
#289=FACE_BOUND('',#1073,.T.);
#290=FACE_BOUND('',#1074,.T.);
#291=FACE_BOUND('',#1075,.T.);
#292=FACE_BOUND('',#1076,.T.);
#293=FACE_BOUND('',#1077,.T.);
#294=FACE_BOUND('',#1078,.T.);
#295=FACE_BOUND('',#1079,.T.);
#296=FACE_BOUND('',#1080,.T.);
#297=FACE_BOUND('',#1081,.T.);
#298=FACE_BOUND('',#1082,.T.);
#299=FACE_BOUND('',#1083,.T.);
#300=FACE_BOUND('',#1084,.T.);
#301=FACE_BOUND('',#1085,.T.);
#302=FACE_BOUND('',#1086,.T.);
#303=FACE_BOUND('',#1087,.T.);
#304=FACE_BOUND('',#1088,.T.);
#305=FACE_BOUND('',#1089,.T.);
#306=FACE_BOUND('',#1090,.T.);
#307=FACE_BOUND('',#1091,.T.);
#308=FACE_BOUND('',#1092,.T.);
#309=FACE_BOUND('',#1093,.T.);
#310=FACE_BOUND('',#1094,.T.);
#311=FACE_BOUND('',#1095,.T.);
#312=FACE_BOUND('',#1096,.T.);
#313=FACE_BOUND('',#1097,.T.);
#314=FACE_BOUND('',#1098,.T.);
#315=FACE_BOUND('',#1099,.T.);
#316=FACE_BOUND('',#1100,.T.);
#317=FACE_BOUND('',#1101,.T.);
#318=FACE_BOUND('',#1102,.T.);
#319=FACE_BOUND('',#1103,.T.);
#320=FACE_BOUND('',#1104,.T.);
#321=FACE_BOUND('',#1105,.T.);
#322=FACE_BOUND('',#1106,.T.);
#323=PLANE('',#4683);
#324=PLANE('',#4684);
#325=PLANE('',#4685);
#326=PLANE('',#4686);
#327=PLANE('',#4768);
#328=PLANE('',#4769);
#329=PLANE('',#4770);
#330=PLANE('',#4771);
#331=PLANE('',#4772);
#332=PLANE('',#4773);
#333=PLANE('',#4774);
#334=PLANE('',#4775);
#335=PLANE('',#4776);
#336=PLANE('',#4777);
#337=PLANE('',#4778);
#338=PLANE('',#4779);
#339=PLANE('',#4780);
#340=PLANE('',#4781);
#341=PLANE('',#4782);
#342=PLANE('',#4783);
#343=PLANE('',#4784);
#344=PLANE('',#4785);
#345=PLANE('',#4786);
#346=PLANE('',#4787);
#347=PLANE('',#4809);
#348=PLANE('',#4810);
#349=PLANE('',#4811);
#350=PLANE('',#4812);
#351=PLANE('',#4840);
#352=PLANE('',#4841);
#353=PLANE('',#4842);
#354=PLANE('',#4843);
#355=PLANE('',#4886);
#356=PLANE('',#4887);
#357=PLANE('',#4888);
#358=PLANE('',#4889);
#359=PLANE('',#4905);
#360=PLANE('',#4906);
#361=PLANE('',#4907);
#362=PLANE('',#4908);
#363=PLANE('',#4933);
#364=PLANE('',#4934);
#365=PLANE('',#4935);
#366=PLANE('',#4936);
#367=PLANE('',#4937);
#368=PLANE('',#4938);
#369=PLANE('',#4939);
#370=PLANE('',#4940);
#371=PLANE('',#4947);
#372=PLANE('',#4948);
#373=PLANE('',#4949);
#374=PLANE('',#4950);
#375=PLANE('',#5005);
#376=PLANE('',#5006);
#377=PLANE('',#5007);
#378=PLANE('',#5008);
#379=PLANE('',#5060);
#380=PLANE('',#5061);
#381=PLANE('',#5062);
#382=PLANE('',#5063);
#383=PLANE('',#5103);
#384=PLANE('',#5104);
#385=PLANE('',#5105);
#386=PLANE('',#5106);
#387=PLANE('',#5107);
#388=PLANE('',#5108);
#389=FACE_OUTER_BOUND('',#594,.T.);
#390=FACE_OUTER_BOUND('',#595,.T.);
#391=FACE_OUTER_BOUND('',#596,.T.);
#392=FACE_OUTER_BOUND('',#597,.T.);
#393=FACE_OUTER_BOUND('',#598,.T.);
#394=FACE_OUTER_BOUND('',#599,.T.);
#395=FACE_OUTER_BOUND('',#600,.T.);
#396=FACE_OUTER_BOUND('',#601,.T.);
#397=FACE_OUTER_BOUND('',#602,.T.);
#398=FACE_OUTER_BOUND('',#603,.T.);
#399=FACE_OUTER_BOUND('',#604,.T.);
#400=FACE_OUTER_BOUND('',#605,.T.);
#401=FACE_OUTER_BOUND('',#606,.T.);
#402=FACE_OUTER_BOUND('',#607,.T.);
#403=FACE_OUTER_BOUND('',#608,.T.);
#404=FACE_OUTER_BOUND('',#609,.T.);
#405=FACE_OUTER_BOUND('',#610,.T.);
#406=FACE_OUTER_BOUND('',#611,.T.);
#407=FACE_OUTER_BOUND('',#612,.T.);
#408=FACE_OUTER_BOUND('',#613,.T.);
#409=FACE_OUTER_BOUND('',#614,.T.);
#410=FACE_OUTER_BOUND('',#615,.T.);
#411=FACE_OUTER_BOUND('',#616,.T.);
#412=FACE_OUTER_BOUND('',#617,.T.);
#413=FACE_OUTER_BOUND('',#618,.T.);
#414=FACE_OUTER_BOUND('',#619,.T.);
#415=FACE_OUTER_BOUND('',#620,.T.);
#416=FACE_OUTER_BOUND('',#621,.T.);
#417=FACE_OUTER_BOUND('',#622,.T.);
#418=FACE_OUTER_BOUND('',#623,.T.);
#419=FACE_OUTER_BOUND('',#624,.T.);
#420=FACE_OUTER_BOUND('',#625,.T.);
#421=FACE_OUTER_BOUND('',#626,.T.);
#422=FACE_OUTER_BOUND('',#627,.T.);
#423=FACE_OUTER_BOUND('',#628,.T.);
#424=FACE_OUTER_BOUND('',#629,.T.);
#425=FACE_OUTER_BOUND('',#630,.T.);
#426=FACE_OUTER_BOUND('',#631,.T.);
#427=FACE_OUTER_BOUND('',#632,.T.);
#428=FACE_OUTER_BOUND('',#633,.T.);
#429=FACE_OUTER_BOUND('',#634,.T.);
#430=FACE_OUTER_BOUND('',#635,.T.);
#431=FACE_OUTER_BOUND('',#636,.T.);
#432=FACE_OUTER_BOUND('',#637,.T.);
#433=FACE_OUTER_BOUND('',#638,.T.);
#434=FACE_OUTER_BOUND('',#639,.T.);
#435=FACE_OUTER_BOUND('',#640,.T.);
#436=FACE_OUTER_BOUND('',#641,.T.);
#437=FACE_OUTER_BOUND('',#642,.T.);
#438=FACE_OUTER_BOUND('',#643,.T.);
#439=FACE_OUTER_BOUND('',#644,.T.);
#440=FACE_OUTER_BOUND('',#645,.T.);
#441=FACE_OUTER_BOUND('',#646,.T.);
#442=FACE_OUTER_BOUND('',#647,.T.);
#443=FACE_OUTER_BOUND('',#648,.T.);
#444=FACE_OUTER_BOUND('',#649,.T.);
#445=FACE_OUTER_BOUND('',#650,.T.);
#446=FACE_OUTER_BOUND('',#651,.T.);
#447=FACE_OUTER_BOUND('',#652,.T.);
#448=FACE_OUTER_BOUND('',#653,.T.);
#449=FACE_OUTER_BOUND('',#654,.T.);
#450=FACE_OUTER_BOUND('',#655,.T.);
#451=FACE_OUTER_BOUND('',#656,.T.);
#452=FACE_OUTER_BOUND('',#657,.T.);
#453=FACE_OUTER_BOUND('',#658,.T.);
#454=FACE_OUTER_BOUND('',#659,.T.);
#455=FACE_OUTER_BOUND('',#660,.T.);
#456=FACE_OUTER_BOUND('',#661,.T.);
#457=FACE_OUTER_BOUND('',#662,.T.);
#458=FACE_OUTER_BOUND('',#663,.T.);
#459=FACE_OUTER_BOUND('',#664,.T.);
#460=FACE_OUTER_BOUND('',#665,.T.);
#461=FACE_OUTER_BOUND('',#666,.T.);
#462=FACE_OUTER_BOUND('',#667,.T.);
#463=FACE_OUTER_BOUND('',#668,.T.);
#464=FACE_OUTER_BOUND('',#669,.T.);
#465=FACE_OUTER_BOUND('',#670,.T.);
#466=FACE_OUTER_BOUND('',#671,.T.);
#467=FACE_OUTER_BOUND('',#672,.T.);
#468=FACE_OUTER_BOUND('',#673,.T.);
#469=FACE_OUTER_BOUND('',#674,.T.);
#470=FACE_OUTER_BOUND('',#675,.T.);
#471=FACE_OUTER_BOUND('',#676,.T.);
#472=FACE_OUTER_BOUND('',#677,.T.);
#473=FACE_OUTER_BOUND('',#678,.T.);
#474=FACE_OUTER_BOUND('',#679,.T.);
#475=FACE_OUTER_BOUND('',#680,.T.);
#476=FACE_OUTER_BOUND('',#681,.T.);
#477=FACE_OUTER_BOUND('',#682,.T.);
#478=FACE_OUTER_BOUND('',#683,.T.);
#479=FACE_OUTER_BOUND('',#684,.T.);
#480=FACE_OUTER_BOUND('',#685,.T.);
#481=FACE_OUTER_BOUND('',#686,.T.);
#482=FACE_OUTER_BOUND('',#687,.T.);
#483=FACE_OUTER_BOUND('',#688,.T.);
#484=FACE_OUTER_BOUND('',#689,.T.);
#485=FACE_OUTER_BOUND('',#690,.T.);
#486=FACE_OUTER_BOUND('',#691,.T.);
#487=FACE_OUTER_BOUND('',#692,.T.);
#488=FACE_OUTER_BOUND('',#693,.T.);
#489=FACE_OUTER_BOUND('',#694,.T.);
#490=FACE_OUTER_BOUND('',#695,.T.);
#491=FACE_OUTER_BOUND('',#696,.T.);
#492=FACE_OUTER_BOUND('',#697,.T.);
#493=FACE_OUTER_BOUND('',#698,.T.);
#494=FACE_OUTER_BOUND('',#699,.T.);
#495=FACE_OUTER_BOUND('',#700,.T.);
#496=FACE_OUTER_BOUND('',#701,.T.);
#497=FACE_OUTER_BOUND('',#702,.T.);
#498=FACE_OUTER_BOUND('',#703,.T.);
#499=FACE_OUTER_BOUND('',#704,.T.);
#500=FACE_OUTER_BOUND('',#705,.T.);
#501=FACE_OUTER_BOUND('',#706,.T.);
#502=FACE_OUTER_BOUND('',#707,.T.);
#503=FACE_OUTER_BOUND('',#708,.T.);
#504=FACE_OUTER_BOUND('',#709,.T.);
#505=FACE_OUTER_BOUND('',#710,.T.);
#506=FACE_OUTER_BOUND('',#711,.T.);
#507=FACE_OUTER_BOUND('',#712,.T.);
#508=FACE_OUTER_BOUND('',#713,.T.);
#509=FACE_OUTER_BOUND('',#714,.T.);
#510=FACE_OUTER_BOUND('',#715,.T.);
#511=FACE_OUTER_BOUND('',#716,.T.);
#512=FACE_OUTER_BOUND('',#717,.T.);
#513=FACE_OUTER_BOUND('',#718,.T.);
#514=FACE_OUTER_BOUND('',#719,.T.);
#515=FACE_OUTER_BOUND('',#720,.T.);
#516=FACE_OUTER_BOUND('',#721,.T.);
#517=FACE_OUTER_BOUND('',#722,.T.);
#518=FACE_OUTER_BOUND('',#723,.T.);
#519=FACE_OUTER_BOUND('',#724,.T.);
#520=FACE_OUTER_BOUND('',#725,.T.);
#521=FACE_OUTER_BOUND('',#726,.T.);
#522=FACE_OUTER_BOUND('',#727,.T.);
#523=FACE_OUTER_BOUND('',#728,.T.);
#524=FACE_OUTER_BOUND('',#729,.T.);
#525=FACE_OUTER_BOUND('',#730,.T.);
#526=FACE_OUTER_BOUND('',#731,.T.);
#527=FACE_OUTER_BOUND('',#732,.T.);
#528=FACE_OUTER_BOUND('',#733,.T.);
#529=FACE_OUTER_BOUND('',#734,.T.);
#530=FACE_OUTER_BOUND('',#735,.T.);
#531=FACE_OUTER_BOUND('',#736,.T.);
#532=FACE_OUTER_BOUND('',#737,.T.);
#533=FACE_OUTER_BOUND('',#738,.T.);
#534=FACE_OUTER_BOUND('',#739,.T.);
#535=FACE_OUTER_BOUND('',#740,.T.);
#536=FACE_OUTER_BOUND('',#741,.T.);
#537=FACE_OUTER_BOUND('',#742,.T.);
#538=FACE_OUTER_BOUND('',#743,.T.);
#539=FACE_OUTER_BOUND('',#744,.T.);
#540=FACE_OUTER_BOUND('',#745,.T.);
#541=FACE_OUTER_BOUND('',#746,.T.);
#542=FACE_OUTER_BOUND('',#747,.T.);
#543=FACE_OUTER_BOUND('',#748,.T.);
#544=FACE_OUTER_BOUND('',#749,.T.);
#545=FACE_OUTER_BOUND('',#750,.T.);
#546=FACE_OUTER_BOUND('',#751,.T.);
#547=FACE_OUTER_BOUND('',#752,.T.);
#548=FACE_OUTER_BOUND('',#753,.T.);
#549=FACE_OUTER_BOUND('',#754,.T.);
#550=FACE_OUTER_BOUND('',#755,.T.);
#551=FACE_OUTER_BOUND('',#756,.T.);
#552=FACE_OUTER_BOUND('',#757,.T.);
#553=FACE_OUTER_BOUND('',#758,.T.);
#554=FACE_OUTER_BOUND('',#759,.T.);
#555=FACE_OUTER_BOUND('',#760,.T.);
#556=FACE_OUTER_BOUND('',#761,.T.);
#557=FACE_OUTER_BOUND('',#762,.T.);
#558=FACE_OUTER_BOUND('',#763,.T.);
#559=FACE_OUTER_BOUND('',#764,.T.);
#560=FACE_OUTER_BOUND('',#765,.T.);
#561=FACE_OUTER_BOUND('',#766,.T.);
#562=FACE_OUTER_BOUND('',#767,.T.);
#563=FACE_OUTER_BOUND('',#768,.T.);
#564=FACE_OUTER_BOUND('',#769,.T.);
#565=FACE_OUTER_BOUND('',#770,.T.);
#566=FACE_OUTER_BOUND('',#771,.T.);
#567=FACE_OUTER_BOUND('',#772,.T.);
#568=FACE_OUTER_BOUND('',#773,.T.);
#569=FACE_OUTER_BOUND('',#774,.T.);
#570=FACE_OUTER_BOUND('',#775,.T.);
#571=FACE_OUTER_BOUND('',#776,.T.);
#572=FACE_OUTER_BOUND('',#777,.T.);
#573=FACE_OUTER_BOUND('',#778,.T.);
#574=FACE_OUTER_BOUND('',#779,.T.);
#575=FACE_OUTER_BOUND('',#780,.T.);
#576=FACE_OUTER_BOUND('',#781,.T.);
#577=FACE_OUTER_BOUND('',#782,.T.);
#578=FACE_OUTER_BOUND('',#783,.T.);
#579=FACE_OUTER_BOUND('',#784,.T.);
#580=FACE_OUTER_BOUND('',#785,.T.);
#581=FACE_OUTER_BOUND('',#786,.T.);
#582=FACE_OUTER_BOUND('',#787,.T.);
#583=FACE_OUTER_BOUND('',#788,.T.);
#584=FACE_OUTER_BOUND('',#789,.T.);
#585=FACE_OUTER_BOUND('',#790,.T.);
#586=FACE_OUTER_BOUND('',#791,.T.);
#587=FACE_OUTER_BOUND('',#792,.T.);
#588=FACE_OUTER_BOUND('',#793,.T.);
#589=FACE_OUTER_BOUND('',#794,.T.);
#590=FACE_OUTER_BOUND('',#795,.T.);
#591=FACE_OUTER_BOUND('',#796,.T.);
#592=FACE_OUTER_BOUND('',#797,.T.);
#593=FACE_OUTER_BOUND('',#952,.T.);
#594=EDGE_LOOP('',(#3062,#3063,#3064,#3065));
#595=EDGE_LOOP('',(#3066,#3067,#3068,#3069));
#596=EDGE_LOOP('',(#3070,#3071,#3072,#3073));
#597=EDGE_LOOP('',(#3074,#3075,#3076,#3077));
#598=EDGE_LOOP('',(#3078,#3079,#3080,#3081));
#599=EDGE_LOOP('',(#3082,#3083,#3084,#3085));
#600=EDGE_LOOP('',(#3086,#3087,#3088,#3089));
#601=EDGE_LOOP('',(#3090,#3091,#3092,#3093));
#602=EDGE_LOOP('',(#3094,#3095,#3096,#3097));
#603=EDGE_LOOP('',(#3098,#3099,#3100,#3101));
#604=EDGE_LOOP('',(#3102,#3103,#3104,#3105));
#605=EDGE_LOOP('',(#3106,#3107,#3108,#3109));
#606=EDGE_LOOP('',(#3110,#3111,#3112,#3113));
#607=EDGE_LOOP('',(#3114,#3115,#3116,#3117));
#608=EDGE_LOOP('',(#3118,#3119,#3120,#3121));
#609=EDGE_LOOP('',(#3122,#3123,#3124,#3125));
#610=EDGE_LOOP('',(#3126,#3127,#3128,#3129));
#611=EDGE_LOOP('',(#3130,#3131,#3132,#3133));
#612=EDGE_LOOP('',(#3134,#3135,#3136,#3137));
#613=EDGE_LOOP('',(#3138,#3139,#3140,#3141));
#614=EDGE_LOOP('',(#3142,#3143,#3144,#3145));
#615=EDGE_LOOP('',(#3146,#3147,#3148,#3149));
#616=EDGE_LOOP('',(#3150,#3151,#3152,#3153));
#617=EDGE_LOOP('',(#3154,#3155,#3156,#3157));
#618=EDGE_LOOP('',(#3158,#3159,#3160,#3161));
#619=EDGE_LOOP('',(#3162,#3163,#3164,#3165));
#620=EDGE_LOOP('',(#3166,#3167,#3168,#3169));
#621=EDGE_LOOP('',(#3170,#3171,#3172,#3173));
#622=EDGE_LOOP('',(#3174,#3175,#3176,#3177));
#623=EDGE_LOOP('',(#3178,#3179,#3180,#3181));
#624=EDGE_LOOP('',(#3182,#3183,#3184,#3185));
#625=EDGE_LOOP('',(#3186,#3187,#3188,#3189));
#626=EDGE_LOOP('',(#3190,#3191,#3192,#3193));
#627=EDGE_LOOP('',(#3194,#3195,#3196,#3197));
#628=EDGE_LOOP('',(#3198,#3199,#3200,#3201));
#629=EDGE_LOOP('',(#3202,#3203,#3204,#3205));
#630=EDGE_LOOP('',(#3206,#3207,#3208,#3209));
#631=EDGE_LOOP('',(#3210,#3211,#3212,#3213));
#632=EDGE_LOOP('',(#3214,#3215,#3216,#3217));
#633=EDGE_LOOP('',(#3218,#3219,#3220,#3221));
#634=EDGE_LOOP('',(#3222,#3223,#3224,#3225));
#635=EDGE_LOOP('',(#3226,#3227,#3228,#3229));
#636=EDGE_LOOP('',(#3230,#3231,#3232,#3233));
#637=EDGE_LOOP('',(#3234,#3235,#3236,#3237));
#638=EDGE_LOOP('',(#3238,#3239,#3240,#3241));
#639=EDGE_LOOP('',(#3242,#3243,#3244,#3245));
#640=EDGE_LOOP('',(#3246,#3247,#3248,#3249));
#641=EDGE_LOOP('',(#3250,#3251,#3252,#3253));
#642=EDGE_LOOP('',(#3254,#3255,#3256,#3257));
#643=EDGE_LOOP('',(#3258,#3259,#3260,#3261));
#644=EDGE_LOOP('',(#3262,#3263,#3264,#3265));
#645=EDGE_LOOP('',(#3266,#3267,#3268,#3269));
#646=EDGE_LOOP('',(#3270,#3271,#3272,#3273));
#647=EDGE_LOOP('',(#3274,#3275,#3276,#3277));
#648=EDGE_LOOP('',(#3278,#3279,#3280,#3281));
#649=EDGE_LOOP('',(#3282,#3283,#3284,#3285));
#650=EDGE_LOOP('',(#3286,#3287,#3288,#3289));
#651=EDGE_LOOP('',(#3290,#3291,#3292,#3293));
#652=EDGE_LOOP('',(#3294,#3295,#3296,#3297));
#653=EDGE_LOOP('',(#3298,#3299,#3300,#3301));
#654=EDGE_LOOP('',(#3302,#3303,#3304,#3305));
#655=EDGE_LOOP('',(#3306,#3307,#3308,#3309));
#656=EDGE_LOOP('',(#3310,#3311,#3312,#3313));
#657=EDGE_LOOP('',(#3314,#3315,#3316,#3317));
#658=EDGE_LOOP('',(#3318,#3319,#3320,#3321));
#659=EDGE_LOOP('',(#3322,#3323,#3324,#3325));
#660=EDGE_LOOP('',(#3326,#3327,#3328,#3329));
#661=EDGE_LOOP('',(#3330,#3331,#3332,#3333));
#662=EDGE_LOOP('',(#3334,#3335,#3336,#3337));
#663=EDGE_LOOP('',(#3338,#3339,#3340,#3341));
#664=EDGE_LOOP('',(#3342,#3343,#3344,#3345));
#665=EDGE_LOOP('',(#3346,#3347,#3348,#3349));
#666=EDGE_LOOP('',(#3350,#3351,#3352,#3353));
#667=EDGE_LOOP('',(#3354,#3355,#3356,#3357));
#668=EDGE_LOOP('',(#3358,#3359,#3360,#3361));
#669=EDGE_LOOP('',(#3362,#3363,#3364,#3365));
#670=EDGE_LOOP('',(#3366,#3367,#3368,#3369));
#671=EDGE_LOOP('',(#3370,#3371,#3372,#3373));
#672=EDGE_LOOP('',(#3374,#3375,#3376,#3377));
#673=EDGE_LOOP('',(#3378,#3379,#3380,#3381));
#674=EDGE_LOOP('',(#3382,#3383,#3384,#3385));
#675=EDGE_LOOP('',(#3386,#3387,#3388,#3389));
#676=EDGE_LOOP('',(#3390,#3391,#3392,#3393));
#677=EDGE_LOOP('',(#3394,#3395,#3396,#3397));
#678=EDGE_LOOP('',(#3398,#3399,#3400,#3401));
#679=EDGE_LOOP('',(#3402,#3403,#3404,#3405));
#680=EDGE_LOOP('',(#3406,#3407,#3408,#3409));
#681=EDGE_LOOP('',(#3410,#3411,#3412,#3413));
#682=EDGE_LOOP('',(#3414,#3415,#3416,#3417));
#683=EDGE_LOOP('',(#3418,#3419,#3420,#3421));
#684=EDGE_LOOP('',(#3422,#3423,#3424,#3425));
#685=EDGE_LOOP('',(#3426,#3427,#3428,#3429));
#686=EDGE_LOOP('',(#3430,#3431,#3432,#3433));
#687=EDGE_LOOP('',(#3434,#3435,#3436,#3437));
#688=EDGE_LOOP('',(#3438,#3439,#3440,#3441));
#689=EDGE_LOOP('',(#3442,#3443,#3444,#3445));
#690=EDGE_LOOP('',(#3446,#3447,#3448,#3449));
#691=EDGE_LOOP('',(#3450,#3451,#3452,#3453));
#692=EDGE_LOOP('',(#3454,#3455,#3456,#3457));
#693=EDGE_LOOP('',(#3458,#3459,#3460,#3461));
#694=EDGE_LOOP('',(#3462,#3463,#3464,#3465));
#695=EDGE_LOOP('',(#3466,#3467,#3468,#3469));
#696=EDGE_LOOP('',(#3470,#3471,#3472,#3473));
#697=EDGE_LOOP('',(#3474,#3475,#3476,#3477));
#698=EDGE_LOOP('',(#3478,#3479,#3480,#3481));
#699=EDGE_LOOP('',(#3482,#3483,#3484,#3485));
#700=EDGE_LOOP('',(#3486,#3487,#3488,#3489));
#701=EDGE_LOOP('',(#3490,#3491,#3492,#3493));
#702=EDGE_LOOP('',(#3494,#3495,#3496,#3497));
#703=EDGE_LOOP('',(#3498,#3499,#3500,#3501));
#704=EDGE_LOOP('',(#3502,#3503,#3504,#3505));
#705=EDGE_LOOP('',(#3506,#3507,#3508,#3509));
#706=EDGE_LOOP('',(#3510,#3511,#3512,#3513));
#707=EDGE_LOOP('',(#3514,#3515,#3516,#3517));
#708=EDGE_LOOP('',(#3518,#3519,#3520,#3521));
#709=EDGE_LOOP('',(#3522,#3523,#3524,#3525));
#710=EDGE_LOOP('',(#3526,#3527,#3528,#3529));
#711=EDGE_LOOP('',(#3530,#3531,#3532,#3533));
#712=EDGE_LOOP('',(#3534,#3535,#3536,#3537));
#713=EDGE_LOOP('',(#3538,#3539,#3540,#3541));
#714=EDGE_LOOP('',(#3542,#3543,#3544,#3545));
#715=EDGE_LOOP('',(#3546,#3547,#3548,#3549));
#716=EDGE_LOOP('',(#3550,#3551,#3552,#3553));
#717=EDGE_LOOP('',(#3554,#3555,#3556,#3557));
#718=EDGE_LOOP('',(#3558,#3559,#3560,#3561));
#719=EDGE_LOOP('',(#3562,#3563,#3564,#3565));
#720=EDGE_LOOP('',(#3566,#3567,#3568,#3569));
#721=EDGE_LOOP('',(#3570,#3571,#3572,#3573));
#722=EDGE_LOOP('',(#3574,#3575,#3576,#3577));
#723=EDGE_LOOP('',(#3578,#3579,#3580,#3581));
#724=EDGE_LOOP('',(#3582,#3583,#3584,#3585));
#725=EDGE_LOOP('',(#3586,#3587,#3588,#3589));
#726=EDGE_LOOP('',(#3590,#3591,#3592,#3593));
#727=EDGE_LOOP('',(#3594,#3595,#3596,#3597));
#728=EDGE_LOOP('',(#3598,#3599,#3600,#3601));
#729=EDGE_LOOP('',(#3602,#3603,#3604,#3605));
#730=EDGE_LOOP('',(#3606,#3607,#3608,#3609));
#731=EDGE_LOOP('',(#3610,#3611,#3612,#3613));
#732=EDGE_LOOP('',(#3614,#3615,#3616,#3617));
#733=EDGE_LOOP('',(#3618,#3619,#3620,#3621));
#734=EDGE_LOOP('',(#3622,#3623,#3624,#3625));
#735=EDGE_LOOP('',(#3626,#3627,#3628,#3629));
#736=EDGE_LOOP('',(#3630,#3631,#3632,#3633));
#737=EDGE_LOOP('',(#3634,#3635,#3636,#3637));
#738=EDGE_LOOP('',(#3638,#3639,#3640,#3641));
#739=EDGE_LOOP('',(#3642,#3643,#3644,#3645));
#740=EDGE_LOOP('',(#3646,#3647,#3648,#3649));
#741=EDGE_LOOP('',(#3650,#3651,#3652,#3653));
#742=EDGE_LOOP('',(#3654,#3655,#3656,#3657));
#743=EDGE_LOOP('',(#3658,#3659,#3660,#3661));
#744=EDGE_LOOP('',(#3662,#3663,#3664,#3665));
#745=EDGE_LOOP('',(#3666,#3667,#3668,#3669));
#746=EDGE_LOOP('',(#3670,#3671,#3672,#3673));
#747=EDGE_LOOP('',(#3674,#3675,#3676,#3677));
#748=EDGE_LOOP('',(#3678,#3679,#3680,#3681));
#749=EDGE_LOOP('',(#3682,#3683,#3684,#3685));
#750=EDGE_LOOP('',(#3686,#3687,#3688,#3689));
#751=EDGE_LOOP('',(#3690,#3691,#3692,#3693));
#752=EDGE_LOOP('',(#3694,#3695,#3696,#3697));
#753=EDGE_LOOP('',(#3698,#3699,#3700,#3701));
#754=EDGE_LOOP('',(#3702,#3703,#3704,#3705));
#755=EDGE_LOOP('',(#3706,#3707,#3708,#3709));
#756=EDGE_LOOP('',(#3710,#3711,#3712,#3713));
#757=EDGE_LOOP('',(#3714,#3715,#3716,#3717));
#758=EDGE_LOOP('',(#3718,#3719,#3720,#3721));
#759=EDGE_LOOP('',(#3722,#3723,#3724,#3725));
#760=EDGE_LOOP('',(#3726,#3727,#3728,#3729));
#761=EDGE_LOOP('',(#3730,#3731,#3732,#3733));
#762=EDGE_LOOP('',(#3734,#3735,#3736,#3737));
#763=EDGE_LOOP('',(#3738,#3739,#3740,#3741));
#764=EDGE_LOOP('',(#3742,#3743,#3744,#3745));
#765=EDGE_LOOP('',(#3746,#3747,#3748,#3749));
#766=EDGE_LOOP('',(#3750,#3751,#3752,#3753));
#767=EDGE_LOOP('',(#3754,#3755,#3756,#3757));
#768=EDGE_LOOP('',(#3758,#3759,#3760,#3761));
#769=EDGE_LOOP('',(#3762,#3763,#3764,#3765));
#770=EDGE_LOOP('',(#3766,#3767,#3768,#3769));
#771=EDGE_LOOP('',(#3770,#3771,#3772,#3773));
#772=EDGE_LOOP('',(#3774,#3775,#3776,#3777));
#773=EDGE_LOOP('',(#3778,#3779,#3780,#3781));
#774=EDGE_LOOP('',(#3782,#3783,#3784,#3785));
#775=EDGE_LOOP('',(#3786,#3787,#3788,#3789));
#776=EDGE_LOOP('',(#3790,#3791,#3792,#3793));
#777=EDGE_LOOP('',(#3794,#3795,#3796,#3797));
#778=EDGE_LOOP('',(#3798,#3799,#3800,#3801));
#779=EDGE_LOOP('',(#3802,#3803,#3804,#3805));
#780=EDGE_LOOP('',(#3806,#3807,#3808,#3809));
#781=EDGE_LOOP('',(#3810,#3811,#3812,#3813));
#782=EDGE_LOOP('',(#3814,#3815,#3816,#3817));
#783=EDGE_LOOP('',(#3818,#3819,#3820,#3821));
#784=EDGE_LOOP('',(#3822,#3823,#3824,#3825));
#785=EDGE_LOOP('',(#3826,#3827,#3828,#3829));
#786=EDGE_LOOP('',(#3830,#3831,#3832,#3833));
#787=EDGE_LOOP('',(#3834,#3835,#3836,#3837));
#788=EDGE_LOOP('',(#3838,#3839,#3840,#3841));
#789=EDGE_LOOP('',(#3842,#3843,#3844,#3845));
#790=EDGE_LOOP('',(#3846,#3847,#3848,#3849));
#791=EDGE_LOOP('',(#3850,#3851,#3852,#3853));
#792=EDGE_LOOP('',(#3854,#3855,#3856,#3857));
#793=EDGE_LOOP('',(#3858,#3859,#3860,#3861));
#794=EDGE_LOOP('',(#3862,#3863,#3864,#3865));
#795=EDGE_LOOP('',(#3866,#3867,#3868,#3869));
#796=EDGE_LOOP('',(#3870,#3871,#3872,#3873));
#797=EDGE_LOOP('',(#3874,#3875,#3876,#3877));
#798=EDGE_LOOP('',(#3878));
#799=EDGE_LOOP('',(#3879));
#800=EDGE_LOOP('',(#3880));
#801=EDGE_LOOP('',(#3881));
#802=EDGE_LOOP('',(#3882));
#803=EDGE_LOOP('',(#3883));
#804=EDGE_LOOP('',(#3884));
#805=EDGE_LOOP('',(#3885));
#806=EDGE_LOOP('',(#3886));
#807=EDGE_LOOP('',(#3887));
#808=EDGE_LOOP('',(#3888));
#809=EDGE_LOOP('',(#3889));
#810=EDGE_LOOP('',(#3890));
#811=EDGE_LOOP('',(#3891,#3892,#3893,#3894));
#812=EDGE_LOOP('',(#3895));
#813=EDGE_LOOP('',(#3896));
#814=EDGE_LOOP('',(#3897));
#815=EDGE_LOOP('',(#3898));
#816=EDGE_LOOP('',(#3899));
#817=EDGE_LOOP('',(#3900));
#818=EDGE_LOOP('',(#3901));
#819=EDGE_LOOP('',(#3902));
#820=EDGE_LOOP('',(#3903));
#821=EDGE_LOOP('',(#3904));
#822=EDGE_LOOP('',(#3905));
#823=EDGE_LOOP('',(#3906));
#824=EDGE_LOOP('',(#3907));
#825=EDGE_LOOP('',(#3908));
#826=EDGE_LOOP('',(#3909));
#827=EDGE_LOOP('',(#3910));
#828=EDGE_LOOP('',(#3911));
#829=EDGE_LOOP('',(#3912,#3913,#3914,#3915));
#830=EDGE_LOOP('',(#3916));
#831=EDGE_LOOP('',(#3917));
#832=EDGE_LOOP('',(#3918));
#833=EDGE_LOOP('',(#3919));
#834=EDGE_LOOP('',(#3920));
#835=EDGE_LOOP('',(#3921));
#836=EDGE_LOOP('',(#3922));
#837=EDGE_LOOP('',(#3923));
#838=EDGE_LOOP('',(#3924));
#839=EDGE_LOOP('',(#3925));
#840=EDGE_LOOP('',(#3926));
#841=EDGE_LOOP('',(#3927));
#842=EDGE_LOOP('',(#3928));
#843=EDGE_LOOP('',(#3929));
#844=EDGE_LOOP('',(#3930));
#845=EDGE_LOOP('',(#3931));
#846=EDGE_LOOP('',(#3932));
#847=EDGE_LOOP('',(#3933));
#848=EDGE_LOOP('',(#3934,#3935,#3936,#3937));
#849=EDGE_LOOP('',(#3938));
#850=EDGE_LOOP('',(#3939));
#851=EDGE_LOOP('',(#3940,#3941,#3942,#3943));
#852=EDGE_LOOP('',(#3944,#3945,#3946,#3947));
#853=EDGE_LOOP('',(#3948));
#854=EDGE_LOOP('',(#3949));
#855=EDGE_LOOP('',(#3950));
#856=EDGE_LOOP('',(#3951));
#857=EDGE_LOOP('',(#3952));
#858=EDGE_LOOP('',(#3953));
#859=EDGE_LOOP('',(#3954));
#860=EDGE_LOOP('',(#3955));
#861=EDGE_LOOP('',(#3956,#3957,#3958,#3959));
#862=EDGE_LOOP('',(#3960));
#863=EDGE_LOOP('',(#3961));
#864=EDGE_LOOP('',(#3962));
#865=EDGE_LOOP('',(#3963));
#866=EDGE_LOOP('',(#3964));
#867=EDGE_LOOP('',(#3965,#3966,#3967,#3968));
#868=EDGE_LOOP('',(#3969));
#869=EDGE_LOOP('',(#3970));
#870=EDGE_LOOP('',(#3971));
#871=EDGE_LOOP('',(#3972));
#872=EDGE_LOOP('',(#3973));
#873=EDGE_LOOP('',(#3974));
#874=EDGE_LOOP('',(#3975));
#875=EDGE_LOOP('',(#3976));
#876=EDGE_LOOP('',(#3977));
#877=EDGE_LOOP('',(#3978));
#878=EDGE_LOOP('',(#3979));
#879=EDGE_LOOP('',(#3980));
#880=EDGE_LOOP('',(#3981));
#881=EDGE_LOOP('',(#3982));
#882=EDGE_LOOP('',(#3983,#3984,#3985,#3986));
#883=EDGE_LOOP('',(#3987));
#884=EDGE_LOOP('',(#3988));
#885=EDGE_LOOP('',(#3989));
#886=EDGE_LOOP('',(#3990));
#887=EDGE_LOOP('',(#3991));
#888=EDGE_LOOP('',(#3992));
#889=EDGE_LOOP('',(#3993));
#890=EDGE_LOOP('',(#3994));
#891=EDGE_LOOP('',(#3995));
#892=EDGE_LOOP('',(#3996,#3997,#3998,#3999));
#893=EDGE_LOOP('',(#4000));
#894=EDGE_LOOP('',(#4001));
#895=EDGE_LOOP('',(#4002));
#896=EDGE_LOOP('',(#4003));
#897=EDGE_LOOP('',(#4004));
#898=EDGE_LOOP('',(#4005));
#899=EDGE_LOOP('',(#4006));
#900=EDGE_LOOP('',(#4007,#4008,#4009,#4010));
#901=EDGE_LOOP('',(#4011,#4012,#4013,#4014));
#902=EDGE_LOOP('',(#4015,#4016,#4017,#4018));
#903=EDGE_LOOP('',(#4019,#4020,#4021,#4022));
#904=EDGE_LOOP('',(#4023,#4024,#4025,#4026));
#905=EDGE_LOOP('',(#4027));
#906=EDGE_LOOP('',(#4028));
#907=EDGE_LOOP('',(#4029));
#908=EDGE_LOOP('',(#4030));
#909=EDGE_LOOP('',(#4031));
#910=EDGE_LOOP('',(#4032));
#911=EDGE_LOOP('',(#4033));
#912=EDGE_LOOP('',(#4034));
#913=EDGE_LOOP('',(#4035));
#914=EDGE_LOOP('',(#4036));
#915=EDGE_LOOP('',(#4037));
#916=EDGE_LOOP('',(#4038));
#917=EDGE_LOOP('',(#4039));
#918=EDGE_LOOP('',(#4040));
#919=EDGE_LOOP('',(#4041));
#920=EDGE_LOOP('',(#4042));
#921=EDGE_LOOP('',(#4043));
#922=EDGE_LOOP('',(#4044));
#923=EDGE_LOOP('',(#4045));
#924=EDGE_LOOP('',(#4046));
#925=EDGE_LOOP('',(#4047));
#926=EDGE_LOOP('',(#4048));
#927=EDGE_LOOP('',(#4049));
#928=EDGE_LOOP('',(#4050));
#929=EDGE_LOOP('',(#4051));
#930=EDGE_LOOP('',(#4052));
#931=EDGE_LOOP('',(#4053));
#932=EDGE_LOOP('',(#4054,#4055,#4056,#4057));
#933=EDGE_LOOP('',(#4058));
#934=EDGE_LOOP('',(#4059));
#935=EDGE_LOOP('',(#4060));
#936=EDGE_LOOP('',(#4061));
#937=EDGE_LOOP('',(#4062));
#938=EDGE_LOOP('',(#4063));
#939=EDGE_LOOP('',(#4064));
#940=EDGE_LOOP('',(#4065));
#941=EDGE_LOOP('',(#4066));
#942=EDGE_LOOP('',(#4067));
#943=EDGE_LOOP('',(#4068));
#944=EDGE_LOOP('',(#4069));
#945=EDGE_LOOP('',(#4070));
#946=EDGE_LOOP('',(#4071));
#947=EDGE_LOOP('',(#4072));
#948=EDGE_LOOP('',(#4073));
#949=EDGE_LOOP('',(#4074));
#950=EDGE_LOOP('',(#4075));
#951=EDGE_LOOP('',(#4076));
#952=EDGE_LOOP('',(#4077,#4078,#4079,#4080));
#953=EDGE_LOOP('',(#4081));
#954=EDGE_LOOP('',(#4082));
#955=EDGE_LOOP('',(#4083));
#956=EDGE_LOOP('',(#4084));
#957=EDGE_LOOP('',(#4085));
#958=EDGE_LOOP('',(#4086));
#959=EDGE_LOOP('',(#4087));
#960=EDGE_LOOP('',(#4088));
#961=EDGE_LOOP('',(#4089));
#962=EDGE_LOOP('',(#4090));
#963=EDGE_LOOP('',(#4091));
#964=EDGE_LOOP('',(#4092));
#965=EDGE_LOOP('',(#4093));
#966=EDGE_LOOP('',(#4094,#4095,#4096,#4097));
#967=EDGE_LOOP('',(#4098));
#968=EDGE_LOOP('',(#4099));
#969=EDGE_LOOP('',(#4100));
#970=EDGE_LOOP('',(#4101));
#971=EDGE_LOOP('',(#4102));
#972=EDGE_LOOP('',(#4103));
#973=EDGE_LOOP('',(#4104));
#974=EDGE_LOOP('',(#4105));
#975=EDGE_LOOP('',(#4106));
#976=EDGE_LOOP('',(#4107));
#977=EDGE_LOOP('',(#4108));
#978=EDGE_LOOP('',(#4109));
#979=EDGE_LOOP('',(#4110));
#980=EDGE_LOOP('',(#4111));
#981=EDGE_LOOP('',(#4112));
#982=EDGE_LOOP('',(#4113));
#983=EDGE_LOOP('',(#4114));
#984=EDGE_LOOP('',(#4115,#4116,#4117,#4118));
#985=EDGE_LOOP('',(#4119));
#986=EDGE_LOOP('',(#4120));
#987=EDGE_LOOP('',(#4121));
#988=EDGE_LOOP('',(#4122));
#989=EDGE_LOOP('',(#4123));
#990=EDGE_LOOP('',(#4124));
#991=EDGE_LOOP('',(#4125));
#992=EDGE_LOOP('',(#4126));
#993=EDGE_LOOP('',(#4127));
#994=EDGE_LOOP('',(#4128));
#995=EDGE_LOOP('',(#4129));
#996=EDGE_LOOP('',(#4130));
#997=EDGE_LOOP('',(#4131));
#998=EDGE_LOOP('',(#4132));
#999=EDGE_LOOP('',(#4133));
#1000=EDGE_LOOP('',(#4134));
#1001=EDGE_LOOP('',(#4135));
#1002=EDGE_LOOP('',(#4136));
#1003=EDGE_LOOP('',(#4137,#4138,#4139,#4140));
#1004=EDGE_LOOP('',(#4141));
#1005=EDGE_LOOP('',(#4142));
#1006=EDGE_LOOP('',(#4143,#4144,#4145,#4146));
#1007=EDGE_LOOP('',(#4147,#4148,#4149,#4150));
#1008=EDGE_LOOP('',(#4151));
#1009=EDGE_LOOP('',(#4152));
#1010=EDGE_LOOP('',(#4153));
#1011=EDGE_LOOP('',(#4154));
#1012=EDGE_LOOP('',(#4155));
#1013=EDGE_LOOP('',(#4156));
#1014=EDGE_LOOP('',(#4157));
#1015=EDGE_LOOP('',(#4158));
#1016=EDGE_LOOP('',(#4159,#4160,#4161,#4162));
#1017=EDGE_LOOP('',(#4163));
#1018=EDGE_LOOP('',(#4164));
#1019=EDGE_LOOP('',(#4165));
#1020=EDGE_LOOP('',(#4166));
#1021=EDGE_LOOP('',(#4167));
#1022=EDGE_LOOP('',(#4168,#4169,#4170,#4171));
#1023=EDGE_LOOP('',(#4172));
#1024=EDGE_LOOP('',(#4173));
#1025=EDGE_LOOP('',(#4174));
#1026=EDGE_LOOP('',(#4175));
#1027=EDGE_LOOP('',(#4176));
#1028=EDGE_LOOP('',(#4177));
#1029=EDGE_LOOP('',(#4178));
#1030=EDGE_LOOP('',(#4179));
#1031=EDGE_LOOP('',(#4180));
#1032=EDGE_LOOP('',(#4181));
#1033=EDGE_LOOP('',(#4182));
#1034=EDGE_LOOP('',(#4183));
#1035=EDGE_LOOP('',(#4184));
#1036=EDGE_LOOP('',(#4185));
#1037=EDGE_LOOP('',(#4186,#4187,#4188,#4189));
#1038=EDGE_LOOP('',(#4190));
#1039=EDGE_LOOP('',(#4191));
#1040=EDGE_LOOP('',(#4192));
#1041=EDGE_LOOP('',(#4193));
#1042=EDGE_LOOP('',(#4194));
#1043=EDGE_LOOP('',(#4195));
#1044=EDGE_LOOP('',(#4196));
#1045=EDGE_LOOP('',(#4197));
#1046=EDGE_LOOP('',(#4198));
#1047=EDGE_LOOP('',(#4199,#4200,#4201,#4202));
#1048=EDGE_LOOP('',(#4203));
#1049=EDGE_LOOP('',(#4204));
#1050=EDGE_LOOP('',(#4205));
#1051=EDGE_LOOP('',(#4206));
#1052=EDGE_LOOP('',(#4207));
#1053=EDGE_LOOP('',(#4208));
#1054=EDGE_LOOP('',(#4209));
#1055=EDGE_LOOP('',(#4210,#4211,#4212,#4213));
#1056=EDGE_LOOP('',(#4214,#4215,#4216,#4217));
#1057=EDGE_LOOP('',(#4218,#4219,#4220,#4221));
#1058=EDGE_LOOP('',(#4222,#4223,#4224,#4225));
#1059=EDGE_LOOP('',(#4226,#4227,#4228,#4229));
#1060=EDGE_LOOP('',(#4230));
#1061=EDGE_LOOP('',(#4231));
#1062=EDGE_LOOP('',(#4232));
#1063=EDGE_LOOP('',(#4233));
#1064=EDGE_LOOP('',(#4234));
#1065=EDGE_LOOP('',(#4235));
#1066=EDGE_LOOP('',(#4236));
#1067=EDGE_LOOP('',(#4237));
#1068=EDGE_LOOP('',(#4238));
#1069=EDGE_LOOP('',(#4239));
#1070=EDGE_LOOP('',(#4240));
#1071=EDGE_LOOP('',(#4241));
#1072=EDGE_LOOP('',(#4242));
#1073=EDGE_LOOP('',(#4243));
#1074=EDGE_LOOP('',(#4244));
#1075=EDGE_LOOP('',(#4245));
#1076=EDGE_LOOP('',(#4246));
#1077=EDGE_LOOP('',(#4247));
#1078=EDGE_LOOP('',(#4248));
#1079=EDGE_LOOP('',(#4249));
#1080=EDGE_LOOP('',(#4250));
#1081=EDGE_LOOP('',(#4251));
#1082=EDGE_LOOP('',(#4252));
#1083=EDGE_LOOP('',(#4253));
#1084=EDGE_LOOP('',(#4254));
#1085=EDGE_LOOP('',(#4255));
#1086=EDGE_LOOP('',(#4256));
#1087=EDGE_LOOP('',(#4257,#4258,#4259,#4260));
#1088=EDGE_LOOP('',(#4261));
#1089=EDGE_LOOP('',(#4262));
#1090=EDGE_LOOP('',(#4263));
#1091=EDGE_LOOP('',(#4264));
#1092=EDGE_LOOP('',(#4265));
#1093=EDGE_LOOP('',(#4266));
#1094=EDGE_LOOP('',(#4267));
#1095=EDGE_LOOP('',(#4268));
#1096=EDGE_LOOP('',(#4269));
#1097=EDGE_LOOP('',(#4270));
#1098=EDGE_LOOP('',(#4271));
#1099=EDGE_LOOP('',(#4272));
#1100=EDGE_LOOP('',(#4273));
#1101=EDGE_LOOP('',(#4274));
#1102=EDGE_LOOP('',(#4275));
#1103=EDGE_LOOP('',(#4276));
#1104=EDGE_LOOP('',(#4277));
#1105=EDGE_LOOP('',(#4278));
#1106=EDGE_LOOP('',(#4279));
#1107=LINE('',#6413,#1438);
#1108=LINE('',#6419,#1439);
#1109=LINE('',#6425,#1440);
#1110=LINE('',#6431,#1441);
#1111=LINE('',#6437,#1442);
#1112=LINE('',#6443,#1443);
#1113=LINE('',#6449,#1444);
#1114=LINE('',#6455,#1445);
#1115=LINE('',#6461,#1446);
#1116=LINE('',#6467,#1447);
#1117=LINE('',#6473,#1448);
#1118=LINE('',#6479,#1449);
#1119=LINE('',#6485,#1450);
#1120=LINE('',#6491,#1451);
#1121=LINE('',#6497,#1452);
#1122=LINE('',#6503,#1453);
#1123=LINE('',#6509,#1454);
#1124=LINE('',#6515,#1455);
#1125=LINE('',#6521,#1456);
#1126=LINE('',#6526,#1457);
#1127=LINE('',#6528,#1458);
#1128=LINE('',#6530,#1459);
#1129=LINE('',#6531,#1460);
#1130=LINE('',#6534,#1461);
#1131=LINE('',#6536,#1462);
#1132=LINE('',#6537,#1463);
#1133=LINE('',#6540,#1464);
#1134=LINE('',#6542,#1465);
#1135=LINE('',#6543,#1466);
#1136=LINE('',#6545,#1467);
#1137=LINE('',#6546,#1468);
#1138=LINE('',#6551,#1469);
#1139=LINE('',#6557,#1470);
#1140=LINE('',#6563,#1471);
#1141=LINE('',#6569,#1472);
#1142=LINE('',#6575,#1473);
#1143=LINE('',#6581,#1474);
#1144=LINE('',#6587,#1475);
#1145=LINE('',#6593,#1476);
#1146=LINE('',#6599,#1477);
#1147=LINE('',#6605,#1478);
#1148=LINE('',#6611,#1479);
#1149=LINE('',#6617,#1480);
#1150=LINE('',#6623,#1481);
#1151=LINE('',#6629,#1482);
#1152=LINE('',#6635,#1483);
#1153=LINE('',#6641,#1484);
#1154=LINE('',#6647,#1485);
#1155=LINE('',#6653,#1486);
#1156=LINE('',#6659,#1487);
#1157=LINE('',#6665,#1488);
#1158=LINE('',#6671,#1489);
#1159=LINE('',#6677,#1490);
#1160=LINE('',#6683,#1491);
#1161=LINE('',#6689,#1492);
#1162=LINE('',#6695,#1493);
#1163=LINE('',#6701,#1494);
#1164=LINE('',#6707,#1495);
#1165=LINE('',#6712,#1496);
#1166=LINE('',#6714,#1497);
#1167=LINE('',#6716,#1498);
#1168=LINE('',#6717,#1499);
#1169=LINE('',#6720,#1500);
#1170=LINE('',#6722,#1501);
#1171=LINE('',#6723,#1502);
#1172=LINE('',#6726,#1503);
#1173=LINE('',#6728,#1504);
#1174=LINE('',#6729,#1505);
#1175=LINE('',#6731,#1506);
#1176=LINE('',#6732,#1507);
#1177=LINE('',#6736,#1508);
#1178=LINE('',#6738,#1509);
#1179=LINE('',#6740,#1510);
#1180=LINE('',#6741,#1511);
#1181=LINE('',#6744,#1512);
#1182=LINE('',#6746,#1513);
#1183=LINE('',#6747,#1514);
#1184=LINE('',#6750,#1515);
#1185=LINE('',#6752,#1516);
#1186=LINE('',#6753,#1517);
#1187=LINE('',#6755,#1518);
#1188=LINE('',#6756,#1519);
#1189=LINE('',#6760,#1520);
#1190=LINE('',#6762,#1521);
#1191=LINE('',#6764,#1522);
#1192=LINE('',#6765,#1523);
#1193=LINE('',#6768,#1524);
#1194=LINE('',#6770,#1525);
#1195=LINE('',#6771,#1526);
#1196=LINE('',#6774,#1527);
#1197=LINE('',#6776,#1528);
#1198=LINE('',#6777,#1529);
#1199=LINE('',#6779,#1530);
#1200=LINE('',#6780,#1531);
#1201=LINE('',#6784,#1532);
#1202=LINE('',#6786,#1533);
#1203=LINE('',#6788,#1534);
#1204=LINE('',#6789,#1535);
#1205=LINE('',#6792,#1536);
#1206=LINE('',#6794,#1537);
#1207=LINE('',#6795,#1538);
#1208=LINE('',#6798,#1539);
#1209=LINE('',#6800,#1540);
#1210=LINE('',#6801,#1541);
#1211=LINE('',#6803,#1542);
#1212=LINE('',#6804,#1543);
#1213=LINE('',#6808,#1544);
#1214=LINE('',#6810,#1545);
#1215=LINE('',#6812,#1546);
#1216=LINE('',#6813,#1547);
#1217=LINE('',#6816,#1548);
#1218=LINE('',#6818,#1549);
#1219=LINE('',#6819,#1550);
#1220=LINE('',#6822,#1551);
#1221=LINE('',#6824,#1552);
#1222=LINE('',#6825,#1553);
#1223=LINE('',#6827,#1554);
#1224=LINE('',#6828,#1555);
#1225=LINE('',#6833,#1556);
#1226=LINE('',#6839,#1557);
#1227=LINE('',#6845,#1558);
#1228=LINE('',#6851,#1559);
#1229=LINE('',#6857,#1560);
#1230=LINE('',#6863,#1561);
#1231=LINE('',#6869,#1562);
#1232=LINE('',#6874,#1563);
#1233=LINE('',#6876,#1564);
#1234=LINE('',#6878,#1565);
#1235=LINE('',#6879,#1566);
#1236=LINE('',#6882,#1567);
#1237=LINE('',#6884,#1568);
#1238=LINE('',#6885,#1569);
#1239=LINE('',#6888,#1570);
#1240=LINE('',#6890,#1571);
#1241=LINE('',#6891,#1572);
#1242=LINE('',#6893,#1573);
#1243=LINE('',#6894,#1574);
#1244=LINE('',#6899,#1575);
#1245=LINE('',#6905,#1576);
#1246=LINE('',#6911,#1577);
#1247=LINE('',#6917,#1578);
#1248=LINE('',#6923,#1579);
#1249=LINE('',#6929,#1580);
#1250=LINE('',#6935,#1581);
#1251=LINE('',#6941,#1582);
#1252=LINE('',#6947,#1583);
#1253=LINE('',#6952,#1584);
#1254=LINE('',#6954,#1585);
#1255=LINE('',#6956,#1586);
#1256=LINE('',#6957,#1587);
#1257=LINE('',#6960,#1588);
#1258=LINE('',#6962,#1589);
#1259=LINE('',#6963,#1590);
#1260=LINE('',#6966,#1591);
#1261=LINE('',#6968,#1592);
#1262=LINE('',#6969,#1593);
#1263=LINE('',#6971,#1594);
#1264=LINE('',#6972,#1595);
#1265=LINE('',#6977,#1596);
#1266=LINE('',#6983,#1597);
#1267=LINE('',#6989,#1598);
#1268=LINE('',#6995,#1599);
#1269=LINE('',#7001,#1600);
#1270=LINE('',#7007,#1601);
#1271=LINE('',#7013,#1602);
#1272=LINE('',#7019,#1603);
#1273=LINE('',#7025,#1604);
#1274=LINE('',#7031,#1605);
#1275=LINE('',#7037,#1606);
#1276=LINE('',#7043,#1607);
#1277=LINE('',#7049,#1608);
#1278=LINE('',#7055,#1609);
#1279=LINE('',#7060,#1610);
#1280=LINE('',#7062,#1611);
#1281=LINE('',#7064,#1612);
#1282=LINE('',#7065,#1613);
#1283=LINE('',#7068,#1614);
#1284=LINE('',#7070,#1615);
#1285=LINE('',#7071,#1616);
#1286=LINE('',#7074,#1617);
#1287=LINE('',#7076,#1618);
#1288=LINE('',#7077,#1619);
#1289=LINE('',#7079,#1620);
#1290=LINE('',#7080,#1621);
#1291=LINE('',#7085,#1622);
#1292=LINE('',#7091,#1623);
#1293=LINE('',#7097,#1624);
#1294=LINE('',#7103,#1625);
#1295=LINE('',#7109,#1626);
#1296=LINE('',#7114,#1627);
#1297=LINE('',#7116,#1628);
#1298=LINE('',#7118,#1629);
#1299=LINE('',#7119,#1630);
#1300=LINE('',#7122,#1631);
#1301=LINE('',#7124,#1632);
#1302=LINE('',#7125,#1633);
#1303=LINE('',#7128,#1634);
#1304=LINE('',#7130,#1635);
#1305=LINE('',#7131,#1636);
#1306=LINE('',#7133,#1637);
#1307=LINE('',#7134,#1638);
#1308=LINE('',#7139,#1639);
#1309=LINE('',#7145,#1640);
#1310=LINE('',#7151,#1641);
#1311=LINE('',#7157,#1642);
#1312=LINE('',#7163,#1643);
#1313=LINE('',#7169,#1644);
#1314=LINE('',#7175,#1645);
#1315=LINE('',#7181,#1646);
#1316=LINE('',#7186,#1647);
#1317=LINE('',#7188,#1648);
#1318=LINE('',#7190,#1649);
#1319=LINE('',#7191,#1650);
#1320=LINE('',#7194,#1651);
#1321=LINE('',#7196,#1652);
#1322=LINE('',#7197,#1653);
#1323=LINE('',#7200,#1654);
#1324=LINE('',#7202,#1655);
#1325=LINE('',#7203,#1656);
#1326=LINE('',#7205,#1657);
#1327=LINE('',#7206,#1658);
#1328=LINE('',#7210,#1659);
#1329=LINE('',#7212,#1660);
#1330=LINE('',#7214,#1661);
#1331=LINE('',#7215,#1662);
#1332=LINE('',#7218,#1663);
#1333=LINE('',#7220,#1664);
#1334=LINE('',#7221,#1665);
#1335=LINE('',#7224,#1666);
#1336=LINE('',#7226,#1667);
#1337=LINE('',#7227,#1668);
#1338=LINE('',#7229,#1669);
#1339=LINE('',#7230,#1670);
#1340=LINE('',#7235,#1671);
#1341=LINE('',#7241,#1672);
#1342=LINE('',#7246,#1673);
#1343=LINE('',#7248,#1674);
#1344=LINE('',#7250,#1675);
#1345=LINE('',#7251,#1676);
#1346=LINE('',#7254,#1677);
#1347=LINE('',#7256,#1678);
#1348=LINE('',#7257,#1679);
#1349=LINE('',#7260,#1680);
#1350=LINE('',#7262,#1681);
#1351=LINE('',#7263,#1682);
#1352=LINE('',#7265,#1683);
#1353=LINE('',#7266,#1684);
#1354=LINE('',#7271,#1685);
#1355=LINE('',#7277,#1686);
#1356=LINE('',#7283,#1687);
#1357=LINE('',#7289,#1688);
#1358=LINE('',#7295,#1689);
#1359=LINE('',#7301,#1690);
#1360=LINE('',#7307,#1691);
#1361=LINE('',#7313,#1692);
#1362=LINE('',#7319,#1693);
#1363=LINE('',#7325,#1694);
#1364=LINE('',#7331,#1695);
#1365=LINE('',#7337,#1696);
#1366=LINE('',#7343,#1697);
#1367=LINE('',#7349,#1698);
#1368=LINE('',#7355,#1699);
#1369=LINE('',#7361,#1700);
#1370=LINE('',#7367,#1701);
#1371=LINE('',#7373,#1702);
#1372=LINE('',#7378,#1703);
#1373=LINE('',#7380,#1704);
#1374=LINE('',#7382,#1705);
#1375=LINE('',#7383,#1706);
#1376=LINE('',#7386,#1707);
#1377=LINE('',#7388,#1708);
#1378=LINE('',#7389,#1709);
#1379=LINE('',#7392,#1710);
#1380=LINE('',#7394,#1711);
#1381=LINE('',#7395,#1712);
#1382=LINE('',#7397,#1713);
#1383=LINE('',#7398,#1714);
#1384=LINE('',#7403,#1715);
#1385=LINE('',#7409,#1716);
#1386=LINE('',#7415,#1717);
#1387=LINE('',#7421,#1718);
#1388=LINE('',#7427,#1719);
#1389=LINE('',#7433,#1720);
#1390=LINE('',#7439,#1721);
#1391=LINE('',#7445,#1722);
#1392=LINE('',#7451,#1723);
#1393=LINE('',#7457,#1724);
#1394=LINE('',#7463,#1725);
#1395=LINE('',#7469,#1726);
#1396=LINE('',#7475,#1727);
#1397=LINE('',#7481,#1728);
#1398=LINE('',#7487,#1729);
#1399=LINE('',#7493,#1730);
#1400=LINE('',#7499,#1731);
#1401=LINE('',#7504,#1732);
#1402=LINE('',#7506,#1733);
#1403=LINE('',#7508,#1734);
#1404=LINE('',#7509,#1735);
#1405=LINE('',#7512,#1736);
#1406=LINE('',#7514,#1737);
#1407=LINE('',#7515,#1738);
#1408=LINE('',#7518,#1739);
#1409=LINE('',#7520,#1740);
#1410=LINE('',#7521,#1741);
#1411=LINE('',#7523,#1742);
#1412=LINE('',#7524,#1743);
#1413=LINE('',#7529,#1744);
#1414=LINE('',#7535,#1745);
#1415=LINE('',#7541,#1746);
#1416=LINE('',#7547,#1747);
#1417=LINE('',#7553,#1748);
#1418=LINE('',#7559,#1749);
#1419=LINE('',#7565,#1750);
#1420=LINE('',#7571,#1751);
#1421=LINE('',#7577,#1752);
#1422=LINE('',#7583,#1753);
#1423=LINE('',#7589,#1754);
#1424=LINE('',#7595,#1755);
#1425=LINE('',#7601,#1756);
#1426=LINE('',#7606,#1757);
#1427=LINE('',#7608,#1758);
#1428=LINE('',#7610,#1759);
#1429=LINE('',#7611,#1760);
#1430=LINE('',#7614,#1761);
#1431=LINE('',#7616,#1762);
#1432=LINE('',#7617,#1763);
#1433=LINE('',#7620,#1764);
#1434=LINE('',#7622,#1765);
#1435=LINE('',#7623,#1766);
#1436=LINE('',#7625,#1767);
#1437=LINE('',#7626,#1768);
#1438=VECTOR('',#5115,0.500000000000005);
#1439=VECTOR('',#5122,0.500000000000007);
#1440=VECTOR('',#5129,0.500000000000005);
#1441=VECTOR('',#5136,0.500000000000007);
#1442=VECTOR('',#5143,0.500000000000007);
#1443=VECTOR('',#5150,0.500000000000007);
#1444=VECTOR('',#5157,0.500000000000005);
#1445=VECTOR('',#5164,0.500000000000007);
#1446=VECTOR('',#5171,0.500000000000007);
#1447=VECTOR('',#5178,0.500000000000005);
#1448=VECTOR('',#5185,0.500000000000007);
#1449=VECTOR('',#5192,0.500000000000005);
#1450=VECTOR('',#5199,0.500000000000007);
#1451=VECTOR('',#5206,0.500000000000005);
#1452=VECTOR('',#5213,0.500000000000005);
#1453=VECTOR('',#5220,0.500000000000007);
#1454=VECTOR('',#5227,0.500000000000005);
#1455=VECTOR('',#5234,0.500000000000005);
#1456=VECTOR('',#5241,0.500000000000007);
#1457=VECTOR('',#5246,10.);
#1458=VECTOR('',#5247,10.);
#1459=VECTOR('',#5248,10.);
#1460=VECTOR('',#5249,10.);
#1461=VECTOR('',#5252,10.);
#1462=VECTOR('',#5253,10.);
#1463=VECTOR('',#5254,10.);
#1464=VECTOR('',#5257,10.);
#1465=VECTOR('',#5258,10.);
#1466=VECTOR('',#5259,10.);
#1467=VECTOR('',#5262,10.);
#1468=VECTOR('',#5263,10.);
#1469=VECTOR('',#5268,0.500000000000003);
#1470=VECTOR('',#5275,0.500000000000005);
#1471=VECTOR('',#5282,0.500000000000005);
#1472=VECTOR('',#5289,3.99999999999999);
#1473=VECTOR('',#5296,0.500000000000005);
#1474=VECTOR('',#5303,0.500000000000005);
#1475=VECTOR('',#5310,0.500000000000005);
#1476=VECTOR('',#5317,0.500000000000005);
#1477=VECTOR('',#5324,0.500000000000005);
#1478=VECTOR('',#5331,0.500000000000005);
#1479=VECTOR('',#5338,0.500000000000003);
#1480=VECTOR('',#5345,0.500000000000005);
#1481=VECTOR('',#5352,0.500000000000005);
#1482=VECTOR('',#5359,0.500000000000005);
#1483=VECTOR('',#5366,0.500000000000005);
#1484=VECTOR('',#5373,0.500000000000005);
#1485=VECTOR('',#5380,0.500000000000005);
#1486=VECTOR('',#5387,0.500000000000007);
#1487=VECTOR('',#5394,0.500000000000005);
#1488=VECTOR('',#5401,0.50000000000001);
#1489=VECTOR('',#5408,0.500000000000004);
#1490=VECTOR('',#5415,0.499999999999999);
#1491=VECTOR('',#5422,0.500000000000007);
#1492=VECTOR('',#5429,0.5);
#1493=VECTOR('',#5436,0.500000000000007);
#1494=VECTOR('',#5443,0.500000000000009);
#1495=VECTOR('',#5450,0.500000000000006);
#1496=VECTOR('',#5455,10.);
#1497=VECTOR('',#5456,10.);
#1498=VECTOR('',#5457,10.);
#1499=VECTOR('',#5458,10.);
#1500=VECTOR('',#5461,10.);
#1501=VECTOR('',#5462,10.);
#1502=VECTOR('',#5463,10.);
#1503=VECTOR('',#5466,10.);
#1504=VECTOR('',#5467,10.);
#1505=VECTOR('',#5468,10.);
#1506=VECTOR('',#5471,10.);
#1507=VECTOR('',#5472,10.);
#1508=VECTOR('',#5475,10.);
#1509=VECTOR('',#5476,10.);
#1510=VECTOR('',#5477,10.);
#1511=VECTOR('',#5478,10.);
#1512=VECTOR('',#5481,10.);
#1513=VECTOR('',#5482,10.);
#1514=VECTOR('',#5483,10.);
#1515=VECTOR('',#5486,10.);
#1516=VECTOR('',#5487,10.);
#1517=VECTOR('',#5488,10.);
#1518=VECTOR('',#5491,10.);
#1519=VECTOR('',#5492,10.);
#1520=VECTOR('',#5495,10.);
#1521=VECTOR('',#5496,10.);
#1522=VECTOR('',#5497,10.);
#1523=VECTOR('',#5498,10.);
#1524=VECTOR('',#5501,10.);
#1525=VECTOR('',#5502,10.);
#1526=VECTOR('',#5503,10.);
#1527=VECTOR('',#5506,10.);
#1528=VECTOR('',#5507,10.);
#1529=VECTOR('',#5508,10.);
#1530=VECTOR('',#5511,10.);
#1531=VECTOR('',#5512,10.);
#1532=VECTOR('',#5515,10.);
#1533=VECTOR('',#5516,10.);
#1534=VECTOR('',#5517,10.);
#1535=VECTOR('',#5518,10.);
#1536=VECTOR('',#5521,10.);
#1537=VECTOR('',#5522,10.);
#1538=VECTOR('',#5523,10.);
#1539=VECTOR('',#5526,10.);
#1540=VECTOR('',#5527,10.);
#1541=VECTOR('',#5528,10.);
#1542=VECTOR('',#5531,10.);
#1543=VECTOR('',#5532,10.);
#1544=VECTOR('',#5535,10.);
#1545=VECTOR('',#5536,10.);
#1546=VECTOR('',#5537,10.);
#1547=VECTOR('',#5538,10.);
#1548=VECTOR('',#5541,10.);
#1549=VECTOR('',#5542,10.);
#1550=VECTOR('',#5543,10.);
#1551=VECTOR('',#5546,10.);
#1552=VECTOR('',#5547,10.);
#1553=VECTOR('',#5548,10.);
#1554=VECTOR('',#5551,10.);
#1555=VECTOR('',#5552,10.);
#1556=VECTOR('',#5557,0.500000000000007);
#1557=VECTOR('',#5564,0.500000000000005);
#1558=VECTOR('',#5571,0.500000000000005);
#1559=VECTOR('',#5578,0.500000000000005);
#1560=VECTOR('',#5585,0.499999999999999);
#1561=VECTOR('',#5592,0.500000000000013);
#1562=VECTOR('',#5599,0.500000000000004);
#1563=VECTOR('',#5604,10.);
#1564=VECTOR('',#5605,10.);
#1565=VECTOR('',#5606,10.);
#1566=VECTOR('',#5607,10.);
#1567=VECTOR('',#5610,10.);
#1568=VECTOR('',#5611,10.);
#1569=VECTOR('',#5612,10.);
#1570=VECTOR('',#5615,10.);
#1571=VECTOR('',#5616,10.);
#1572=VECTOR('',#5617,10.);
#1573=VECTOR('',#5620,10.);
#1574=VECTOR('',#5621,10.);
#1575=VECTOR('',#5626,0.500000000000009);
#1576=VECTOR('',#5633,0.500000000000002);
#1577=VECTOR('',#5640,0.499999999999999);
#1578=VECTOR('',#5647,0.500000000000006);
#1579=VECTOR('',#5654,0.499999999999999);
#1580=VECTOR('',#5661,0.500000000000007);
#1581=VECTOR('',#5668,0.500000000000012);
#1582=VECTOR('',#5675,0.500000000000005);
#1583=VECTOR('',#5682,0.500000000000003);
#1584=VECTOR('',#5687,10.);
#1585=VECTOR('',#5688,10.);
#1586=VECTOR('',#5689,10.);
#1587=VECTOR('',#5690,10.);
#1588=VECTOR('',#5693,10.);
#1589=VECTOR('',#5694,10.);
#1590=VECTOR('',#5695,10.);
#1591=VECTOR('',#5698,10.);
#1592=VECTOR('',#5699,10.);
#1593=VECTOR('',#5700,10.);
#1594=VECTOR('',#5703,10.);
#1595=VECTOR('',#5704,10.);
#1596=VECTOR('',#5709,0.500000000000007);
#1597=VECTOR('',#5716,0.500000000000006);
#1598=VECTOR('',#5723,0.500000000000005);
#1599=VECTOR('',#5730,0.500000000000003);
#1600=VECTOR('',#5737,0.500000000000005);
#1601=VECTOR('',#5744,0.500000000000005);
#1602=VECTOR('',#5751,0.500000000000005);
#1603=VECTOR('',#5758,0.500000000000007);
#1604=VECTOR('',#5765,0.500000000000006);
#1605=VECTOR('',#5772,0.500000000000007);
#1606=VECTOR('',#5779,0.500000000000005);
#1607=VECTOR('',#5786,0.500000000000005);
#1608=VECTOR('',#5793,0.50000000000001);
#1609=VECTOR('',#5800,0.500000000000006);
#1610=VECTOR('',#5805,10.);
#1611=VECTOR('',#5806,10.);
#1612=VECTOR('',#5807,10.);
#1613=VECTOR('',#5808,10.);
#1614=VECTOR('',#5811,10.);
#1615=VECTOR('',#5812,10.);
#1616=VECTOR('',#5813,10.);
#1617=VECTOR('',#5816,10.);
#1618=VECTOR('',#5817,10.);
#1619=VECTOR('',#5818,10.);
#1620=VECTOR('',#5821,10.);
#1621=VECTOR('',#5822,10.);
#1622=VECTOR('',#5827,0.500000000000003);
#1623=VECTOR('',#5834,0.500000000000007);
#1624=VECTOR('',#5841,0.500000000000005);
#1625=VECTOR('',#5848,0.499999999999999);
#1626=VECTOR('',#5855,0.500000000000008);
#1627=VECTOR('',#5860,10.);
#1628=VECTOR('',#5861,10.);
#1629=VECTOR('',#5862,10.);
#1630=VECTOR('',#5863,10.);
#1631=VECTOR('',#5866,10.);
#1632=VECTOR('',#5867,10.);
#1633=VECTOR('',#5868,10.);
#1634=VECTOR('',#5871,10.);
#1635=VECTOR('',#5872,10.);
#1636=VECTOR('',#5873,10.);
#1637=VECTOR('',#5876,10.);
#1638=VECTOR('',#5877,10.);
#1639=VECTOR('',#5882,0.500000000000005);
#1640=VECTOR('',#5889,0.500000000000005);
#1641=VECTOR('',#5896,0.500000000000007);
#1642=VECTOR('',#5903,0.500000000000011);
#1643=VECTOR('',#5910,0.499999999999999);
#1644=VECTOR('',#5917,0.500000000000007);
#1645=VECTOR('',#5924,0.499999999999999);
#1646=VECTOR('',#5931,0.500000000000006);
#1647=VECTOR('',#5936,10.);
#1648=VECTOR('',#5937,10.);
#1649=VECTOR('',#5938,10.);
#1650=VECTOR('',#5939,10.);
#1651=VECTOR('',#5942,10.);
#1652=VECTOR('',#5943,10.);
#1653=VECTOR('',#5944,10.);
#1654=VECTOR('',#5947,10.);
#1655=VECTOR('',#5948,10.);
#1656=VECTOR('',#5949,10.);
#1657=VECTOR('',#5952,10.);
#1658=VECTOR('',#5953,10.);
#1659=VECTOR('',#5956,10.);
#1660=VECTOR('',#5957,10.);
#1661=VECTOR('',#5958,10.);
#1662=VECTOR('',#5959,10.);
#1663=VECTOR('',#5962,10.);
#1664=VECTOR('',#5963,10.);
#1665=VECTOR('',#5964,10.);
#1666=VECTOR('',#5967,10.);
#1667=VECTOR('',#5968,10.);
#1668=VECTOR('',#5969,10.);
#1669=VECTOR('',#5972,10.);
#1670=VECTOR('',#5973,10.);
#1671=VECTOR('',#5978,0.500000000000002);
#1672=VECTOR('',#5985,0.500000000000007);
#1673=VECTOR('',#5990,10.);
#1674=VECTOR('',#5991,10.);
#1675=VECTOR('',#5992,10.);
#1676=VECTOR('',#5993,10.);
#1677=VECTOR('',#5996,10.);
#1678=VECTOR('',#5997,10.);
#1679=VECTOR('',#5998,10.);
#1680=VECTOR('',#6001,10.);
#1681=VECTOR('',#6002,10.);
#1682=VECTOR('',#6003,10.);
#1683=VECTOR('',#6006,10.);
#1684=VECTOR('',#6007,10.);
#1685=VECTOR('',#6012,0.500000000000012);
#1686=VECTOR('',#6019,0.500000000000007);
#1687=VECTOR('',#6026,0.500000000000004);
#1688=VECTOR('',#6033,0.500000000000005);
#1689=VECTOR('',#6040,0.500000000000005);
#1690=VECTOR('',#6047,0.500000000000005);
#1691=VECTOR('',#6054,0.500000000000005);
#1692=VECTOR('',#6061,0.500000000000006);
#1693=VECTOR('',#6068,0.500000000000006);
#1694=VECTOR('',#6075,0.500000000000002);
#1695=VECTOR('',#6082,0.499999999999999);
#1696=VECTOR('',#6089,0.500000000000005);
#1697=VECTOR('',#6096,0.500000000000002);
#1698=VECTOR('',#6103,0.500000000000005);
#1699=VECTOR('',#6110,0.500000000000005);
#1700=VECTOR('',#6117,0.500000000000007);
#1701=VECTOR('',#6124,0.500000000000007);
#1702=VECTOR('',#6131,0.500000000000005);
#1703=VECTOR('',#6136,10.);
#1704=VECTOR('',#6137,10.);
#1705=VECTOR('',#6138,10.);
#1706=VECTOR('',#6139,10.);
#1707=VECTOR('',#6142,10.);
#1708=VECTOR('',#6143,10.);
#1709=VECTOR('',#6144,10.);
#1710=VECTOR('',#6147,10.);
#1711=VECTOR('',#6148,10.);
#1712=VECTOR('',#6149,10.);
#1713=VECTOR('',#6152,10.);
#1714=VECTOR('',#6153,10.);
#1715=VECTOR('',#6158,0.5);
#1716=VECTOR('',#6165,0.500000000000003);
#1717=VECTOR('',#6172,0.500000000000007);
#1718=VECTOR('',#6179,0.5);
#1719=VECTOR('',#6186,0.500000000000009);
#1720=VECTOR('',#6193,0.500000000000005);
#1721=VECTOR('',#6200,0.500000000000007);
#1722=VECTOR('',#6207,0.500000000000007);
#1723=VECTOR('',#6214,0.500000000000005);
#1724=VECTOR('',#6221,0.500000000000007);
#1725=VECTOR('',#6228,0.500000000000007);
#1726=VECTOR('',#6235,0.500000000000007);
#1727=VECTOR('',#6242,0.500000000000007);
#1728=VECTOR('',#6249,0.500000000000007);
#1729=VECTOR('',#6256,0.500000000000009);
#1730=VECTOR('',#6263,0.500000000000005);
#1731=VECTOR('',#6270,0.500000000000007);
#1732=VECTOR('',#6275,10.);
#1733=VECTOR('',#6276,10.);
#1734=VECTOR('',#6277,10.);
#1735=VECTOR('',#6278,10.);
#1736=VECTOR('',#6281,10.);
#1737=VECTOR('',#6282,10.);
#1738=VECTOR('',#6283,10.);
#1739=VECTOR('',#6286,10.);
#1740=VECTOR('',#6287,10.);
#1741=VECTOR('',#6288,10.);
#1742=VECTOR('',#6291,10.);
#1743=VECTOR('',#6292,10.);
#1744=VECTOR('',#6297,0.500000000000005);
#1745=VECTOR('',#6304,0.500000000000007);
#1746=VECTOR('',#6311,0.500000000000005);
#1747=VECTOR('',#6318,0.500000000000005);
#1748=VECTOR('',#6325,0.500000000000005);
#1749=VECTOR('',#6332,0.500000000000005);
#1750=VECTOR('',#6339,0.500000000000007);
#1751=VECTOR('',#6346,0.500000000000007);
#1752=VECTOR('',#6353,0.500000000000005);
#1753=VECTOR('',#6360,0.500000000000005);
#1754=VECTOR('',#6367,0.500000000000004);
#1755=VECTOR('',#6374,0.500000000000007);
#1756=VECTOR('',#6381,0.5);
#1757=VECTOR('',#6386,10.);
#1758=VECTOR('',#6387,10.);
#1759=VECTOR('',#6388,10.);
#1760=VECTOR('',#6389,10.);
#1761=VECTOR('',#6392,10.);
#1762=VECTOR('',#6393,10.);
#1763=VECTOR('',#6394,10.);
#1764=VECTOR('',#6397,10.);
#1765=VECTOR('',#6398,10.);
#1766=VECTOR('',#6399,10.);
#1767=VECTOR('',#6402,10.);
#1768=VECTOR('',#6403,10.);
#1769=CIRCLE('',#4627,0.500000000000005);
#1770=CIRCLE('',#4628,0.500000000000005);
#1771=CIRCLE('',#4630,0.500000000000007);
#1772=CIRCLE('',#4631,0.500000000000007);
#1773=CIRCLE('',#4633,0.500000000000005);
#1774=CIRCLE('',#4634,0.500000000000005);
#1775=CIRCLE('',#4636,0.500000000000007);
#1776=CIRCLE('',#4637,0.500000000000007);
#1777=CIRCLE('',#4639,0.500000000000007);
#1778=CIRCLE('',#4640,0.500000000000007);
#1779=CIRCLE('',#4642,0.500000000000007);
#1780=CIRCLE('',#4643,0.500000000000007);
#1781=CIRCLE('',#4645,0.500000000000005);
#1782=CIRCLE('',#4646,0.500000000000005);
#1783=CIRCLE('',#4648,0.500000000000007);
#1784=CIRCLE('',#4649,0.500000000000007);
#1785=CIRCLE('',#4651,0.500000000000007);
#1786=CIRCLE('',#4652,0.500000000000007);
#1787=CIRCLE('',#4654,0.500000000000005);
#1788=CIRCLE('',#4655,0.500000000000005);
#1789=CIRCLE('',#4657,0.500000000000007);
#1790=CIRCLE('',#4658,0.500000000000007);
#1791=CIRCLE('',#4660,0.500000000000005);
#1792=CIRCLE('',#4661,0.500000000000005);
#1793=CIRCLE('',#4663,0.500000000000007);
#1794=CIRCLE('',#4664,0.500000000000007);
#1795=CIRCLE('',#4666,0.500000000000005);
#1796=CIRCLE('',#4667,0.500000000000005);
#1797=CIRCLE('',#4669,0.500000000000005);
#1798=CIRCLE('',#4670,0.500000000000005);
#1799=CIRCLE('',#4672,0.500000000000007);
#1800=CIRCLE('',#4673,0.500000000000007);
#1801=CIRCLE('',#4675,0.500000000000005);
#1802=CIRCLE('',#4676,0.500000000000005);
#1803=CIRCLE('',#4678,0.500000000000005);
#1804=CIRCLE('',#4679,0.500000000000005);
#1805=CIRCLE('',#4681,0.500000000000007);
#1806=CIRCLE('',#4682,0.500000000000007);
#1807=CIRCLE('',#4688,0.500000000000003);
#1808=CIRCLE('',#4689,0.500000000000003);
#1809=CIRCLE('',#4691,0.500000000000005);
#1810=CIRCLE('',#4692,0.500000000000005);
#1811=CIRCLE('',#4694,0.500000000000005);
#1812=CIRCLE('',#4695,0.500000000000005);
#1813=CIRCLE('',#4697,3.99999999999999);
#1814=CIRCLE('',#4698,3.99999999999999);
#1815=CIRCLE('',#4700,0.500000000000005);
#1816=CIRCLE('',#4701,0.500000000000005);
#1817=CIRCLE('',#4703,0.500000000000005);
#1818=CIRCLE('',#4704,0.500000000000005);
#1819=CIRCLE('',#4706,0.500000000000005);
#1820=CIRCLE('',#4707,0.500000000000005);
#1821=CIRCLE('',#4709,0.500000000000005);
#1822=CIRCLE('',#4710,0.500000000000005);
#1823=CIRCLE('',#4712,0.500000000000005);
#1824=CIRCLE('',#4713,0.500000000000005);
#1825=CIRCLE('',#4715,0.500000000000005);
#1826=CIRCLE('',#4716,0.500000000000005);
#1827=CIRCLE('',#4718,0.500000000000003);
#1828=CIRCLE('',#4719,0.500000000000003);
#1829=CIRCLE('',#4721,0.500000000000005);
#1830=CIRCLE('',#4722,0.500000000000005);
#1831=CIRCLE('',#4724,0.500000000000005);
#1832=CIRCLE('',#4725,0.500000000000005);
#1833=CIRCLE('',#4727,0.500000000000005);
#1834=CIRCLE('',#4728,0.500000000000005);
#1835=CIRCLE('',#4730,0.500000000000005);
#1836=CIRCLE('',#4731,0.500000000000005);
#1837=CIRCLE('',#4733,0.500000000000005);
#1838=CIRCLE('',#4734,0.500000000000005);
#1839=CIRCLE('',#4736,0.500000000000005);
#1840=CIRCLE('',#4737,0.500000000000005);
#1841=CIRCLE('',#4739,0.500000000000007);
#1842=CIRCLE('',#4740,0.500000000000007);
#1843=CIRCLE('',#4742,0.500000000000005);
#1844=CIRCLE('',#4743,0.500000000000005);
#1845=CIRCLE('',#4745,0.50000000000001);
#1846=CIRCLE('',#4746,0.50000000000001);
#1847=CIRCLE('',#4748,0.500000000000004);
#1848=CIRCLE('',#4749,0.500000000000004);
#1849=CIRCLE('',#4751,0.499999999999999);
#1850=CIRCLE('',#4752,0.499999999999999);
#1851=CIRCLE('',#4754,0.500000000000007);
#1852=CIRCLE('',#4755,0.500000000000007);
#1853=CIRCLE('',#4757,0.5);
#1854=CIRCLE('',#4758,0.5);
#1855=CIRCLE('',#4760,0.500000000000007);
#1856=CIRCLE('',#4761,0.500000000000007);
#1857=CIRCLE('',#4763,0.500000000000009);
#1858=CIRCLE('',#4764,0.500000000000009);
#1859=CIRCLE('',#4766,0.500000000000006);
#1860=CIRCLE('',#4767,0.500000000000006);
#1861=CIRCLE('',#4789,0.500000000000007);
#1862=CIRCLE('',#4790,0.500000000000007);
#1863=CIRCLE('',#4792,0.500000000000005);
#1864=CIRCLE('',#4793,0.500000000000005);
#1865=CIRCLE('',#4795,0.500000000000005);
#1866=CIRCLE('',#4796,0.500000000000005);
#1867=CIRCLE('',#4798,0.500000000000005);
#1868=CIRCLE('',#4799,0.500000000000005);
#1869=CIRCLE('',#4801,0.499999999999999);
#1870=CIRCLE('',#4802,0.499999999999999);
#1871=CIRCLE('',#4804,0.500000000000013);
#1872=CIRCLE('',#4805,0.500000000000013);
#1873=CIRCLE('',#4807,0.500000000000004);
#1874=CIRCLE('',#4808,0.500000000000004);
#1875=CIRCLE('',#4814,0.500000000000009);
#1876=CIRCLE('',#4815,0.500000000000009);
#1877=CIRCLE('',#4817,0.500000000000002);
#1878=CIRCLE('',#4818,0.500000000000002);
#1879=CIRCLE('',#4820,0.499999999999999);
#1880=CIRCLE('',#4821,0.499999999999999);
#1881=CIRCLE('',#4823,0.500000000000006);
#1882=CIRCLE('',#4824,0.500000000000006);
#1883=CIRCLE('',#4826,0.499999999999999);
#1884=CIRCLE('',#4827,0.499999999999999);
#1885=CIRCLE('',#4829,0.500000000000007);
#1886=CIRCLE('',#4830,0.500000000000007);
#1887=CIRCLE('',#4832,0.500000000000012);
#1888=CIRCLE('',#4833,0.500000000000012);
#1889=CIRCLE('',#4835,0.500000000000005);
#1890=CIRCLE('',#4836,0.500000000000005);
#1891=CIRCLE('',#4838,0.500000000000003);
#1892=CIRCLE('',#4839,0.500000000000003);
#1893=CIRCLE('',#4845,0.500000000000007);
#1894=CIRCLE('',#4846,0.500000000000007);
#1895=CIRCLE('',#4848,0.500000000000006);
#1896=CIRCLE('',#4849,0.500000000000006);
#1897=CIRCLE('',#4851,0.500000000000005);
#1898=CIRCLE('',#4852,0.500000000000005);
#1899=CIRCLE('',#4854,0.500000000000003);
#1900=CIRCLE('',#4855,0.500000000000003);
#1901=CIRCLE('',#4857,0.500000000000005);
#1902=CIRCLE('',#4858,0.500000000000005);
#1903=CIRCLE('',#4860,0.500000000000005);
#1904=CIRCLE('',#4861,0.500000000000005);
#1905=CIRCLE('',#4863,0.500000000000005);
#1906=CIRCLE('',#4864,0.500000000000005);
#1907=CIRCLE('',#4866,0.500000000000007);
#1908=CIRCLE('',#4867,0.500000000000007);
#1909=CIRCLE('',#4869,0.500000000000005);
#1910=CIRCLE('',#4870,0.500000000000005);
#1911=CIRCLE('',#4872,0.500000000000007);
#1912=CIRCLE('',#4873,0.500000000000007);
#1913=CIRCLE('',#4875,0.500000000000005);
#1914=CIRCLE('',#4876,0.500000000000005);
#1915=CIRCLE('',#4878,0.500000000000005);
#1916=CIRCLE('',#4879,0.500000000000005);
#1917=CIRCLE('',#4881,0.50000000000001);
#1918=CIRCLE('',#4882,0.50000000000001);
#1919=CIRCLE('',#4884,0.500000000000005);
#1920=CIRCLE('',#4885,0.500000000000005);
#1921=CIRCLE('',#4891,0.500000000000003);
#1922=CIRCLE('',#4892,0.500000000000003);
#1923=CIRCLE('',#4894,0.500000000000007);
#1924=CIRCLE('',#4895,0.500000000000007);
#1925=CIRCLE('',#4897,0.500000000000005);
#1926=CIRCLE('',#4898,0.500000000000005);
#1927=CIRCLE('',#4900,0.499999999999999);
#1928=CIRCLE('',#4901,0.499999999999999);
#1929=CIRCLE('',#4903,0.500000000000007);
#1930=CIRCLE('',#4904,0.500000000000007);
#1931=CIRCLE('',#4910,0.500000000000005);
#1932=CIRCLE('',#4911,0.500000000000005);
#1933=CIRCLE('',#4913,0.500000000000005);
#1934=CIRCLE('',#4914,0.500000000000005);
#1935=CIRCLE('',#4916,0.500000000000007);
#1936=CIRCLE('',#4917,0.500000000000007);
#1937=CIRCLE('',#4919,0.500000000000011);
#1938=CIRCLE('',#4920,0.500000000000011);
#1939=CIRCLE('',#4922,0.499999999999999);
#1940=CIRCLE('',#4923,0.499999999999999);
#1941=CIRCLE('',#4925,0.500000000000007);
#1942=CIRCLE('',#4926,0.500000000000007);
#1943=CIRCLE('',#4928,0.499999999999999);
#1944=CIRCLE('',#4929,0.499999999999999);
#1945=CIRCLE('',#4931,0.500000000000006);
#1946=CIRCLE('',#4932,0.500000000000006);
#1947=CIRCLE('',#4942,0.500000000000002);
#1948=CIRCLE('',#4943,0.500000000000002);
#1949=CIRCLE('',#4945,0.500000000000007);
#1950=CIRCLE('',#4946,0.500000000000007);
#1951=CIRCLE('',#4952,0.500000000000012);
#1952=CIRCLE('',#4953,0.500000000000012);
#1953=CIRCLE('',#4955,0.500000000000007);
#1954=CIRCLE('',#4956,0.500000000000007);
#1955=CIRCLE('',#4958,0.500000000000004);
#1956=CIRCLE('',#4959,0.500000000000004);
#1957=CIRCLE('',#4961,0.500000000000005);
#1958=CIRCLE('',#4962,0.500000000000005);
#1959=CIRCLE('',#4964,0.500000000000005);
#1960=CIRCLE('',#4965,0.500000000000005);
#1961=CIRCLE('',#4967,0.500000000000005);
#1962=CIRCLE('',#4968,0.500000000000005);
#1963=CIRCLE('',#4970,0.500000000000005);
#1964=CIRCLE('',#4971,0.500000000000005);
#1965=CIRCLE('',#4973,0.500000000000006);
#1966=CIRCLE('',#4974,0.500000000000006);
#1967=CIRCLE('',#4976,0.500000000000006);
#1968=CIRCLE('',#4977,0.500000000000006);
#1969=CIRCLE('',#4979,0.500000000000002);
#1970=CIRCLE('',#4980,0.500000000000002);
#1971=CIRCLE('',#4982,0.499999999999999);
#1972=CIRCLE('',#4983,0.499999999999999);
#1973=CIRCLE('',#4985,0.500000000000005);
#1974=CIRCLE('',#4986,0.500000000000005);
#1975=CIRCLE('',#4988,0.500000000000002);
#1976=CIRCLE('',#4989,0.500000000000002);
#1977=CIRCLE('',#4991,0.500000000000005);
#1978=CIRCLE('',#4992,0.500000000000005);
#1979=CIRCLE('',#4994,0.500000000000005);
#1980=CIRCLE('',#4995,0.500000000000005);
#1981=CIRCLE('',#4997,0.500000000000007);
#1982=CIRCLE('',#4998,0.500000000000007);
#1983=CIRCLE('',#5000,0.500000000000007);
#1984=CIRCLE('',#5001,0.500000000000007);
#1985=CIRCLE('',#5003,0.500000000000005);
#1986=CIRCLE('',#5004,0.500000000000005);
#1987=CIRCLE('',#5010,0.5);
#1988=CIRCLE('',#5011,0.5);
#1989=CIRCLE('',#5013,0.500000000000003);
#1990=CIRCLE('',#5014,0.500000000000003);
#1991=CIRCLE('',#5016,0.500000000000007);
#1992=CIRCLE('',#5017,0.500000000000007);
#1993=CIRCLE('',#5019,0.5);
#1994=CIRCLE('',#5020,0.5);
#1995=CIRCLE('',#5022,0.500000000000009);
#1996=CIRCLE('',#5023,0.500000000000009);
#1997=CIRCLE('',#5025,0.500000000000005);
#1998=CIRCLE('',#5026,0.500000000000005);
#1999=CIRCLE('',#5028,0.500000000000007);
#2000=CIRCLE('',#5029,0.500000000000007);
#2001=CIRCLE('',#5031,0.500000000000007);
#2002=CIRCLE('',#5032,0.500000000000007);
#2003=CIRCLE('',#5034,0.500000000000005);
#2004=CIRCLE('',#5035,0.500000000000005);
#2005=CIRCLE('',#5037,0.500000000000007);
#2006=CIRCLE('',#5038,0.500000000000007);
#2007=CIRCLE('',#5040,0.500000000000007);
#2008=CIRCLE('',#5041,0.500000000000007);
#2009=CIRCLE('',#5043,0.500000000000007);
#2010=CIRCLE('',#5044,0.500000000000007);
#2011=CIRCLE('',#5046,0.500000000000007);
#2012=CIRCLE('',#5047,0.500000000000007);
#2013=CIRCLE('',#5049,0.500000000000007);
#2014=CIRCLE('',#5050,0.500000000000007);
#2015=CIRCLE('',#5052,0.500000000000009);
#2016=CIRCLE('',#5053,0.500000000000009);
#2017=CIRCLE('',#5055,0.500000000000005);
#2018=CIRCLE('',#5056,0.500000000000005);
#2019=CIRCLE('',#5058,0.500000000000007);
#2020=CIRCLE('',#5059,0.500000000000007);
#2021=CIRCLE('',#5065,0.500000000000005);
#2022=CIRCLE('',#5066,0.500000000000005);
#2023=CIRCLE('',#5068,0.500000000000007);
#2024=CIRCLE('',#5069,0.500000000000007);
#2025=CIRCLE('',#5071,0.500000000000005);
#2026=CIRCLE('',#5072,0.500000000000005);
#2027=CIRCLE('',#5074,0.500000000000005);
#2028=CIRCLE('',#5075,0.500000000000005);
#2029=CIRCLE('',#5077,0.500000000000005);
#2030=CIRCLE('',#5078,0.500000000000005);
#2031=CIRCLE('',#5080,0.500000000000005);
#2032=CIRCLE('',#5081,0.500000000000005);
#2033=CIRCLE('',#5083,0.500000000000007);
#2034=CIRCLE('',#5084,0.500000000000007);
#2035=CIRCLE('',#5086,0.500000000000007);
#2036=CIRCLE('',#5087,0.500000000000007);
#2037=CIRCLE('',#5089,0.500000000000005);
#2038=CIRCLE('',#5090,0.500000000000005);
#2039=CIRCLE('',#5092,0.500000000000005);
#2040=CIRCLE('',#5093,0.500000000000005);
#2041=CIRCLE('',#5095,0.500000000000004);
#2042=CIRCLE('',#5096,0.500000000000004);
#2043=CIRCLE('',#5098,0.500000000000007);
#2044=CIRCLE('',#5099,0.500000000000007);
#2045=CIRCLE('',#5101,0.5);
#2046=CIRCLE('',#5102,0.5);
#2047=VERTEX_POINT('',#6410);
#2048=VERTEX_POINT('',#6412);
#2049=VERTEX_POINT('',#6416);
#2050=VERTEX_POINT('',#6418);
#2051=VERTEX_POINT('',#6422);
#2052=VERTEX_POINT('',#6424);
#2053=VERTEX_POINT('',#6428);
#2054=VERTEX_POINT('',#6430);
#2055=VERTEX_POINT('',#6434);
#2056=VERTEX_POINT('',#6436);
#2057=VERTEX_POINT('',#6440);
#2058=VERTEX_POINT('',#6442);
#2059=VERTEX_POINT('',#6446);
#2060=VERTEX_POINT('',#6448);
#2061=VERTEX_POINT('',#6452);
#2062=VERTEX_POINT('',#6454);
#2063=VERTEX_POINT('',#6458);
#2064=VERTEX_POINT('',#6460);
#2065=VERTEX_POINT('',#6464);
#2066=VERTEX_POINT('',#6466);
#2067=VERTEX_POINT('',#6470);
#2068=VERTEX_POINT('',#6472);
#2069=VERTEX_POINT('',#6476);
#2070=VERTEX_POINT('',#6478);
#2071=VERTEX_POINT('',#6482);
#2072=VERTEX_POINT('',#6484);
#2073=VERTEX_POINT('',#6488);
#2074=VERTEX_POINT('',#6490);
#2075=VERTEX_POINT('',#6494);
#2076=VERTEX_POINT('',#6496);
#2077=VERTEX_POINT('',#6500);
#2078=VERTEX_POINT('',#6502);
#2079=VERTEX_POINT('',#6506);
#2080=VERTEX_POINT('',#6508);
#2081=VERTEX_POINT('',#6512);
#2082=VERTEX_POINT('',#6514);
#2083=VERTEX_POINT('',#6518);
#2084=VERTEX_POINT('',#6520);
#2085=VERTEX_POINT('',#6524);
#2086=VERTEX_POINT('',#6525);
#2087=VERTEX_POINT('',#6527);
#2088=VERTEX_POINT('',#6529);
#2089=VERTEX_POINT('',#6533);
#2090=VERTEX_POINT('',#6535);
#2091=VERTEX_POINT('',#6539);
#2092=VERTEX_POINT('',#6541);
#2093=VERTEX_POINT('',#6548);
#2094=VERTEX_POINT('',#6550);
#2095=VERTEX_POINT('',#6554);
#2096=VERTEX_POINT('',#6556);
#2097=VERTEX_POINT('',#6560);
#2098=VERTEX_POINT('',#6562);
#2099=VERTEX_POINT('',#6566);
#2100=VERTEX_POINT('',#6568);
#2101=VERTEX_POINT('',#6572);
#2102=VERTEX_POINT('',#6574);
#2103=VERTEX_POINT('',#6578);
#2104=VERTEX_POINT('',#6580);
#2105=VERTEX_POINT('',#6584);
#2106=VERTEX_POINT('',#6586);
#2107=VERTEX_POINT('',#6590);
#2108=VERTEX_POINT('',#6592);
#2109=VERTEX_POINT('',#6596);
#2110=VERTEX_POINT('',#6598);
#2111=VERTEX_POINT('',#6602);
#2112=VERTEX_POINT('',#6604);
#2113=VERTEX_POINT('',#6608);
#2114=VERTEX_POINT('',#6610);
#2115=VERTEX_POINT('',#6614);
#2116=VERTEX_POINT('',#6616);
#2117=VERTEX_POINT('',#6620);
#2118=VERTEX_POINT('',#6622);
#2119=VERTEX_POINT('',#6626);
#2120=VERTEX_POINT('',#6628);
#2121=VERTEX_POINT('',#6632);
#2122=VERTEX_POINT('',#6634);
#2123=VERTEX_POINT('',#6638);
#2124=VERTEX_POINT('',#6640);
#2125=VERTEX_POINT('',#6644);
#2126=VERTEX_POINT('',#6646);
#2127=VERTEX_POINT('',#6650);
#2128=VERTEX_POINT('',#6652);
#2129=VERTEX_POINT('',#6656);
#2130=VERTEX_POINT('',#6658);
#2131=VERTEX_POINT('',#6662);
#2132=VERTEX_POINT('',#6664);
#2133=VERTEX_POINT('',#6668);
#2134=VERTEX_POINT('',#6670);
#2135=VERTEX_POINT('',#6674);
#2136=VERTEX_POINT('',#6676);
#2137=VERTEX_POINT('',#6680);
#2138=VERTEX_POINT('',#6682);
#2139=VERTEX_POINT('',#6686);
#2140=VERTEX_POINT('',#6688);
#2141=VERTEX_POINT('',#6692);
#2142=VERTEX_POINT('',#6694);
#2143=VERTEX_POINT('',#6698);
#2144=VERTEX_POINT('',#6700);
#2145=VERTEX_POINT('',#6704);
#2146=VERTEX_POINT('',#6706);
#2147=VERTEX_POINT('',#6710);
#2148=VERTEX_POINT('',#6711);
#2149=VERTEX_POINT('',#6713);
#2150=VERTEX_POINT('',#6715);
#2151=VERTEX_POINT('',#6719);
#2152=VERTEX_POINT('',#6721);
#2153=VERTEX_POINT('',#6725);
#2154=VERTEX_POINT('',#6727);
#2155=VERTEX_POINT('',#6734);
#2156=VERTEX_POINT('',#6735);
#2157=VERTEX_POINT('',#6737);
#2158=VERTEX_POINT('',#6739);
#2159=VERTEX_POINT('',#6743);
#2160=VERTEX_POINT('',#6745);
#2161=VERTEX_POINT('',#6749);
#2162=VERTEX_POINT('',#6751);
#2163=VERTEX_POINT('',#6758);
#2164=VERTEX_POINT('',#6759);
#2165=VERTEX_POINT('',#6761);
#2166=VERTEX_POINT('',#6763);
#2167=VERTEX_POINT('',#6767);
#2168=VERTEX_POINT('',#6769);
#2169=VERTEX_POINT('',#6773);
#2170=VERTEX_POINT('',#6775);
#2171=VERTEX_POINT('',#6782);
#2172=VERTEX_POINT('',#6783);
#2173=VERTEX_POINT('',#6785);
#2174=VERTEX_POINT('',#6787);
#2175=VERTEX_POINT('',#6791);
#2176=VERTEX_POINT('',#6793);
#2177=VERTEX_POINT('',#6797);
#2178=VERTEX_POINT('',#6799);
#2179=VERTEX_POINT('',#6806);
#2180=VERTEX_POINT('',#6807);
#2181=VERTEX_POINT('',#6809);
#2182=VERTEX_POINT('',#6811);
#2183=VERTEX_POINT('',#6815);
#2184=VERTEX_POINT('',#6817);
#2185=VERTEX_POINT('',#6821);
#2186=VERTEX_POINT('',#6823);
#2187=VERTEX_POINT('',#6830);
#2188=VERTEX_POINT('',#6832);
#2189=VERTEX_POINT('',#6836);
#2190=VERTEX_POINT('',#6838);
#2191=VERTEX_POINT('',#6842);
#2192=VERTEX_POINT('',#6844);
#2193=VERTEX_POINT('',#6848);
#2194=VERTEX_POINT('',#6850);
#2195=VERTEX_POINT('',#6854);
#2196=VERTEX_POINT('',#6856);
#2197=VERTEX_POINT('',#6860);
#2198=VERTEX_POINT('',#6862);
#2199=VERTEX_POINT('',#6866);
#2200=VERTEX_POINT('',#6868);
#2201=VERTEX_POINT('',#6872);
#2202=VERTEX_POINT('',#6873);
#2203=VERTEX_POINT('',#6875);
#2204=VERTEX_POINT('',#6877);
#2205=VERTEX_POINT('',#6881);
#2206=VERTEX_POINT('',#6883);
#2207=VERTEX_POINT('',#6887);
#2208=VERTEX_POINT('',#6889);
#2209=VERTEX_POINT('',#6896);
#2210=VERTEX_POINT('',#6898);
#2211=VERTEX_POINT('',#6902);
#2212=VERTEX_POINT('',#6904);
#2213=VERTEX_POINT('',#6908);
#2214=VERTEX_POINT('',#6910);
#2215=VERTEX_POINT('',#6914);
#2216=VERTEX_POINT('',#6916);
#2217=VERTEX_POINT('',#6920);
#2218=VERTEX_POINT('',#6922);
#2219=VERTEX_POINT('',#6926);
#2220=VERTEX_POINT('',#6928);
#2221=VERTEX_POINT('',#6932);
#2222=VERTEX_POINT('',#6934);
#2223=VERTEX_POINT('',#6938);
#2224=VERTEX_POINT('',#6940);
#2225=VERTEX_POINT('',#6944);
#2226=VERTEX_POINT('',#6946);
#2227=VERTEX_POINT('',#6950);
#2228=VERTEX_POINT('',#6951);
#2229=VERTEX_POINT('',#6953);
#2230=VERTEX_POINT('',#6955);
#2231=VERTEX_POINT('',#6959);
#2232=VERTEX_POINT('',#6961);
#2233=VERTEX_POINT('',#6965);
#2234=VERTEX_POINT('',#6967);
#2235=VERTEX_POINT('',#6974);
#2236=VERTEX_POINT('',#6976);
#2237=VERTEX_POINT('',#6980);
#2238=VERTEX_POINT('',#6982);
#2239=VERTEX_POINT('',#6986);
#2240=VERTEX_POINT('',#6988);
#2241=VERTEX_POINT('',#6992);
#2242=VERTEX_POINT('',#6994);
#2243=VERTEX_POINT('',#6998);
#2244=VERTEX_POINT('',#7000);
#2245=VERTEX_POINT('',#7004);
#2246=VERTEX_POINT('',#7006);
#2247=VERTEX_POINT('',#7010);
#2248=VERTEX_POINT('',#7012);
#2249=VERTEX_POINT('',#7016);
#2250=VERTEX_POINT('',#7018);
#2251=VERTEX_POINT('',#7022);
#2252=VERTEX_POINT('',#7024);
#2253=VERTEX_POINT('',#7028);
#2254=VERTEX_POINT('',#7030);
#2255=VERTEX_POINT('',#7034);
#2256=VERTEX_POINT('',#7036);
#2257=VERTEX_POINT('',#7040);
#2258=VERTEX_POINT('',#7042);
#2259=VERTEX_POINT('',#7046);
#2260=VERTEX_POINT('',#7048);
#2261=VERTEX_POINT('',#7052);
#2262=VERTEX_POINT('',#7054);
#2263=VERTEX_POINT('',#7058);
#2264=VERTEX_POINT('',#7059);
#2265=VERTEX_POINT('',#7061);
#2266=VERTEX_POINT('',#7063);
#2267=VERTEX_POINT('',#7067);
#2268=VERTEX_POINT('',#7069);
#2269=VERTEX_POINT('',#7073);
#2270=VERTEX_POINT('',#7075);
#2271=VERTEX_POINT('',#7082);
#2272=VERTEX_POINT('',#7084);
#2273=VERTEX_POINT('',#7088);
#2274=VERTEX_POINT('',#7090);
#2275=VERTEX_POINT('',#7094);
#2276=VERTEX_POINT('',#7096);
#2277=VERTEX_POINT('',#7100);
#2278=VERTEX_POINT('',#7102);
#2279=VERTEX_POINT('',#7106);
#2280=VERTEX_POINT('',#7108);
#2281=VERTEX_POINT('',#7112);
#2282=VERTEX_POINT('',#7113);
#2283=VERTEX_POINT('',#7115);
#2284=VERTEX_POINT('',#7117);
#2285=VERTEX_POINT('',#7121);
#2286=VERTEX_POINT('',#7123);
#2287=VERTEX_POINT('',#7127);
#2288=VERTEX_POINT('',#7129);
#2289=VERTEX_POINT('',#7136);
#2290=VERTEX_POINT('',#7138);
#2291=VERTEX_POINT('',#7142);
#2292=VERTEX_POINT('',#7144);
#2293=VERTEX_POINT('',#7148);
#2294=VERTEX_POINT('',#7150);
#2295=VERTEX_POINT('',#7154);
#2296=VERTEX_POINT('',#7156);
#2297=VERTEX_POINT('',#7160);
#2298=VERTEX_POINT('',#7162);
#2299=VERTEX_POINT('',#7166);
#2300=VERTEX_POINT('',#7168);
#2301=VERTEX_POINT('',#7172);
#2302=VERTEX_POINT('',#7174);
#2303=VERTEX_POINT('',#7178);
#2304=VERTEX_POINT('',#7180);
#2305=VERTEX_POINT('',#7184);
#2306=VERTEX_POINT('',#7185);
#2307=VERTEX_POINT('',#7187);
#2308=VERTEX_POINT('',#7189);
#2309=VERTEX_POINT('',#7193);
#2310=VERTEX_POINT('',#7195);
#2311=VERTEX_POINT('',#7199);
#2312=VERTEX_POINT('',#7201);
#2313=VERTEX_POINT('',#7208);
#2314=VERTEX_POINT('',#7209);
#2315=VERTEX_POINT('',#7211);
#2316=VERTEX_POINT('',#7213);
#2317=VERTEX_POINT('',#7217);
#2318=VERTEX_POINT('',#7219);
#2319=VERTEX_POINT('',#7223);
#2320=VERTEX_POINT('',#7225);
#2321=VERTEX_POINT('',#7232);
#2322=VERTEX_POINT('',#7234);
#2323=VERTEX_POINT('',#7238);
#2324=VERTEX_POINT('',#7240);
#2325=VERTEX_POINT('',#7244);
#2326=VERTEX_POINT('',#7245);
#2327=VERTEX_POINT('',#7247);
#2328=VERTEX_POINT('',#7249);
#2329=VERTEX_POINT('',#7253);
#2330=VERTEX_POINT('',#7255);
#2331=VERTEX_POINT('',#7259);
#2332=VERTEX_POINT('',#7261);
#2333=VERTEX_POINT('',#7268);
#2334=VERTEX_POINT('',#7270);
#2335=VERTEX_POINT('',#7274);
#2336=VERTEX_POINT('',#7276);
#2337=VERTEX_POINT('',#7280);
#2338=VERTEX_POINT('',#7282);
#2339=VERTEX_POINT('',#7286);
#2340=VERTEX_POINT('',#7288);
#2341=VERTEX_POINT('',#7292);
#2342=VERTEX_POINT('',#7294);
#2343=VERTEX_POINT('',#7298);
#2344=VERTEX_POINT('',#7300);
#2345=VERTEX_POINT('',#7304);
#2346=VERTEX_POINT('',#7306);
#2347=VERTEX_POINT('',#7310);
#2348=VERTEX_POINT('',#7312);
#2349=VERTEX_POINT('',#7316);
#2350=VERTEX_POINT('',#7318);
#2351=VERTEX_POINT('',#7322);
#2352=VERTEX_POINT('',#7324);
#2353=VERTEX_POINT('',#7328);
#2354=VERTEX_POINT('',#7330);
#2355=VERTEX_POINT('',#7334);
#2356=VERTEX_POINT('',#7336);
#2357=VERTEX_POINT('',#7340);
#2358=VERTEX_POINT('',#7342);
#2359=VERTEX_POINT('',#7346);
#2360=VERTEX_POINT('',#7348);
#2361=VERTEX_POINT('',#7352);
#2362=VERTEX_POINT('',#7354);
#2363=VERTEX_POINT('',#7358);
#2364=VERTEX_POINT('',#7360);
#2365=VERTEX_POINT('',#7364);
#2366=VERTEX_POINT('',#7366);
#2367=VERTEX_POINT('',#7370);
#2368=VERTEX_POINT('',#7372);
#2369=VERTEX_POINT('',#7376);
#2370=VERTEX_POINT('',#7377);
#2371=VERTEX_POINT('',#7379);
#2372=VERTEX_POINT('',#7381);
#2373=VERTEX_POINT('',#7385);
#2374=VERTEX_POINT('',#7387);
#2375=VERTEX_POINT('',#7391);
#2376=VERTEX_POINT('',#7393);
#2377=VERTEX_POINT('',#7400);
#2378=VERTEX_POINT('',#7402);
#2379=VERTEX_POINT('',#7406);
#2380=VERTEX_POINT('',#7408);
#2381=VERTEX_POINT('',#7412);
#2382=VERTEX_POINT('',#7414);
#2383=VERTEX_POINT('',#7418);
#2384=VERTEX_POINT('',#7420);
#2385=VERTEX_POINT('',#7424);
#2386=VERTEX_POINT('',#7426);
#2387=VERTEX_POINT('',#7430);
#2388=VERTEX_POINT('',#7432);
#2389=VERTEX_POINT('',#7436);
#2390=VERTEX_POINT('',#7438);
#2391=VERTEX_POINT('',#7442);
#2392=VERTEX_POINT('',#7444);
#2393=VERTEX_POINT('',#7448);
#2394=VERTEX_POINT('',#7450);
#2395=VERTEX_POINT('',#7454);
#2396=VERTEX_POINT('',#7456);
#2397=VERTEX_POINT('',#7460);
#2398=VERTEX_POINT('',#7462);
#2399=VERTEX_POINT('',#7466);
#2400=VERTEX_POINT('',#7468);
#2401=VERTEX_POINT('',#7472);
#2402=VERTEX_POINT('',#7474);
#2403=VERTEX_POINT('',#7478);
#2404=VERTEX_POINT('',#7480);
#2405=VERTEX_POINT('',#7484);
#2406=VERTEX_POINT('',#7486);
#2407=VERTEX_POINT('',#7490);
#2408=VERTEX_POINT('',#7492);
#2409=VERTEX_POINT('',#7496);
#2410=VERTEX_POINT('',#7498);
#2411=VERTEX_POINT('',#7502);
#2412=VERTEX_POINT('',#7503);
#2413=VERTEX_POINT('',#7505);
#2414=VERTEX_POINT('',#7507);
#2415=VERTEX_POINT('',#7511);
#2416=VERTEX_POINT('',#7513);
#2417=VERTEX_POINT('',#7517);
#2418=VERTEX_POINT('',#7519);
#2419=VERTEX_POINT('',#7526);
#2420=VERTEX_POINT('',#7528);
#2421=VERTEX_POINT('',#7532);
#2422=VERTEX_POINT('',#7534);
#2423=VERTEX_POINT('',#7538);
#2424=VERTEX_POINT('',#7540);
#2425=VERTEX_POINT('',#7544);
#2426=VERTEX_POINT('',#7546);
#2427=VERTEX_POINT('',#7550);
#2428=VERTEX_POINT('',#7552);
#2429=VERTEX_POINT('',#7556);
#2430=VERTEX_POINT('',#7558);
#2431=VERTEX_POINT('',#7562);
#2432=VERTEX_POINT('',#7564);
#2433=VERTEX_POINT('',#7568);
#2434=VERTEX_POINT('',#7570);
#2435=VERTEX_POINT('',#7574);
#2436=VERTEX_POINT('',#7576);
#2437=VERTEX_POINT('',#7580);
#2438=VERTEX_POINT('',#7582);
#2439=VERTEX_POINT('',#7586);
#2440=VERTEX_POINT('',#7588);
#2441=VERTEX_POINT('',#7592);
#2442=VERTEX_POINT('',#7594);
#2443=VERTEX_POINT('',#7598);
#2444=VERTEX_POINT('',#7600);
#2445=VERTEX_POINT('',#7604);
#2446=VERTEX_POINT('',#7605);
#2447=VERTEX_POINT('',#7607);
#2448=VERTEX_POINT('',#7609);
#2449=VERTEX_POINT('',#7613);
#2450=VERTEX_POINT('',#7615);
#2451=VERTEX_POINT('',#7619);
#2452=VERTEX_POINT('',#7621);
#2453=EDGE_CURVE('',#2047,#2047,#1769,.T.);
#2454=EDGE_CURVE('',#2047,#2048,#1107,.T.);
#2455=EDGE_CURVE('',#2048,#2048,#1770,.T.);
#2456=EDGE_CURVE('',#2049,#2049,#1771,.T.);
#2457=EDGE_CURVE('',#2049,#2050,#1108,.T.);
#2458=EDGE_CURVE('',#2050,#2050,#1772,.T.);
#2459=EDGE_CURVE('',#2051,#2051,#1773,.T.);
#2460=EDGE_CURVE('',#2051,#2052,#1109,.T.);
#2461=EDGE_CURVE('',#2052,#2052,#1774,.T.);
#2462=EDGE_CURVE('',#2053,#2053,#1775,.T.);
#2463=EDGE_CURVE('',#2053,#2054,#1110,.T.);
#2464=EDGE_CURVE('',#2054,#2054,#1776,.T.);
#2465=EDGE_CURVE('',#2055,#2055,#1777,.T.);
#2466=EDGE_CURVE('',#2055,#2056,#1111,.T.);
#2467=EDGE_CURVE('',#2056,#2056,#1778,.T.);
#2468=EDGE_CURVE('',#2057,#2057,#1779,.T.);
#2469=EDGE_CURVE('',#2057,#2058,#1112,.T.);
#2470=EDGE_CURVE('',#2058,#2058,#1780,.T.);
#2471=EDGE_CURVE('',#2059,#2059,#1781,.T.);
#2472=EDGE_CURVE('',#2059,#2060,#1113,.T.);
#2473=EDGE_CURVE('',#2060,#2060,#1782,.T.);
#2474=EDGE_CURVE('',#2061,#2061,#1783,.T.);
#2475=EDGE_CURVE('',#2061,#2062,#1114,.T.);
#2476=EDGE_CURVE('',#2062,#2062,#1784,.T.);
#2477=EDGE_CURVE('',#2063,#2063,#1785,.T.);
#2478=EDGE_CURVE('',#2063,#2064,#1115,.T.);
#2479=EDGE_CURVE('',#2064,#2064,#1786,.T.);
#2480=EDGE_CURVE('',#2065,#2065,#1787,.T.);
#2481=EDGE_CURVE('',#2065,#2066,#1116,.T.);
#2482=EDGE_CURVE('',#2066,#2066,#1788,.T.);
#2483=EDGE_CURVE('',#2067,#2067,#1789,.T.);
#2484=EDGE_CURVE('',#2067,#2068,#1117,.T.);
#2485=EDGE_CURVE('',#2068,#2068,#1790,.T.);
#2486=EDGE_CURVE('',#2069,#2069,#1791,.T.);
#2487=EDGE_CURVE('',#2069,#2070,#1118,.T.);
#2488=EDGE_CURVE('',#2070,#2070,#1792,.T.);
#2489=EDGE_CURVE('',#2071,#2071,#1793,.T.);
#2490=EDGE_CURVE('',#2071,#2072,#1119,.T.);
#2491=EDGE_CURVE('',#2072,#2072,#1794,.T.);
#2492=EDGE_CURVE('',#2073,#2073,#1795,.T.);
#2493=EDGE_CURVE('',#2073,#2074,#1120,.T.);
#2494=EDGE_CURVE('',#2074,#2074,#1796,.T.);
#2495=EDGE_CURVE('',#2075,#2075,#1797,.T.);
#2496=EDGE_CURVE('',#2075,#2076,#1121,.T.);
#2497=EDGE_CURVE('',#2076,#2076,#1798,.T.);
#2498=EDGE_CURVE('',#2077,#2077,#1799,.T.);
#2499=EDGE_CURVE('',#2077,#2078,#1122,.T.);
#2500=EDGE_CURVE('',#2078,#2078,#1800,.T.);
#2501=EDGE_CURVE('',#2079,#2079,#1801,.T.);
#2502=EDGE_CURVE('',#2079,#2080,#1123,.T.);
#2503=EDGE_CURVE('',#2080,#2080,#1802,.T.);
#2504=EDGE_CURVE('',#2081,#2081,#1803,.T.);
#2505=EDGE_CURVE('',#2081,#2082,#1124,.T.);
#2506=EDGE_CURVE('',#2082,#2082,#1804,.T.);
#2507=EDGE_CURVE('',#2083,#2083,#1805,.T.);
#2508=EDGE_CURVE('',#2083,#2084,#1125,.T.);
#2509=EDGE_CURVE('',#2084,#2084,#1806,.T.);
#2510=EDGE_CURVE('',#2085,#2086,#1126,.T.);
#2511=EDGE_CURVE('',#2086,#2087,#1127,.T.);
#2512=EDGE_CURVE('',#2088,#2087,#1128,.T.);
#2513=EDGE_CURVE('',#2085,#2088,#1129,.T.);
#2514=EDGE_CURVE('',#2089,#2085,#1130,.T.);
#2515=EDGE_CURVE('',#2090,#2088,#1131,.T.);
#2516=EDGE_CURVE('',#2089,#2090,#1132,.T.);
#2517=EDGE_CURVE('',#2091,#2089,#1133,.T.);
#2518=EDGE_CURVE('',#2092,#2090,#1134,.T.);
#2519=EDGE_CURVE('',#2091,#2092,#1135,.T.);
#2520=EDGE_CURVE('',#2086,#2091,#1136,.T.);
#2521=EDGE_CURVE('',#2087,#2092,#1137,.T.);
#2522=EDGE_CURVE('',#2093,#2093,#1807,.T.);
#2523=EDGE_CURVE('',#2093,#2094,#1138,.T.);
#2524=EDGE_CURVE('',#2094,#2094,#1808,.T.);
#2525=EDGE_CURVE('',#2095,#2095,#1809,.T.);
#2526=EDGE_CURVE('',#2095,#2096,#1139,.T.);
#2527=EDGE_CURVE('',#2096,#2096,#1810,.T.);
#2528=EDGE_CURVE('',#2097,#2097,#1811,.T.);
#2529=EDGE_CURVE('',#2097,#2098,#1140,.T.);
#2530=EDGE_CURVE('',#2098,#2098,#1812,.T.);
#2531=EDGE_CURVE('',#2099,#2099,#1813,.T.);
#2532=EDGE_CURVE('',#2099,#2100,#1141,.T.);
#2533=EDGE_CURVE('',#2100,#2100,#1814,.T.);
#2534=EDGE_CURVE('',#2101,#2101,#1815,.T.);
#2535=EDGE_CURVE('',#2101,#2102,#1142,.T.);
#2536=EDGE_CURVE('',#2102,#2102,#1816,.T.);
#2537=EDGE_CURVE('',#2103,#2103,#1817,.T.);
#2538=EDGE_CURVE('',#2103,#2104,#1143,.T.);
#2539=EDGE_CURVE('',#2104,#2104,#1818,.T.);
#2540=EDGE_CURVE('',#2105,#2105,#1819,.T.);
#2541=EDGE_CURVE('',#2105,#2106,#1144,.T.);
#2542=EDGE_CURVE('',#2106,#2106,#1820,.T.);
#2543=EDGE_CURVE('',#2107,#2107,#1821,.T.);
#2544=EDGE_CURVE('',#2107,#2108,#1145,.T.);
#2545=EDGE_CURVE('',#2108,#2108,#1822,.T.);
#2546=EDGE_CURVE('',#2109,#2109,#1823,.T.);
#2547=EDGE_CURVE('',#2109,#2110,#1146,.T.);
#2548=EDGE_CURVE('',#2110,#2110,#1824,.T.);
#2549=EDGE_CURVE('',#2111,#2111,#1825,.T.);
#2550=EDGE_CURVE('',#2111,#2112,#1147,.T.);
#2551=EDGE_CURVE('',#2112,#2112,#1826,.T.);
#2552=EDGE_CURVE('',#2113,#2113,#1827,.T.);
#2553=EDGE_CURVE('',#2113,#2114,#1148,.T.);
#2554=EDGE_CURVE('',#2114,#2114,#1828,.T.);
#2555=EDGE_CURVE('',#2115,#2115,#1829,.T.);
#2556=EDGE_CURVE('',#2115,#2116,#1149,.T.);
#2557=EDGE_CURVE('',#2116,#2116,#1830,.T.);
#2558=EDGE_CURVE('',#2117,#2117,#1831,.T.);
#2559=EDGE_CURVE('',#2117,#2118,#1150,.T.);
#2560=EDGE_CURVE('',#2118,#2118,#1832,.T.);
#2561=EDGE_CURVE('',#2119,#2119,#1833,.T.);
#2562=EDGE_CURVE('',#2119,#2120,#1151,.T.);
#2563=EDGE_CURVE('',#2120,#2120,#1834,.T.);
#2564=EDGE_CURVE('',#2121,#2121,#1835,.T.);
#2565=EDGE_CURVE('',#2121,#2122,#1152,.T.);
#2566=EDGE_CURVE('',#2122,#2122,#1836,.T.);
#2567=EDGE_CURVE('',#2123,#2123,#1837,.T.);
#2568=EDGE_CURVE('',#2123,#2124,#1153,.T.);
#2569=EDGE_CURVE('',#2124,#2124,#1838,.T.);
#2570=EDGE_CURVE('',#2125,#2125,#1839,.T.);
#2571=EDGE_CURVE('',#2125,#2126,#1154,.T.);
#2572=EDGE_CURVE('',#2126,#2126,#1840,.T.);
#2573=EDGE_CURVE('',#2127,#2127,#1841,.T.);
#2574=EDGE_CURVE('',#2127,#2128,#1155,.T.);
#2575=EDGE_CURVE('',#2128,#2128,#1842,.T.);
#2576=EDGE_CURVE('',#2129,#2129,#1843,.T.);
#2577=EDGE_CURVE('',#2129,#2130,#1156,.T.);
#2578=EDGE_CURVE('',#2130,#2130,#1844,.T.);
#2579=EDGE_CURVE('',#2131,#2131,#1845,.T.);
#2580=EDGE_CURVE('',#2131,#2132,#1157,.T.);
#2581=EDGE_CURVE('',#2132,#2132,#1846,.T.);
#2582=EDGE_CURVE('',#2133,#2133,#1847,.T.);
#2583=EDGE_CURVE('',#2133,#2134,#1158,.T.);
#2584=EDGE_CURVE('',#2134,#2134,#1848,.T.);
#2585=EDGE_CURVE('',#2135,#2135,#1849,.T.);
#2586=EDGE_CURVE('',#2135,#2136,#1159,.T.);
#2587=EDGE_CURVE('',#2136,#2136,#1850,.T.);
#2588=EDGE_CURVE('',#2137,#2137,#1851,.T.);
#2589=EDGE_CURVE('',#2137,#2138,#1160,.T.);
#2590=EDGE_CURVE('',#2138,#2138,#1852,.T.);
#2591=EDGE_CURVE('',#2139,#2139,#1853,.T.);
#2592=EDGE_CURVE('',#2139,#2140,#1161,.T.);
#2593=EDGE_CURVE('',#2140,#2140,#1854,.T.);
#2594=EDGE_CURVE('',#2141,#2141,#1855,.T.);
#2595=EDGE_CURVE('',#2141,#2142,#1162,.T.);
#2596=EDGE_CURVE('',#2142,#2142,#1856,.T.);
#2597=EDGE_CURVE('',#2143,#2143,#1857,.T.);
#2598=EDGE_CURVE('',#2143,#2144,#1163,.T.);
#2599=EDGE_CURVE('',#2144,#2144,#1858,.T.);
#2600=EDGE_CURVE('',#2145,#2145,#1859,.T.);
#2601=EDGE_CURVE('',#2145,#2146,#1164,.T.);
#2602=EDGE_CURVE('',#2146,#2146,#1860,.T.);
#2603=EDGE_CURVE('',#2147,#2148,#1165,.T.);
#2604=EDGE_CURVE('',#2148,#2149,#1166,.T.);
#2605=EDGE_CURVE('',#2150,#2149,#1167,.T.);
#2606=EDGE_CURVE('',#2147,#2150,#1168,.T.);
#2607=EDGE_CURVE('',#2151,#2147,#1169,.T.);
#2608=EDGE_CURVE('',#2152,#2150,#1170,.T.);
#2609=EDGE_CURVE('',#2151,#2152,#1171,.T.);
#2610=EDGE_CURVE('',#2153,#2151,#1172,.T.);
#2611=EDGE_CURVE('',#2154,#2152,#1173,.T.);
#2612=EDGE_CURVE('',#2153,#2154,#1174,.T.);
#2613=EDGE_CURVE('',#2148,#2153,#1175,.T.);
#2614=EDGE_CURVE('',#2149,#2154,#1176,.T.);
#2615=EDGE_CURVE('',#2155,#2156,#1177,.T.);
#2616=EDGE_CURVE('',#2156,#2157,#1178,.T.);
#2617=EDGE_CURVE('',#2158,#2157,#1179,.T.);
#2618=EDGE_CURVE('',#2155,#2158,#1180,.T.);
#2619=EDGE_CURVE('',#2159,#2155,#1181,.T.);
#2620=EDGE_CURVE('',#2160,#2158,#1182,.T.);
#2621=EDGE_CURVE('',#2159,#2160,#1183,.T.);
#2622=EDGE_CURVE('',#2161,#2159,#1184,.T.);
#2623=EDGE_CURVE('',#2162,#2160,#1185,.T.);
#2624=EDGE_CURVE('',#2161,#2162,#1186,.T.);
#2625=EDGE_CURVE('',#2156,#2161,#1187,.T.);
#2626=EDGE_CURVE('',#2157,#2162,#1188,.T.);
#2627=EDGE_CURVE('',#2163,#2164,#1189,.T.);
#2628=EDGE_CURVE('',#2164,#2165,#1190,.T.);
#2629=EDGE_CURVE('',#2166,#2165,#1191,.T.);
#2630=EDGE_CURVE('',#2163,#2166,#1192,.T.);
#2631=EDGE_CURVE('',#2167,#2163,#1193,.T.);
#2632=EDGE_CURVE('',#2168,#2166,#1194,.T.);
#2633=EDGE_CURVE('',#2167,#2168,#1195,.T.);
#2634=EDGE_CURVE('',#2169,#2167,#1196,.T.);
#2635=EDGE_CURVE('',#2170,#2168,#1197,.T.);
#2636=EDGE_CURVE('',#2169,#2170,#1198,.T.);
#2637=EDGE_CURVE('',#2164,#2169,#1199,.T.);
#2638=EDGE_CURVE('',#2165,#2170,#1200,.T.);
#2639=EDGE_CURVE('',#2171,#2172,#1201,.T.);
#2640=EDGE_CURVE('',#2172,#2173,#1202,.T.);
#2641=EDGE_CURVE('',#2174,#2173,#1203,.T.);
#2642=EDGE_CURVE('',#2171,#2174,#1204,.T.);
#2643=EDGE_CURVE('',#2175,#2171,#1205,.T.);
#2644=EDGE_CURVE('',#2176,#2174,#1206,.T.);
#2645=EDGE_CURVE('',#2175,#2176,#1207,.T.);
#2646=EDGE_CURVE('',#2177,#2175,#1208,.T.);
#2647=EDGE_CURVE('',#2178,#2176,#1209,.T.);
#2648=EDGE_CURVE('',#2177,#2178,#1210,.T.);
#2649=EDGE_CURVE('',#2172,#2177,#1211,.T.);
#2650=EDGE_CURVE('',#2173,#2178,#1212,.T.);
#2651=EDGE_CURVE('',#2179,#2180,#1213,.T.);
#2652=EDGE_CURVE('',#2180,#2181,#1214,.T.);
#2653=EDGE_CURVE('',#2182,#2181,#1215,.T.);
#2654=EDGE_CURVE('',#2179,#2182,#1216,.T.);
#2655=EDGE_CURVE('',#2183,#2179,#1217,.T.);
#2656=EDGE_CURVE('',#2184,#2182,#1218,.T.);
#2657=EDGE_CURVE('',#2183,#2184,#1219,.T.);
#2658=EDGE_CURVE('',#2185,#2183,#1220,.T.);
#2659=EDGE_CURVE('',#2186,#2184,#1221,.T.);
#2660=EDGE_CURVE('',#2185,#2186,#1222,.T.);
#2661=EDGE_CURVE('',#2180,#2185,#1223,.T.);
#2662=EDGE_CURVE('',#2181,#2186,#1224,.T.);
#2663=EDGE_CURVE('',#2187,#2187,#1861,.T.);
#2664=EDGE_CURVE('',#2187,#2188,#1225,.T.);
#2665=EDGE_CURVE('',#2188,#2188,#1862,.T.);
#2666=EDGE_CURVE('',#2189,#2189,#1863,.T.);
#2667=EDGE_CURVE('',#2189,#2190,#1226,.T.);
#2668=EDGE_CURVE('',#2190,#2190,#1864,.T.);
#2669=EDGE_CURVE('',#2191,#2191,#1865,.T.);
#2670=EDGE_CURVE('',#2191,#2192,#1227,.T.);
#2671=EDGE_CURVE('',#2192,#2192,#1866,.T.);
#2672=EDGE_CURVE('',#2193,#2193,#1867,.T.);
#2673=EDGE_CURVE('',#2193,#2194,#1228,.T.);
#2674=EDGE_CURVE('',#2194,#2194,#1868,.T.);
#2675=EDGE_CURVE('',#2195,#2195,#1869,.T.);
#2676=EDGE_CURVE('',#2195,#2196,#1229,.T.);
#2677=EDGE_CURVE('',#2196,#2196,#1870,.T.);
#2678=EDGE_CURVE('',#2197,#2197,#1871,.T.);
#2679=EDGE_CURVE('',#2197,#2198,#1230,.T.);
#2680=EDGE_CURVE('',#2198,#2198,#1872,.T.);
#2681=EDGE_CURVE('',#2199,#2199,#1873,.T.);
#2682=EDGE_CURVE('',#2199,#2200,#1231,.T.);
#2683=EDGE_CURVE('',#2200,#2200,#1874,.T.);
#2684=EDGE_CURVE('',#2201,#2202,#1232,.T.);
#2685=EDGE_CURVE('',#2202,#2203,#1233,.T.);
#2686=EDGE_CURVE('',#2204,#2203,#1234,.T.);
#2687=EDGE_CURVE('',#2201,#2204,#1235,.T.);
#2688=EDGE_CURVE('',#2205,#2201,#1236,.T.);
#2689=EDGE_CURVE('',#2206,#2204,#1237,.T.);
#2690=EDGE_CURVE('',#2205,#2206,#1238,.T.);
#2691=EDGE_CURVE('',#2207,#2205,#1239,.T.);
#2692=EDGE_CURVE('',#2208,#2206,#1240,.T.);
#2693=EDGE_CURVE('',#2207,#2208,#1241,.T.);
#2694=EDGE_CURVE('',#2202,#2207,#1242,.T.);
#2695=EDGE_CURVE('',#2203,#2208,#1243,.T.);
#2696=EDGE_CURVE('',#2209,#2209,#1875,.T.);
#2697=EDGE_CURVE('',#2209,#2210,#1244,.T.);
#2698=EDGE_CURVE('',#2210,#2210,#1876,.T.);
#2699=EDGE_CURVE('',#2211,#2211,#1877,.T.);
#2700=EDGE_CURVE('',#2211,#2212,#1245,.T.);
#2701=EDGE_CURVE('',#2212,#2212,#1878,.T.);
#2702=EDGE_CURVE('',#2213,#2213,#1879,.T.);
#2703=EDGE_CURVE('',#2213,#2214,#1246,.T.);
#2704=EDGE_CURVE('',#2214,#2214,#1880,.T.);
#2705=EDGE_CURVE('',#2215,#2215,#1881,.T.);
#2706=EDGE_CURVE('',#2215,#2216,#1247,.T.);
#2707=EDGE_CURVE('',#2216,#2216,#1882,.T.);
#2708=EDGE_CURVE('',#2217,#2217,#1883,.T.);
#2709=EDGE_CURVE('',#2217,#2218,#1248,.T.);
#2710=EDGE_CURVE('',#2218,#2218,#1884,.T.);
#2711=EDGE_CURVE('',#2219,#2219,#1885,.T.);
#2712=EDGE_CURVE('',#2219,#2220,#1249,.T.);
#2713=EDGE_CURVE('',#2220,#2220,#1886,.T.);
#2714=EDGE_CURVE('',#2221,#2221,#1887,.T.);
#2715=EDGE_CURVE('',#2221,#2222,#1250,.T.);
#2716=EDGE_CURVE('',#2222,#2222,#1888,.T.);
#2717=EDGE_CURVE('',#2223,#2223,#1889,.T.);
#2718=EDGE_CURVE('',#2223,#2224,#1251,.T.);
#2719=EDGE_CURVE('',#2224,#2224,#1890,.T.);
#2720=EDGE_CURVE('',#2225,#2225,#1891,.T.);
#2721=EDGE_CURVE('',#2225,#2226,#1252,.T.);
#2722=EDGE_CURVE('',#2226,#2226,#1892,.T.);
#2723=EDGE_CURVE('',#2227,#2228,#1253,.T.);
#2724=EDGE_CURVE('',#2228,#2229,#1254,.T.);
#2725=EDGE_CURVE('',#2230,#2229,#1255,.T.);
#2726=EDGE_CURVE('',#2227,#2230,#1256,.T.);
#2727=EDGE_CURVE('',#2231,#2227,#1257,.T.);
#2728=EDGE_CURVE('',#2232,#2230,#1258,.T.);
#2729=EDGE_CURVE('',#2231,#2232,#1259,.T.);
#2730=EDGE_CURVE('',#2233,#2231,#1260,.T.);
#2731=EDGE_CURVE('',#2234,#2232,#1261,.T.);
#2732=EDGE_CURVE('',#2233,#2234,#1262,.T.);
#2733=EDGE_CURVE('',#2228,#2233,#1263,.T.);
#2734=EDGE_CURVE('',#2229,#2234,#1264,.T.);
#2735=EDGE_CURVE('',#2235,#2235,#1893,.T.);
#2736=EDGE_CURVE('',#2235,#2236,#1265,.T.);
#2737=EDGE_CURVE('',#2236,#2236,#1894,.T.);
#2738=EDGE_CURVE('',#2237,#2237,#1895,.T.);
#2739=EDGE_CURVE('',#2237,#2238,#1266,.T.);
#2740=EDGE_CURVE('',#2238,#2238,#1896,.T.);
#2741=EDGE_CURVE('',#2239,#2239,#1897,.T.);
#2742=EDGE_CURVE('',#2239,#2240,#1267,.T.);
#2743=EDGE_CURVE('',#2240,#2240,#1898,.T.);
#2744=EDGE_CURVE('',#2241,#2241,#1899,.T.);
#2745=EDGE_CURVE('',#2241,#2242,#1268,.T.);
#2746=EDGE_CURVE('',#2242,#2242,#1900,.T.);
#2747=EDGE_CURVE('',#2243,#2243,#1901,.T.);
#2748=EDGE_CURVE('',#2243,#2244,#1269,.T.);
#2749=EDGE_CURVE('',#2244,#2244,#1902,.T.);
#2750=EDGE_CURVE('',#2245,#2245,#1903,.T.);
#2751=EDGE_CURVE('',#2245,#2246,#1270,.T.);
#2752=EDGE_CURVE('',#2246,#2246,#1904,.T.);
#2753=EDGE_CURVE('',#2247,#2247,#1905,.T.);
#2754=EDGE_CURVE('',#2247,#2248,#1271,.T.);
#2755=EDGE_CURVE('',#2248,#2248,#1906,.T.);
#2756=EDGE_CURVE('',#2249,#2249,#1907,.T.);
#2757=EDGE_CURVE('',#2249,#2250,#1272,.T.);
#2758=EDGE_CURVE('',#2250,#2250,#1908,.T.);
#2759=EDGE_CURVE('',#2251,#2251,#1909,.T.);
#2760=EDGE_CURVE('',#2251,#2252,#1273,.T.);
#2761=EDGE_CURVE('',#2252,#2252,#1910,.T.);
#2762=EDGE_CURVE('',#2253,#2253,#1911,.T.);
#2763=EDGE_CURVE('',#2253,#2254,#1274,.T.);
#2764=EDGE_CURVE('',#2254,#2254,#1912,.T.);
#2765=EDGE_CURVE('',#2255,#2255,#1913,.T.);
#2766=EDGE_CURVE('',#2255,#2256,#1275,.T.);
#2767=EDGE_CURVE('',#2256,#2256,#1914,.T.);
#2768=EDGE_CURVE('',#2257,#2257,#1915,.T.);
#2769=EDGE_CURVE('',#2257,#2258,#1276,.T.);
#2770=EDGE_CURVE('',#2258,#2258,#1916,.T.);
#2771=EDGE_CURVE('',#2259,#2259,#1917,.T.);
#2772=EDGE_CURVE('',#2259,#2260,#1277,.T.);
#2773=EDGE_CURVE('',#2260,#2260,#1918,.T.);
#2774=EDGE_CURVE('',#2261,#2261,#1919,.T.);
#2775=EDGE_CURVE('',#2261,#2262,#1278,.T.);
#2776=EDGE_CURVE('',#2262,#2262,#1920,.T.);
#2777=EDGE_CURVE('',#2263,#2264,#1279,.T.);
#2778=EDGE_CURVE('',#2264,#2265,#1280,.T.);
#2779=EDGE_CURVE('',#2266,#2265,#1281,.T.);
#2780=EDGE_CURVE('',#2263,#2266,#1282,.T.);
#2781=EDGE_CURVE('',#2267,#2263,#1283,.T.);
#2782=EDGE_CURVE('',#2268,#2266,#1284,.T.);
#2783=EDGE_CURVE('',#2267,#2268,#1285,.T.);
#2784=EDGE_CURVE('',#2269,#2267,#1286,.T.);
#2785=EDGE_CURVE('',#2270,#2268,#1287,.T.);
#2786=EDGE_CURVE('',#2269,#2270,#1288,.T.);
#2787=EDGE_CURVE('',#2264,#2269,#1289,.T.);
#2788=EDGE_CURVE('',#2265,#2270,#1290,.T.);
#2789=EDGE_CURVE('',#2271,#2271,#1921,.T.);
#2790=EDGE_CURVE('',#2271,#2272,#1291,.T.);
#2791=EDGE_CURVE('',#2272,#2272,#1922,.T.);
#2792=EDGE_CURVE('',#2273,#2273,#1923,.T.);
#2793=EDGE_CURVE('',#2273,#2274,#1292,.T.);
#2794=EDGE_CURVE('',#2274,#2274,#1924,.T.);
#2795=EDGE_CURVE('',#2275,#2275,#1925,.T.);
#2796=EDGE_CURVE('',#2275,#2276,#1293,.T.);
#2797=EDGE_CURVE('',#2276,#2276,#1926,.T.);
#2798=EDGE_CURVE('',#2277,#2277,#1927,.T.);
#2799=EDGE_CURVE('',#2277,#2278,#1294,.T.);
#2800=EDGE_CURVE('',#2278,#2278,#1928,.T.);
#2801=EDGE_CURVE('',#2279,#2279,#1929,.T.);
#2802=EDGE_CURVE('',#2279,#2280,#1295,.T.);
#2803=EDGE_CURVE('',#2280,#2280,#1930,.T.);
#2804=EDGE_CURVE('',#2281,#2282,#1296,.T.);
#2805=EDGE_CURVE('',#2282,#2283,#1297,.T.);
#2806=EDGE_CURVE('',#2284,#2283,#1298,.T.);
#2807=EDGE_CURVE('',#2281,#2284,#1299,.T.);
#2808=EDGE_CURVE('',#2285,#2281,#1300,.T.);
#2809=EDGE_CURVE('',#2286,#2284,#1301,.T.);
#2810=EDGE_CURVE('',#2285,#2286,#1302,.T.);
#2811=EDGE_CURVE('',#2287,#2285,#1303,.T.);
#2812=EDGE_CURVE('',#2288,#2286,#1304,.T.);
#2813=EDGE_CURVE('',#2287,#2288,#1305,.T.);
#2814=EDGE_CURVE('',#2282,#2287,#1306,.T.);
#2815=EDGE_CURVE('',#2283,#2288,#1307,.T.);
#2816=EDGE_CURVE('',#2289,#2289,#1931,.T.);
#2817=EDGE_CURVE('',#2289,#2290,#1308,.T.);
#2818=EDGE_CURVE('',#2290,#2290,#1932,.T.);
#2819=EDGE_CURVE('',#2291,#2291,#1933,.T.);
#2820=EDGE_CURVE('',#2291,#2292,#1309,.T.);
#2821=EDGE_CURVE('',#2292,#2292,#1934,.T.);
#2822=EDGE_CURVE('',#2293,#2293,#1935,.T.);
#2823=EDGE_CURVE('',#2293,#2294,#1310,.T.);
#2824=EDGE_CURVE('',#2294,#2294,#1936,.T.);
#2825=EDGE_CURVE('',#2295,#2295,#1937,.T.);
#2826=EDGE_CURVE('',#2295,#2296,#1311,.T.);
#2827=EDGE_CURVE('',#2296,#2296,#1938,.T.);
#2828=EDGE_CURVE('',#2297,#2297,#1939,.T.);
#2829=EDGE_CURVE('',#2297,#2298,#1312,.T.);
#2830=EDGE_CURVE('',#2298,#2298,#1940,.T.);
#2831=EDGE_CURVE('',#2299,#2299,#1941,.T.);
#2832=EDGE_CURVE('',#2299,#2300,#1313,.T.);
#2833=EDGE_CURVE('',#2300,#2300,#1942,.T.);
#2834=EDGE_CURVE('',#2301,#2301,#1943,.T.);
#2835=EDGE_CURVE('',#2301,#2302,#1314,.T.);
#2836=EDGE_CURVE('',#2302,#2302,#1944,.T.);
#2837=EDGE_CURVE('',#2303,#2303,#1945,.T.);
#2838=EDGE_CURVE('',#2303,#2304,#1315,.T.);
#2839=EDGE_CURVE('',#2304,#2304,#1946,.T.);
#2840=EDGE_CURVE('',#2305,#2306,#1316,.T.);
#2841=EDGE_CURVE('',#2306,#2307,#1317,.T.);
#2842=EDGE_CURVE('',#2308,#2307,#1318,.T.);
#2843=EDGE_CURVE('',#2305,#2308,#1319,.T.);
#2844=EDGE_CURVE('',#2309,#2305,#1320,.T.);
#2845=EDGE_CURVE('',#2310,#2308,#1321,.T.);
#2846=EDGE_CURVE('',#2309,#2310,#1322,.T.);
#2847=EDGE_CURVE('',#2311,#2309,#1323,.T.);
#2848=EDGE_CURVE('',#2312,#2310,#1324,.T.);
#2849=EDGE_CURVE('',#2311,#2312,#1325,.T.);
#2850=EDGE_CURVE('',#2306,#2311,#1326,.T.);
#2851=EDGE_CURVE('',#2307,#2312,#1327,.T.);
#2852=EDGE_CURVE('',#2313,#2314,#1328,.T.);
#2853=EDGE_CURVE('',#2314,#2315,#1329,.T.);
#2854=EDGE_CURVE('',#2316,#2315,#1330,.T.);
#2855=EDGE_CURVE('',#2313,#2316,#1331,.T.);
#2856=EDGE_CURVE('',#2317,#2313,#1332,.T.);
#2857=EDGE_CURVE('',#2318,#2316,#1333,.T.);
#2858=EDGE_CURVE('',#2317,#2318,#1334,.T.);
#2859=EDGE_CURVE('',#2319,#2317,#1335,.T.);
#2860=EDGE_CURVE('',#2320,#2318,#1336,.T.);
#2861=EDGE_CURVE('',#2319,#2320,#1337,.T.);
#2862=EDGE_CURVE('',#2314,#2319,#1338,.T.);
#2863=EDGE_CURVE('',#2315,#2320,#1339,.T.);
#2864=EDGE_CURVE('',#2321,#2321,#1947,.T.);
#2865=EDGE_CURVE('',#2321,#2322,#1340,.T.);
#2866=EDGE_CURVE('',#2322,#2322,#1948,.T.);
#2867=EDGE_CURVE('',#2323,#2323,#1949,.T.);
#2868=EDGE_CURVE('',#2323,#2324,#1341,.T.);
#2869=EDGE_CURVE('',#2324,#2324,#1950,.T.);
#2870=EDGE_CURVE('',#2325,#2326,#1342,.T.);
#2871=EDGE_CURVE('',#2326,#2327,#1343,.T.);
#2872=EDGE_CURVE('',#2328,#2327,#1344,.T.);
#2873=EDGE_CURVE('',#2325,#2328,#1345,.T.);
#2874=EDGE_CURVE('',#2329,#2325,#1346,.T.);
#2875=EDGE_CURVE('',#2330,#2328,#1347,.T.);
#2876=EDGE_CURVE('',#2329,#2330,#1348,.T.);
#2877=EDGE_CURVE('',#2331,#2329,#1349,.T.);
#2878=EDGE_CURVE('',#2332,#2330,#1350,.T.);
#2879=EDGE_CURVE('',#2331,#2332,#1351,.T.);
#2880=EDGE_CURVE('',#2326,#2331,#1352,.T.);
#2881=EDGE_CURVE('',#2327,#2332,#1353,.T.);
#2882=EDGE_CURVE('',#2333,#2333,#1951,.T.);
#2883=EDGE_CURVE('',#2333,#2334,#1354,.T.);
#2884=EDGE_CURVE('',#2334,#2334,#1952,.T.);
#2885=EDGE_CURVE('',#2335,#2335,#1953,.T.);
#2886=EDGE_CURVE('',#2335,#2336,#1355,.T.);
#2887=EDGE_CURVE('',#2336,#2336,#1954,.T.);
#2888=EDGE_CURVE('',#2337,#2337,#1955,.T.);
#2889=EDGE_CURVE('',#2337,#2338,#1356,.T.);
#2890=EDGE_CURVE('',#2338,#2338,#1956,.T.);
#2891=EDGE_CURVE('',#2339,#2339,#1957,.T.);
#2892=EDGE_CURVE('',#2339,#2340,#1357,.T.);
#2893=EDGE_CURVE('',#2340,#2340,#1958,.T.);
#2894=EDGE_CURVE('',#2341,#2341,#1959,.T.);
#2895=EDGE_CURVE('',#2341,#2342,#1358,.T.);
#2896=EDGE_CURVE('',#2342,#2342,#1960,.T.);
#2897=EDGE_CURVE('',#2343,#2343,#1961,.T.);
#2898=EDGE_CURVE('',#2343,#2344,#1359,.T.);
#2899=EDGE_CURVE('',#2344,#2344,#1962,.T.);
#2900=EDGE_CURVE('',#2345,#2345,#1963,.T.);
#2901=EDGE_CURVE('',#2345,#2346,#1360,.T.);
#2902=EDGE_CURVE('',#2346,#2346,#1964,.T.);
#2903=EDGE_CURVE('',#2347,#2347,#1965,.T.);
#2904=EDGE_CURVE('',#2347,#2348,#1361,.T.);
#2905=EDGE_CURVE('',#2348,#2348,#1966,.T.);
#2906=EDGE_CURVE('',#2349,#2349,#1967,.T.);
#2907=EDGE_CURVE('',#2349,#2350,#1362,.T.);
#2908=EDGE_CURVE('',#2350,#2350,#1968,.T.);
#2909=EDGE_CURVE('',#2351,#2351,#1969,.T.);
#2910=EDGE_CURVE('',#2351,#2352,#1363,.T.);
#2911=EDGE_CURVE('',#2352,#2352,#1970,.T.);
#2912=EDGE_CURVE('',#2353,#2353,#1971,.T.);
#2913=EDGE_CURVE('',#2353,#2354,#1364,.T.);
#2914=EDGE_CURVE('',#2354,#2354,#1972,.T.);
#2915=EDGE_CURVE('',#2355,#2355,#1973,.T.);
#2916=EDGE_CURVE('',#2355,#2356,#1365,.T.);
#2917=EDGE_CURVE('',#2356,#2356,#1974,.T.);
#2918=EDGE_CURVE('',#2357,#2357,#1975,.T.);
#2919=EDGE_CURVE('',#2357,#2358,#1366,.T.);
#2920=EDGE_CURVE('',#2358,#2358,#1976,.T.);
#2921=EDGE_CURVE('',#2359,#2359,#1977,.T.);
#2922=EDGE_CURVE('',#2359,#2360,#1367,.T.);
#2923=EDGE_CURVE('',#2360,#2360,#1978,.T.);
#2924=EDGE_CURVE('',#2361,#2361,#1979,.T.);
#2925=EDGE_CURVE('',#2361,#2362,#1368,.T.);
#2926=EDGE_CURVE('',#2362,#2362,#1980,.T.);
#2927=EDGE_CURVE('',#2363,#2363,#1981,.T.);
#2928=EDGE_CURVE('',#2363,#2364,#1369,.T.);
#2929=EDGE_CURVE('',#2364,#2364,#1982,.T.);
#2930=EDGE_CURVE('',#2365,#2365,#1983,.T.);
#2931=EDGE_CURVE('',#2365,#2366,#1370,.T.);
#2932=EDGE_CURVE('',#2366,#2366,#1984,.T.);
#2933=EDGE_CURVE('',#2367,#2367,#1985,.T.);
#2934=EDGE_CURVE('',#2367,#2368,#1371,.T.);
#2935=EDGE_CURVE('',#2368,#2368,#1986,.T.);
#2936=EDGE_CURVE('',#2369,#2370,#1372,.T.);
#2937=EDGE_CURVE('',#2370,#2371,#1373,.T.);
#2938=EDGE_CURVE('',#2372,#2371,#1374,.T.);
#2939=EDGE_CURVE('',#2369,#2372,#1375,.T.);
#2940=EDGE_CURVE('',#2373,#2369,#1376,.T.);
#2941=EDGE_CURVE('',#2374,#2372,#1377,.T.);
#2942=EDGE_CURVE('',#2373,#2374,#1378,.T.);
#2943=EDGE_CURVE('',#2375,#2373,#1379,.T.);
#2944=EDGE_CURVE('',#2376,#2374,#1380,.T.);
#2945=EDGE_CURVE('',#2375,#2376,#1381,.T.);
#2946=EDGE_CURVE('',#2370,#2375,#1382,.T.);
#2947=EDGE_CURVE('',#2371,#2376,#1383,.T.);
#2948=EDGE_CURVE('',#2377,#2377,#1987,.T.);
#2949=EDGE_CURVE('',#2377,#2378,#1384,.T.);
#2950=EDGE_CURVE('',#2378,#2378,#1988,.T.);
#2951=EDGE_CURVE('',#2379,#2379,#1989,.T.);
#2952=EDGE_CURVE('',#2379,#2380,#1385,.T.);
#2953=EDGE_CURVE('',#2380,#2380,#1990,.T.);
#2954=EDGE_CURVE('',#2381,#2381,#1991,.T.);
#2955=EDGE_CURVE('',#2381,#2382,#1386,.T.);
#2956=EDGE_CURVE('',#2382,#2382,#1992,.T.);
#2957=EDGE_CURVE('',#2383,#2383,#1993,.T.);
#2958=EDGE_CURVE('',#2383,#2384,#1387,.T.);
#2959=EDGE_CURVE('',#2384,#2384,#1994,.T.);
#2960=EDGE_CURVE('',#2385,#2385,#1995,.T.);
#2961=EDGE_CURVE('',#2385,#2386,#1388,.T.);
#2962=EDGE_CURVE('',#2386,#2386,#1996,.T.);
#2963=EDGE_CURVE('',#2387,#2387,#1997,.T.);
#2964=EDGE_CURVE('',#2387,#2388,#1389,.T.);
#2965=EDGE_CURVE('',#2388,#2388,#1998,.T.);
#2966=EDGE_CURVE('',#2389,#2389,#1999,.T.);
#2967=EDGE_CURVE('',#2389,#2390,#1390,.T.);
#2968=EDGE_CURVE('',#2390,#2390,#2000,.T.);
#2969=EDGE_CURVE('',#2391,#2391,#2001,.T.);
#2970=EDGE_CURVE('',#2391,#2392,#1391,.T.);
#2971=EDGE_CURVE('',#2392,#2392,#2002,.T.);
#2972=EDGE_CURVE('',#2393,#2393,#2003,.T.);
#2973=EDGE_CURVE('',#2393,#2394,#1392,.T.);
#2974=EDGE_CURVE('',#2394,#2394,#2004,.T.);
#2975=EDGE_CURVE('',#2395,#2395,#2005,.T.);
#2976=EDGE_CURVE('',#2395,#2396,#1393,.T.);
#2977=EDGE_CURVE('',#2396,#2396,#2006,.T.);
#2978=EDGE_CURVE('',#2397,#2397,#2007,.T.);
#2979=EDGE_CURVE('',#2397,#2398,#1394,.T.);
#2980=EDGE_CURVE('',#2398,#2398,#2008,.T.);
#2981=EDGE_CURVE('',#2399,#2399,#2009,.T.);
#2982=EDGE_CURVE('',#2399,#2400,#1395,.T.);
#2983=EDGE_CURVE('',#2400,#2400,#2010,.T.);
#2984=EDGE_CURVE('',#2401,#2401,#2011,.T.);
#2985=EDGE_CURVE('',#2401,#2402,#1396,.T.);
#2986=EDGE_CURVE('',#2402,#2402,#2012,.T.);
#2987=EDGE_CURVE('',#2403,#2403,#2013,.T.);
#2988=EDGE_CURVE('',#2403,#2404,#1397,.T.);
#2989=EDGE_CURVE('',#2404,#2404,#2014,.T.);
#2990=EDGE_CURVE('',#2405,#2405,#2015,.T.);
#2991=EDGE_CURVE('',#2405,#2406,#1398,.T.);
#2992=EDGE_CURVE('',#2406,#2406,#2016,.T.);
#2993=EDGE_CURVE('',#2407,#2407,#2017,.T.);
#2994=EDGE_CURVE('',#2407,#2408,#1399,.T.);
#2995=EDGE_CURVE('',#2408,#2408,#2018,.T.);
#2996=EDGE_CURVE('',#2409,#2409,#2019,.T.);
#2997=EDGE_CURVE('',#2409,#2410,#1400,.T.);
#2998=EDGE_CURVE('',#2410,#2410,#2020,.T.);
#2999=EDGE_CURVE('',#2411,#2412,#1401,.T.);
#3000=EDGE_CURVE('',#2412,#2413,#1402,.T.);
#3001=EDGE_CURVE('',#2414,#2413,#1403,.T.);
#3002=EDGE_CURVE('',#2411,#2414,#1404,.T.);
#3003=EDGE_CURVE('',#2415,#2411,#1405,.T.);
#3004=EDGE_CURVE('',#2416,#2414,#1406,.T.);
#3005=EDGE_CURVE('',#2415,#2416,#1407,.T.);
#3006=EDGE_CURVE('',#2417,#2415,#1408,.T.);
#3007=EDGE_CURVE('',#2418,#2416,#1409,.T.);
#3008=EDGE_CURVE('',#2417,#2418,#1410,.T.);
#3009=EDGE_CURVE('',#2412,#2417,#1411,.T.);
#3010=EDGE_CURVE('',#2413,#2418,#1412,.T.);
#3011=EDGE_CURVE('',#2419,#2419,#2021,.T.);
#3012=EDGE_CURVE('',#2419,#2420,#1413,.T.);
#3013=EDGE_CURVE('',#2420,#2420,#2022,.T.);
#3014=EDGE_CURVE('',#2421,#2421,#2023,.T.);
#3015=EDGE_CURVE('',#2421,#2422,#1414,.T.);
#3016=EDGE_CURVE('',#2422,#2422,#2024,.T.);
#3017=EDGE_CURVE('',#2423,#2423,#2025,.T.);
#3018=EDGE_CURVE('',#2423,#2424,#1415,.T.);
#3019=EDGE_CURVE('',#2424,#2424,#2026,.T.);
#3020=EDGE_CURVE('',#2425,#2425,#2027,.T.);
#3021=EDGE_CURVE('',#2425,#2426,#1416,.T.);
#3022=EDGE_CURVE('',#2426,#2426,#2028,.T.);
#3023=EDGE_CURVE('',#2427,#2427,#2029,.T.);
#3024=EDGE_CURVE('',#2427,#2428,#1417,.T.);
#3025=EDGE_CURVE('',#2428,#2428,#2030,.T.);
#3026=EDGE_CURVE('',#2429,#2429,#2031,.T.);
#3027=EDGE_CURVE('',#2429,#2430,#1418,.T.);
#3028=EDGE_CURVE('',#2430,#2430,#2032,.T.);
#3029=EDGE_CURVE('',#2431,#2431,#2033,.T.);
#3030=EDGE_CURVE('',#2431,#2432,#1419,.T.);
#3031=EDGE_CURVE('',#2432,#2432,#2034,.T.);
#3032=EDGE_CURVE('',#2433,#2433,#2035,.T.);
#3033=EDGE_CURVE('',#2433,#2434,#1420,.T.);
#3034=EDGE_CURVE('',#2434,#2434,#2036,.T.);
#3035=EDGE_CURVE('',#2435,#2435,#2037,.T.);
#3036=EDGE_CURVE('',#2435,#2436,#1421,.T.);
#3037=EDGE_CURVE('',#2436,#2436,#2038,.T.);
#3038=EDGE_CURVE('',#2437,#2437,#2039,.T.);
#3039=EDGE_CURVE('',#2437,#2438,#1422,.T.);
#3040=EDGE_CURVE('',#2438,#2438,#2040,.T.);
#3041=EDGE_CURVE('',#2439,#2439,#2041,.T.);
#3042=EDGE_CURVE('',#2439,#2440,#1423,.T.);
#3043=EDGE_CURVE('',#2440,#2440,#2042,.T.);
#3044=EDGE_CURVE('',#2441,#2441,#2043,.T.);
#3045=EDGE_CURVE('',#2441,#2442,#1424,.T.);
#3046=EDGE_CURVE('',#2442,#2442,#2044,.T.);
#3047=EDGE_CURVE('',#2443,#2443,#2045,.T.);
#3048=EDGE_CURVE('',#2443,#2444,#1425,.T.);
#3049=EDGE_CURVE('',#2444,#2444,#2046,.T.);
#3050=EDGE_CURVE('',#2445,#2446,#1426,.T.);
#3051=EDGE_CURVE('',#2445,#2447,#1427,.T.);
#3052=EDGE_CURVE('',#2448,#2447,#1428,.T.);
#3053=EDGE_CURVE('',#2446,#2448,#1429,.T.);
#3054=EDGE_CURVE('',#2446,#2449,#1430,.T.);
#3055=EDGE_CURVE('',#2450,#2448,#1431,.T.);
#3056=EDGE_CURVE('',#2449,#2450,#1432,.T.);
#3057=EDGE_CURVE('',#2449,#2451,#1433,.T.);
#3058=EDGE_CURVE('',#2452,#2450,#1434,.T.);
#3059=EDGE_CURVE('',#2451,#2452,#1435,.T.);
#3060=EDGE_CURVE('',#2451,#2445,#1436,.T.);
#3061=EDGE_CURVE('',#2447,#2452,#1437,.T.);
#3062=ORIENTED_EDGE('',*,*,#2453,.F.);
#3063=ORIENTED_EDGE('',*,*,#2454,.T.);
#3064=ORIENTED_EDGE('',*,*,#2455,.T.);
#3065=ORIENTED_EDGE('',*,*,#2454,.F.);
#3066=ORIENTED_EDGE('',*,*,#2456,.F.);
#3067=ORIENTED_EDGE('',*,*,#2457,.T.);
#3068=ORIENTED_EDGE('',*,*,#2458,.T.);
#3069=ORIENTED_EDGE('',*,*,#2457,.F.);
#3070=ORIENTED_EDGE('',*,*,#2459,.F.);
#3071=ORIENTED_EDGE('',*,*,#2460,.T.);
#3072=ORIENTED_EDGE('',*,*,#2461,.T.);
#3073=ORIENTED_EDGE('',*,*,#2460,.F.);
#3074=ORIENTED_EDGE('',*,*,#2462,.F.);
#3075=ORIENTED_EDGE('',*,*,#2463,.T.);
#3076=ORIENTED_EDGE('',*,*,#2464,.T.);
#3077=ORIENTED_EDGE('',*,*,#2463,.F.);
#3078=ORIENTED_EDGE('',*,*,#2465,.F.);
#3079=ORIENTED_EDGE('',*,*,#2466,.T.);
#3080=ORIENTED_EDGE('',*,*,#2467,.T.);
#3081=ORIENTED_EDGE('',*,*,#2466,.F.);
#3082=ORIENTED_EDGE('',*,*,#2468,.F.);
#3083=ORIENTED_EDGE('',*,*,#2469,.T.);
#3084=ORIENTED_EDGE('',*,*,#2470,.T.);
#3085=ORIENTED_EDGE('',*,*,#2469,.F.);
#3086=ORIENTED_EDGE('',*,*,#2471,.F.);
#3087=ORIENTED_EDGE('',*,*,#2472,.T.);
#3088=ORIENTED_EDGE('',*,*,#2473,.T.);
#3089=ORIENTED_EDGE('',*,*,#2472,.F.);
#3090=ORIENTED_EDGE('',*,*,#2474,.F.);
#3091=ORIENTED_EDGE('',*,*,#2475,.T.);
#3092=ORIENTED_EDGE('',*,*,#2476,.T.);
#3093=ORIENTED_EDGE('',*,*,#2475,.F.);
#3094=ORIENTED_EDGE('',*,*,#2477,.F.);
#3095=ORIENTED_EDGE('',*,*,#2478,.T.);
#3096=ORIENTED_EDGE('',*,*,#2479,.T.);
#3097=ORIENTED_EDGE('',*,*,#2478,.F.);
#3098=ORIENTED_EDGE('',*,*,#2480,.F.);
#3099=ORIENTED_EDGE('',*,*,#2481,.T.);
#3100=ORIENTED_EDGE('',*,*,#2482,.T.);
#3101=ORIENTED_EDGE('',*,*,#2481,.F.);
#3102=ORIENTED_EDGE('',*,*,#2483,.F.);
#3103=ORIENTED_EDGE('',*,*,#2484,.T.);
#3104=ORIENTED_EDGE('',*,*,#2485,.T.);
#3105=ORIENTED_EDGE('',*,*,#2484,.F.);
#3106=ORIENTED_EDGE('',*,*,#2486,.F.);
#3107=ORIENTED_EDGE('',*,*,#2487,.T.);
#3108=ORIENTED_EDGE('',*,*,#2488,.T.);
#3109=ORIENTED_EDGE('',*,*,#2487,.F.);
#3110=ORIENTED_EDGE('',*,*,#2489,.F.);
#3111=ORIENTED_EDGE('',*,*,#2490,.T.);
#3112=ORIENTED_EDGE('',*,*,#2491,.T.);
#3113=ORIENTED_EDGE('',*,*,#2490,.F.);
#3114=ORIENTED_EDGE('',*,*,#2492,.F.);
#3115=ORIENTED_EDGE('',*,*,#2493,.T.);
#3116=ORIENTED_EDGE('',*,*,#2494,.T.);
#3117=ORIENTED_EDGE('',*,*,#2493,.F.);
#3118=ORIENTED_EDGE('',*,*,#2495,.F.);
#3119=ORIENTED_EDGE('',*,*,#2496,.T.);
#3120=ORIENTED_EDGE('',*,*,#2497,.T.);
#3121=ORIENTED_EDGE('',*,*,#2496,.F.);
#3122=ORIENTED_EDGE('',*,*,#2498,.F.);
#3123=ORIENTED_EDGE('',*,*,#2499,.T.);
#3124=ORIENTED_EDGE('',*,*,#2500,.T.);
#3125=ORIENTED_EDGE('',*,*,#2499,.F.);
#3126=ORIENTED_EDGE('',*,*,#2501,.F.);
#3127=ORIENTED_EDGE('',*,*,#2502,.T.);
#3128=ORIENTED_EDGE('',*,*,#2503,.T.);
#3129=ORIENTED_EDGE('',*,*,#2502,.F.);
#3130=ORIENTED_EDGE('',*,*,#2504,.F.);
#3131=ORIENTED_EDGE('',*,*,#2505,.T.);
#3132=ORIENTED_EDGE('',*,*,#2506,.T.);
#3133=ORIENTED_EDGE('',*,*,#2505,.F.);
#3134=ORIENTED_EDGE('',*,*,#2507,.F.);
#3135=ORIENTED_EDGE('',*,*,#2508,.T.);
#3136=ORIENTED_EDGE('',*,*,#2509,.T.);
#3137=ORIENTED_EDGE('',*,*,#2508,.F.);
#3138=ORIENTED_EDGE('',*,*,#2510,.T.);
#3139=ORIENTED_EDGE('',*,*,#2511,.T.);
#3140=ORIENTED_EDGE('',*,*,#2512,.F.);
#3141=ORIENTED_EDGE('',*,*,#2513,.F.);
#3142=ORIENTED_EDGE('',*,*,#2514,.T.);
#3143=ORIENTED_EDGE('',*,*,#2513,.T.);
#3144=ORIENTED_EDGE('',*,*,#2515,.F.);
#3145=ORIENTED_EDGE('',*,*,#2516,.F.);
#3146=ORIENTED_EDGE('',*,*,#2517,.T.);
#3147=ORIENTED_EDGE('',*,*,#2516,.T.);
#3148=ORIENTED_EDGE('',*,*,#2518,.F.);
#3149=ORIENTED_EDGE('',*,*,#2519,.F.);
#3150=ORIENTED_EDGE('',*,*,#2520,.T.);
#3151=ORIENTED_EDGE('',*,*,#2519,.T.);
#3152=ORIENTED_EDGE('',*,*,#2521,.F.);
#3153=ORIENTED_EDGE('',*,*,#2511,.F.);
#3154=ORIENTED_EDGE('',*,*,#2522,.F.);
#3155=ORIENTED_EDGE('',*,*,#2523,.T.);
#3156=ORIENTED_EDGE('',*,*,#2524,.T.);
#3157=ORIENTED_EDGE('',*,*,#2523,.F.);
#3158=ORIENTED_EDGE('',*,*,#2525,.F.);
#3159=ORIENTED_EDGE('',*,*,#2526,.T.);
#3160=ORIENTED_EDGE('',*,*,#2527,.T.);
#3161=ORIENTED_EDGE('',*,*,#2526,.F.);
#3162=ORIENTED_EDGE('',*,*,#2528,.F.);
#3163=ORIENTED_EDGE('',*,*,#2529,.T.);
#3164=ORIENTED_EDGE('',*,*,#2530,.T.);
#3165=ORIENTED_EDGE('',*,*,#2529,.F.);
#3166=ORIENTED_EDGE('',*,*,#2531,.F.);
#3167=ORIENTED_EDGE('',*,*,#2532,.T.);
#3168=ORIENTED_EDGE('',*,*,#2533,.T.);
#3169=ORIENTED_EDGE('',*,*,#2532,.F.);
#3170=ORIENTED_EDGE('',*,*,#2534,.F.);
#3171=ORIENTED_EDGE('',*,*,#2535,.T.);
#3172=ORIENTED_EDGE('',*,*,#2536,.T.);
#3173=ORIENTED_EDGE('',*,*,#2535,.F.);
#3174=ORIENTED_EDGE('',*,*,#2537,.F.);
#3175=ORIENTED_EDGE('',*,*,#2538,.T.);
#3176=ORIENTED_EDGE('',*,*,#2539,.T.);
#3177=ORIENTED_EDGE('',*,*,#2538,.F.);
#3178=ORIENTED_EDGE('',*,*,#2540,.F.);
#3179=ORIENTED_EDGE('',*,*,#2541,.T.);
#3180=ORIENTED_EDGE('',*,*,#2542,.T.);
#3181=ORIENTED_EDGE('',*,*,#2541,.F.);
#3182=ORIENTED_EDGE('',*,*,#2543,.F.);
#3183=ORIENTED_EDGE('',*,*,#2544,.T.);
#3184=ORIENTED_EDGE('',*,*,#2545,.T.);
#3185=ORIENTED_EDGE('',*,*,#2544,.F.);
#3186=ORIENTED_EDGE('',*,*,#2546,.F.);
#3187=ORIENTED_EDGE('',*,*,#2547,.T.);
#3188=ORIENTED_EDGE('',*,*,#2548,.T.);
#3189=ORIENTED_EDGE('',*,*,#2547,.F.);
#3190=ORIENTED_EDGE('',*,*,#2549,.F.);
#3191=ORIENTED_EDGE('',*,*,#2550,.T.);
#3192=ORIENTED_EDGE('',*,*,#2551,.T.);
#3193=ORIENTED_EDGE('',*,*,#2550,.F.);
#3194=ORIENTED_EDGE('',*,*,#2552,.F.);
#3195=ORIENTED_EDGE('',*,*,#2553,.T.);
#3196=ORIENTED_EDGE('',*,*,#2554,.T.);
#3197=ORIENTED_EDGE('',*,*,#2553,.F.);
#3198=ORIENTED_EDGE('',*,*,#2555,.F.);
#3199=ORIENTED_EDGE('',*,*,#2556,.T.);
#3200=ORIENTED_EDGE('',*,*,#2557,.T.);
#3201=ORIENTED_EDGE('',*,*,#2556,.F.);
#3202=ORIENTED_EDGE('',*,*,#2558,.F.);
#3203=ORIENTED_EDGE('',*,*,#2559,.T.);
#3204=ORIENTED_EDGE('',*,*,#2560,.T.);
#3205=ORIENTED_EDGE('',*,*,#2559,.F.);
#3206=ORIENTED_EDGE('',*,*,#2561,.F.);
#3207=ORIENTED_EDGE('',*,*,#2562,.T.);
#3208=ORIENTED_EDGE('',*,*,#2563,.T.);
#3209=ORIENTED_EDGE('',*,*,#2562,.F.);
#3210=ORIENTED_EDGE('',*,*,#2564,.F.);
#3211=ORIENTED_EDGE('',*,*,#2565,.T.);
#3212=ORIENTED_EDGE('',*,*,#2566,.T.);
#3213=ORIENTED_EDGE('',*,*,#2565,.F.);
#3214=ORIENTED_EDGE('',*,*,#2567,.F.);
#3215=ORIENTED_EDGE('',*,*,#2568,.T.);
#3216=ORIENTED_EDGE('',*,*,#2569,.T.);
#3217=ORIENTED_EDGE('',*,*,#2568,.F.);
#3218=ORIENTED_EDGE('',*,*,#2570,.F.);
#3219=ORIENTED_EDGE('',*,*,#2571,.T.);
#3220=ORIENTED_EDGE('',*,*,#2572,.T.);
#3221=ORIENTED_EDGE('',*,*,#2571,.F.);
#3222=ORIENTED_EDGE('',*,*,#2573,.F.);
#3223=ORIENTED_EDGE('',*,*,#2574,.T.);
#3224=ORIENTED_EDGE('',*,*,#2575,.T.);
#3225=ORIENTED_EDGE('',*,*,#2574,.F.);
#3226=ORIENTED_EDGE('',*,*,#2576,.F.);
#3227=ORIENTED_EDGE('',*,*,#2577,.T.);
#3228=ORIENTED_EDGE('',*,*,#2578,.T.);
#3229=ORIENTED_EDGE('',*,*,#2577,.F.);
#3230=ORIENTED_EDGE('',*,*,#2579,.F.);
#3231=ORIENTED_EDGE('',*,*,#2580,.T.);
#3232=ORIENTED_EDGE('',*,*,#2581,.T.);
#3233=ORIENTED_EDGE('',*,*,#2580,.F.);
#3234=ORIENTED_EDGE('',*,*,#2582,.F.);
#3235=ORIENTED_EDGE('',*,*,#2583,.T.);
#3236=ORIENTED_EDGE('',*,*,#2584,.T.);
#3237=ORIENTED_EDGE('',*,*,#2583,.F.);
#3238=ORIENTED_EDGE('',*,*,#2585,.F.);
#3239=ORIENTED_EDGE('',*,*,#2586,.T.);
#3240=ORIENTED_EDGE('',*,*,#2587,.T.);
#3241=ORIENTED_EDGE('',*,*,#2586,.F.);
#3242=ORIENTED_EDGE('',*,*,#2588,.F.);
#3243=ORIENTED_EDGE('',*,*,#2589,.T.);
#3244=ORIENTED_EDGE('',*,*,#2590,.T.);
#3245=ORIENTED_EDGE('',*,*,#2589,.F.);
#3246=ORIENTED_EDGE('',*,*,#2591,.F.);
#3247=ORIENTED_EDGE('',*,*,#2592,.T.);
#3248=ORIENTED_EDGE('',*,*,#2593,.T.);
#3249=ORIENTED_EDGE('',*,*,#2592,.F.);
#3250=ORIENTED_EDGE('',*,*,#2594,.F.);
#3251=ORIENTED_EDGE('',*,*,#2595,.T.);
#3252=ORIENTED_EDGE('',*,*,#2596,.T.);
#3253=ORIENTED_EDGE('',*,*,#2595,.F.);
#3254=ORIENTED_EDGE('',*,*,#2597,.F.);
#3255=ORIENTED_EDGE('',*,*,#2598,.T.);
#3256=ORIENTED_EDGE('',*,*,#2599,.T.);
#3257=ORIENTED_EDGE('',*,*,#2598,.F.);
#3258=ORIENTED_EDGE('',*,*,#2600,.F.);
#3259=ORIENTED_EDGE('',*,*,#2601,.T.);
#3260=ORIENTED_EDGE('',*,*,#2602,.T.);
#3261=ORIENTED_EDGE('',*,*,#2601,.F.);
#3262=ORIENTED_EDGE('',*,*,#2603,.T.);
#3263=ORIENTED_EDGE('',*,*,#2604,.T.);
#3264=ORIENTED_EDGE('',*,*,#2605,.F.);
#3265=ORIENTED_EDGE('',*,*,#2606,.F.);
#3266=ORIENTED_EDGE('',*,*,#2607,.T.);
#3267=ORIENTED_EDGE('',*,*,#2606,.T.);
#3268=ORIENTED_EDGE('',*,*,#2608,.F.);
#3269=ORIENTED_EDGE('',*,*,#2609,.F.);
#3270=ORIENTED_EDGE('',*,*,#2610,.T.);
#3271=ORIENTED_EDGE('',*,*,#2609,.T.);
#3272=ORIENTED_EDGE('',*,*,#2611,.F.);
#3273=ORIENTED_EDGE('',*,*,#2612,.F.);
#3274=ORIENTED_EDGE('',*,*,#2613,.T.);
#3275=ORIENTED_EDGE('',*,*,#2612,.T.);
#3276=ORIENTED_EDGE('',*,*,#2614,.F.);
#3277=ORIENTED_EDGE('',*,*,#2604,.F.);
#3278=ORIENTED_EDGE('',*,*,#2615,.T.);
#3279=ORIENTED_EDGE('',*,*,#2616,.T.);
#3280=ORIENTED_EDGE('',*,*,#2617,.F.);
#3281=ORIENTED_EDGE('',*,*,#2618,.F.);
#3282=ORIENTED_EDGE('',*,*,#2619,.T.);
#3283=ORIENTED_EDGE('',*,*,#2618,.T.);
#3284=ORIENTED_EDGE('',*,*,#2620,.F.);
#3285=ORIENTED_EDGE('',*,*,#2621,.F.);
#3286=ORIENTED_EDGE('',*,*,#2622,.T.);
#3287=ORIENTED_EDGE('',*,*,#2621,.T.);
#3288=ORIENTED_EDGE('',*,*,#2623,.F.);
#3289=ORIENTED_EDGE('',*,*,#2624,.F.);
#3290=ORIENTED_EDGE('',*,*,#2625,.T.);
#3291=ORIENTED_EDGE('',*,*,#2624,.T.);
#3292=ORIENTED_EDGE('',*,*,#2626,.F.);
#3293=ORIENTED_EDGE('',*,*,#2616,.F.);
#3294=ORIENTED_EDGE('',*,*,#2627,.T.);
#3295=ORIENTED_EDGE('',*,*,#2628,.T.);
#3296=ORIENTED_EDGE('',*,*,#2629,.F.);
#3297=ORIENTED_EDGE('',*,*,#2630,.F.);
#3298=ORIENTED_EDGE('',*,*,#2631,.T.);
#3299=ORIENTED_EDGE('',*,*,#2630,.T.);
#3300=ORIENTED_EDGE('',*,*,#2632,.F.);
#3301=ORIENTED_EDGE('',*,*,#2633,.F.);
#3302=ORIENTED_EDGE('',*,*,#2634,.T.);
#3303=ORIENTED_EDGE('',*,*,#2633,.T.);
#3304=ORIENTED_EDGE('',*,*,#2635,.F.);
#3305=ORIENTED_EDGE('',*,*,#2636,.F.);
#3306=ORIENTED_EDGE('',*,*,#2637,.T.);
#3307=ORIENTED_EDGE('',*,*,#2636,.T.);
#3308=ORIENTED_EDGE('',*,*,#2638,.F.);
#3309=ORIENTED_EDGE('',*,*,#2628,.F.);
#3310=ORIENTED_EDGE('',*,*,#2639,.T.);
#3311=ORIENTED_EDGE('',*,*,#2640,.T.);
#3312=ORIENTED_EDGE('',*,*,#2641,.F.);
#3313=ORIENTED_EDGE('',*,*,#2642,.F.);
#3314=ORIENTED_EDGE('',*,*,#2643,.T.);
#3315=ORIENTED_EDGE('',*,*,#2642,.T.);
#3316=ORIENTED_EDGE('',*,*,#2644,.F.);
#3317=ORIENTED_EDGE('',*,*,#2645,.F.);
#3318=ORIENTED_EDGE('',*,*,#2646,.T.);
#3319=ORIENTED_EDGE('',*,*,#2645,.T.);
#3320=ORIENTED_EDGE('',*,*,#2647,.F.);
#3321=ORIENTED_EDGE('',*,*,#2648,.F.);
#3322=ORIENTED_EDGE('',*,*,#2649,.T.);
#3323=ORIENTED_EDGE('',*,*,#2648,.T.);
#3324=ORIENTED_EDGE('',*,*,#2650,.F.);
#3325=ORIENTED_EDGE('',*,*,#2640,.F.);
#3326=ORIENTED_EDGE('',*,*,#2651,.T.);
#3327=ORIENTED_EDGE('',*,*,#2652,.T.);
#3328=ORIENTED_EDGE('',*,*,#2653,.F.);
#3329=ORIENTED_EDGE('',*,*,#2654,.F.);
#3330=ORIENTED_EDGE('',*,*,#2655,.T.);
#3331=ORIENTED_EDGE('',*,*,#2654,.T.);
#3332=ORIENTED_EDGE('',*,*,#2656,.F.);
#3333=ORIENTED_EDGE('',*,*,#2657,.F.);
#3334=ORIENTED_EDGE('',*,*,#2658,.T.);
#3335=ORIENTED_EDGE('',*,*,#2657,.T.);
#3336=ORIENTED_EDGE('',*,*,#2659,.F.);
#3337=ORIENTED_EDGE('',*,*,#2660,.F.);
#3338=ORIENTED_EDGE('',*,*,#2661,.T.);
#3339=ORIENTED_EDGE('',*,*,#2660,.T.);
#3340=ORIENTED_EDGE('',*,*,#2662,.F.);
#3341=ORIENTED_EDGE('',*,*,#2652,.F.);
#3342=ORIENTED_EDGE('',*,*,#2663,.F.);
#3343=ORIENTED_EDGE('',*,*,#2664,.T.);
#3344=ORIENTED_EDGE('',*,*,#2665,.T.);
#3345=ORIENTED_EDGE('',*,*,#2664,.F.);
#3346=ORIENTED_EDGE('',*,*,#2666,.F.);
#3347=ORIENTED_EDGE('',*,*,#2667,.T.);
#3348=ORIENTED_EDGE('',*,*,#2668,.T.);
#3349=ORIENTED_EDGE('',*,*,#2667,.F.);
#3350=ORIENTED_EDGE('',*,*,#2669,.F.);
#3351=ORIENTED_EDGE('',*,*,#2670,.T.);
#3352=ORIENTED_EDGE('',*,*,#2671,.T.);
#3353=ORIENTED_EDGE('',*,*,#2670,.F.);
#3354=ORIENTED_EDGE('',*,*,#2672,.F.);
#3355=ORIENTED_EDGE('',*,*,#2673,.T.);
#3356=ORIENTED_EDGE('',*,*,#2674,.T.);
#3357=ORIENTED_EDGE('',*,*,#2673,.F.);
#3358=ORIENTED_EDGE('',*,*,#2675,.F.);
#3359=ORIENTED_EDGE('',*,*,#2676,.T.);
#3360=ORIENTED_EDGE('',*,*,#2677,.T.);
#3361=ORIENTED_EDGE('',*,*,#2676,.F.);
#3362=ORIENTED_EDGE('',*,*,#2678,.F.);
#3363=ORIENTED_EDGE('',*,*,#2679,.T.);
#3364=ORIENTED_EDGE('',*,*,#2680,.T.);
#3365=ORIENTED_EDGE('',*,*,#2679,.F.);
#3366=ORIENTED_EDGE('',*,*,#2681,.F.);
#3367=ORIENTED_EDGE('',*,*,#2682,.T.);
#3368=ORIENTED_EDGE('',*,*,#2683,.T.);
#3369=ORIENTED_EDGE('',*,*,#2682,.F.);
#3370=ORIENTED_EDGE('',*,*,#2684,.T.);
#3371=ORIENTED_EDGE('',*,*,#2685,.T.);
#3372=ORIENTED_EDGE('',*,*,#2686,.F.);
#3373=ORIENTED_EDGE('',*,*,#2687,.F.);
#3374=ORIENTED_EDGE('',*,*,#2688,.T.);
#3375=ORIENTED_EDGE('',*,*,#2687,.T.);
#3376=ORIENTED_EDGE('',*,*,#2689,.F.);
#3377=ORIENTED_EDGE('',*,*,#2690,.F.);
#3378=ORIENTED_EDGE('',*,*,#2691,.T.);
#3379=ORIENTED_EDGE('',*,*,#2690,.T.);
#3380=ORIENTED_EDGE('',*,*,#2692,.F.);
#3381=ORIENTED_EDGE('',*,*,#2693,.F.);
#3382=ORIENTED_EDGE('',*,*,#2694,.T.);
#3383=ORIENTED_EDGE('',*,*,#2693,.T.);
#3384=ORIENTED_EDGE('',*,*,#2695,.F.);
#3385=ORIENTED_EDGE('',*,*,#2685,.F.);
#3386=ORIENTED_EDGE('',*,*,#2696,.F.);
#3387=ORIENTED_EDGE('',*,*,#2697,.T.);
#3388=ORIENTED_EDGE('',*,*,#2698,.T.);
#3389=ORIENTED_EDGE('',*,*,#2697,.F.);
#3390=ORIENTED_EDGE('',*,*,#2699,.F.);
#3391=ORIENTED_EDGE('',*,*,#2700,.T.);
#3392=ORIENTED_EDGE('',*,*,#2701,.T.);
#3393=ORIENTED_EDGE('',*,*,#2700,.F.);
#3394=ORIENTED_EDGE('',*,*,#2702,.F.);
#3395=ORIENTED_EDGE('',*,*,#2703,.T.);
#3396=ORIENTED_EDGE('',*,*,#2704,.T.);
#3397=ORIENTED_EDGE('',*,*,#2703,.F.);
#3398=ORIENTED_EDGE('',*,*,#2705,.F.);
#3399=ORIENTED_EDGE('',*,*,#2706,.T.);
#3400=ORIENTED_EDGE('',*,*,#2707,.T.);
#3401=ORIENTED_EDGE('',*,*,#2706,.F.);
#3402=ORIENTED_EDGE('',*,*,#2708,.F.);
#3403=ORIENTED_EDGE('',*,*,#2709,.T.);
#3404=ORIENTED_EDGE('',*,*,#2710,.T.);
#3405=ORIENTED_EDGE('',*,*,#2709,.F.);
#3406=ORIENTED_EDGE('',*,*,#2711,.F.);
#3407=ORIENTED_EDGE('',*,*,#2712,.T.);
#3408=ORIENTED_EDGE('',*,*,#2713,.T.);
#3409=ORIENTED_EDGE('',*,*,#2712,.F.);
#3410=ORIENTED_EDGE('',*,*,#2714,.F.);
#3411=ORIENTED_EDGE('',*,*,#2715,.T.);
#3412=ORIENTED_EDGE('',*,*,#2716,.T.);
#3413=ORIENTED_EDGE('',*,*,#2715,.F.);
#3414=ORIENTED_EDGE('',*,*,#2717,.F.);
#3415=ORIENTED_EDGE('',*,*,#2718,.T.);
#3416=ORIENTED_EDGE('',*,*,#2719,.T.);
#3417=ORIENTED_EDGE('',*,*,#2718,.F.);
#3418=ORIENTED_EDGE('',*,*,#2720,.F.);
#3419=ORIENTED_EDGE('',*,*,#2721,.T.);
#3420=ORIENTED_EDGE('',*,*,#2722,.T.);
#3421=ORIENTED_EDGE('',*,*,#2721,.F.);
#3422=ORIENTED_EDGE('',*,*,#2723,.T.);
#3423=ORIENTED_EDGE('',*,*,#2724,.T.);
#3424=ORIENTED_EDGE('',*,*,#2725,.F.);
#3425=ORIENTED_EDGE('',*,*,#2726,.F.);
#3426=ORIENTED_EDGE('',*,*,#2727,.T.);
#3427=ORIENTED_EDGE('',*,*,#2726,.T.);
#3428=ORIENTED_EDGE('',*,*,#2728,.F.);
#3429=ORIENTED_EDGE('',*,*,#2729,.F.);
#3430=ORIENTED_EDGE('',*,*,#2730,.T.);
#3431=ORIENTED_EDGE('',*,*,#2729,.T.);
#3432=ORIENTED_EDGE('',*,*,#2731,.F.);
#3433=ORIENTED_EDGE('',*,*,#2732,.F.);
#3434=ORIENTED_EDGE('',*,*,#2733,.T.);
#3435=ORIENTED_EDGE('',*,*,#2732,.T.);
#3436=ORIENTED_EDGE('',*,*,#2734,.F.);
#3437=ORIENTED_EDGE('',*,*,#2724,.F.);
#3438=ORIENTED_EDGE('',*,*,#2735,.F.);
#3439=ORIENTED_EDGE('',*,*,#2736,.T.);
#3440=ORIENTED_EDGE('',*,*,#2737,.T.);
#3441=ORIENTED_EDGE('',*,*,#2736,.F.);
#3442=ORIENTED_EDGE('',*,*,#2738,.F.);
#3443=ORIENTED_EDGE('',*,*,#2739,.T.);
#3444=ORIENTED_EDGE('',*,*,#2740,.T.);
#3445=ORIENTED_EDGE('',*,*,#2739,.F.);
#3446=ORIENTED_EDGE('',*,*,#2741,.F.);
#3447=ORIENTED_EDGE('',*,*,#2742,.T.);
#3448=ORIENTED_EDGE('',*,*,#2743,.T.);
#3449=ORIENTED_EDGE('',*,*,#2742,.F.);
#3450=ORIENTED_EDGE('',*,*,#2744,.F.);
#3451=ORIENTED_EDGE('',*,*,#2745,.T.);
#3452=ORIENTED_EDGE('',*,*,#2746,.T.);
#3453=ORIENTED_EDGE('',*,*,#2745,.F.);
#3454=ORIENTED_EDGE('',*,*,#2747,.F.);
#3455=ORIENTED_EDGE('',*,*,#2748,.T.);
#3456=ORIENTED_EDGE('',*,*,#2749,.T.);
#3457=ORIENTED_EDGE('',*,*,#2748,.F.);
#3458=ORIENTED_EDGE('',*,*,#2750,.F.);
#3459=ORIENTED_EDGE('',*,*,#2751,.T.);
#3460=ORIENTED_EDGE('',*,*,#2752,.T.);
#3461=ORIENTED_EDGE('',*,*,#2751,.F.);
#3462=ORIENTED_EDGE('',*,*,#2753,.F.);
#3463=ORIENTED_EDGE('',*,*,#2754,.T.);
#3464=ORIENTED_EDGE('',*,*,#2755,.T.);
#3465=ORIENTED_EDGE('',*,*,#2754,.F.);
#3466=ORIENTED_EDGE('',*,*,#2756,.F.);
#3467=ORIENTED_EDGE('',*,*,#2757,.T.);
#3468=ORIENTED_EDGE('',*,*,#2758,.T.);
#3469=ORIENTED_EDGE('',*,*,#2757,.F.);
#3470=ORIENTED_EDGE('',*,*,#2759,.F.);
#3471=ORIENTED_EDGE('',*,*,#2760,.T.);
#3472=ORIENTED_EDGE('',*,*,#2761,.T.);
#3473=ORIENTED_EDGE('',*,*,#2760,.F.);
#3474=ORIENTED_EDGE('',*,*,#2762,.F.);
#3475=ORIENTED_EDGE('',*,*,#2763,.T.);
#3476=ORIENTED_EDGE('',*,*,#2764,.T.);
#3477=ORIENTED_EDGE('',*,*,#2763,.F.);
#3478=ORIENTED_EDGE('',*,*,#2765,.F.);
#3479=ORIENTED_EDGE('',*,*,#2766,.T.);
#3480=ORIENTED_EDGE('',*,*,#2767,.T.);
#3481=ORIENTED_EDGE('',*,*,#2766,.F.);
#3482=ORIENTED_EDGE('',*,*,#2768,.F.);
#3483=ORIENTED_EDGE('',*,*,#2769,.T.);
#3484=ORIENTED_EDGE('',*,*,#2770,.T.);
#3485=ORIENTED_EDGE('',*,*,#2769,.F.);
#3486=ORIENTED_EDGE('',*,*,#2771,.F.);
#3487=ORIENTED_EDGE('',*,*,#2772,.T.);
#3488=ORIENTED_EDGE('',*,*,#2773,.T.);
#3489=ORIENTED_EDGE('',*,*,#2772,.F.);
#3490=ORIENTED_EDGE('',*,*,#2774,.F.);
#3491=ORIENTED_EDGE('',*,*,#2775,.T.);
#3492=ORIENTED_EDGE('',*,*,#2776,.T.);
#3493=ORIENTED_EDGE('',*,*,#2775,.F.);
#3494=ORIENTED_EDGE('',*,*,#2777,.T.);
#3495=ORIENTED_EDGE('',*,*,#2778,.T.);
#3496=ORIENTED_EDGE('',*,*,#2779,.F.);
#3497=ORIENTED_EDGE('',*,*,#2780,.F.);
#3498=ORIENTED_EDGE('',*,*,#2781,.T.);
#3499=ORIENTED_EDGE('',*,*,#2780,.T.);
#3500=ORIENTED_EDGE('',*,*,#2782,.F.);
#3501=ORIENTED_EDGE('',*,*,#2783,.F.);
#3502=ORIENTED_EDGE('',*,*,#2784,.T.);
#3503=ORIENTED_EDGE('',*,*,#2783,.T.);
#3504=ORIENTED_EDGE('',*,*,#2785,.F.);
#3505=ORIENTED_EDGE('',*,*,#2786,.F.);
#3506=ORIENTED_EDGE('',*,*,#2787,.T.);
#3507=ORIENTED_EDGE('',*,*,#2786,.T.);
#3508=ORIENTED_EDGE('',*,*,#2788,.F.);
#3509=ORIENTED_EDGE('',*,*,#2778,.F.);
#3510=ORIENTED_EDGE('',*,*,#2789,.F.);
#3511=ORIENTED_EDGE('',*,*,#2790,.T.);
#3512=ORIENTED_EDGE('',*,*,#2791,.T.);
#3513=ORIENTED_EDGE('',*,*,#2790,.F.);
#3514=ORIENTED_EDGE('',*,*,#2792,.F.);
#3515=ORIENTED_EDGE('',*,*,#2793,.T.);
#3516=ORIENTED_EDGE('',*,*,#2794,.T.);
#3517=ORIENTED_EDGE('',*,*,#2793,.F.);
#3518=ORIENTED_EDGE('',*,*,#2795,.F.);
#3519=ORIENTED_EDGE('',*,*,#2796,.T.);
#3520=ORIENTED_EDGE('',*,*,#2797,.T.);
#3521=ORIENTED_EDGE('',*,*,#2796,.F.);
#3522=ORIENTED_EDGE('',*,*,#2798,.F.);
#3523=ORIENTED_EDGE('',*,*,#2799,.T.);
#3524=ORIENTED_EDGE('',*,*,#2800,.T.);
#3525=ORIENTED_EDGE('',*,*,#2799,.F.);
#3526=ORIENTED_EDGE('',*,*,#2801,.F.);
#3527=ORIENTED_EDGE('',*,*,#2802,.T.);
#3528=ORIENTED_EDGE('',*,*,#2803,.T.);
#3529=ORIENTED_EDGE('',*,*,#2802,.F.);
#3530=ORIENTED_EDGE('',*,*,#2804,.T.);
#3531=ORIENTED_EDGE('',*,*,#2805,.T.);
#3532=ORIENTED_EDGE('',*,*,#2806,.F.);
#3533=ORIENTED_EDGE('',*,*,#2807,.F.);
#3534=ORIENTED_EDGE('',*,*,#2808,.T.);
#3535=ORIENTED_EDGE('',*,*,#2807,.T.);
#3536=ORIENTED_EDGE('',*,*,#2809,.F.);
#3537=ORIENTED_EDGE('',*,*,#2810,.F.);
#3538=ORIENTED_EDGE('',*,*,#2811,.T.);
#3539=ORIENTED_EDGE('',*,*,#2810,.T.);
#3540=ORIENTED_EDGE('',*,*,#2812,.F.);
#3541=ORIENTED_EDGE('',*,*,#2813,.F.);
#3542=ORIENTED_EDGE('',*,*,#2814,.T.);
#3543=ORIENTED_EDGE('',*,*,#2813,.T.);
#3544=ORIENTED_EDGE('',*,*,#2815,.F.);
#3545=ORIENTED_EDGE('',*,*,#2805,.F.);
#3546=ORIENTED_EDGE('',*,*,#2816,.F.);
#3547=ORIENTED_EDGE('',*,*,#2817,.T.);
#3548=ORIENTED_EDGE('',*,*,#2818,.T.);
#3549=ORIENTED_EDGE('',*,*,#2817,.F.);
#3550=ORIENTED_EDGE('',*,*,#2819,.F.);
#3551=ORIENTED_EDGE('',*,*,#2820,.T.);
#3552=ORIENTED_EDGE('',*,*,#2821,.T.);
#3553=ORIENTED_EDGE('',*,*,#2820,.F.);
#3554=ORIENTED_EDGE('',*,*,#2822,.F.);
#3555=ORIENTED_EDGE('',*,*,#2823,.T.);
#3556=ORIENTED_EDGE('',*,*,#2824,.T.);
#3557=ORIENTED_EDGE('',*,*,#2823,.F.);
#3558=ORIENTED_EDGE('',*,*,#2825,.F.);
#3559=ORIENTED_EDGE('',*,*,#2826,.T.);
#3560=ORIENTED_EDGE('',*,*,#2827,.T.);
#3561=ORIENTED_EDGE('',*,*,#2826,.F.);
#3562=ORIENTED_EDGE('',*,*,#2828,.F.);
#3563=ORIENTED_EDGE('',*,*,#2829,.T.);
#3564=ORIENTED_EDGE('',*,*,#2830,.T.);
#3565=ORIENTED_EDGE('',*,*,#2829,.F.);
#3566=ORIENTED_EDGE('',*,*,#2831,.F.);
#3567=ORIENTED_EDGE('',*,*,#2832,.T.);
#3568=ORIENTED_EDGE('',*,*,#2833,.T.);
#3569=ORIENTED_EDGE('',*,*,#2832,.F.);
#3570=ORIENTED_EDGE('',*,*,#2834,.F.);
#3571=ORIENTED_EDGE('',*,*,#2835,.T.);
#3572=ORIENTED_EDGE('',*,*,#2836,.T.);
#3573=ORIENTED_EDGE('',*,*,#2835,.F.);
#3574=ORIENTED_EDGE('',*,*,#2837,.F.);
#3575=ORIENTED_EDGE('',*,*,#2838,.T.);
#3576=ORIENTED_EDGE('',*,*,#2839,.T.);
#3577=ORIENTED_EDGE('',*,*,#2838,.F.);
#3578=ORIENTED_EDGE('',*,*,#2840,.T.);
#3579=ORIENTED_EDGE('',*,*,#2841,.T.);
#3580=ORIENTED_EDGE('',*,*,#2842,.F.);
#3581=ORIENTED_EDGE('',*,*,#2843,.F.);
#3582=ORIENTED_EDGE('',*,*,#2844,.T.);
#3583=ORIENTED_EDGE('',*,*,#2843,.T.);
#3584=ORIENTED_EDGE('',*,*,#2845,.F.);
#3585=ORIENTED_EDGE('',*,*,#2846,.F.);
#3586=ORIENTED_EDGE('',*,*,#2847,.T.);
#3587=ORIENTED_EDGE('',*,*,#2846,.T.);
#3588=ORIENTED_EDGE('',*,*,#2848,.F.);
#3589=ORIENTED_EDGE('',*,*,#2849,.F.);
#3590=ORIENTED_EDGE('',*,*,#2850,.T.);
#3591=ORIENTED_EDGE('',*,*,#2849,.T.);
#3592=ORIENTED_EDGE('',*,*,#2851,.F.);
#3593=ORIENTED_EDGE('',*,*,#2841,.F.);
#3594=ORIENTED_EDGE('',*,*,#2852,.T.);
#3595=ORIENTED_EDGE('',*,*,#2853,.T.);
#3596=ORIENTED_EDGE('',*,*,#2854,.F.);
#3597=ORIENTED_EDGE('',*,*,#2855,.F.);
#3598=ORIENTED_EDGE('',*,*,#2856,.T.);
#3599=ORIENTED_EDGE('',*,*,#2855,.T.);
#3600=ORIENTED_EDGE('',*,*,#2857,.F.);
#3601=ORIENTED_EDGE('',*,*,#2858,.F.);
#3602=ORIENTED_EDGE('',*,*,#2859,.T.);
#3603=ORIENTED_EDGE('',*,*,#2858,.T.);
#3604=ORIENTED_EDGE('',*,*,#2860,.F.);
#3605=ORIENTED_EDGE('',*,*,#2861,.F.);
#3606=ORIENTED_EDGE('',*,*,#2862,.T.);
#3607=ORIENTED_EDGE('',*,*,#2861,.T.);
#3608=ORIENTED_EDGE('',*,*,#2863,.F.);
#3609=ORIENTED_EDGE('',*,*,#2853,.F.);
#3610=ORIENTED_EDGE('',*,*,#2864,.F.);
#3611=ORIENTED_EDGE('',*,*,#2865,.T.);
#3612=ORIENTED_EDGE('',*,*,#2866,.T.);
#3613=ORIENTED_EDGE('',*,*,#2865,.F.);
#3614=ORIENTED_EDGE('',*,*,#2867,.F.);
#3615=ORIENTED_EDGE('',*,*,#2868,.T.);
#3616=ORIENTED_EDGE('',*,*,#2869,.T.);
#3617=ORIENTED_EDGE('',*,*,#2868,.F.);
#3618=ORIENTED_EDGE('',*,*,#2870,.T.);
#3619=ORIENTED_EDGE('',*,*,#2871,.T.);
#3620=ORIENTED_EDGE('',*,*,#2872,.F.);
#3621=ORIENTED_EDGE('',*,*,#2873,.F.);
#3622=ORIENTED_EDGE('',*,*,#2874,.T.);
#3623=ORIENTED_EDGE('',*,*,#2873,.T.);
#3624=ORIENTED_EDGE('',*,*,#2875,.F.);
#3625=ORIENTED_EDGE('',*,*,#2876,.F.);
#3626=ORIENTED_EDGE('',*,*,#2877,.T.);
#3627=ORIENTED_EDGE('',*,*,#2876,.T.);
#3628=ORIENTED_EDGE('',*,*,#2878,.F.);
#3629=ORIENTED_EDGE('',*,*,#2879,.F.);
#3630=ORIENTED_EDGE('',*,*,#2880,.T.);
#3631=ORIENTED_EDGE('',*,*,#2879,.T.);
#3632=ORIENTED_EDGE('',*,*,#2881,.F.);
#3633=ORIENTED_EDGE('',*,*,#2871,.F.);
#3634=ORIENTED_EDGE('',*,*,#2882,.F.);
#3635=ORIENTED_EDGE('',*,*,#2883,.T.);
#3636=ORIENTED_EDGE('',*,*,#2884,.T.);
#3637=ORIENTED_EDGE('',*,*,#2883,.F.);
#3638=ORIENTED_EDGE('',*,*,#2885,.F.);
#3639=ORIENTED_EDGE('',*,*,#2886,.T.);
#3640=ORIENTED_EDGE('',*,*,#2887,.T.);
#3641=ORIENTED_EDGE('',*,*,#2886,.F.);
#3642=ORIENTED_EDGE('',*,*,#2888,.F.);
#3643=ORIENTED_EDGE('',*,*,#2889,.T.);
#3644=ORIENTED_EDGE('',*,*,#2890,.T.);
#3645=ORIENTED_EDGE('',*,*,#2889,.F.);
#3646=ORIENTED_EDGE('',*,*,#2891,.F.);
#3647=ORIENTED_EDGE('',*,*,#2892,.T.);
#3648=ORIENTED_EDGE('',*,*,#2893,.T.);
#3649=ORIENTED_EDGE('',*,*,#2892,.F.);
#3650=ORIENTED_EDGE('',*,*,#2894,.F.);
#3651=ORIENTED_EDGE('',*,*,#2895,.T.);
#3652=ORIENTED_EDGE('',*,*,#2896,.T.);
#3653=ORIENTED_EDGE('',*,*,#2895,.F.);
#3654=ORIENTED_EDGE('',*,*,#2897,.F.);
#3655=ORIENTED_EDGE('',*,*,#2898,.T.);
#3656=ORIENTED_EDGE('',*,*,#2899,.T.);
#3657=ORIENTED_EDGE('',*,*,#2898,.F.);
#3658=ORIENTED_EDGE('',*,*,#2900,.F.);
#3659=ORIENTED_EDGE('',*,*,#2901,.T.);
#3660=ORIENTED_EDGE('',*,*,#2902,.T.);
#3661=ORIENTED_EDGE('',*,*,#2901,.F.);
#3662=ORIENTED_EDGE('',*,*,#2903,.F.);
#3663=ORIENTED_EDGE('',*,*,#2904,.T.);
#3664=ORIENTED_EDGE('',*,*,#2905,.T.);
#3665=ORIENTED_EDGE('',*,*,#2904,.F.);
#3666=ORIENTED_EDGE('',*,*,#2906,.F.);
#3667=ORIENTED_EDGE('',*,*,#2907,.T.);
#3668=ORIENTED_EDGE('',*,*,#2908,.T.);
#3669=ORIENTED_EDGE('',*,*,#2907,.F.);
#3670=ORIENTED_EDGE('',*,*,#2909,.F.);
#3671=ORIENTED_EDGE('',*,*,#2910,.T.);
#3672=ORIENTED_EDGE('',*,*,#2911,.T.);
#3673=ORIENTED_EDGE('',*,*,#2910,.F.);
#3674=ORIENTED_EDGE('',*,*,#2912,.F.);
#3675=ORIENTED_EDGE('',*,*,#2913,.T.);
#3676=ORIENTED_EDGE('',*,*,#2914,.T.);
#3677=ORIENTED_EDGE('',*,*,#2913,.F.);
#3678=ORIENTED_EDGE('',*,*,#2915,.F.);
#3679=ORIENTED_EDGE('',*,*,#2916,.T.);
#3680=ORIENTED_EDGE('',*,*,#2917,.T.);
#3681=ORIENTED_EDGE('',*,*,#2916,.F.);
#3682=ORIENTED_EDGE('',*,*,#2918,.F.);
#3683=ORIENTED_EDGE('',*,*,#2919,.T.);
#3684=ORIENTED_EDGE('',*,*,#2920,.T.);
#3685=ORIENTED_EDGE('',*,*,#2919,.F.);
#3686=ORIENTED_EDGE('',*,*,#2921,.F.);
#3687=ORIENTED_EDGE('',*,*,#2922,.T.);
#3688=ORIENTED_EDGE('',*,*,#2923,.T.);
#3689=ORIENTED_EDGE('',*,*,#2922,.F.);
#3690=ORIENTED_EDGE('',*,*,#2924,.F.);
#3691=ORIENTED_EDGE('',*,*,#2925,.T.);
#3692=ORIENTED_EDGE('',*,*,#2926,.T.);
#3693=ORIENTED_EDGE('',*,*,#2925,.F.);
#3694=ORIENTED_EDGE('',*,*,#2927,.F.);
#3695=ORIENTED_EDGE('',*,*,#2928,.T.);
#3696=ORIENTED_EDGE('',*,*,#2929,.T.);
#3697=ORIENTED_EDGE('',*,*,#2928,.F.);
#3698=ORIENTED_EDGE('',*,*,#2930,.F.);
#3699=ORIENTED_EDGE('',*,*,#2931,.T.);
#3700=ORIENTED_EDGE('',*,*,#2932,.T.);
#3701=ORIENTED_EDGE('',*,*,#2931,.F.);
#3702=ORIENTED_EDGE('',*,*,#2933,.F.);
#3703=ORIENTED_EDGE('',*,*,#2934,.T.);
#3704=ORIENTED_EDGE('',*,*,#2935,.T.);
#3705=ORIENTED_EDGE('',*,*,#2934,.F.);
#3706=ORIENTED_EDGE('',*,*,#2936,.T.);
#3707=ORIENTED_EDGE('',*,*,#2937,.T.);
#3708=ORIENTED_EDGE('',*,*,#2938,.F.);
#3709=ORIENTED_EDGE('',*,*,#2939,.F.);
#3710=ORIENTED_EDGE('',*,*,#2940,.T.);
#3711=ORIENTED_EDGE('',*,*,#2939,.T.);
#3712=ORIENTED_EDGE('',*,*,#2941,.F.);
#3713=ORIENTED_EDGE('',*,*,#2942,.F.);
#3714=ORIENTED_EDGE('',*,*,#2943,.T.);
#3715=ORIENTED_EDGE('',*,*,#2942,.T.);
#3716=ORIENTED_EDGE('',*,*,#2944,.F.);
#3717=ORIENTED_EDGE('',*,*,#2945,.F.);
#3718=ORIENTED_EDGE('',*,*,#2946,.T.);
#3719=ORIENTED_EDGE('',*,*,#2945,.T.);
#3720=ORIENTED_EDGE('',*,*,#2947,.F.);
#3721=ORIENTED_EDGE('',*,*,#2937,.F.);
#3722=ORIENTED_EDGE('',*,*,#2948,.F.);
#3723=ORIENTED_EDGE('',*,*,#2949,.T.);
#3724=ORIENTED_EDGE('',*,*,#2950,.T.);
#3725=ORIENTED_EDGE('',*,*,#2949,.F.);
#3726=ORIENTED_EDGE('',*,*,#2951,.F.);
#3727=ORIENTED_EDGE('',*,*,#2952,.T.);
#3728=ORIENTED_EDGE('',*,*,#2953,.T.);
#3729=ORIENTED_EDGE('',*,*,#2952,.F.);
#3730=ORIENTED_EDGE('',*,*,#2954,.F.);
#3731=ORIENTED_EDGE('',*,*,#2955,.T.);
#3732=ORIENTED_EDGE('',*,*,#2956,.T.);
#3733=ORIENTED_EDGE('',*,*,#2955,.F.);
#3734=ORIENTED_EDGE('',*,*,#2957,.F.);
#3735=ORIENTED_EDGE('',*,*,#2958,.T.);
#3736=ORIENTED_EDGE('',*,*,#2959,.T.);
#3737=ORIENTED_EDGE('',*,*,#2958,.F.);
#3738=ORIENTED_EDGE('',*,*,#2960,.F.);
#3739=ORIENTED_EDGE('',*,*,#2961,.T.);
#3740=ORIENTED_EDGE('',*,*,#2962,.T.);
#3741=ORIENTED_EDGE('',*,*,#2961,.F.);
#3742=ORIENTED_EDGE('',*,*,#2963,.F.);
#3743=ORIENTED_EDGE('',*,*,#2964,.T.);
#3744=ORIENTED_EDGE('',*,*,#2965,.T.);
#3745=ORIENTED_EDGE('',*,*,#2964,.F.);
#3746=ORIENTED_EDGE('',*,*,#2966,.F.);
#3747=ORIENTED_EDGE('',*,*,#2967,.T.);
#3748=ORIENTED_EDGE('',*,*,#2968,.T.);
#3749=ORIENTED_EDGE('',*,*,#2967,.F.);
#3750=ORIENTED_EDGE('',*,*,#2969,.F.);
#3751=ORIENTED_EDGE('',*,*,#2970,.T.);
#3752=ORIENTED_EDGE('',*,*,#2971,.T.);
#3753=ORIENTED_EDGE('',*,*,#2970,.F.);
#3754=ORIENTED_EDGE('',*,*,#2972,.F.);
#3755=ORIENTED_EDGE('',*,*,#2973,.T.);
#3756=ORIENTED_EDGE('',*,*,#2974,.T.);
#3757=ORIENTED_EDGE('',*,*,#2973,.F.);
#3758=ORIENTED_EDGE('',*,*,#2975,.F.);
#3759=ORIENTED_EDGE('',*,*,#2976,.T.);
#3760=ORIENTED_EDGE('',*,*,#2977,.T.);
#3761=ORIENTED_EDGE('',*,*,#2976,.F.);
#3762=ORIENTED_EDGE('',*,*,#2978,.F.);
#3763=ORIENTED_EDGE('',*,*,#2979,.T.);
#3764=ORIENTED_EDGE('',*,*,#2980,.T.);
#3765=ORIENTED_EDGE('',*,*,#2979,.F.);
#3766=ORIENTED_EDGE('',*,*,#2981,.F.);
#3767=ORIENTED_EDGE('',*,*,#2982,.T.);
#3768=ORIENTED_EDGE('',*,*,#2983,.T.);
#3769=ORIENTED_EDGE('',*,*,#2982,.F.);
#3770=ORIENTED_EDGE('',*,*,#2984,.F.);
#3771=ORIENTED_EDGE('',*,*,#2985,.T.);
#3772=ORIENTED_EDGE('',*,*,#2986,.T.);
#3773=ORIENTED_EDGE('',*,*,#2985,.F.);
#3774=ORIENTED_EDGE('',*,*,#2987,.F.);
#3775=ORIENTED_EDGE('',*,*,#2988,.T.);
#3776=ORIENTED_EDGE('',*,*,#2989,.T.);
#3777=ORIENTED_EDGE('',*,*,#2988,.F.);
#3778=ORIENTED_EDGE('',*,*,#2990,.F.);
#3779=ORIENTED_EDGE('',*,*,#2991,.T.);
#3780=ORIENTED_EDGE('',*,*,#2992,.T.);
#3781=ORIENTED_EDGE('',*,*,#2991,.F.);
#3782=ORIENTED_EDGE('',*,*,#2993,.F.);
#3783=ORIENTED_EDGE('',*,*,#2994,.T.);
#3784=ORIENTED_EDGE('',*,*,#2995,.T.);
#3785=ORIENTED_EDGE('',*,*,#2994,.F.);
#3786=ORIENTED_EDGE('',*,*,#2996,.F.);
#3787=ORIENTED_EDGE('',*,*,#2997,.T.);
#3788=ORIENTED_EDGE('',*,*,#2998,.T.);
#3789=ORIENTED_EDGE('',*,*,#2997,.F.);
#3790=ORIENTED_EDGE('',*,*,#2999,.T.);
#3791=ORIENTED_EDGE('',*,*,#3000,.T.);
#3792=ORIENTED_EDGE('',*,*,#3001,.F.);
#3793=ORIENTED_EDGE('',*,*,#3002,.F.);
#3794=ORIENTED_EDGE('',*,*,#3003,.T.);
#3795=ORIENTED_EDGE('',*,*,#3002,.T.);
#3796=ORIENTED_EDGE('',*,*,#3004,.F.);
#3797=ORIENTED_EDGE('',*,*,#3005,.F.);
#3798=ORIENTED_EDGE('',*,*,#3006,.T.);
#3799=ORIENTED_EDGE('',*,*,#3005,.T.);
#3800=ORIENTED_EDGE('',*,*,#3007,.F.);
#3801=ORIENTED_EDGE('',*,*,#3008,.F.);
#3802=ORIENTED_EDGE('',*,*,#3009,.T.);
#3803=ORIENTED_EDGE('',*,*,#3008,.T.);
#3804=ORIENTED_EDGE('',*,*,#3010,.F.);
#3805=ORIENTED_EDGE('',*,*,#3000,.F.);
#3806=ORIENTED_EDGE('',*,*,#3011,.F.);
#3807=ORIENTED_EDGE('',*,*,#3012,.T.);
#3808=ORIENTED_EDGE('',*,*,#3013,.T.);
#3809=ORIENTED_EDGE('',*,*,#3012,.F.);
#3810=ORIENTED_EDGE('',*,*,#3014,.F.);
#3811=ORIENTED_EDGE('',*,*,#3015,.T.);
#3812=ORIENTED_EDGE('',*,*,#3016,.T.);
#3813=ORIENTED_EDGE('',*,*,#3015,.F.);
#3814=ORIENTED_EDGE('',*,*,#3017,.F.);
#3815=ORIENTED_EDGE('',*,*,#3018,.T.);
#3816=ORIENTED_EDGE('',*,*,#3019,.T.);
#3817=ORIENTED_EDGE('',*,*,#3018,.F.);
#3818=ORIENTED_EDGE('',*,*,#3020,.F.);
#3819=ORIENTED_EDGE('',*,*,#3021,.T.);
#3820=ORIENTED_EDGE('',*,*,#3022,.T.);
#3821=ORIENTED_EDGE('',*,*,#3021,.F.);
#3822=ORIENTED_EDGE('',*,*,#3023,.F.);
#3823=ORIENTED_EDGE('',*,*,#3024,.T.);
#3824=ORIENTED_EDGE('',*,*,#3025,.T.);
#3825=ORIENTED_EDGE('',*,*,#3024,.F.);
#3826=ORIENTED_EDGE('',*,*,#3026,.F.);
#3827=ORIENTED_EDGE('',*,*,#3027,.T.);
#3828=ORIENTED_EDGE('',*,*,#3028,.T.);
#3829=ORIENTED_EDGE('',*,*,#3027,.F.);
#3830=ORIENTED_EDGE('',*,*,#3029,.F.);
#3831=ORIENTED_EDGE('',*,*,#3030,.T.);
#3832=ORIENTED_EDGE('',*,*,#3031,.T.);
#3833=ORIENTED_EDGE('',*,*,#3030,.F.);
#3834=ORIENTED_EDGE('',*,*,#3032,.F.);
#3835=ORIENTED_EDGE('',*,*,#3033,.T.);
#3836=ORIENTED_EDGE('',*,*,#3034,.T.);
#3837=ORIENTED_EDGE('',*,*,#3033,.F.);
#3838=ORIENTED_EDGE('',*,*,#3035,.F.);
#3839=ORIENTED_EDGE('',*,*,#3036,.T.);
#3840=ORIENTED_EDGE('',*,*,#3037,.T.);
#3841=ORIENTED_EDGE('',*,*,#3036,.F.);
#3842=ORIENTED_EDGE('',*,*,#3038,.F.);
#3843=ORIENTED_EDGE('',*,*,#3039,.T.);
#3844=ORIENTED_EDGE('',*,*,#3040,.T.);
#3845=ORIENTED_EDGE('',*,*,#3039,.F.);
#3846=ORIENTED_EDGE('',*,*,#3041,.F.);
#3847=ORIENTED_EDGE('',*,*,#3042,.T.);
#3848=ORIENTED_EDGE('',*,*,#3043,.T.);
#3849=ORIENTED_EDGE('',*,*,#3042,.F.);
#3850=ORIENTED_EDGE('',*,*,#3044,.F.);
#3851=ORIENTED_EDGE('',*,*,#3045,.T.);
#3852=ORIENTED_EDGE('',*,*,#3046,.T.);
#3853=ORIENTED_EDGE('',*,*,#3045,.F.);
#3854=ORIENTED_EDGE('',*,*,#3047,.F.);
#3855=ORIENTED_EDGE('',*,*,#3048,.T.);
#3856=ORIENTED_EDGE('',*,*,#3049,.T.);
#3857=ORIENTED_EDGE('',*,*,#3048,.F.);
#3858=ORIENTED_EDGE('',*,*,#3050,.F.);
#3859=ORIENTED_EDGE('',*,*,#3051,.T.);
#3860=ORIENTED_EDGE('',*,*,#3052,.F.);
#3861=ORIENTED_EDGE('',*,*,#3053,.F.);
#3862=ORIENTED_EDGE('',*,*,#3054,.F.);
#3863=ORIENTED_EDGE('',*,*,#3053,.T.);
#3864=ORIENTED_EDGE('',*,*,#3055,.F.);
#3865=ORIENTED_EDGE('',*,*,#3056,.F.);
#3866=ORIENTED_EDGE('',*,*,#3057,.F.);
#3867=ORIENTED_EDGE('',*,*,#3056,.T.);
#3868=ORIENTED_EDGE('',*,*,#3058,.F.);
#3869=ORIENTED_EDGE('',*,*,#3059,.F.);
#3870=ORIENTED_EDGE('',*,*,#3060,.F.);
#3871=ORIENTED_EDGE('',*,*,#3059,.T.);
#3872=ORIENTED_EDGE('',*,*,#3061,.F.);
#3873=ORIENTED_EDGE('',*,*,#3051,.F.);
#3874=ORIENTED_EDGE('',*,*,#3061,.T.);
#3875=ORIENTED_EDGE('',*,*,#3058,.T.);
#3876=ORIENTED_EDGE('',*,*,#3055,.T.);
#3877=ORIENTED_EDGE('',*,*,#3052,.T.);
#3878=ORIENTED_EDGE('',*,*,#3047,.T.);
#3879=ORIENTED_EDGE('',*,*,#3044,.T.);
#3880=ORIENTED_EDGE('',*,*,#3041,.T.);
#3881=ORIENTED_EDGE('',*,*,#3038,.T.);
#3882=ORIENTED_EDGE('',*,*,#3035,.T.);
#3883=ORIENTED_EDGE('',*,*,#3032,.T.);
#3884=ORIENTED_EDGE('',*,*,#3029,.T.);
#3885=ORIENTED_EDGE('',*,*,#3026,.T.);
#3886=ORIENTED_EDGE('',*,*,#3023,.T.);
#3887=ORIENTED_EDGE('',*,*,#3020,.T.);
#3888=ORIENTED_EDGE('',*,*,#3017,.T.);
#3889=ORIENTED_EDGE('',*,*,#3014,.T.);
#3890=ORIENTED_EDGE('',*,*,#3011,.T.);
#3891=ORIENTED_EDGE('',*,*,#3010,.T.);
#3892=ORIENTED_EDGE('',*,*,#3007,.T.);
#3893=ORIENTED_EDGE('',*,*,#3004,.T.);
#3894=ORIENTED_EDGE('',*,*,#3001,.T.);
#3895=ORIENTED_EDGE('',*,*,#2996,.T.);
#3896=ORIENTED_EDGE('',*,*,#2993,.T.);
#3897=ORIENTED_EDGE('',*,*,#2990,.T.);
#3898=ORIENTED_EDGE('',*,*,#2987,.T.);
#3899=ORIENTED_EDGE('',*,*,#2984,.T.);
#3900=ORIENTED_EDGE('',*,*,#2981,.T.);
#3901=ORIENTED_EDGE('',*,*,#2978,.T.);
#3902=ORIENTED_EDGE('',*,*,#2975,.T.);
#3903=ORIENTED_EDGE('',*,*,#2972,.T.);
#3904=ORIENTED_EDGE('',*,*,#2969,.T.);
#3905=ORIENTED_EDGE('',*,*,#2966,.T.);
#3906=ORIENTED_EDGE('',*,*,#2963,.T.);
#3907=ORIENTED_EDGE('',*,*,#2960,.T.);
#3908=ORIENTED_EDGE('',*,*,#2957,.T.);
#3909=ORIENTED_EDGE('',*,*,#2954,.T.);
#3910=ORIENTED_EDGE('',*,*,#2951,.T.);
#3911=ORIENTED_EDGE('',*,*,#2948,.T.);
#3912=ORIENTED_EDGE('',*,*,#2947,.T.);
#3913=ORIENTED_EDGE('',*,*,#2944,.T.);
#3914=ORIENTED_EDGE('',*,*,#2941,.T.);
#3915=ORIENTED_EDGE('',*,*,#2938,.T.);
#3916=ORIENTED_EDGE('',*,*,#2933,.T.);
#3917=ORIENTED_EDGE('',*,*,#2930,.T.);
#3918=ORIENTED_EDGE('',*,*,#2927,.T.);
#3919=ORIENTED_EDGE('',*,*,#2924,.T.);
#3920=ORIENTED_EDGE('',*,*,#2921,.T.);
#3921=ORIENTED_EDGE('',*,*,#2918,.T.);
#3922=ORIENTED_EDGE('',*,*,#2915,.T.);
#3923=ORIENTED_EDGE('',*,*,#2912,.T.);
#3924=ORIENTED_EDGE('',*,*,#2909,.T.);
#3925=ORIENTED_EDGE('',*,*,#2906,.T.);
#3926=ORIENTED_EDGE('',*,*,#2903,.T.);
#3927=ORIENTED_EDGE('',*,*,#2900,.T.);
#3928=ORIENTED_EDGE('',*,*,#2897,.T.);
#3929=ORIENTED_EDGE('',*,*,#2894,.T.);
#3930=ORIENTED_EDGE('',*,*,#2891,.T.);
#3931=ORIENTED_EDGE('',*,*,#2888,.T.);
#3932=ORIENTED_EDGE('',*,*,#2885,.T.);
#3933=ORIENTED_EDGE('',*,*,#2882,.T.);
#3934=ORIENTED_EDGE('',*,*,#2881,.T.);
#3935=ORIENTED_EDGE('',*,*,#2878,.T.);
#3936=ORIENTED_EDGE('',*,*,#2875,.T.);
#3937=ORIENTED_EDGE('',*,*,#2872,.T.);
#3938=ORIENTED_EDGE('',*,*,#2867,.T.);
#3939=ORIENTED_EDGE('',*,*,#2864,.T.);
#3940=ORIENTED_EDGE('',*,*,#2863,.T.);
#3941=ORIENTED_EDGE('',*,*,#2860,.T.);
#3942=ORIENTED_EDGE('',*,*,#2857,.T.);
#3943=ORIENTED_EDGE('',*,*,#2854,.T.);
#3944=ORIENTED_EDGE('',*,*,#2851,.T.);
#3945=ORIENTED_EDGE('',*,*,#2848,.T.);
#3946=ORIENTED_EDGE('',*,*,#2845,.T.);
#3947=ORIENTED_EDGE('',*,*,#2842,.T.);
#3948=ORIENTED_EDGE('',*,*,#2837,.T.);
#3949=ORIENTED_EDGE('',*,*,#2834,.T.);
#3950=ORIENTED_EDGE('',*,*,#2831,.T.);
#3951=ORIENTED_EDGE('',*,*,#2828,.T.);
#3952=ORIENTED_EDGE('',*,*,#2825,.T.);
#3953=ORIENTED_EDGE('',*,*,#2822,.T.);
#3954=ORIENTED_EDGE('',*,*,#2819,.T.);
#3955=ORIENTED_EDGE('',*,*,#2816,.T.);
#3956=ORIENTED_EDGE('',*,*,#2815,.T.);
#3957=ORIENTED_EDGE('',*,*,#2812,.T.);
#3958=ORIENTED_EDGE('',*,*,#2809,.T.);
#3959=ORIENTED_EDGE('',*,*,#2806,.T.);
#3960=ORIENTED_EDGE('',*,*,#2801,.T.);
#3961=ORIENTED_EDGE('',*,*,#2798,.T.);
#3962=ORIENTED_EDGE('',*,*,#2795,.T.);
#3963=ORIENTED_EDGE('',*,*,#2792,.T.);
#3964=ORIENTED_EDGE('',*,*,#2789,.T.);
#3965=ORIENTED_EDGE('',*,*,#2788,.T.);
#3966=ORIENTED_EDGE('',*,*,#2785,.T.);
#3967=ORIENTED_EDGE('',*,*,#2782,.T.);
#3968=ORIENTED_EDGE('',*,*,#2779,.T.);
#3969=ORIENTED_EDGE('',*,*,#2774,.T.);
#3970=ORIENTED_EDGE('',*,*,#2771,.T.);
#3971=ORIENTED_EDGE('',*,*,#2768,.T.);
#3972=ORIENTED_EDGE('',*,*,#2765,.T.);
#3973=ORIENTED_EDGE('',*,*,#2762,.T.);
#3974=ORIENTED_EDGE('',*,*,#2759,.T.);
#3975=ORIENTED_EDGE('',*,*,#2756,.T.);
#3976=ORIENTED_EDGE('',*,*,#2753,.T.);
#3977=ORIENTED_EDGE('',*,*,#2750,.T.);
#3978=ORIENTED_EDGE('',*,*,#2747,.T.);
#3979=ORIENTED_EDGE('',*,*,#2744,.T.);
#3980=ORIENTED_EDGE('',*,*,#2741,.T.);
#3981=ORIENTED_EDGE('',*,*,#2738,.T.);
#3982=ORIENTED_EDGE('',*,*,#2735,.T.);
#3983=ORIENTED_EDGE('',*,*,#2734,.T.);
#3984=ORIENTED_EDGE('',*,*,#2731,.T.);
#3985=ORIENTED_EDGE('',*,*,#2728,.T.);
#3986=ORIENTED_EDGE('',*,*,#2725,.T.);
#3987=ORIENTED_EDGE('',*,*,#2720,.T.);
#3988=ORIENTED_EDGE('',*,*,#2717,.T.);
#3989=ORIENTED_EDGE('',*,*,#2714,.T.);
#3990=ORIENTED_EDGE('',*,*,#2711,.T.);
#3991=ORIENTED_EDGE('',*,*,#2708,.T.);
#3992=ORIENTED_EDGE('',*,*,#2705,.T.);
#3993=ORIENTED_EDGE('',*,*,#2702,.T.);
#3994=ORIENTED_EDGE('',*,*,#2699,.T.);
#3995=ORIENTED_EDGE('',*,*,#2696,.T.);
#3996=ORIENTED_EDGE('',*,*,#2695,.T.);
#3997=ORIENTED_EDGE('',*,*,#2692,.T.);
#3998=ORIENTED_EDGE('',*,*,#2689,.T.);
#3999=ORIENTED_EDGE('',*,*,#2686,.T.);
#4000=ORIENTED_EDGE('',*,*,#2681,.T.);
#4001=ORIENTED_EDGE('',*,*,#2678,.T.);
#4002=ORIENTED_EDGE('',*,*,#2675,.T.);
#4003=ORIENTED_EDGE('',*,*,#2672,.T.);
#4004=ORIENTED_EDGE('',*,*,#2669,.T.);
#4005=ORIENTED_EDGE('',*,*,#2666,.T.);
#4006=ORIENTED_EDGE('',*,*,#2663,.T.);
#4007=ORIENTED_EDGE('',*,*,#2662,.T.);
#4008=ORIENTED_EDGE('',*,*,#2659,.T.);
#4009=ORIENTED_EDGE('',*,*,#2656,.T.);
#4010=ORIENTED_EDGE('',*,*,#2653,.T.);
#4011=ORIENTED_EDGE('',*,*,#2650,.T.);
#4012=ORIENTED_EDGE('',*,*,#2647,.T.);
#4013=ORIENTED_EDGE('',*,*,#2644,.T.);
#4014=ORIENTED_EDGE('',*,*,#2641,.T.);
#4015=ORIENTED_EDGE('',*,*,#2638,.T.);
#4016=ORIENTED_EDGE('',*,*,#2635,.T.);
#4017=ORIENTED_EDGE('',*,*,#2632,.T.);
#4018=ORIENTED_EDGE('',*,*,#2629,.T.);
#4019=ORIENTED_EDGE('',*,*,#2626,.T.);
#4020=ORIENTED_EDGE('',*,*,#2623,.T.);
#4021=ORIENTED_EDGE('',*,*,#2620,.T.);
#4022=ORIENTED_EDGE('',*,*,#2617,.T.);
#4023=ORIENTED_EDGE('',*,*,#2614,.T.);
#4024=ORIENTED_EDGE('',*,*,#2611,.T.);
#4025=ORIENTED_EDGE('',*,*,#2608,.T.);
#4026=ORIENTED_EDGE('',*,*,#2605,.T.);
#4027=ORIENTED_EDGE('',*,*,#2600,.T.);
#4028=ORIENTED_EDGE('',*,*,#2597,.T.);
#4029=ORIENTED_EDGE('',*,*,#2594,.T.);
#4030=ORIENTED_EDGE('',*,*,#2591,.T.);
#4031=ORIENTED_EDGE('',*,*,#2588,.T.);
#4032=ORIENTED_EDGE('',*,*,#2585,.T.);
#4033=ORIENTED_EDGE('',*,*,#2582,.T.);
#4034=ORIENTED_EDGE('',*,*,#2579,.T.);
#4035=ORIENTED_EDGE('',*,*,#2576,.T.);
#4036=ORIENTED_EDGE('',*,*,#2573,.T.);
#4037=ORIENTED_EDGE('',*,*,#2570,.T.);
#4038=ORIENTED_EDGE('',*,*,#2567,.T.);
#4039=ORIENTED_EDGE('',*,*,#2564,.T.);
#4040=ORIENTED_EDGE('',*,*,#2561,.T.);
#4041=ORIENTED_EDGE('',*,*,#2558,.T.);
#4042=ORIENTED_EDGE('',*,*,#2555,.T.);
#4043=ORIENTED_EDGE('',*,*,#2552,.T.);
#4044=ORIENTED_EDGE('',*,*,#2549,.T.);
#4045=ORIENTED_EDGE('',*,*,#2546,.T.);
#4046=ORIENTED_EDGE('',*,*,#2543,.T.);
#4047=ORIENTED_EDGE('',*,*,#2540,.T.);
#4048=ORIENTED_EDGE('',*,*,#2537,.T.);
#4049=ORIENTED_EDGE('',*,*,#2534,.T.);
#4050=ORIENTED_EDGE('',*,*,#2531,.T.);
#4051=ORIENTED_EDGE('',*,*,#2528,.T.);
#4052=ORIENTED_EDGE('',*,*,#2525,.T.);
#4053=ORIENTED_EDGE('',*,*,#2522,.T.);
#4054=ORIENTED_EDGE('',*,*,#2521,.T.);
#4055=ORIENTED_EDGE('',*,*,#2518,.T.);
#4056=ORIENTED_EDGE('',*,*,#2515,.T.);
#4057=ORIENTED_EDGE('',*,*,#2512,.T.);
#4058=ORIENTED_EDGE('',*,*,#2507,.T.);
#4059=ORIENTED_EDGE('',*,*,#2504,.T.);
#4060=ORIENTED_EDGE('',*,*,#2501,.T.);
#4061=ORIENTED_EDGE('',*,*,#2498,.T.);
#4062=ORIENTED_EDGE('',*,*,#2495,.T.);
#4063=ORIENTED_EDGE('',*,*,#2492,.T.);
#4064=ORIENTED_EDGE('',*,*,#2489,.T.);
#4065=ORIENTED_EDGE('',*,*,#2486,.T.);
#4066=ORIENTED_EDGE('',*,*,#2483,.T.);
#4067=ORIENTED_EDGE('',*,*,#2480,.T.);
#4068=ORIENTED_EDGE('',*,*,#2477,.T.);
#4069=ORIENTED_EDGE('',*,*,#2474,.T.);
#4070=ORIENTED_EDGE('',*,*,#2471,.T.);
#4071=ORIENTED_EDGE('',*,*,#2468,.T.);
#4072=ORIENTED_EDGE('',*,*,#2465,.T.);
#4073=ORIENTED_EDGE('',*,*,#2462,.T.);
#4074=ORIENTED_EDGE('',*,*,#2459,.T.);
#4075=ORIENTED_EDGE('',*,*,#2456,.T.);
#4076=ORIENTED_EDGE('',*,*,#2453,.T.);
#4077=ORIENTED_EDGE('',*,*,#3060,.T.);
#4078=ORIENTED_EDGE('',*,*,#3050,.T.);
#4079=ORIENTED_EDGE('',*,*,#3054,.T.);
#4080=ORIENTED_EDGE('',*,*,#3057,.T.);
#4081=ORIENTED_EDGE('',*,*,#3049,.F.);
#4082=ORIENTED_EDGE('',*,*,#3046,.F.);
#4083=ORIENTED_EDGE('',*,*,#3043,.F.);
#4084=ORIENTED_EDGE('',*,*,#3040,.F.);
#4085=ORIENTED_EDGE('',*,*,#3037,.F.);
#4086=ORIENTED_EDGE('',*,*,#3034,.F.);
#4087=ORIENTED_EDGE('',*,*,#3031,.F.);
#4088=ORIENTED_EDGE('',*,*,#3028,.F.);
#4089=ORIENTED_EDGE('',*,*,#3025,.F.);
#4090=ORIENTED_EDGE('',*,*,#3022,.F.);
#4091=ORIENTED_EDGE('',*,*,#3019,.F.);
#4092=ORIENTED_EDGE('',*,*,#3016,.F.);
#4093=ORIENTED_EDGE('',*,*,#3013,.F.);
#4094=ORIENTED_EDGE('',*,*,#3009,.F.);
#4095=ORIENTED_EDGE('',*,*,#2999,.F.);
#4096=ORIENTED_EDGE('',*,*,#3003,.F.);
#4097=ORIENTED_EDGE('',*,*,#3006,.F.);
#4098=ORIENTED_EDGE('',*,*,#2998,.F.);
#4099=ORIENTED_EDGE('',*,*,#2995,.F.);
#4100=ORIENTED_EDGE('',*,*,#2992,.F.);
#4101=ORIENTED_EDGE('',*,*,#2989,.F.);
#4102=ORIENTED_EDGE('',*,*,#2986,.F.);
#4103=ORIENTED_EDGE('',*,*,#2983,.F.);
#4104=ORIENTED_EDGE('',*,*,#2980,.F.);
#4105=ORIENTED_EDGE('',*,*,#2977,.F.);
#4106=ORIENTED_EDGE('',*,*,#2974,.F.);
#4107=ORIENTED_EDGE('',*,*,#2971,.F.);
#4108=ORIENTED_EDGE('',*,*,#2968,.F.);
#4109=ORIENTED_EDGE('',*,*,#2965,.F.);
#4110=ORIENTED_EDGE('',*,*,#2962,.F.);
#4111=ORIENTED_EDGE('',*,*,#2959,.F.);
#4112=ORIENTED_EDGE('',*,*,#2956,.F.);
#4113=ORIENTED_EDGE('',*,*,#2953,.F.);
#4114=ORIENTED_EDGE('',*,*,#2950,.F.);
#4115=ORIENTED_EDGE('',*,*,#2946,.F.);
#4116=ORIENTED_EDGE('',*,*,#2936,.F.);
#4117=ORIENTED_EDGE('',*,*,#2940,.F.);
#4118=ORIENTED_EDGE('',*,*,#2943,.F.);
#4119=ORIENTED_EDGE('',*,*,#2935,.F.);
#4120=ORIENTED_EDGE('',*,*,#2932,.F.);
#4121=ORIENTED_EDGE('',*,*,#2929,.F.);
#4122=ORIENTED_EDGE('',*,*,#2926,.F.);
#4123=ORIENTED_EDGE('',*,*,#2923,.F.);
#4124=ORIENTED_EDGE('',*,*,#2920,.F.);
#4125=ORIENTED_EDGE('',*,*,#2917,.F.);
#4126=ORIENTED_EDGE('',*,*,#2914,.F.);
#4127=ORIENTED_EDGE('',*,*,#2911,.F.);
#4128=ORIENTED_EDGE('',*,*,#2908,.F.);
#4129=ORIENTED_EDGE('',*,*,#2905,.F.);
#4130=ORIENTED_EDGE('',*,*,#2902,.F.);
#4131=ORIENTED_EDGE('',*,*,#2899,.F.);
#4132=ORIENTED_EDGE('',*,*,#2896,.F.);
#4133=ORIENTED_EDGE('',*,*,#2893,.F.);
#4134=ORIENTED_EDGE('',*,*,#2890,.F.);
#4135=ORIENTED_EDGE('',*,*,#2887,.F.);
#4136=ORIENTED_EDGE('',*,*,#2884,.F.);
#4137=ORIENTED_EDGE('',*,*,#2880,.F.);
#4138=ORIENTED_EDGE('',*,*,#2870,.F.);
#4139=ORIENTED_EDGE('',*,*,#2874,.F.);
#4140=ORIENTED_EDGE('',*,*,#2877,.F.);
#4141=ORIENTED_EDGE('',*,*,#2869,.F.);
#4142=ORIENTED_EDGE('',*,*,#2866,.F.);
#4143=ORIENTED_EDGE('',*,*,#2862,.F.);
#4144=ORIENTED_EDGE('',*,*,#2852,.F.);
#4145=ORIENTED_EDGE('',*,*,#2856,.F.);
#4146=ORIENTED_EDGE('',*,*,#2859,.F.);
#4147=ORIENTED_EDGE('',*,*,#2850,.F.);
#4148=ORIENTED_EDGE('',*,*,#2840,.F.);
#4149=ORIENTED_EDGE('',*,*,#2844,.F.);
#4150=ORIENTED_EDGE('',*,*,#2847,.F.);
#4151=ORIENTED_EDGE('',*,*,#2839,.F.);
#4152=ORIENTED_EDGE('',*,*,#2836,.F.);
#4153=ORIENTED_EDGE('',*,*,#2833,.F.);
#4154=ORIENTED_EDGE('',*,*,#2830,.F.);
#4155=ORIENTED_EDGE('',*,*,#2827,.F.);
#4156=ORIENTED_EDGE('',*,*,#2824,.F.);
#4157=ORIENTED_EDGE('',*,*,#2821,.F.);
#4158=ORIENTED_EDGE('',*,*,#2818,.F.);
#4159=ORIENTED_EDGE('',*,*,#2814,.F.);
#4160=ORIENTED_EDGE('',*,*,#2804,.F.);
#4161=ORIENTED_EDGE('',*,*,#2808,.F.);
#4162=ORIENTED_EDGE('',*,*,#2811,.F.);
#4163=ORIENTED_EDGE('',*,*,#2803,.F.);
#4164=ORIENTED_EDGE('',*,*,#2800,.F.);
#4165=ORIENTED_EDGE('',*,*,#2797,.F.);
#4166=ORIENTED_EDGE('',*,*,#2794,.F.);
#4167=ORIENTED_EDGE('',*,*,#2791,.F.);
#4168=ORIENTED_EDGE('',*,*,#2787,.F.);
#4169=ORIENTED_EDGE('',*,*,#2777,.F.);
#4170=ORIENTED_EDGE('',*,*,#2781,.F.);
#4171=ORIENTED_EDGE('',*,*,#2784,.F.);
#4172=ORIENTED_EDGE('',*,*,#2776,.F.);
#4173=ORIENTED_EDGE('',*,*,#2773,.F.);
#4174=ORIENTED_EDGE('',*,*,#2770,.F.);
#4175=ORIENTED_EDGE('',*,*,#2767,.F.);
#4176=ORIENTED_EDGE('',*,*,#2764,.F.);
#4177=ORIENTED_EDGE('',*,*,#2761,.F.);
#4178=ORIENTED_EDGE('',*,*,#2758,.F.);
#4179=ORIENTED_EDGE('',*,*,#2755,.F.);
#4180=ORIENTED_EDGE('',*,*,#2752,.F.);
#4181=ORIENTED_EDGE('',*,*,#2749,.F.);
#4182=ORIENTED_EDGE('',*,*,#2746,.F.);
#4183=ORIENTED_EDGE('',*,*,#2743,.F.);
#4184=ORIENTED_EDGE('',*,*,#2740,.F.);
#4185=ORIENTED_EDGE('',*,*,#2737,.F.);
#4186=ORIENTED_EDGE('',*,*,#2733,.F.);
#4187=ORIENTED_EDGE('',*,*,#2723,.F.);
#4188=ORIENTED_EDGE('',*,*,#2727,.F.);
#4189=ORIENTED_EDGE('',*,*,#2730,.F.);
#4190=ORIENTED_EDGE('',*,*,#2722,.F.);
#4191=ORIENTED_EDGE('',*,*,#2719,.F.);
#4192=ORIENTED_EDGE('',*,*,#2716,.F.);
#4193=ORIENTED_EDGE('',*,*,#2713,.F.);
#4194=ORIENTED_EDGE('',*,*,#2710,.F.);
#4195=ORIENTED_EDGE('',*,*,#2707,.F.);
#4196=ORIENTED_EDGE('',*,*,#2704,.F.);
#4197=ORIENTED_EDGE('',*,*,#2701,.F.);
#4198=ORIENTED_EDGE('',*,*,#2698,.F.);
#4199=ORIENTED_EDGE('',*,*,#2694,.F.);
#4200=ORIENTED_EDGE('',*,*,#2684,.F.);
#4201=ORIENTED_EDGE('',*,*,#2688,.F.);
#4202=ORIENTED_EDGE('',*,*,#2691,.F.);
#4203=ORIENTED_EDGE('',*,*,#2683,.F.);
#4204=ORIENTED_EDGE('',*,*,#2680,.F.);
#4205=ORIENTED_EDGE('',*,*,#2677,.F.);
#4206=ORIENTED_EDGE('',*,*,#2674,.F.);
#4207=ORIENTED_EDGE('',*,*,#2671,.F.);
#4208=ORIENTED_EDGE('',*,*,#2668,.F.);
#4209=ORIENTED_EDGE('',*,*,#2665,.F.);
#4210=ORIENTED_EDGE('',*,*,#2661,.F.);
#4211=ORIENTED_EDGE('',*,*,#2651,.F.);
#4212=ORIENTED_EDGE('',*,*,#2655,.F.);
#4213=ORIENTED_EDGE('',*,*,#2658,.F.);
#4214=ORIENTED_EDGE('',*,*,#2649,.F.);
#4215=ORIENTED_EDGE('',*,*,#2639,.F.);
#4216=ORIENTED_EDGE('',*,*,#2643,.F.);
#4217=ORIENTED_EDGE('',*,*,#2646,.F.);
#4218=ORIENTED_EDGE('',*,*,#2637,.F.);
#4219=ORIENTED_EDGE('',*,*,#2627,.F.);
#4220=ORIENTED_EDGE('',*,*,#2631,.F.);
#4221=ORIENTED_EDGE('',*,*,#2634,.F.);
#4222=ORIENTED_EDGE('',*,*,#2625,.F.);
#4223=ORIENTED_EDGE('',*,*,#2615,.F.);
#4224=ORIENTED_EDGE('',*,*,#2619,.F.);
#4225=ORIENTED_EDGE('',*,*,#2622,.F.);
#4226=ORIENTED_EDGE('',*,*,#2613,.F.);
#4227=ORIENTED_EDGE('',*,*,#2603,.F.);
#4228=ORIENTED_EDGE('',*,*,#2607,.F.);
#4229=ORIENTED_EDGE('',*,*,#2610,.F.);
#4230=ORIENTED_EDGE('',*,*,#2602,.F.);
#4231=ORIENTED_EDGE('',*,*,#2599,.F.);
#4232=ORIENTED_EDGE('',*,*,#2596,.F.);
#4233=ORIENTED_EDGE('',*,*,#2593,.F.);
#4234=ORIENTED_EDGE('',*,*,#2590,.F.);
#4235=ORIENTED_EDGE('',*,*,#2587,.F.);
#4236=ORIENTED_EDGE('',*,*,#2584,.F.);
#4237=ORIENTED_EDGE('',*,*,#2581,.F.);
#4238=ORIENTED_EDGE('',*,*,#2578,.F.);
#4239=ORIENTED_EDGE('',*,*,#2575,.F.);
#4240=ORIENTED_EDGE('',*,*,#2572,.F.);
#4241=ORIENTED_EDGE('',*,*,#2569,.F.);
#4242=ORIENTED_EDGE('',*,*,#2566,.F.);
#4243=ORIENTED_EDGE('',*,*,#2563,.F.);
#4244=ORIENTED_EDGE('',*,*,#2560,.F.);
#4245=ORIENTED_EDGE('',*,*,#2557,.F.);
#4246=ORIENTED_EDGE('',*,*,#2554,.F.);
#4247=ORIENTED_EDGE('',*,*,#2551,.F.);
#4248=ORIENTED_EDGE('',*,*,#2548,.F.);
#4249=ORIENTED_EDGE('',*,*,#2545,.F.);
#4250=ORIENTED_EDGE('',*,*,#2542,.F.);
#4251=ORIENTED_EDGE('',*,*,#2539,.F.);
#4252=ORIENTED_EDGE('',*,*,#2536,.F.);
#4253=ORIENTED_EDGE('',*,*,#2533,.F.);
#4254=ORIENTED_EDGE('',*,*,#2530,.F.);
#4255=ORIENTED_EDGE('',*,*,#2527,.F.);
#4256=ORIENTED_EDGE('',*,*,#2524,.F.);
#4257=ORIENTED_EDGE('',*,*,#2520,.F.);
#4258=ORIENTED_EDGE('',*,*,#2510,.F.);
#4259=ORIENTED_EDGE('',*,*,#2514,.F.);
#4260=ORIENTED_EDGE('',*,*,#2517,.F.);
#4261=ORIENTED_EDGE('',*,*,#2509,.F.);
#4262=ORIENTED_EDGE('',*,*,#2506,.F.);
#4263=ORIENTED_EDGE('',*,*,#2503,.F.);
#4264=ORIENTED_EDGE('',*,*,#2500,.F.);
#4265=ORIENTED_EDGE('',*,*,#2497,.F.);
#4266=ORIENTED_EDGE('',*,*,#2494,.F.);
#4267=ORIENTED_EDGE('',*,*,#2491,.F.);
#4268=ORIENTED_EDGE('',*,*,#2488,.F.);
#4269=ORIENTED_EDGE('',*,*,#2485,.F.);
#4270=ORIENTED_EDGE('',*,*,#2482,.F.);
#4271=ORIENTED_EDGE('',*,*,#2479,.F.);
#4272=ORIENTED_EDGE('',*,*,#2476,.F.);
#4273=ORIENTED_EDGE('',*,*,#2473,.F.);
#4274=ORIENTED_EDGE('',*,*,#2470,.F.);
#4275=ORIENTED_EDGE('',*,*,#2467,.F.);
#4276=ORIENTED_EDGE('',*,*,#2464,.F.);
#4277=ORIENTED_EDGE('',*,*,#2461,.F.);
#4278=ORIENTED_EDGE('',*,*,#2458,.F.);
#4279=ORIENTED_EDGE('',*,*,#2455,.F.);
#4280=CYLINDRICAL_SURFACE('',#4626,0.500000000000005);
#4281=CYLINDRICAL_SURFACE('',#4629,0.500000000000007);
#4282=CYLINDRICAL_SURFACE('',#4632,0.500000000000005);
#4283=CYLINDRICAL_SURFACE('',#4635,0.500000000000007);
#4284=CYLINDRICAL_SURFACE('',#4638,0.500000000000007);
#4285=CYLINDRICAL_SURFACE('',#4641,0.500000000000007);
#4286=CYLINDRICAL_SURFACE('',#4644,0.500000000000005);
#4287=CYLINDRICAL_SURFACE('',#4647,0.500000000000007);
#4288=CYLINDRICAL_SURFACE('',#4650,0.500000000000007);
#4289=CYLINDRICAL_SURFACE('',#4653,0.500000000000005);
#4290=CYLINDRICAL_SURFACE('',#4656,0.500000000000007);
#4291=CYLINDRICAL_SURFACE('',#4659,0.500000000000005);
#4292=CYLINDRICAL_SURFACE('',#4662,0.500000000000007);
#4293=CYLINDRICAL_SURFACE('',#4665,0.500000000000005);
#4294=CYLINDRICAL_SURFACE('',#4668,0.500000000000005);
#4295=CYLINDRICAL_SURFACE('',#4671,0.500000000000007);
#4296=CYLINDRICAL_SURFACE('',#4674,0.500000000000005);
#4297=CYLINDRICAL_SURFACE('',#4677,0.500000000000005);
#4298=CYLINDRICAL_SURFACE('',#4680,0.500000000000007);
#4299=CYLINDRICAL_SURFACE('',#4687,0.500000000000003);
#4300=CYLINDRICAL_SURFACE('',#4690,0.500000000000005);
#4301=CYLINDRICAL_SURFACE('',#4693,0.500000000000005);
#4302=CYLINDRICAL_SURFACE('',#4696,3.99999999999999);
#4303=CYLINDRICAL_SURFACE('',#4699,0.500000000000005);
#4304=CYLINDRICAL_SURFACE('',#4702,0.500000000000005);
#4305=CYLINDRICAL_SURFACE('',#4705,0.500000000000005);
#4306=CYLINDRICAL_SURFACE('',#4708,0.500000000000005);
#4307=CYLINDRICAL_SURFACE('',#4711,0.500000000000005);
#4308=CYLINDRICAL_SURFACE('',#4714,0.500000000000005);
#4309=CYLINDRICAL_SURFACE('',#4717,0.500000000000003);
#4310=CYLINDRICAL_SURFACE('',#4720,0.500000000000005);
#4311=CYLINDRICAL_SURFACE('',#4723,0.500000000000005);
#4312=CYLINDRICAL_SURFACE('',#4726,0.500000000000005);
#4313=CYLINDRICAL_SURFACE('',#4729,0.500000000000005);
#4314=CYLINDRICAL_SURFACE('',#4732,0.500000000000005);
#4315=CYLINDRICAL_SURFACE('',#4735,0.500000000000005);
#4316=CYLINDRICAL_SURFACE('',#4738,0.500000000000007);
#4317=CYLINDRICAL_SURFACE('',#4741,0.500000000000005);
#4318=CYLINDRICAL_SURFACE('',#4744,0.50000000000001);
#4319=CYLINDRICAL_SURFACE('',#4747,0.500000000000004);
#4320=CYLINDRICAL_SURFACE('',#4750,0.499999999999999);
#4321=CYLINDRICAL_SURFACE('',#4753,0.500000000000007);
#4322=CYLINDRICAL_SURFACE('',#4756,0.5);
#4323=CYLINDRICAL_SURFACE('',#4759,0.500000000000007);
#4324=CYLINDRICAL_SURFACE('',#4762,0.500000000000009);
#4325=CYLINDRICAL_SURFACE('',#4765,0.500000000000006);
#4326=CYLINDRICAL_SURFACE('',#4788,0.500000000000007);
#4327=CYLINDRICAL_SURFACE('',#4791,0.500000000000005);
#4328=CYLINDRICAL_SURFACE('',#4794,0.500000000000005);
#4329=CYLINDRICAL_SURFACE('',#4797,0.500000000000005);
#4330=CYLINDRICAL_SURFACE('',#4800,0.499999999999999);
#4331=CYLINDRICAL_SURFACE('',#4803,0.500000000000013);
#4332=CYLINDRICAL_SURFACE('',#4806,0.500000000000004);
#4333=CYLINDRICAL_SURFACE('',#4813,0.500000000000009);
#4334=CYLINDRICAL_SURFACE('',#4816,0.500000000000002);
#4335=CYLINDRICAL_SURFACE('',#4819,0.499999999999999);
#4336=CYLINDRICAL_SURFACE('',#4822,0.500000000000006);
#4337=CYLINDRICAL_SURFACE('',#4825,0.499999999999999);
#4338=CYLINDRICAL_SURFACE('',#4828,0.500000000000007);
#4339=CYLINDRICAL_SURFACE('',#4831,0.500000000000012);
#4340=CYLINDRICAL_SURFACE('',#4834,0.500000000000005);
#4341=CYLINDRICAL_SURFACE('',#4837,0.500000000000003);
#4342=CYLINDRICAL_SURFACE('',#4844,0.500000000000007);
#4343=CYLINDRICAL_SURFACE('',#4847,0.500000000000006);
#4344=CYLINDRICAL_SURFACE('',#4850,0.500000000000005);
#4345=CYLINDRICAL_SURFACE('',#4853,0.500000000000003);
#4346=CYLINDRICAL_SURFACE('',#4856,0.500000000000005);
#4347=CYLINDRICAL_SURFACE('',#4859,0.500000000000005);
#4348=CYLINDRICAL_SURFACE('',#4862,0.500000000000005);
#4349=CYLINDRICAL_SURFACE('',#4865,0.500000000000007);
#4350=CYLINDRICAL_SURFACE('',#4868,0.500000000000005);
#4351=CYLINDRICAL_SURFACE('',#4871,0.500000000000007);
#4352=CYLINDRICAL_SURFACE('',#4874,0.500000000000005);
#4353=CYLINDRICAL_SURFACE('',#4877,0.500000000000005);
#4354=CYLINDRICAL_SURFACE('',#4880,0.50000000000001);
#4355=CYLINDRICAL_SURFACE('',#4883,0.500000000000005);
#4356=CYLINDRICAL_SURFACE('',#4890,0.500000000000003);
#4357=CYLINDRICAL_SURFACE('',#4893,0.500000000000007);
#4358=CYLINDRICAL_SURFACE('',#4896,0.500000000000005);
#4359=CYLINDRICAL_SURFACE('',#4899,0.499999999999999);
#4360=CYLINDRICAL_SURFACE('',#4902,0.500000000000007);
#4361=CYLINDRICAL_SURFACE('',#4909,0.500000000000005);
#4362=CYLINDRICAL_SURFACE('',#4912,0.500000000000005);
#4363=CYLINDRICAL_SURFACE('',#4915,0.500000000000007);
#4364=CYLINDRICAL_SURFACE('',#4918,0.500000000000011);
#4365=CYLINDRICAL_SURFACE('',#4921,0.499999999999999);
#4366=CYLINDRICAL_SURFACE('',#4924,0.500000000000007);
#4367=CYLINDRICAL_SURFACE('',#4927,0.499999999999999);
#4368=CYLINDRICAL_SURFACE('',#4930,0.500000000000006);
#4369=CYLINDRICAL_SURFACE('',#4941,0.500000000000002);
#4370=CYLINDRICAL_SURFACE('',#4944,0.500000000000007);
#4371=CYLINDRICAL_SURFACE('',#4951,0.500000000000012);
#4372=CYLINDRICAL_SURFACE('',#4954,0.500000000000007);
#4373=CYLINDRICAL_SURFACE('',#4957,0.500000000000004);
#4374=CYLINDRICAL_SURFACE('',#4960,0.500000000000005);
#4375=CYLINDRICAL_SURFACE('',#4963,0.500000000000005);
#4376=CYLINDRICAL_SURFACE('',#4966,0.500000000000005);
#4377=CYLINDRICAL_SURFACE('',#4969,0.500000000000005);
#4378=CYLINDRICAL_SURFACE('',#4972,0.500000000000006);
#4379=CYLINDRICAL_SURFACE('',#4975,0.500000000000006);
#4380=CYLINDRICAL_SURFACE('',#4978,0.500000000000002);
#4381=CYLINDRICAL_SURFACE('',#4981,0.499999999999999);
#4382=CYLINDRICAL_SURFACE('',#4984,0.500000000000005);
#4383=CYLINDRICAL_SURFACE('',#4987,0.500000000000002);
#4384=CYLINDRICAL_SURFACE('',#4990,0.500000000000005);
#4385=CYLINDRICAL_SURFACE('',#4993,0.500000000000005);
#4386=CYLINDRICAL_SURFACE('',#4996,0.500000000000007);
#4387=CYLINDRICAL_SURFACE('',#4999,0.500000000000007);
#4388=CYLINDRICAL_SURFACE('',#5002,0.500000000000005);
#4389=CYLINDRICAL_SURFACE('',#5009,0.5);
#4390=CYLINDRICAL_SURFACE('',#5012,0.500000000000003);
#4391=CYLINDRICAL_SURFACE('',#5015,0.500000000000007);
#4392=CYLINDRICAL_SURFACE('',#5018,0.5);
#4393=CYLINDRICAL_SURFACE('',#5021,0.500000000000009);
#4394=CYLINDRICAL_SURFACE('',#5024,0.500000000000005);
#4395=CYLINDRICAL_SURFACE('',#5027,0.500000000000007);
#4396=CYLINDRICAL_SURFACE('',#5030,0.500000000000007);
#4397=CYLINDRICAL_SURFACE('',#5033,0.500000000000005);
#4398=CYLINDRICAL_SURFACE('',#5036,0.500000000000007);
#4399=CYLINDRICAL_SURFACE('',#5039,0.500000000000007);
#4400=CYLINDRICAL_SURFACE('',#5042,0.500000000000007);
#4401=CYLINDRICAL_SURFACE('',#5045,0.500000000000007);
#4402=CYLINDRICAL_SURFACE('',#5048,0.500000000000007);
#4403=CYLINDRICAL_SURFACE('',#5051,0.500000000000009);
#4404=CYLINDRICAL_SURFACE('',#5054,0.500000000000005);
#4405=CYLINDRICAL_SURFACE('',#5057,0.500000000000007);
#4406=CYLINDRICAL_SURFACE('',#5064,0.500000000000005);
#4407=CYLINDRICAL_SURFACE('',#5067,0.500000000000007);
#4408=CYLINDRICAL_SURFACE('',#5070,0.500000000000005);
#4409=CYLINDRICAL_SURFACE('',#5073,0.500000000000005);
#4410=CYLINDRICAL_SURFACE('',#5076,0.500000000000005);
#4411=CYLINDRICAL_SURFACE('',#5079,0.500000000000005);
#4412=CYLINDRICAL_SURFACE('',#5082,0.500000000000007);
#4413=CYLINDRICAL_SURFACE('',#5085,0.500000000000007);
#4414=CYLINDRICAL_SURFACE('',#5088,0.500000000000005);
#4415=CYLINDRICAL_SURFACE('',#5091,0.500000000000005);
#4416=CYLINDRICAL_SURFACE('',#5094,0.500000000000004);
#4417=CYLINDRICAL_SURFACE('',#5097,0.500000000000007);
#4418=CYLINDRICAL_SURFACE('',#5100,0.5);
#4419=ADVANCED_FACE('',(#389),#4280,.F.);
#4420=ADVANCED_FACE('',(#390),#4281,.F.);
#4421=ADVANCED_FACE('',(#391),#4282,.F.);
#4422=ADVANCED_FACE('',(#392),#4283,.F.);
#4423=ADVANCED_FACE('',(#393),#4284,.F.);
#4424=ADVANCED_FACE('',(#394),#4285,.F.);
#4425=ADVANCED_FACE('',(#395),#4286,.F.);
#4426=ADVANCED_FACE('',(#396),#4287,.F.);
#4427=ADVANCED_FACE('',(#397),#4288,.F.);
#4428=ADVANCED_FACE('',(#398),#4289,.F.);
#4429=ADVANCED_FACE('',(#399),#4290,.F.);
#4430=ADVANCED_FACE('',(#400),#4291,.F.);
#4431=ADVANCED_FACE('',(#401),#4292,.F.);
#4432=ADVANCED_FACE('',(#402),#4293,.F.);
#4433=ADVANCED_FACE('',(#403),#4294,.F.);
#4434=ADVANCED_FACE('',(#404),#4295,.F.);
#4435=ADVANCED_FACE('',(#405),#4296,.F.);
#4436=ADVANCED_FACE('',(#406),#4297,.F.);
#4437=ADVANCED_FACE('',(#407),#4298,.F.);
#4438=ADVANCED_FACE('',(#408),#323,.T.);
#4439=ADVANCED_FACE('',(#409),#324,.T.);
#4440=ADVANCED_FACE('',(#410),#325,.T.);
#4441=ADVANCED_FACE('',(#411),#326,.T.);
#4442=ADVANCED_FACE('',(#412),#4299,.F.);
#4443=ADVANCED_FACE('',(#413),#4300,.F.);
#4444=ADVANCED_FACE('',(#414),#4301,.F.);
#4445=ADVANCED_FACE('',(#415),#4302,.F.);
#4446=ADVANCED_FACE('',(#416),#4303,.F.);
#4447=ADVANCED_FACE('',(#417),#4304,.F.);
#4448=ADVANCED_FACE('',(#418),#4305,.F.);
#4449=ADVANCED_FACE('',(#419),#4306,.F.);
#4450=ADVANCED_FACE('',(#420),#4307,.F.);
#4451=ADVANCED_FACE('',(#421),#4308,.F.);
#4452=ADVANCED_FACE('',(#422),#4309,.F.);
#4453=ADVANCED_FACE('',(#423),#4310,.F.);
#4454=ADVANCED_FACE('',(#424),#4311,.F.);
#4455=ADVANCED_FACE('',(#425),#4312,.F.);
#4456=ADVANCED_FACE('',(#426),#4313,.F.);
#4457=ADVANCED_FACE('',(#427),#4314,.F.);
#4458=ADVANCED_FACE('',(#428),#4315,.F.);
#4459=ADVANCED_FACE('',(#429),#4316,.F.);
#4460=ADVANCED_FACE('',(#430),#4317,.F.);
#4461=ADVANCED_FACE('',(#431),#4318,.F.);
#4462=ADVANCED_FACE('',(#432),#4319,.F.);
#4463=ADVANCED_FACE('',(#433),#4320,.F.);
#4464=ADVANCED_FACE('',(#434),#4321,.F.);
#4465=ADVANCED_FACE('',(#435),#4322,.F.);
#4466=ADVANCED_FACE('',(#436),#4323,.F.);
#4467=ADVANCED_FACE('',(#437),#4324,.F.);
#4468=ADVANCED_FACE('',(#438),#4325,.F.);
#4469=ADVANCED_FACE('',(#439),#327,.T.);
#4470=ADVANCED_FACE('',(#440),#328,.T.);
#4471=ADVANCED_FACE('',(#441),#329,.T.);
#4472=ADVANCED_FACE('',(#442),#330,.T.);
#4473=ADVANCED_FACE('',(#443),#331,.T.);
#4474=ADVANCED_FACE('',(#444),#332,.T.);
#4475=ADVANCED_FACE('',(#445),#333,.T.);
#4476=ADVANCED_FACE('',(#446),#334,.T.);
#4477=ADVANCED_FACE('',(#447),#335,.T.);
#4478=ADVANCED_FACE('',(#448),#336,.T.);
#4479=ADVANCED_FACE('',(#449),#337,.T.);
#4480=ADVANCED_FACE('',(#450),#338,.T.);
#4481=ADVANCED_FACE('',(#451),#339,.T.);
#4482=ADVANCED_FACE('',(#452),#340,.T.);
#4483=ADVANCED_FACE('',(#453),#341,.T.);
#4484=ADVANCED_FACE('',(#454),#342,.T.);
#4485=ADVANCED_FACE('',(#455),#343,.T.);
#4486=ADVANCED_FACE('',(#456),#344,.T.);
#4487=ADVANCED_FACE('',(#457),#345,.T.);
#4488=ADVANCED_FACE('',(#458),#346,.T.);
#4489=ADVANCED_FACE('',(#459),#4326,.F.);
#4490=ADVANCED_FACE('',(#460),#4327,.F.);
#4491=ADVANCED_FACE('',(#461),#4328,.F.);
#4492=ADVANCED_FACE('',(#462),#4329,.F.);
#4493=ADVANCED_FACE('',(#463),#4330,.F.);
#4494=ADVANCED_FACE('',(#464),#4331,.F.);
#4495=ADVANCED_FACE('',(#465),#4332,.F.);
#4496=ADVANCED_FACE('',(#466),#347,.T.);
#4497=ADVANCED_FACE('',(#467),#348,.T.);
#4498=ADVANCED_FACE('',(#468),#349,.T.);
#4499=ADVANCED_FACE('',(#469),#350,.T.);
#4500=ADVANCED_FACE('',(#470),#4333,.F.);
#4501=ADVANCED_FACE('',(#471),#4334,.F.);
#4502=ADVANCED_FACE('',(#472),#4335,.F.);
#4503=ADVANCED_FACE('',(#473),#4336,.F.);
#4504=ADVANCED_FACE('',(#474),#4337,.F.);
#4505=ADVANCED_FACE('',(#475),#4338,.F.);
#4506=ADVANCED_FACE('',(#476),#4339,.F.);
#4507=ADVANCED_FACE('',(#477),#4340,.F.);
#4508=ADVANCED_FACE('',(#478),#4341,.F.);
#4509=ADVANCED_FACE('',(#479),#351,.T.);
#4510=ADVANCED_FACE('',(#480),#352,.T.);
#4511=ADVANCED_FACE('',(#481),#353,.T.);
#4512=ADVANCED_FACE('',(#482),#354,.T.);
#4513=ADVANCED_FACE('',(#483),#4342,.F.);
#4514=ADVANCED_FACE('',(#484),#4343,.F.);
#4515=ADVANCED_FACE('',(#485),#4344,.F.);
#4516=ADVANCED_FACE('',(#486),#4345,.F.);
#4517=ADVANCED_FACE('',(#487),#4346,.F.);
#4518=ADVANCED_FACE('',(#488),#4347,.F.);
#4519=ADVANCED_FACE('',(#489),#4348,.F.);
#4520=ADVANCED_FACE('',(#490),#4349,.F.);
#4521=ADVANCED_FACE('',(#491),#4350,.F.);
#4522=ADVANCED_FACE('',(#492),#4351,.F.);
#4523=ADVANCED_FACE('',(#493),#4352,.F.);
#4524=ADVANCED_FACE('',(#494),#4353,.F.);
#4525=ADVANCED_FACE('',(#495),#4354,.F.);
#4526=ADVANCED_FACE('',(#496),#4355,.F.);
#4527=ADVANCED_FACE('',(#497),#355,.T.);
#4528=ADVANCED_FACE('',(#498),#356,.T.);
#4529=ADVANCED_FACE('',(#499),#357,.T.);
#4530=ADVANCED_FACE('',(#500),#358,.T.);
#4531=ADVANCED_FACE('',(#501),#4356,.F.);
#4532=ADVANCED_FACE('',(#502),#4357,.F.);
#4533=ADVANCED_FACE('',(#503),#4358,.F.);
#4534=ADVANCED_FACE('',(#504),#4359,.F.);
#4535=ADVANCED_FACE('',(#505),#4360,.F.);
#4536=ADVANCED_FACE('',(#506),#359,.T.);
#4537=ADVANCED_FACE('',(#507),#360,.T.);
#4538=ADVANCED_FACE('',(#508),#361,.T.);
#4539=ADVANCED_FACE('',(#509),#362,.T.);
#4540=ADVANCED_FACE('',(#510),#4361,.F.);
#4541=ADVANCED_FACE('',(#511),#4362,.F.);
#4542=ADVANCED_FACE('',(#512),#4363,.F.);
#4543=ADVANCED_FACE('',(#513),#4364,.F.);
#4544=ADVANCED_FACE('',(#514),#4365,.F.);
#4545=ADVANCED_FACE('',(#515),#4366,.F.);
#4546=ADVANCED_FACE('',(#516),#4367,.F.);
#4547=ADVANCED_FACE('',(#517),#4368,.F.);
#4548=ADVANCED_FACE('',(#518),#363,.T.);
#4549=ADVANCED_FACE('',(#519),#364,.T.);
#4550=ADVANCED_FACE('',(#520),#365,.T.);
#4551=ADVANCED_FACE('',(#521),#366,.T.);
#4552=ADVANCED_FACE('',(#522),#367,.T.);
#4553=ADVANCED_FACE('',(#523),#368,.T.);
#4554=ADVANCED_FACE('',(#524),#369,.T.);
#4555=ADVANCED_FACE('',(#525),#370,.T.);
#4556=ADVANCED_FACE('',(#526),#4369,.F.);
#4557=ADVANCED_FACE('',(#527),#4370,.F.);
#4558=ADVANCED_FACE('',(#528),#371,.T.);
#4559=ADVANCED_FACE('',(#529),#372,.T.);
#4560=ADVANCED_FACE('',(#530),#373,.T.);
#4561=ADVANCED_FACE('',(#531),#374,.T.);
#4562=ADVANCED_FACE('',(#532),#4371,.F.);
#4563=ADVANCED_FACE('',(#533),#4372,.F.);
#4564=ADVANCED_FACE('',(#534),#4373,.F.);
#4565=ADVANCED_FACE('',(#535),#4374,.F.);
#4566=ADVANCED_FACE('',(#536),#4375,.F.);
#4567=ADVANCED_FACE('',(#537),#4376,.F.);
#4568=ADVANCED_FACE('',(#538),#4377,.F.);
#4569=ADVANCED_FACE('',(#539),#4378,.F.);
#4570=ADVANCED_FACE('',(#540),#4379,.F.);
#4571=ADVANCED_FACE('',(#541),#4380,.F.);
#4572=ADVANCED_FACE('',(#542),#4381,.F.);
#4573=ADVANCED_FACE('',(#543),#4382,.F.);
#4574=ADVANCED_FACE('',(#544),#4383,.F.);
#4575=ADVANCED_FACE('',(#545),#4384,.F.);
#4576=ADVANCED_FACE('',(#546),#4385,.F.);
#4577=ADVANCED_FACE('',(#547),#4386,.F.);
#4578=ADVANCED_FACE('',(#548),#4387,.F.);
#4579=ADVANCED_FACE('',(#549),#4388,.F.);
#4580=ADVANCED_FACE('',(#550),#375,.T.);
#4581=ADVANCED_FACE('',(#551),#376,.T.);
#4582=ADVANCED_FACE('',(#552),#377,.T.);
#4583=ADVANCED_FACE('',(#553),#378,.T.);
#4584=ADVANCED_FACE('',(#554),#4389,.F.);
#4585=ADVANCED_FACE('',(#555),#4390,.F.);
#4586=ADVANCED_FACE('',(#556),#4391,.F.);
#4587=ADVANCED_FACE('',(#557),#4392,.F.);
#4588=ADVANCED_FACE('',(#558),#4393,.F.);
#4589=ADVANCED_FACE('',(#559),#4394,.F.);
#4590=ADVANCED_FACE('',(#560),#4395,.F.);
#4591=ADVANCED_FACE('',(#561),#4396,.F.);
#4592=ADVANCED_FACE('',(#562),#4397,.F.);
#4593=ADVANCED_FACE('',(#563),#4398,.F.);
#4594=ADVANCED_FACE('',(#564),#4399,.F.);
#4595=ADVANCED_FACE('',(#565),#4400,.F.);
#4596=ADVANCED_FACE('',(#566),#4401,.F.);
#4597=ADVANCED_FACE('',(#567),#4402,.F.);
#4598=ADVANCED_FACE('',(#568),#4403,.F.);
#4599=ADVANCED_FACE('',(#569),#4404,.F.);
#4600=ADVANCED_FACE('',(#570),#4405,.F.);
#4601=ADVANCED_FACE('',(#571),#379,.T.);
#4602=ADVANCED_FACE('',(#572),#380,.T.);
#4603=ADVANCED_FACE('',(#573),#381,.T.);
#4604=ADVANCED_FACE('',(#574),#382,.T.);
#4605=ADVANCED_FACE('',(#575),#4406,.F.);
#4606=ADVANCED_FACE('',(#576),#4407,.F.);
#4607=ADVANCED_FACE('',(#577),#4408,.F.);
#4608=ADVANCED_FACE('',(#578),#4409,.F.);
#4609=ADVANCED_FACE('',(#579),#4410,.F.);
#4610=ADVANCED_FACE('',(#580),#4411,.F.);
#4611=ADVANCED_FACE('',(#581),#4412,.F.);
#4612=ADVANCED_FACE('',(#582),#4413,.F.);
#4613=ADVANCED_FACE('',(#583),#4414,.F.);
#4614=ADVANCED_FACE('',(#584),#4415,.F.);
#4615=ADVANCED_FACE('',(#585),#4416,.F.);
#4616=ADVANCED_FACE('',(#586),#4417,.F.);
#4617=ADVANCED_FACE('',(#587),#4418,.F.);
#4618=ADVANCED_FACE('',(#588),#383,.T.);
#4619=ADVANCED_FACE('',(#589),#384,.T.);
#4620=ADVANCED_FACE('',(#590),#385,.T.);
#4621=ADVANCED_FACE('',(#591),#386,.T.);
#4622=ADVANCED_FACE('',(#592,#15,#16,#17,#18,#19,#20,#21,#22,#23,#24,#25,
#26,#27,#28,#29,#30,#31,#32,#33,#34,#35,#36,#37,#38,#39,#40,#41,#42,#43,
#44,#45,#46,#47,#48,#49,#50,#51,#52,#53,#54,#55,#56,#57,#58,#59,#60,#61,
#62,#63,#64,#65,#66,#67,#68,#69,#70,#71,#72,#73,#74,#75,#76,#77,#78,#79,
#80,#81,#82,#83,#84,#85,#86,#87,#88,#89,#90,#91,#92,#93,#94,#95,#96,#97,
#98,#99,#100,#101,#102,#103,#104,#105,#106,#107,#108,#109,#110,#111,#112,
#113,#114,#115,#116,#117,#118,#119,#120,#121,#122,#123,#124,#125,#126,#127,
#128,#129,#130,#131,#132,#133,#134,#135,#136,#137,#138,#139,#140,#141,#142,
#143,#144,#145,#146,#147,#148,#149,#150,#151,#152,#153,#154,#155,#156,#157,
#158,#159,#160,#161,#162,#163,#164,#165,#166,#167,#168),#387,.T.);
#4623=ADVANCED_FACE('',(#593,#169,#170,#171,#172,#173,#174,#175,#176,#177,
#178,#179,#180,#181,#182,#183,#184,#185,#186,#187,#188,#189,#190,#191,#192,
#193,#194,#195,#196,#197,#198,#199,#200,#201,#202,#203,#204,#205,#206,#207,
#208,#209,#210,#211,#212,#213,#214,#215,#216,#217,#218,#219,#220,#221,#222,
#223,#224,#225,#226,#227,#228,#229,#230,#231,#232,#233,#234,#235,#236,#237,
#238,#239,#240,#241,#242,#243,#244,#245,#246,#247,#248,#249,#250,#251,#252,
#253,#254,#255,#256,#257,#258,#259,#260,#261,#262,#263,#264,#265,#266,#267,
#268,#269,#270,#271,#272,#273,#274,#275,#276,#277,#278,#279,#280,#281,#282,
#283,#284,#285,#286,#287,#288,#289,#290,#291,#292,#293,#294,#295,#296,#297,
#298,#299,#300,#301,#302,#303,#304,#305,#306,#307,#308,#309,#310,#311,#312,
#313,#314,#315,#316,#317,#318,#319,#320,#321,#322),#388,.F.);
#4624=CLOSED_SHELL('',(#4419,#4420,#4421,#4422,#4423,#4424,#4425,#4426,
#4427,#4428,#4429,#4430,#4431,#4432,#4433,#4434,#4435,#4436,#4437,#4438,
#4439,#4440,#4441,#4442,#4443,#4444,#4445,#4446,#4447,#4448,#4449,#4450,
#4451,#4452,#4453,#4454,#4455,#4456,#4457,#4458,#4459,#4460,#4461,#4462,
#4463,#4464,#4465,#4466,#4467,#4468,#4469,#4470,#4471,#4472,#4473,#4474,
#4475,#4476,#4477,#4478,#4479,#4480,#4481,#4482,#4483,#4484,#4485,#4486,
#4487,#4488,#4489,#4490,#4491,#4492,#4493,#4494,#4495,#4496,#4497,#4498,
#4499,#4500,#4501,#4502,#4503,#4504,#4505,#4506,#4507,#4508,#4509,#4510,
#4511,#4512,#4513,#4514,#4515,#4516,#4517,#4518,#4519,#4520,#4521,#4522,
#4523,#4524,#4525,#4526,#4527,#4528,#4529,#4530,#4531,#4532,#4533,#4534,
#4535,#4536,#4537,#4538,#4539,#4540,#4541,#4542,#4543,#4544,#4545,#4546,
#4547,#4548,#4549,#4550,#4551,#4552,#4553,#4554,#4555,#4556,#4557,#4558,
#4559,#4560,#4561,#4562,#4563,#4564,#4565,#4566,#4567,#4568,#4569,#4570,
#4571,#4572,#4573,#4574,#4575,#4576,#4577,#4578,#4579,#4580,#4581,#4582,
#4583,#4584,#4585,#4586,#4587,#4588,#4589,#4590,#4591,#4592,#4593,#4594,
#4595,#4596,#4597,#4598,#4599,#4600,#4601,#4602,#4603,#4604,#4605,#4606,
#4607,#4608,#4609,#4610,#4611,#4612,#4613,#4614,#4615,#4616,#4617,#4618,
#4619,#4620,#4621,#4622,#4623));
#4625=AXIS2_PLACEMENT_3D('',#6408,#5109,#5110);
#4626=AXIS2_PLACEMENT_3D('',#6409,#5111,#5112);
#4627=AXIS2_PLACEMENT_3D('',#6411,#5113,#5114);
#4628=AXIS2_PLACEMENT_3D('',#6414,#5116,#5117);
#4629=AXIS2_PLACEMENT_3D('',#6415,#5118,#5119);
#4630=AXIS2_PLACEMENT_3D('',#6417,#5120,#5121);
#4631=AXIS2_PLACEMENT_3D('',#6420,#5123,#5124);
#4632=AXIS2_PLACEMENT_3D('',#6421,#5125,#5126);
#4633=AXIS2_PLACEMENT_3D('',#6423,#5127,#5128);
#4634=AXIS2_PLACEMENT_3D('',#6426,#5130,#5131);
#4635=AXIS2_PLACEMENT_3D('',#6427,#5132,#5133);
#4636=AXIS2_PLACEMENT_3D('',#6429,#5134,#5135);
#4637=AXIS2_PLACEMENT_3D('',#6432,#5137,#5138);
#4638=AXIS2_PLACEMENT_3D('',#6433,#5139,#5140);
#4639=AXIS2_PLACEMENT_3D('',#6435,#5141,#5142);
#4640=AXIS2_PLACEMENT_3D('',#6438,#5144,#5145);
#4641=AXIS2_PLACEMENT_3D('',#6439,#5146,#5147);
#4642=AXIS2_PLACEMENT_3D('',#6441,#5148,#5149);
#4643=AXIS2_PLACEMENT_3D('',#6444,#5151,#5152);
#4644=AXIS2_PLACEMENT_3D('',#6445,#5153,#5154);
#4645=AXIS2_PLACEMENT_3D('',#6447,#5155,#5156);
#4646=AXIS2_PLACEMENT_3D('',#6450,#5158,#5159);
#4647=AXIS2_PLACEMENT_3D('',#6451,#5160,#5161);
#4648=AXIS2_PLACEMENT_3D('',#6453,#5162,#5163);
#4649=AXIS2_PLACEMENT_3D('',#6456,#5165,#5166);
#4650=AXIS2_PLACEMENT_3D('',#6457,#5167,#5168);
#4651=AXIS2_PLACEMENT_3D('',#6459,#5169,#5170);
#4652=AXIS2_PLACEMENT_3D('',#6462,#5172,#5173);
#4653=AXIS2_PLACEMENT_3D('',#6463,#5174,#5175);
#4654=AXIS2_PLACEMENT_3D('',#6465,#5176,#5177);
#4655=AXIS2_PLACEMENT_3D('',#6468,#5179,#5180);
#4656=AXIS2_PLACEMENT_3D('',#6469,#5181,#5182);
#4657=AXIS2_PLACEMENT_3D('',#6471,#5183,#5184);
#4658=AXIS2_PLACEMENT_3D('',#6474,#5186,#5187);
#4659=AXIS2_PLACEMENT_3D('',#6475,#5188,#5189);
#4660=AXIS2_PLACEMENT_3D('',#6477,#5190,#5191);
#4661=AXIS2_PLACEMENT_3D('',#6480,#5193,#5194);
#4662=AXIS2_PLACEMENT_3D('',#6481,#5195,#5196);
#4663=AXIS2_PLACEMENT_3D('',#6483,#5197,#5198);
#4664=AXIS2_PLACEMENT_3D('',#6486,#5200,#5201);
#4665=AXIS2_PLACEMENT_3D('',#6487,#5202,#5203);
#4666=AXIS2_PLACEMENT_3D('',#6489,#5204,#5205);
#4667=AXIS2_PLACEMENT_3D('',#6492,#5207,#5208);
#4668=AXIS2_PLACEMENT_3D('',#6493,#5209,#5210);
#4669=AXIS2_PLACEMENT_3D('',#6495,#5211,#5212);
#4670=AXIS2_PLACEMENT_3D('',#6498,#5214,#5215);
#4671=AXIS2_PLACEMENT_3D('',#6499,#5216,#5217);
#4672=AXIS2_PLACEMENT_3D('',#6501,#5218,#5219);
#4673=AXIS2_PLACEMENT_3D('',#6504,#5221,#5222);
#4674=AXIS2_PLACEMENT_3D('',#6505,#5223,#5224);
#4675=AXIS2_PLACEMENT_3D('',#6507,#5225,#5226);
#4676=AXIS2_PLACEMENT_3D('',#6510,#5228,#5229);
#4677=AXIS2_PLACEMENT_3D('',#6511,#5230,#5231);
#4678=AXIS2_PLACEMENT_3D('',#6513,#5232,#5233);
#4679=AXIS2_PLACEMENT_3D('',#6516,#5235,#5236);
#4680=AXIS2_PLACEMENT_3D('',#6517,#5237,#5238);
#4681=AXIS2_PLACEMENT_3D('',#6519,#5239,#5240);
#4682=AXIS2_PLACEMENT_3D('',#6522,#5242,#5243);
#4683=AXIS2_PLACEMENT_3D('',#6523,#5244,#5245);
#4684=AXIS2_PLACEMENT_3D('',#6532,#5250,#5251);
#4685=AXIS2_PLACEMENT_3D('',#6538,#5255,#5256);
#4686=AXIS2_PLACEMENT_3D('',#6544,#5260,#5261);
#4687=AXIS2_PLACEMENT_3D('',#6547,#5264,#5265);
#4688=AXIS2_PLACEMENT_3D('',#6549,#5266,#5267);
#4689=AXIS2_PLACEMENT_3D('',#6552,#5269,#5270);
#4690=AXIS2_PLACEMENT_3D('',#6553,#5271,#5272);
#4691=AXIS2_PLACEMENT_3D('',#6555,#5273,#5274);
#4692=AXIS2_PLACEMENT_3D('',#6558,#5276,#5277);
#4693=AXIS2_PLACEMENT_3D('',#6559,#5278,#5279);
#4694=AXIS2_PLACEMENT_3D('',#6561,#5280,#5281);
#4695=AXIS2_PLACEMENT_3D('',#6564,#5283,#5284);
#4696=AXIS2_PLACEMENT_3D('',#6565,#5285,#5286);
#4697=AXIS2_PLACEMENT_3D('',#6567,#5287,#5288);
#4698=AXIS2_PLACEMENT_3D('',#6570,#5290,#5291);
#4699=AXIS2_PLACEMENT_3D('',#6571,#5292,#5293);
#4700=AXIS2_PLACEMENT_3D('',#6573,#5294,#5295);
#4701=AXIS2_PLACEMENT_3D('',#6576,#5297,#5298);
#4702=AXIS2_PLACEMENT_3D('',#6577,#5299,#5300);
#4703=AXIS2_PLACEMENT_3D('',#6579,#5301,#5302);
#4704=AXIS2_PLACEMENT_3D('',#6582,#5304,#5305);
#4705=AXIS2_PLACEMENT_3D('',#6583,#5306,#5307);
#4706=AXIS2_PLACEMENT_3D('',#6585,#5308,#5309);
#4707=AXIS2_PLACEMENT_3D('',#6588,#5311,#5312);
#4708=AXIS2_PLACEMENT_3D('',#6589,#5313,#5314);
#4709=AXIS2_PLACEMENT_3D('',#6591,#5315,#5316);
#4710=AXIS2_PLACEMENT_3D('',#6594,#5318,#5319);
#4711=AXIS2_PLACEMENT_3D('',#6595,#5320,#5321);
#4712=AXIS2_PLACEMENT_3D('',#6597,#5322,#5323);
#4713=AXIS2_PLACEMENT_3D('',#6600,#5325,#5326);
#4714=AXIS2_PLACEMENT_3D('',#6601,#5327,#5328);
#4715=AXIS2_PLACEMENT_3D('',#6603,#5329,#5330);
#4716=AXIS2_PLACEMENT_3D('',#6606,#5332,#5333);
#4717=AXIS2_PLACEMENT_3D('',#6607,#5334,#5335);
#4718=AXIS2_PLACEMENT_3D('',#6609,#5336,#5337);
#4719=AXIS2_PLACEMENT_3D('',#6612,#5339,#5340);
#4720=AXIS2_PLACEMENT_3D('',#6613,#5341,#5342);
#4721=AXIS2_PLACEMENT_3D('',#6615,#5343,#5344);
#4722=AXIS2_PLACEMENT_3D('',#6618,#5346,#5347);
#4723=AXIS2_PLACEMENT_3D('',#6619,#5348,#5349);
#4724=AXIS2_PLACEMENT_3D('',#6621,#5350,#5351);
#4725=AXIS2_PLACEMENT_3D('',#6624,#5353,#5354);
#4726=AXIS2_PLACEMENT_3D('',#6625,#5355,#5356);
#4727=AXIS2_PLACEMENT_3D('',#6627,#5357,#5358);
#4728=AXIS2_PLACEMENT_3D('',#6630,#5360,#5361);
#4729=AXIS2_PLACEMENT_3D('',#6631,#5362,#5363);
#4730=AXIS2_PLACEMENT_3D('',#6633,#5364,#5365);
#4731=AXIS2_PLACEMENT_3D('',#6636,#5367,#5368);
#4732=AXIS2_PLACEMENT_3D('',#6637,#5369,#5370);
#4733=AXIS2_PLACEMENT_3D('',#6639,#5371,#5372);
#4734=AXIS2_PLACEMENT_3D('',#6642,#5374,#5375);
#4735=AXIS2_PLACEMENT_3D('',#6643,#5376,#5377);
#4736=AXIS2_PLACEMENT_3D('',#6645,#5378,#5379);
#4737=AXIS2_PLACEMENT_3D('',#6648,#5381,#5382);
#4738=AXIS2_PLACEMENT_3D('',#6649,#5383,#5384);
#4739=AXIS2_PLACEMENT_3D('',#6651,#5385,#5386);
#4740=AXIS2_PLACEMENT_3D('',#6654,#5388,#5389);
#4741=AXIS2_PLACEMENT_3D('',#6655,#5390,#5391);
#4742=AXIS2_PLACEMENT_3D('',#6657,#5392,#5393);
#4743=AXIS2_PLACEMENT_3D('',#6660,#5395,#5396);
#4744=AXIS2_PLACEMENT_3D('',#6661,#5397,#5398);
#4745=AXIS2_PLACEMENT_3D('',#6663,#5399,#5400);
#4746=AXIS2_PLACEMENT_3D('',#6666,#5402,#5403);
#4747=AXIS2_PLACEMENT_3D('',#6667,#5404,#5405);
#4748=AXIS2_PLACEMENT_3D('',#6669,#5406,#5407);
#4749=AXIS2_PLACEMENT_3D('',#6672,#5409,#5410);
#4750=AXIS2_PLACEMENT_3D('',#6673,#5411,#5412);
#4751=AXIS2_PLACEMENT_3D('',#6675,#5413,#5414);
#4752=AXIS2_PLACEMENT_3D('',#6678,#5416,#5417);
#4753=AXIS2_PLACEMENT_3D('',#6679,#5418,#5419);
#4754=AXIS2_PLACEMENT_3D('',#6681,#5420,#5421);
#4755=AXIS2_PLACEMENT_3D('',#6684,#5423,#5424);
#4756=AXIS2_PLACEMENT_3D('',#6685,#5425,#5426);
#4757=AXIS2_PLACEMENT_3D('',#6687,#5427,#5428);
#4758=AXIS2_PLACEMENT_3D('',#6690,#5430,#5431);
#4759=AXIS2_PLACEMENT_3D('',#6691,#5432,#5433);
#4760=AXIS2_PLACEMENT_3D('',#6693,#5434,#5435);
#4761=AXIS2_PLACEMENT_3D('',#6696,#5437,#5438);
#4762=AXIS2_PLACEMENT_3D('',#6697,#5439,#5440);
#4763=AXIS2_PLACEMENT_3D('',#6699,#5441,#5442);
#4764=AXIS2_PLACEMENT_3D('',#6702,#5444,#5445);
#4765=AXIS2_PLACEMENT_3D('',#6703,#5446,#5447);
#4766=AXIS2_PLACEMENT_3D('',#6705,#5448,#5449);
#4767=AXIS2_PLACEMENT_3D('',#6708,#5451,#5452);
#4768=AXIS2_PLACEMENT_3D('',#6709,#5453,#5454);
#4769=AXIS2_PLACEMENT_3D('',#6718,#5459,#5460);
#4770=AXIS2_PLACEMENT_3D('',#6724,#5464,#5465);
#4771=AXIS2_PLACEMENT_3D('',#6730,#5469,#5470);
#4772=AXIS2_PLACEMENT_3D('',#6733,#5473,#5474);
#4773=AXIS2_PLACEMENT_3D('',#6742,#5479,#5480);
#4774=AXIS2_PLACEMENT_3D('',#6748,#5484,#5485);
#4775=AXIS2_PLACEMENT_3D('',#6754,#5489,#5490);
#4776=AXIS2_PLACEMENT_3D('',#6757,#5493,#5494);
#4777=AXIS2_PLACEMENT_3D('',#6766,#5499,#5500);
#4778=AXIS2_PLACEMENT_3D('',#6772,#5504,#5505);
#4779=AXIS2_PLACEMENT_3D('',#6778,#5509,#5510);
#4780=AXIS2_PLACEMENT_3D('',#6781,#5513,#5514);
#4781=AXIS2_PLACEMENT_3D('',#6790,#5519,#5520);
#4782=AXIS2_PLACEMENT_3D('',#6796,#5524,#5525);
#4783=AXIS2_PLACEMENT_3D('',#6802,#5529,#5530);
#4784=AXIS2_PLACEMENT_3D('',#6805,#5533,#5534);
#4785=AXIS2_PLACEMENT_3D('',#6814,#5539,#5540);
#4786=AXIS2_PLACEMENT_3D('',#6820,#5544,#5545);
#4787=AXIS2_PLACEMENT_3D('',#6826,#5549,#5550);
#4788=AXIS2_PLACEMENT_3D('',#6829,#5553,#5554);
#4789=AXIS2_PLACEMENT_3D('',#6831,#5555,#5556);
#4790=AXIS2_PLACEMENT_3D('',#6834,#5558,#5559);
#4791=AXIS2_PLACEMENT_3D('',#6835,#5560,#5561);
#4792=AXIS2_PLACEMENT_3D('',#6837,#5562,#5563);
#4793=AXIS2_PLACEMENT_3D('',#6840,#5565,#5566);
#4794=AXIS2_PLACEMENT_3D('',#6841,#5567,#5568);
#4795=AXIS2_PLACEMENT_3D('',#6843,#5569,#5570);
#4796=AXIS2_PLACEMENT_3D('',#6846,#5572,#5573);
#4797=AXIS2_PLACEMENT_3D('',#6847,#5574,#5575);
#4798=AXIS2_PLACEMENT_3D('',#6849,#5576,#5577);
#4799=AXIS2_PLACEMENT_3D('',#6852,#5579,#5580);
#4800=AXIS2_PLACEMENT_3D('',#6853,#5581,#5582);
#4801=AXIS2_PLACEMENT_3D('',#6855,#5583,#5584);
#4802=AXIS2_PLACEMENT_3D('',#6858,#5586,#5587);
#4803=AXIS2_PLACEMENT_3D('',#6859,#5588,#5589);
#4804=AXIS2_PLACEMENT_3D('',#6861,#5590,#5591);
#4805=AXIS2_PLACEMENT_3D('',#6864,#5593,#5594);
#4806=AXIS2_PLACEMENT_3D('',#6865,#5595,#5596);
#4807=AXIS2_PLACEMENT_3D('',#6867,#5597,#5598);
#4808=AXIS2_PLACEMENT_3D('',#6870,#5600,#5601);
#4809=AXIS2_PLACEMENT_3D('',#6871,#5602,#5603);
#4810=AXIS2_PLACEMENT_3D('',#6880,#5608,#5609);
#4811=AXIS2_PLACEMENT_3D('',#6886,#5613,#5614);
#4812=AXIS2_PLACEMENT_3D('',#6892,#5618,#5619);
#4813=AXIS2_PLACEMENT_3D('',#6895,#5622,#5623);
#4814=AXIS2_PLACEMENT_3D('',#6897,#5624,#5625);
#4815=AXIS2_PLACEMENT_3D('',#6900,#5627,#5628);
#4816=AXIS2_PLACEMENT_3D('',#6901,#5629,#5630);
#4817=AXIS2_PLACEMENT_3D('',#6903,#5631,#5632);
#4818=AXIS2_PLACEMENT_3D('',#6906,#5634,#5635);
#4819=AXIS2_PLACEMENT_3D('',#6907,#5636,#5637);
#4820=AXIS2_PLACEMENT_3D('',#6909,#5638,#5639);
#4821=AXIS2_PLACEMENT_3D('',#6912,#5641,#5642);
#4822=AXIS2_PLACEMENT_3D('',#6913,#5643,#5644);
#4823=AXIS2_PLACEMENT_3D('',#6915,#5645,#5646);
#4824=AXIS2_PLACEMENT_3D('',#6918,#5648,#5649);
#4825=AXIS2_PLACEMENT_3D('',#6919,#5650,#5651);
#4826=AXIS2_PLACEMENT_3D('',#6921,#5652,#5653);
#4827=AXIS2_PLACEMENT_3D('',#6924,#5655,#5656);
#4828=AXIS2_PLACEMENT_3D('',#6925,#5657,#5658);
#4829=AXIS2_PLACEMENT_3D('',#6927,#5659,#5660);
#4830=AXIS2_PLACEMENT_3D('',#6930,#5662,#5663);
#4831=AXIS2_PLACEMENT_3D('',#6931,#5664,#5665);
#4832=AXIS2_PLACEMENT_3D('',#6933,#5666,#5667);
#4833=AXIS2_PLACEMENT_3D('',#6936,#5669,#5670);
#4834=AXIS2_PLACEMENT_3D('',#6937,#5671,#5672);
#4835=AXIS2_PLACEMENT_3D('',#6939,#5673,#5674);
#4836=AXIS2_PLACEMENT_3D('',#6942,#5676,#5677);
#4837=AXIS2_PLACEMENT_3D('',#6943,#5678,#5679);
#4838=AXIS2_PLACEMENT_3D('',#6945,#5680,#5681);
#4839=AXIS2_PLACEMENT_3D('',#6948,#5683,#5684);
#4840=AXIS2_PLACEMENT_3D('',#6949,#5685,#5686);
#4841=AXIS2_PLACEMENT_3D('',#6958,#5691,#5692);
#4842=AXIS2_PLACEMENT_3D('',#6964,#5696,#5697);
#4843=AXIS2_PLACEMENT_3D('',#6970,#5701,#5702);
#4844=AXIS2_PLACEMENT_3D('',#6973,#5705,#5706);
#4845=AXIS2_PLACEMENT_3D('',#6975,#5707,#5708);
#4846=AXIS2_PLACEMENT_3D('',#6978,#5710,#5711);
#4847=AXIS2_PLACEMENT_3D('',#6979,#5712,#5713);
#4848=AXIS2_PLACEMENT_3D('',#6981,#5714,#5715);
#4849=AXIS2_PLACEMENT_3D('',#6984,#5717,#5718);
#4850=AXIS2_PLACEMENT_3D('',#6985,#5719,#5720);
#4851=AXIS2_PLACEMENT_3D('',#6987,#5721,#5722);
#4852=AXIS2_PLACEMENT_3D('',#6990,#5724,#5725);
#4853=AXIS2_PLACEMENT_3D('',#6991,#5726,#5727);
#4854=AXIS2_PLACEMENT_3D('',#6993,#5728,#5729);
#4855=AXIS2_PLACEMENT_3D('',#6996,#5731,#5732);
#4856=AXIS2_PLACEMENT_3D('',#6997,#5733,#5734);
#4857=AXIS2_PLACEMENT_3D('',#6999,#5735,#5736);
#4858=AXIS2_PLACEMENT_3D('',#7002,#5738,#5739);
#4859=AXIS2_PLACEMENT_3D('',#7003,#5740,#5741);
#4860=AXIS2_PLACEMENT_3D('',#7005,#5742,#5743);
#4861=AXIS2_PLACEMENT_3D('',#7008,#5745,#5746);
#4862=AXIS2_PLACEMENT_3D('',#7009,#5747,#5748);
#4863=AXIS2_PLACEMENT_3D('',#7011,#5749,#5750);
#4864=AXIS2_PLACEMENT_3D('',#7014,#5752,#5753);
#4865=AXIS2_PLACEMENT_3D('',#7015,#5754,#5755);
#4866=AXIS2_PLACEMENT_3D('',#7017,#5756,#5757);
#4867=AXIS2_PLACEMENT_3D('',#7020,#5759,#5760);
#4868=AXIS2_PLACEMENT_3D('',#7021,#5761,#5762);
#4869=AXIS2_PLACEMENT_3D('',#7023,#5763,#5764);
#4870=AXIS2_PLACEMENT_3D('',#7026,#5766,#5767);
#4871=AXIS2_PLACEMENT_3D('',#7027,#5768,#5769);
#4872=AXIS2_PLACEMENT_3D('',#7029,#5770,#5771);
#4873=AXIS2_PLACEMENT_3D('',#7032,#5773,#5774);
#4874=AXIS2_PLACEMENT_3D('',#7033,#5775,#5776);
#4875=AXIS2_PLACEMENT_3D('',#7035,#5777,#5778);
#4876=AXIS2_PLACEMENT_3D('',#7038,#5780,#5781);
#4877=AXIS2_PLACEMENT_3D('',#7039,#5782,#5783);
#4878=AXIS2_PLACEMENT_3D('',#7041,#5784,#5785);
#4879=AXIS2_PLACEMENT_3D('',#7044,#5787,#5788);
#4880=AXIS2_PLACEMENT_3D('',#7045,#5789,#5790);
#4881=AXIS2_PLACEMENT_3D('',#7047,#5791,#5792);
#4882=AXIS2_PLACEMENT_3D('',#7050,#5794,#5795);
#4883=AXIS2_PLACEMENT_3D('',#7051,#5796,#5797);
#4884=AXIS2_PLACEMENT_3D('',#7053,#5798,#5799);
#4885=AXIS2_PLACEMENT_3D('',#7056,#5801,#5802);
#4886=AXIS2_PLACEMENT_3D('',#7057,#5803,#5804);
#4887=AXIS2_PLACEMENT_3D('',#7066,#5809,#5810);
#4888=AXIS2_PLACEMENT_3D('',#7072,#5814,#5815);
#4889=AXIS2_PLACEMENT_3D('',#7078,#5819,#5820);
#4890=AXIS2_PLACEMENT_3D('',#7081,#5823,#5824);
#4891=AXIS2_PLACEMENT_3D('',#7083,#5825,#5826);
#4892=AXIS2_PLACEMENT_3D('',#7086,#5828,#5829);
#4893=AXIS2_PLACEMENT_3D('',#7087,#5830,#5831);
#4894=AXIS2_PLACEMENT_3D('',#7089,#5832,#5833);
#4895=AXIS2_PLACEMENT_3D('',#7092,#5835,#5836);
#4896=AXIS2_PLACEMENT_3D('',#7093,#5837,#5838);
#4897=AXIS2_PLACEMENT_3D('',#7095,#5839,#5840);
#4898=AXIS2_PLACEMENT_3D('',#7098,#5842,#5843);
#4899=AXIS2_PLACEMENT_3D('',#7099,#5844,#5845);
#4900=AXIS2_PLACEMENT_3D('',#7101,#5846,#5847);
#4901=AXIS2_PLACEMENT_3D('',#7104,#5849,#5850);
#4902=AXIS2_PLACEMENT_3D('',#7105,#5851,#5852);
#4903=AXIS2_PLACEMENT_3D('',#7107,#5853,#5854);
#4904=AXIS2_PLACEMENT_3D('',#7110,#5856,#5857);
#4905=AXIS2_PLACEMENT_3D('',#7111,#5858,#5859);
#4906=AXIS2_PLACEMENT_3D('',#7120,#5864,#5865);
#4907=AXIS2_PLACEMENT_3D('',#7126,#5869,#5870);
#4908=AXIS2_PLACEMENT_3D('',#7132,#5874,#5875);
#4909=AXIS2_PLACEMENT_3D('',#7135,#5878,#5879);
#4910=AXIS2_PLACEMENT_3D('',#7137,#5880,#5881);
#4911=AXIS2_PLACEMENT_3D('',#7140,#5883,#5884);
#4912=AXIS2_PLACEMENT_3D('',#7141,#5885,#5886);
#4913=AXIS2_PLACEMENT_3D('',#7143,#5887,#5888);
#4914=AXIS2_PLACEMENT_3D('',#7146,#5890,#5891);
#4915=AXIS2_PLACEMENT_3D('',#7147,#5892,#5893);
#4916=AXIS2_PLACEMENT_3D('',#7149,#5894,#5895);
#4917=AXIS2_PLACEMENT_3D('',#7152,#5897,#5898);
#4918=AXIS2_PLACEMENT_3D('',#7153,#5899,#5900);
#4919=AXIS2_PLACEMENT_3D('',#7155,#5901,#5902);
#4920=AXIS2_PLACEMENT_3D('',#7158,#5904,#5905);
#4921=AXIS2_PLACEMENT_3D('',#7159,#5906,#5907);
#4922=AXIS2_PLACEMENT_3D('',#7161,#5908,#5909);
#4923=AXIS2_PLACEMENT_3D('',#7164,#5911,#5912);
#4924=AXIS2_PLACEMENT_3D('',#7165,#5913,#5914);
#4925=AXIS2_PLACEMENT_3D('',#7167,#5915,#5916);
#4926=AXIS2_PLACEMENT_3D('',#7170,#5918,#5919);
#4927=AXIS2_PLACEMENT_3D('',#7171,#5920,#5921);
#4928=AXIS2_PLACEMENT_3D('',#7173,#5922,#5923);
#4929=AXIS2_PLACEMENT_3D('',#7176,#5925,#5926);
#4930=AXIS2_PLACEMENT_3D('',#7177,#5927,#5928);
#4931=AXIS2_PLACEMENT_3D('',#7179,#5929,#5930);
#4932=AXIS2_PLACEMENT_3D('',#7182,#5932,#5933);
#4933=AXIS2_PLACEMENT_3D('',#7183,#5934,#5935);
#4934=AXIS2_PLACEMENT_3D('',#7192,#5940,#5941);
#4935=AXIS2_PLACEMENT_3D('',#7198,#5945,#5946);
#4936=AXIS2_PLACEMENT_3D('',#7204,#5950,#5951);
#4937=AXIS2_PLACEMENT_3D('',#7207,#5954,#5955);
#4938=AXIS2_PLACEMENT_3D('',#7216,#5960,#5961);
#4939=AXIS2_PLACEMENT_3D('',#7222,#5965,#5966);
#4940=AXIS2_PLACEMENT_3D('',#7228,#5970,#5971);
#4941=AXIS2_PLACEMENT_3D('',#7231,#5974,#5975);
#4942=AXIS2_PLACEMENT_3D('',#7233,#5976,#5977);
#4943=AXIS2_PLACEMENT_3D('',#7236,#5979,#5980);
#4944=AXIS2_PLACEMENT_3D('',#7237,#5981,#5982);
#4945=AXIS2_PLACEMENT_3D('',#7239,#5983,#5984);
#4946=AXIS2_PLACEMENT_3D('',#7242,#5986,#5987);
#4947=AXIS2_PLACEMENT_3D('',#7243,#5988,#5989);
#4948=AXIS2_PLACEMENT_3D('',#7252,#5994,#5995);
#4949=AXIS2_PLACEMENT_3D('',#7258,#5999,#6000);
#4950=AXIS2_PLACEMENT_3D('',#7264,#6004,#6005);
#4951=AXIS2_PLACEMENT_3D('',#7267,#6008,#6009);
#4952=AXIS2_PLACEMENT_3D('',#7269,#6010,#6011);
#4953=AXIS2_PLACEMENT_3D('',#7272,#6013,#6014);
#4954=AXIS2_PLACEMENT_3D('',#7273,#6015,#6016);
#4955=AXIS2_PLACEMENT_3D('',#7275,#6017,#6018);
#4956=AXIS2_PLACEMENT_3D('',#7278,#6020,#6021);
#4957=AXIS2_PLACEMENT_3D('',#7279,#6022,#6023);
#4958=AXIS2_PLACEMENT_3D('',#7281,#6024,#6025);
#4959=AXIS2_PLACEMENT_3D('',#7284,#6027,#6028);
#4960=AXIS2_PLACEMENT_3D('',#7285,#6029,#6030);
#4961=AXIS2_PLACEMENT_3D('',#7287,#6031,#6032);
#4962=AXIS2_PLACEMENT_3D('',#7290,#6034,#6035);
#4963=AXIS2_PLACEMENT_3D('',#7291,#6036,#6037);
#4964=AXIS2_PLACEMENT_3D('',#7293,#6038,#6039);
#4965=AXIS2_PLACEMENT_3D('',#7296,#6041,#6042);
#4966=AXIS2_PLACEMENT_3D('',#7297,#6043,#6044);
#4967=AXIS2_PLACEMENT_3D('',#7299,#6045,#6046);
#4968=AXIS2_PLACEMENT_3D('',#7302,#6048,#6049);
#4969=AXIS2_PLACEMENT_3D('',#7303,#6050,#6051);
#4970=AXIS2_PLACEMENT_3D('',#7305,#6052,#6053);
#4971=AXIS2_PLACEMENT_3D('',#7308,#6055,#6056);
#4972=AXIS2_PLACEMENT_3D('',#7309,#6057,#6058);
#4973=AXIS2_PLACEMENT_3D('',#7311,#6059,#6060);
#4974=AXIS2_PLACEMENT_3D('',#7314,#6062,#6063);
#4975=AXIS2_PLACEMENT_3D('',#7315,#6064,#6065);
#4976=AXIS2_PLACEMENT_3D('',#7317,#6066,#6067);
#4977=AXIS2_PLACEMENT_3D('',#7320,#6069,#6070);
#4978=AXIS2_PLACEMENT_3D('',#7321,#6071,#6072);
#4979=AXIS2_PLACEMENT_3D('',#7323,#6073,#6074);
#4980=AXIS2_PLACEMENT_3D('',#7326,#6076,#6077);
#4981=AXIS2_PLACEMENT_3D('',#7327,#6078,#6079);
#4982=AXIS2_PLACEMENT_3D('',#7329,#6080,#6081);
#4983=AXIS2_PLACEMENT_3D('',#7332,#6083,#6084);
#4984=AXIS2_PLACEMENT_3D('',#7333,#6085,#6086);
#4985=AXIS2_PLACEMENT_3D('',#7335,#6087,#6088);
#4986=AXIS2_PLACEMENT_3D('',#7338,#6090,#6091);
#4987=AXIS2_PLACEMENT_3D('',#7339,#6092,#6093);
#4988=AXIS2_PLACEMENT_3D('',#7341,#6094,#6095);
#4989=AXIS2_PLACEMENT_3D('',#7344,#6097,#6098);
#4990=AXIS2_PLACEMENT_3D('',#7345,#6099,#6100);
#4991=AXIS2_PLACEMENT_3D('',#7347,#6101,#6102);
#4992=AXIS2_PLACEMENT_3D('',#7350,#6104,#6105);
#4993=AXIS2_PLACEMENT_3D('',#7351,#6106,#6107);
#4994=AXIS2_PLACEMENT_3D('',#7353,#6108,#6109);
#4995=AXIS2_PLACEMENT_3D('',#7356,#6111,#6112);
#4996=AXIS2_PLACEMENT_3D('',#7357,#6113,#6114);
#4997=AXIS2_PLACEMENT_3D('',#7359,#6115,#6116);
#4998=AXIS2_PLACEMENT_3D('',#7362,#6118,#6119);
#4999=AXIS2_PLACEMENT_3D('',#7363,#6120,#6121);
#5000=AXIS2_PLACEMENT_3D('',#7365,#6122,#6123);
#5001=AXIS2_PLACEMENT_3D('',#7368,#6125,#6126);
#5002=AXIS2_PLACEMENT_3D('',#7369,#6127,#6128);
#5003=AXIS2_PLACEMENT_3D('',#7371,#6129,#6130);
#5004=AXIS2_PLACEMENT_3D('',#7374,#6132,#6133);
#5005=AXIS2_PLACEMENT_3D('',#7375,#6134,#6135);
#5006=AXIS2_PLACEMENT_3D('',#7384,#6140,#6141);
#5007=AXIS2_PLACEMENT_3D('',#7390,#6145,#6146);
#5008=AXIS2_PLACEMENT_3D('',#7396,#6150,#6151);
#5009=AXIS2_PLACEMENT_3D('',#7399,#6154,#6155);
#5010=AXIS2_PLACEMENT_3D('',#7401,#6156,#6157);
#5011=AXIS2_PLACEMENT_3D('',#7404,#6159,#6160);
#5012=AXIS2_PLACEMENT_3D('',#7405,#6161,#6162);
#5013=AXIS2_PLACEMENT_3D('',#7407,#6163,#6164);
#5014=AXIS2_PLACEMENT_3D('',#7410,#6166,#6167);
#5015=AXIS2_PLACEMENT_3D('',#7411,#6168,#6169);
#5016=AXIS2_PLACEMENT_3D('',#7413,#6170,#6171);
#5017=AXIS2_PLACEMENT_3D('',#7416,#6173,#6174);
#5018=AXIS2_PLACEMENT_3D('',#7417,#6175,#6176);
#5019=AXIS2_PLACEMENT_3D('',#7419,#6177,#6178);
#5020=AXIS2_PLACEMENT_3D('',#7422,#6180,#6181);
#5021=AXIS2_PLACEMENT_3D('',#7423,#6182,#6183);
#5022=AXIS2_PLACEMENT_3D('',#7425,#6184,#6185);
#5023=AXIS2_PLACEMENT_3D('',#7428,#6187,#6188);
#5024=AXIS2_PLACEMENT_3D('',#7429,#6189,#6190);
#5025=AXIS2_PLACEMENT_3D('',#7431,#6191,#6192);
#5026=AXIS2_PLACEMENT_3D('',#7434,#6194,#6195);
#5027=AXIS2_PLACEMENT_3D('',#7435,#6196,#6197);
#5028=AXIS2_PLACEMENT_3D('',#7437,#6198,#6199);
#5029=AXIS2_PLACEMENT_3D('',#7440,#6201,#6202);
#5030=AXIS2_PLACEMENT_3D('',#7441,#6203,#6204);
#5031=AXIS2_PLACEMENT_3D('',#7443,#6205,#6206);
#5032=AXIS2_PLACEMENT_3D('',#7446,#6208,#6209);
#5033=AXIS2_PLACEMENT_3D('',#7447,#6210,#6211);
#5034=AXIS2_PLACEMENT_3D('',#7449,#6212,#6213);
#5035=AXIS2_PLACEMENT_3D('',#7452,#6215,#6216);
#5036=AXIS2_PLACEMENT_3D('',#7453,#6217,#6218);
#5037=AXIS2_PLACEMENT_3D('',#7455,#6219,#6220);
#5038=AXIS2_PLACEMENT_3D('',#7458,#6222,#6223);
#5039=AXIS2_PLACEMENT_3D('',#7459,#6224,#6225);
#5040=AXIS2_PLACEMENT_3D('',#7461,#6226,#6227);
#5041=AXIS2_PLACEMENT_3D('',#7464,#6229,#6230);
#5042=AXIS2_PLACEMENT_3D('',#7465,#6231,#6232);
#5043=AXIS2_PLACEMENT_3D('',#7467,#6233,#6234);
#5044=AXIS2_PLACEMENT_3D('',#7470,#6236,#6237);
#5045=AXIS2_PLACEMENT_3D('',#7471,#6238,#6239);
#5046=AXIS2_PLACEMENT_3D('',#7473,#6240,#6241);
#5047=AXIS2_PLACEMENT_3D('',#7476,#6243,#6244);
#5048=AXIS2_PLACEMENT_3D('',#7477,#6245,#6246);
#5049=AXIS2_PLACEMENT_3D('',#7479,#6247,#6248);
#5050=AXIS2_PLACEMENT_3D('',#7482,#6250,#6251);
#5051=AXIS2_PLACEMENT_3D('',#7483,#6252,#6253);
#5052=AXIS2_PLACEMENT_3D('',#7485,#6254,#6255);
#5053=AXIS2_PLACEMENT_3D('',#7488,#6257,#6258);
#5054=AXIS2_PLACEMENT_3D('',#7489,#6259,#6260);
#5055=AXIS2_PLACEMENT_3D('',#7491,#6261,#6262);
#5056=AXIS2_PLACEMENT_3D('',#7494,#6264,#6265);
#5057=AXIS2_PLACEMENT_3D('',#7495,#6266,#6267);
#5058=AXIS2_PLACEMENT_3D('',#7497,#6268,#6269);
#5059=AXIS2_PLACEMENT_3D('',#7500,#6271,#6272);
#5060=AXIS2_PLACEMENT_3D('',#7501,#6273,#6274);
#5061=AXIS2_PLACEMENT_3D('',#7510,#6279,#6280);
#5062=AXIS2_PLACEMENT_3D('',#7516,#6284,#6285);
#5063=AXIS2_PLACEMENT_3D('',#7522,#6289,#6290);
#5064=AXIS2_PLACEMENT_3D('',#7525,#6293,#6294);
#5065=AXIS2_PLACEMENT_3D('',#7527,#6295,#6296);
#5066=AXIS2_PLACEMENT_3D('',#7530,#6298,#6299);
#5067=AXIS2_PLACEMENT_3D('',#7531,#6300,#6301);
#5068=AXIS2_PLACEMENT_3D('',#7533,#6302,#6303);
#5069=AXIS2_PLACEMENT_3D('',#7536,#6305,#6306);
#5070=AXIS2_PLACEMENT_3D('',#7537,#6307,#6308);
#5071=AXIS2_PLACEMENT_3D('',#7539,#6309,#6310);
#5072=AXIS2_PLACEMENT_3D('',#7542,#6312,#6313);
#5073=AXIS2_PLACEMENT_3D('',#7543,#6314,#6315);
#5074=AXIS2_PLACEMENT_3D('',#7545,#6316,#6317);
#5075=AXIS2_PLACEMENT_3D('',#7548,#6319,#6320);
#5076=AXIS2_PLACEMENT_3D('',#7549,#6321,#6322);
#5077=AXIS2_PLACEMENT_3D('',#7551,#6323,#6324);
#5078=AXIS2_PLACEMENT_3D('',#7554,#6326,#6327);
#5079=AXIS2_PLACEMENT_3D('',#7555,#6328,#6329);
#5080=AXIS2_PLACEMENT_3D('',#7557,#6330,#6331);
#5081=AXIS2_PLACEMENT_3D('',#7560,#6333,#6334);
#5082=AXIS2_PLACEMENT_3D('',#7561,#6335,#6336);
#5083=AXIS2_PLACEMENT_3D('',#7563,#6337,#6338);
#5084=AXIS2_PLACEMENT_3D('',#7566,#6340,#6341);
#5085=AXIS2_PLACEMENT_3D('',#7567,#6342,#6343);
#5086=AXIS2_PLACEMENT_3D('',#7569,#6344,#6345);
#5087=AXIS2_PLACEMENT_3D('',#7572,#6347,#6348);
#5088=AXIS2_PLACEMENT_3D('',#7573,#6349,#6350);
#5089=AXIS2_PLACEMENT_3D('',#7575,#6351,#6352);
#5090=AXIS2_PLACEMENT_3D('',#7578,#6354,#6355);
#5091=AXIS2_PLACEMENT_3D('',#7579,#6356,#6357);
#5092=AXIS2_PLACEMENT_3D('',#7581,#6358,#6359);
#5093=AXIS2_PLACEMENT_3D('',#7584,#6361,#6362);
#5094=AXIS2_PLACEMENT_3D('',#7585,#6363,#6364);
#5095=AXIS2_PLACEMENT_3D('',#7587,#6365,#6366);
#5096=AXIS2_PLACEMENT_3D('',#7590,#6368,#6369);
#5097=AXIS2_PLACEMENT_3D('',#7591,#6370,#6371);
#5098=AXIS2_PLACEMENT_3D('',#7593,#6372,#6373);
#5099=AXIS2_PLACEMENT_3D('',#7596,#6375,#6376);
#5100=AXIS2_PLACEMENT_3D('',#7597,#6377,#6378);
#5101=AXIS2_PLACEMENT_3D('',#7599,#6379,#6380);
#5102=AXIS2_PLACEMENT_3D('',#7602,#6382,#6383);
#5103=AXIS2_PLACEMENT_3D('',#7603,#6384,#6385);
#5104=AXIS2_PLACEMENT_3D('',#7612,#6390,#6391);
#5105=AXIS2_PLACEMENT_3D('',#7618,#6395,#6396);
#5106=AXIS2_PLACEMENT_3D('',#7624,#6400,#6401);
#5107=AXIS2_PLACEMENT_3D('',#7627,#6404,#6405);
#5108=AXIS2_PLACEMENT_3D('',#7628,#6406,#6407);
#5109=DIRECTION('axis',(0.,0.,1.));
#5110=DIRECTION('refdir',(1.,0.,0.));
#5111=DIRECTION('center_axis',(0.,0.,1.));
#5112=DIRECTION('ref_axis',(1.,0.,0.));
#5113=DIRECTION('center_axis',(0.,0.,-1.));
#5114=DIRECTION('ref_axis',(1.,0.,0.));
#5115=DIRECTION('',(0.,0.,-1.));
#5116=DIRECTION('center_axis',(0.,0.,-1.));
#5117=DIRECTION('ref_axis',(1.,0.,0.));
#5118=DIRECTION('center_axis',(0.,0.,1.));
#5119=DIRECTION('ref_axis',(1.,0.,0.));
#5120=DIRECTION('center_axis',(0.,0.,-1.));
#5121=DIRECTION('ref_axis',(1.,0.,0.));
#5122=DIRECTION('',(0.,0.,-1.));
#5123=DIRECTION('center_axis',(0.,0.,-1.));
#5124=DIRECTION('ref_axis',(1.,0.,0.));
#5125=DIRECTION('center_axis',(0.,0.,1.));
#5126=DIRECTION('ref_axis',(1.,0.,0.));
#5127=DIRECTION('center_axis',(0.,0.,-1.));
#5128=DIRECTION('ref_axis',(1.,0.,0.));
#5129=DIRECTION('',(0.,0.,-1.));
#5130=DIRECTION('center_axis',(0.,0.,-1.));
#5131=DIRECTION('ref_axis',(1.,0.,0.));
#5132=DIRECTION('center_axis',(0.,0.,1.));
#5133=DIRECTION('ref_axis',(1.,0.,0.));
#5134=DIRECTION('center_axis',(0.,0.,-1.));
#5135=DIRECTION('ref_axis',(1.,0.,0.));
#5136=DIRECTION('',(0.,0.,-1.));
#5137=DIRECTION('center_axis',(0.,0.,-1.));
#5138=DIRECTION('ref_axis',(1.,0.,0.));
#5139=DIRECTION('center_axis',(0.,0.,1.));
#5140=DIRECTION('ref_axis',(1.,0.,0.));
#5141=DIRECTION('center_axis',(0.,0.,-1.));
#5142=DIRECTION('ref_axis',(1.,0.,0.));
#5143=DIRECTION('',(0.,0.,-1.));
#5144=DIRECTION('center_axis',(0.,0.,-1.));
#5145=DIRECTION('ref_axis',(1.,0.,0.));
#5146=DIRECTION('center_axis',(0.,0.,1.));
#5147=DIRECTION('ref_axis',(1.,0.,0.));
#5148=DIRECTION('center_axis',(0.,0.,-1.));
#5149=DIRECTION('ref_axis',(1.,0.,0.));
#5150=DIRECTION('',(0.,0.,-1.));
#5151=DIRECTION('center_axis',(0.,0.,-1.));
#5152=DIRECTION('ref_axis',(1.,0.,0.));
#5153=DIRECTION('center_axis',(0.,0.,1.));
#5154=DIRECTION('ref_axis',(1.,0.,0.));
#5155=DIRECTION('center_axis',(0.,0.,-1.));
#5156=DIRECTION('ref_axis',(1.,0.,0.));
#5157=DIRECTION('',(0.,0.,-1.));
#5158=DIRECTION('center_axis',(0.,0.,-1.));
#5159=DIRECTION('ref_axis',(1.,0.,0.));
#5160=DIRECTION('center_axis',(0.,0.,1.));
#5161=DIRECTION('ref_axis',(1.,0.,0.));
#5162=DIRECTION('center_axis',(0.,0.,-1.));
#5163=DIRECTION('ref_axis',(1.,0.,0.));
#5164=DIRECTION('',(0.,0.,-1.));
#5165=DIRECTION('center_axis',(0.,0.,-1.));
#5166=DIRECTION('ref_axis',(1.,0.,0.));
#5167=DIRECTION('center_axis',(0.,0.,1.));
#5168=DIRECTION('ref_axis',(1.,0.,0.));
#5169=DIRECTION('center_axis',(0.,0.,-1.));
#5170=DIRECTION('ref_axis',(1.,0.,0.));
#5171=DIRECTION('',(0.,0.,-1.));
#5172=DIRECTION('center_axis',(0.,0.,-1.));
#5173=DIRECTION('ref_axis',(1.,0.,0.));
#5174=DIRECTION('center_axis',(0.,0.,1.));
#5175=DIRECTION('ref_axis',(1.,0.,0.));
#5176=DIRECTION('center_axis',(0.,0.,-1.));
#5177=DIRECTION('ref_axis',(1.,0.,0.));
#5178=DIRECTION('',(0.,0.,-1.));
#5179=DIRECTION('center_axis',(0.,0.,-1.));
#5180=DIRECTION('ref_axis',(1.,0.,0.));
#5181=DIRECTION('center_axis',(0.,0.,1.));
#5182=DIRECTION('ref_axis',(1.,0.,0.));
#5183=DIRECTION('center_axis',(0.,0.,-1.));
#5184=DIRECTION('ref_axis',(1.,0.,0.));
#5185=DIRECTION('',(0.,0.,-1.));
#5186=DIRECTION('center_axis',(0.,0.,-1.));
#5187=DIRECTION('ref_axis',(1.,0.,0.));
#5188=DIRECTION('center_axis',(0.,0.,1.));
#5189=DIRECTION('ref_axis',(1.,0.,0.));
#5190=DIRECTION('center_axis',(0.,0.,-1.));
#5191=DIRECTION('ref_axis',(1.,0.,0.));
#5192=DIRECTION('',(0.,0.,-1.));
#5193=DIRECTION('center_axis',(0.,0.,-1.));
#5194=DIRECTION('ref_axis',(1.,0.,0.));
#5195=DIRECTION('center_axis',(0.,0.,1.));
#5196=DIRECTION('ref_axis',(1.,0.,0.));
#5197=DIRECTION('center_axis',(0.,0.,-1.));
#5198=DIRECTION('ref_axis',(1.,0.,0.));
#5199=DIRECTION('',(0.,0.,-1.));
#5200=DIRECTION('center_axis',(0.,0.,-1.));
#5201=DIRECTION('ref_axis',(1.,0.,0.));
#5202=DIRECTION('center_axis',(0.,0.,1.));
#5203=DIRECTION('ref_axis',(1.,0.,0.));
#5204=DIRECTION('center_axis',(0.,0.,-1.));
#5205=DIRECTION('ref_axis',(1.,0.,0.));
#5206=DIRECTION('',(0.,0.,-1.));
#5207=DIRECTION('center_axis',(0.,0.,-1.));
#5208=DIRECTION('ref_axis',(1.,0.,0.));
#5209=DIRECTION('center_axis',(0.,0.,1.));
#5210=DIRECTION('ref_axis',(1.,0.,0.));
#5211=DIRECTION('center_axis',(0.,0.,-1.));
#5212=DIRECTION('ref_axis',(1.,0.,0.));
#5213=DIRECTION('',(0.,0.,-1.));
#5214=DIRECTION('center_axis',(0.,0.,-1.));
#5215=DIRECTION('ref_axis',(1.,0.,0.));
#5216=DIRECTION('center_axis',(0.,0.,1.));
#5217=DIRECTION('ref_axis',(1.,0.,0.));
#5218=DIRECTION('center_axis',(0.,0.,-1.));
#5219=DIRECTION('ref_axis',(1.,0.,0.));
#5220=DIRECTION('',(0.,0.,-1.));
#5221=DIRECTION('center_axis',(0.,0.,-1.));
#5222=DIRECTION('ref_axis',(1.,0.,0.));
#5223=DIRECTION('center_axis',(0.,0.,1.));
#5224=DIRECTION('ref_axis',(1.,0.,0.));
#5225=DIRECTION('center_axis',(0.,0.,-1.));
#5226=DIRECTION('ref_axis',(1.,0.,0.));
#5227=DIRECTION('',(0.,0.,-1.));
#5228=DIRECTION('center_axis',(0.,0.,-1.));
#5229=DIRECTION('ref_axis',(1.,0.,0.));
#5230=DIRECTION('center_axis',(0.,0.,1.));
#5231=DIRECTION('ref_axis',(1.,0.,0.));
#5232=DIRECTION('center_axis',(0.,0.,-1.));
#5233=DIRECTION('ref_axis',(1.,0.,0.));
#5234=DIRECTION('',(0.,0.,-1.));
#5235=DIRECTION('center_axis',(0.,0.,-1.));
#5236=DIRECTION('ref_axis',(1.,0.,0.));
#5237=DIRECTION('center_axis',(0.,0.,1.));
#5238=DIRECTION('ref_axis',(1.,0.,0.));
#5239=DIRECTION('center_axis',(0.,0.,-1.));
#5240=DIRECTION('ref_axis',(1.,0.,0.));
#5241=DIRECTION('',(0.,0.,-1.));
#5242=DIRECTION('center_axis',(0.,0.,-1.));
#5243=DIRECTION('ref_axis',(1.,0.,0.));
#5244=DIRECTION('center_axis',(0.,1.,0.));
#5245=DIRECTION('ref_axis',(-1.,0.,0.));
#5246=DIRECTION('',(-1.,0.,0.));
#5247=DIRECTION('',(0.,0.,1.));
#5248=DIRECTION('',(-1.,0.,0.));
#5249=DIRECTION('',(0.,0.,1.));
#5250=DIRECTION('center_axis',(-1.,0.,0.));
#5251=DIRECTION('ref_axis',(0.,-1.,0.));
#5252=DIRECTION('',(0.,-1.,0.));
#5253=DIRECTION('',(0.,-1.,0.));
#5254=DIRECTION('',(0.,0.,1.));
#5255=DIRECTION('center_axis',(0.,-1.,0.));
#5256=DIRECTION('ref_axis',(1.,0.,0.));
#5257=DIRECTION('',(1.,0.,0.));
#5258=DIRECTION('',(1.,0.,0.));
#5259=DIRECTION('',(0.,0.,1.));
#5260=DIRECTION('center_axis',(1.,0.,0.));
#5261=DIRECTION('ref_axis',(0.,1.,0.));
#5262=DIRECTION('',(0.,1.,0.));
#5263=DIRECTION('',(0.,1.,0.));
#5264=DIRECTION('center_axis',(0.,0.,1.));
#5265=DIRECTION('ref_axis',(1.,0.,0.));
#5266=DIRECTION('center_axis',(0.,0.,-1.));
#5267=DIRECTION('ref_axis',(1.,0.,0.));
#5268=DIRECTION('',(0.,0.,-1.));
#5269=DIRECTION('center_axis',(0.,0.,-1.));
#5270=DIRECTION('ref_axis',(1.,0.,0.));
#5271=DIRECTION('center_axis',(0.,0.,1.));
#5272=DIRECTION('ref_axis',(1.,0.,0.));
#5273=DIRECTION('center_axis',(0.,0.,-1.));
#5274=DIRECTION('ref_axis',(1.,0.,0.));
#5275=DIRECTION('',(0.,0.,-1.));
#5276=DIRECTION('center_axis',(0.,0.,-1.));
#5277=DIRECTION('ref_axis',(1.,0.,0.));
#5278=DIRECTION('center_axis',(0.,0.,1.));
#5279=DIRECTION('ref_axis',(1.,0.,0.));
#5280=DIRECTION('center_axis',(0.,0.,-1.));
#5281=DIRECTION('ref_axis',(1.,0.,0.));
#5282=DIRECTION('',(0.,0.,-1.));
#5283=DIRECTION('center_axis',(0.,0.,-1.));
#5284=DIRECTION('ref_axis',(1.,0.,0.));
#5285=DIRECTION('center_axis',(0.,0.,1.));
#5286=DIRECTION('ref_axis',(1.,0.,0.));
#5287=DIRECTION('center_axis',(0.,0.,-1.));
#5288=DIRECTION('ref_axis',(1.,0.,0.));
#5289=DIRECTION('',(0.,0.,-1.));
#5290=DIRECTION('center_axis',(0.,0.,-1.));
#5291=DIRECTION('ref_axis',(1.,0.,0.));
#5292=DIRECTION('center_axis',(0.,0.,1.));
#5293=DIRECTION('ref_axis',(1.,0.,0.));
#5294=DIRECTION('center_axis',(0.,0.,-1.));
#5295=DIRECTION('ref_axis',(1.,0.,0.));
#5296=DIRECTION('',(0.,0.,-1.));
#5297=DIRECTION('center_axis',(0.,0.,-1.));
#5298=DIRECTION('ref_axis',(1.,0.,0.));
#5299=DIRECTION('center_axis',(0.,0.,1.));
#5300=DIRECTION('ref_axis',(1.,0.,0.));
#5301=DIRECTION('center_axis',(0.,0.,-1.));
#5302=DIRECTION('ref_axis',(1.,0.,0.));
#5303=DIRECTION('',(0.,0.,-1.));
#5304=DIRECTION('center_axis',(0.,0.,-1.));
#5305=DIRECTION('ref_axis',(1.,0.,0.));
#5306=DIRECTION('center_axis',(0.,0.,1.));
#5307=DIRECTION('ref_axis',(1.,0.,0.));
#5308=DIRECTION('center_axis',(0.,0.,-1.));
#5309=DIRECTION('ref_axis',(1.,0.,0.));
#5310=DIRECTION('',(0.,0.,-1.));
#5311=DIRECTION('center_axis',(0.,0.,-1.));
#5312=DIRECTION('ref_axis',(1.,0.,0.));
#5313=DIRECTION('center_axis',(0.,0.,1.));
#5314=DIRECTION('ref_axis',(1.,0.,0.));
#5315=DIRECTION('center_axis',(0.,0.,-1.));
#5316=DIRECTION('ref_axis',(1.,0.,0.));
#5317=DIRECTION('',(0.,0.,-1.));
#5318=DIRECTION('center_axis',(0.,0.,-1.));
#5319=DIRECTION('ref_axis',(1.,0.,0.));
#5320=DIRECTION('center_axis',(0.,0.,1.));
#5321=DIRECTION('ref_axis',(1.,0.,0.));
#5322=DIRECTION('center_axis',(0.,0.,-1.));
#5323=DIRECTION('ref_axis',(1.,0.,0.));
#5324=DIRECTION('',(0.,0.,-1.));
#5325=DIRECTION('center_axis',(0.,0.,-1.));
#5326=DIRECTION('ref_axis',(1.,0.,0.));
#5327=DIRECTION('center_axis',(0.,0.,1.));
#5328=DIRECTION('ref_axis',(1.,0.,0.));
#5329=DIRECTION('center_axis',(0.,0.,-1.));
#5330=DIRECTION('ref_axis',(1.,0.,0.));
#5331=DIRECTION('',(0.,0.,-1.));
#5332=DIRECTION('center_axis',(0.,0.,-1.));
#5333=DIRECTION('ref_axis',(1.,0.,0.));
#5334=DIRECTION('center_axis',(0.,0.,1.));
#5335=DIRECTION('ref_axis',(1.,0.,0.));
#5336=DIRECTION('center_axis',(0.,0.,-1.));
#5337=DIRECTION('ref_axis',(1.,0.,0.));
#5338=DIRECTION('',(0.,0.,-1.));
#5339=DIRECTION('center_axis',(0.,0.,-1.));
#5340=DIRECTION('ref_axis',(1.,0.,0.));
#5341=DIRECTION('center_axis',(0.,0.,1.));
#5342=DIRECTION('ref_axis',(1.,0.,0.));
#5343=DIRECTION('center_axis',(0.,0.,-1.));
#5344=DIRECTION('ref_axis',(1.,0.,0.));
#5345=DIRECTION('',(0.,0.,-1.));
#5346=DIRECTION('center_axis',(0.,0.,-1.));
#5347=DIRECTION('ref_axis',(1.,0.,0.));
#5348=DIRECTION('center_axis',(0.,0.,1.));
#5349=DIRECTION('ref_axis',(1.,0.,0.));
#5350=DIRECTION('center_axis',(0.,0.,-1.));
#5351=DIRECTION('ref_axis',(1.,0.,0.));
#5352=DIRECTION('',(0.,0.,-1.));
#5353=DIRECTION('center_axis',(0.,0.,-1.));
#5354=DIRECTION('ref_axis',(1.,0.,0.));
#5355=DIRECTION('center_axis',(0.,0.,1.));
#5356=DIRECTION('ref_axis',(1.,0.,0.));
#5357=DIRECTION('center_axis',(0.,0.,-1.));
#5358=DIRECTION('ref_axis',(1.,0.,0.));
#5359=DIRECTION('',(0.,0.,-1.));
#5360=DIRECTION('center_axis',(0.,0.,-1.));
#5361=DIRECTION('ref_axis',(1.,0.,0.));
#5362=DIRECTION('center_axis',(0.,0.,1.));
#5363=DIRECTION('ref_axis',(1.,0.,0.));
#5364=DIRECTION('center_axis',(0.,0.,-1.));
#5365=DIRECTION('ref_axis',(1.,0.,0.));
#5366=DIRECTION('',(0.,0.,-1.));
#5367=DIRECTION('center_axis',(0.,0.,-1.));
#5368=DIRECTION('ref_axis',(1.,0.,0.));
#5369=DIRECTION('center_axis',(0.,0.,1.));
#5370=DIRECTION('ref_axis',(1.,0.,0.));
#5371=DIRECTION('center_axis',(0.,0.,-1.));
#5372=DIRECTION('ref_axis',(1.,0.,0.));
#5373=DIRECTION('',(0.,0.,-1.));
#5374=DIRECTION('center_axis',(0.,0.,-1.));
#5375=DIRECTION('ref_axis',(1.,0.,0.));
#5376=DIRECTION('center_axis',(0.,0.,1.));
#5377=DIRECTION('ref_axis',(1.,0.,0.));
#5378=DIRECTION('center_axis',(0.,0.,-1.));
#5379=DIRECTION('ref_axis',(1.,0.,0.));
#5380=DIRECTION('',(0.,0.,-1.));
#5381=DIRECTION('center_axis',(0.,0.,-1.));
#5382=DIRECTION('ref_axis',(1.,0.,0.));
#5383=DIRECTION('center_axis',(0.,0.,1.));
#5384=DIRECTION('ref_axis',(1.,0.,0.));
#5385=DIRECTION('center_axis',(0.,0.,-1.));
#5386=DIRECTION('ref_axis',(1.,0.,0.));
#5387=DIRECTION('',(0.,0.,-1.));
#5388=DIRECTION('center_axis',(0.,0.,-1.));
#5389=DIRECTION('ref_axis',(1.,0.,0.));
#5390=DIRECTION('center_axis',(0.,0.,1.));
#5391=DIRECTION('ref_axis',(1.,0.,0.));
#5392=DIRECTION('center_axis',(0.,0.,-1.));
#5393=DIRECTION('ref_axis',(1.,0.,0.));
#5394=DIRECTION('',(0.,0.,-1.));
#5395=DIRECTION('center_axis',(0.,0.,-1.));
#5396=DIRECTION('ref_axis',(1.,0.,0.));
#5397=DIRECTION('center_axis',(0.,0.,1.));
#5398=DIRECTION('ref_axis',(0.396079766039153,-0.918216106880276,0.));
#5399=DIRECTION('center_axis',(0.,0.,-1.));
#5400=DIRECTION('ref_axis',(0.396079766039153,-0.918216106880276,0.));
#5401=DIRECTION('',(0.,0.,-1.));
#5402=DIRECTION('center_axis',(0.,0.,-1.));
#5403=DIRECTION('ref_axis',(0.396079766039153,-0.918216106880276,0.));
#5404=DIRECTION('center_axis',(0.,0.,1.));
#5405=DIRECTION('ref_axis',(0.365341024366399,-0.930873748644203,0.));
#5406=DIRECTION('center_axis',(0.,0.,-1.));
#5407=DIRECTION('ref_axis',(0.365341024366399,-0.930873748644203,0.));
#5408=DIRECTION('',(0.,0.,-1.));
#5409=DIRECTION('center_axis',(0.,0.,-1.));
#5410=DIRECTION('ref_axis',(0.365341024366399,-0.930873748644203,0.));
#5411=DIRECTION('center_axis',(0.,0.,1.));
#5412=DIRECTION('ref_axis',(0.826238774316003,0.563320058063611,0.));
#5413=DIRECTION('center_axis',(0.,0.,-1.));
#5414=DIRECTION('ref_axis',(0.826238774316003,0.563320058063611,0.));
#5415=DIRECTION('',(0.,0.,-1.));
#5416=DIRECTION('center_axis',(0.,0.,-1.));
#5417=DIRECTION('ref_axis',(0.826238774316003,0.563320058063611,0.));
#5418=DIRECTION('center_axis',(0.,0.,1.));
#5419=DIRECTION('ref_axis',(1.,0.,0.));
#5420=DIRECTION('center_axis',(0.,0.,-1.));
#5421=DIRECTION('ref_axis',(1.,0.,0.));
#5422=DIRECTION('',(0.,0.,-1.));
#5423=DIRECTION('center_axis',(0.,0.,-1.));
#5424=DIRECTION('ref_axis',(1.,0.,0.));
#5425=DIRECTION('center_axis',(0.,0.,1.));
#5426=DIRECTION('ref_axis',(-0.500000000000007,-0.866025403784434,0.));
#5427=DIRECTION('center_axis',(0.,0.,-1.));
#5428=DIRECTION('ref_axis',(-0.500000000000007,-0.866025403784434,0.));
#5429=DIRECTION('',(0.,0.,-1.));
#5430=DIRECTION('center_axis',(0.,0.,-1.));
#5431=DIRECTION('ref_axis',(-0.500000000000007,-0.866025403784434,0.));
#5432=DIRECTION('center_axis',(0.,0.,1.));
#5433=DIRECTION('ref_axis',(-0.939692620785908,-0.342020143325671,0.));
#5434=DIRECTION('center_axis',(0.,0.,-1.));
#5435=DIRECTION('ref_axis',(-0.939692620785908,-0.342020143325671,0.));
#5436=DIRECTION('',(0.,0.,-1.));
#5437=DIRECTION('center_axis',(0.,0.,-1.));
#5438=DIRECTION('ref_axis',(-0.939692620785908,-0.342020143325671,0.));
#5439=DIRECTION('center_axis',(0.,0.,1.));
#5440=DIRECTION('ref_axis',(0.173648177666929,-0.984807753012208,0.));
#5441=DIRECTION('center_axis',(0.,0.,-1.));
#5442=DIRECTION('ref_axis',(0.173648177666929,-0.984807753012208,0.));
#5443=DIRECTION('',(0.,0.,-1.));
#5444=DIRECTION('center_axis',(0.,0.,-1.));
#5445=DIRECTION('ref_axis',(0.173648177666929,-0.984807753012208,0.));
#5446=DIRECTION('center_axis',(0.,0.,1.));
#5447=DIRECTION('ref_axis',(0.25881904510252,0.965925826289069,0.));
#5448=DIRECTION('center_axis',(0.,0.,-1.));
#5449=DIRECTION('ref_axis',(0.25881904510252,0.965925826289069,0.));
#5450=DIRECTION('',(0.,0.,-1.));
#5451=DIRECTION('center_axis',(0.,0.,-1.));
#5452=DIRECTION('ref_axis',(0.25881904510252,0.965925826289069,0.));
#5453=DIRECTION('center_axis',(-1.,0.,0.));
#5454=DIRECTION('ref_axis',(0.,-1.,0.));
#5455=DIRECTION('',(0.,-1.,0.));
#5456=DIRECTION('',(0.,0.,1.));
#5457=DIRECTION('',(0.,-1.,0.));
#5458=DIRECTION('',(0.,0.,1.));
#5459=DIRECTION('center_axis',(0.,-1.,0.));
#5460=DIRECTION('ref_axis',(1.,0.,0.));
#5461=DIRECTION('',(1.,0.,0.));
#5462=DIRECTION('',(1.,0.,0.));
#5463=DIRECTION('',(0.,0.,1.));
#5464=DIRECTION('center_axis',(1.,0.,0.));
#5465=DIRECTION('ref_axis',(0.,1.,0.));
#5466=DIRECTION('',(0.,1.,0.));
#5467=DIRECTION('',(0.,1.,0.));
#5468=DIRECTION('',(0.,0.,1.));
#5469=DIRECTION('center_axis',(0.,1.,0.));
#5470=DIRECTION('ref_axis',(-1.,0.,0.));
#5471=DIRECTION('',(-1.,0.,0.));
#5472=DIRECTION('',(-1.,0.,0.));
#5473=DIRECTION('center_axis',(-1.,0.,0.));
#5474=DIRECTION('ref_axis',(0.,-1.,0.));
#5475=DIRECTION('',(0.,-1.,0.));
#5476=DIRECTION('',(0.,0.,1.));
#5477=DIRECTION('',(0.,-1.,0.));
#5478=DIRECTION('',(0.,0.,1.));
#5479=DIRECTION('center_axis',(0.,-1.,0.));
#5480=DIRECTION('ref_axis',(1.,0.,0.));
#5481=DIRECTION('',(1.,0.,0.));
#5482=DIRECTION('',(1.,0.,0.));
#5483=DIRECTION('',(0.,0.,1.));
#5484=DIRECTION('center_axis',(1.,0.,0.));
#5485=DIRECTION('ref_axis',(0.,1.,0.));
#5486=DIRECTION('',(0.,1.,0.));
#5487=DIRECTION('',(0.,1.,0.));
#5488=DIRECTION('',(0.,0.,1.));
#5489=DIRECTION('center_axis',(0.,1.,0.));
#5490=DIRECTION('ref_axis',(-1.,0.,0.));
#5491=DIRECTION('',(-1.,0.,0.));
#5492=DIRECTION('',(-1.,0.,0.));
#5493=DIRECTION('center_axis',(-1.,0.,0.));
#5494=DIRECTION('ref_axis',(0.,-1.,0.));
#5495=DIRECTION('',(0.,-1.,0.));
#5496=DIRECTION('',(0.,0.,1.));
#5497=DIRECTION('',(0.,-1.,0.));
#5498=DIRECTION('',(0.,0.,1.));
#5499=DIRECTION('center_axis',(0.,-1.,0.));
#5500=DIRECTION('ref_axis',(1.,0.,0.));
#5501=DIRECTION('',(1.,0.,0.));
#5502=DIRECTION('',(1.,0.,0.));
#5503=DIRECTION('',(0.,0.,1.));
#5504=DIRECTION('center_axis',(1.,0.,0.));
#5505=DIRECTION('ref_axis',(0.,1.,0.));
#5506=DIRECTION('',(0.,1.,0.));
#5507=DIRECTION('',(0.,1.,0.));
#5508=DIRECTION('',(0.,0.,1.));
#5509=DIRECTION('center_axis',(0.,1.,0.));
#5510=DIRECTION('ref_axis',(-1.,0.,0.));
#5511=DIRECTION('',(-1.,0.,0.));
#5512=DIRECTION('',(-1.,0.,0.));
#5513=DIRECTION('center_axis',(-1.,0.,0.));
#5514=DIRECTION('ref_axis',(0.,-1.,0.));
#5515=DIRECTION('',(0.,-1.,0.));
#5516=DIRECTION('',(0.,0.,1.));
#5517=DIRECTION('',(0.,-1.,0.));
#5518=DIRECTION('',(0.,0.,1.));
#5519=DIRECTION('center_axis',(0.,-1.,0.));
#5520=DIRECTION('ref_axis',(1.,0.,0.));
#5521=DIRECTION('',(1.,0.,0.));
#5522=DIRECTION('',(1.,0.,0.));
#5523=DIRECTION('',(0.,0.,1.));
#5524=DIRECTION('center_axis',(1.,0.,0.));
#5525=DIRECTION('ref_axis',(0.,1.,0.));
#5526=DIRECTION('',(0.,1.,0.));
#5527=DIRECTION('',(0.,1.,0.));
#5528=DIRECTION('',(0.,0.,1.));
#5529=DIRECTION('center_axis',(0.,1.,0.));
#5530=DIRECTION('ref_axis',(-1.,0.,0.));
#5531=DIRECTION('',(-1.,0.,0.));
#5532=DIRECTION('',(-1.,0.,0.));
#5533=DIRECTION('center_axis',(-1.,0.,0.));
#5534=DIRECTION('ref_axis',(0.,-1.,0.));
#5535=DIRECTION('',(0.,-1.,0.));
#5536=DIRECTION('',(0.,0.,1.));
#5537=DIRECTION('',(0.,-1.,0.));
#5538=DIRECTION('',(0.,0.,1.));
#5539=DIRECTION('center_axis',(0.,-1.,0.));
#5540=DIRECTION('ref_axis',(1.,0.,0.));
#5541=DIRECTION('',(1.,0.,0.));
#5542=DIRECTION('',(1.,0.,0.));
#5543=DIRECTION('',(0.,0.,1.));
#5544=DIRECTION('center_axis',(1.,0.,0.));
#5545=DIRECTION('ref_axis',(0.,1.,0.));
#5546=DIRECTION('',(0.,1.,0.));
#5547=DIRECTION('',(0.,1.,0.));
#5548=DIRECTION('',(0.,0.,1.));
#5549=DIRECTION('center_axis',(0.,1.,0.));
#5550=DIRECTION('ref_axis',(-1.,0.,0.));
#5551=DIRECTION('',(-1.,0.,0.));
#5552=DIRECTION('',(-1.,0.,0.));
#5553=DIRECTION('center_axis',(0.,0.,1.));
#5554=DIRECTION('ref_axis',(0.,1.,0.));
#5555=DIRECTION('center_axis',(0.,0.,-1.));
#5556=DIRECTION('ref_axis',(0.,1.,0.));
#5557=DIRECTION('',(0.,0.,-1.));
#5558=DIRECTION('center_axis',(0.,0.,-1.));
#5559=DIRECTION('ref_axis',(0.,1.,0.));
#5560=DIRECTION('center_axis',(0.,0.,1.));
#5561=DIRECTION('ref_axis',(1.,0.,0.));
#5562=DIRECTION('center_axis',(0.,0.,-1.));
#5563=DIRECTION('ref_axis',(1.,0.,0.));
#5564=DIRECTION('',(0.,0.,-1.));
#5565=DIRECTION('center_axis',(0.,0.,-1.));
#5566=DIRECTION('ref_axis',(1.,0.,0.));
#5567=DIRECTION('center_axis',(0.,0.,1.));
#5568=DIRECTION('ref_axis',(1.,0.,0.));
#5569=DIRECTION('center_axis',(0.,0.,-1.));
#5570=DIRECTION('ref_axis',(1.,0.,0.));
#5571=DIRECTION('',(0.,0.,-1.));
#5572=DIRECTION('center_axis',(0.,0.,-1.));
#5573=DIRECTION('ref_axis',(1.,0.,0.));
#5574=DIRECTION('center_axis',(0.,0.,1.));
#5575=DIRECTION('ref_axis',(-0.98883082622513,-0.149042266176165,0.));
#5576=DIRECTION('center_axis',(0.,0.,-1.));
#5577=DIRECTION('ref_axis',(-0.98883082622513,-0.149042266176165,0.));
#5578=DIRECTION('',(0.,0.,-1.));
#5579=DIRECTION('center_axis',(0.,0.,-1.));
#5580=DIRECTION('ref_axis',(-0.98883082622513,-0.149042266176165,0.));
#5581=DIRECTION('center_axis',(0.,0.,1.));
#5582=DIRECTION('ref_axis',(-0.500000000000006,0.866025403784435,0.));
#5583=DIRECTION('center_axis',(0.,0.,-1.));
#5584=DIRECTION('ref_axis',(-0.500000000000006,0.866025403784435,0.));
#5585=DIRECTION('',(0.,0.,-1.));
#5586=DIRECTION('center_axis',(0.,0.,-1.));
#5587=DIRECTION('ref_axis',(-0.500000000000006,0.866025403784435,0.));
#5588=DIRECTION('center_axis',(0.,0.,1.));
#5589=DIRECTION('ref_axis',(0.59715859170278,-0.802123192755048,0.));
#5590=DIRECTION('center_axis',(0.,0.,-1.));
#5591=DIRECTION('ref_axis',(0.59715859170278,-0.802123192755048,0.));
#5592=DIRECTION('',(0.,0.,-1.));
#5593=DIRECTION('center_axis',(0.,0.,-1.));
#5594=DIRECTION('ref_axis',(0.59715859170278,-0.802123192755048,0.));
#5595=DIRECTION('center_axis',(0.,0.,1.));
#5596=DIRECTION('ref_axis',(-0.993238357741944,0.116092914125224,0.));
#5597=DIRECTION('center_axis',(0.,0.,-1.));
#5598=DIRECTION('ref_axis',(-0.993238357741944,0.116092914125224,0.));
#5599=DIRECTION('',(0.,0.,-1.));
#5600=DIRECTION('center_axis',(0.,0.,-1.));
#5601=DIRECTION('ref_axis',(-0.993238357741944,0.116092914125224,0.));
#5602=DIRECTION('center_axis',(-1.,0.,0.));
#5603=DIRECTION('ref_axis',(0.,-1.,0.));
#5604=DIRECTION('',(0.,-1.,0.));
#5605=DIRECTION('',(0.,0.,1.));
#5606=DIRECTION('',(0.,-1.,0.));
#5607=DIRECTION('',(0.,0.,1.));
#5608=DIRECTION('center_axis',(0.,-1.,0.));
#5609=DIRECTION('ref_axis',(1.,0.,0.));
#5610=DIRECTION('',(1.,0.,0.));
#5611=DIRECTION('',(1.,0.,0.));
#5612=DIRECTION('',(0.,0.,1.));
#5613=DIRECTION('center_axis',(1.,0.,0.));
#5614=DIRECTION('ref_axis',(0.,1.,0.));
#5615=DIRECTION('',(0.,1.,0.));
#5616=DIRECTION('',(0.,1.,0.));
#5617=DIRECTION('',(0.,0.,1.));
#5618=DIRECTION('center_axis',(0.,1.,0.));
#5619=DIRECTION('ref_axis',(-1.,0.,0.));
#5620=DIRECTION('',(-1.,0.,0.));
#5621=DIRECTION('',(-1.,0.,0.));
#5622=DIRECTION('center_axis',(0.,0.,1.));
#5623=DIRECTION('ref_axis',(0.173648177666929,0.984807753012208,0.));
#5624=DIRECTION('center_axis',(0.,0.,-1.));
#5625=DIRECTION('ref_axis',(0.173648177666929,0.984807753012208,0.));
#5626=DIRECTION('',(0.,0.,-1.));
#5627=DIRECTION('center_axis',(0.,0.,-1.));
#5628=DIRECTION('ref_axis',(0.173648177666929,0.984807753012208,0.));
#5629=DIRECTION('center_axis',(0.,0.,1.));
#5630=DIRECTION('ref_axis',(-0.707106781186552,0.707106781186543,0.));
#5631=DIRECTION('center_axis',(0.,0.,-1.));
#5632=DIRECTION('ref_axis',(-0.707106781186552,0.707106781186543,0.));
#5633=DIRECTION('',(0.,0.,-1.));
#5634=DIRECTION('center_axis',(0.,0.,-1.));
#5635=DIRECTION('ref_axis',(-0.707106781186552,0.707106781186543,0.));
#5636=DIRECTION('center_axis',(0.,0.,1.));
#5637=DIRECTION('ref_axis',(0.0747300935864282,-0.99720379718118,0.));
#5638=DIRECTION('center_axis',(0.,0.,-1.));
#5639=DIRECTION('ref_axis',(0.0747300935864282,-0.99720379718118,0.));
#5640=DIRECTION('',(0.,0.,-1.));
#5641=DIRECTION('center_axis',(0.,0.,-1.));
#5642=DIRECTION('ref_axis',(0.0747300935864282,-0.99720379718118,0.));
#5643=DIRECTION('center_axis',(0.,0.,1.));
#5644=DIRECTION('ref_axis',(-0.258819045102522,-0.965925826289068,0.));
#5645=DIRECTION('center_axis',(0.,0.,-1.));
#5646=DIRECTION('ref_axis',(-0.258819045102522,-0.965925826289068,0.));
#5647=DIRECTION('',(0.,0.,-1.));
#5648=DIRECTION('center_axis',(0.,0.,-1.));
#5649=DIRECTION('ref_axis',(-0.258819045102522,-0.965925826289068,0.));
#5650=DIRECTION('center_axis',(0.,0.,1.));
#5651=DIRECTION('ref_axis',(0.500000000000006,0.866025403784435,0.));
#5652=DIRECTION('center_axis',(0.,0.,-1.));
#5653=DIRECTION('ref_axis',(0.500000000000006,0.866025403784435,0.));
#5654=DIRECTION('',(0.,0.,-1.));
#5655=DIRECTION('center_axis',(0.,0.,-1.));
#5656=DIRECTION('ref_axis',(0.500000000000006,0.866025403784435,0.));
#5657=DIRECTION('center_axis',(0.,0.,1.));
#5658=DIRECTION('ref_axis',(0.62348980185873,0.781831482468032,0.));
#5659=DIRECTION('center_axis',(0.,0.,-1.));
#5660=DIRECTION('ref_axis',(0.62348980185873,0.781831482468032,0.));
#5661=DIRECTION('',(0.,0.,-1.));
#5662=DIRECTION('center_axis',(0.,0.,-1.));
#5663=DIRECTION('ref_axis',(0.62348980185873,0.781831482468032,0.));
#5664=DIRECTION('center_axis',(0.,0.,1.));
#5665=DIRECTION('ref_axis',(-0.0581448289104788,-0.998308158271268,0.));
#5666=DIRECTION('center_axis',(0.,0.,-1.));
#5667=DIRECTION('ref_axis',(-0.0581448289104788,-0.998308158271268,0.));
#5668=DIRECTION('',(0.,0.,-1.));
#5669=DIRECTION('center_axis',(0.,0.,-1.));
#5670=DIRECTION('ref_axis',(-0.0581448289104788,-0.998308158271268,0.));
#5671=DIRECTION('center_axis',(0.,0.,1.));
#5672=DIRECTION('ref_axis',(0.965925826289065,0.258819045102531,0.));
#5673=DIRECTION('center_axis',(0.,0.,-1.));
#5674=DIRECTION('ref_axis',(0.965925826289065,0.258819045102531,0.));
#5675=DIRECTION('',(0.,0.,-1.));
#5676=DIRECTION('center_axis',(0.,0.,-1.));
#5677=DIRECTION('ref_axis',(0.965925826289065,0.258819045102531,0.));
#5678=DIRECTION('center_axis',(0.,0.,1.));
#5679=DIRECTION('ref_axis',(1.,0.,0.));
#5680=DIRECTION('center_axis',(0.,0.,-1.));
#5681=DIRECTION('ref_axis',(1.,0.,0.));
#5682=DIRECTION('',(0.,0.,-1.));
#5683=DIRECTION('center_axis',(0.,0.,-1.));
#5684=DIRECTION('ref_axis',(1.,0.,0.));
#5685=DIRECTION('center_axis',(-1.,0.,0.));
#5686=DIRECTION('ref_axis',(0.,-1.,0.));
#5687=DIRECTION('',(0.,-1.,0.));
#5688=DIRECTION('',(0.,0.,1.));
#5689=DIRECTION('',(0.,-1.,0.));
#5690=DIRECTION('',(0.,0.,1.));
#5691=DIRECTION('center_axis',(0.,-1.,0.));
#5692=DIRECTION('ref_axis',(1.,0.,0.));
#5693=DIRECTION('',(1.,0.,0.));
#5694=DIRECTION('',(1.,0.,0.));
#5695=DIRECTION('',(0.,0.,1.));
#5696=DIRECTION('center_axis',(1.,0.,0.));
#5697=DIRECTION('ref_axis',(0.,1.,0.));
#5698=DIRECTION('',(0.,1.,0.));
#5699=DIRECTION('',(0.,1.,0.));
#5700=DIRECTION('',(0.,0.,1.));
#5701=DIRECTION('center_axis',(0.,1.,0.));
#5702=DIRECTION('ref_axis',(-1.,0.,0.));
#5703=DIRECTION('',(-1.,0.,0.));
#5704=DIRECTION('',(-1.,0.,0.));
#5705=DIRECTION('center_axis',(0.,0.,1.));
#5706=DIRECTION('ref_axis',(1.,0.,0.));
#5707=DIRECTION('center_axis',(0.,0.,-1.));
#5708=DIRECTION('ref_axis',(1.,0.,0.));
#5709=DIRECTION('',(0.,0.,-1.));
#5710=DIRECTION('center_axis',(0.,0.,-1.));
#5711=DIRECTION('ref_axis',(1.,0.,0.));
#5712=DIRECTION('center_axis',(0.,0.,1.));
#5713=DIRECTION('ref_axis',(-0.835487811412933,0.549508978070812,0.));
#5714=DIRECTION('center_axis',(0.,0.,-1.));
#5715=DIRECTION('ref_axis',(-0.835487811412933,0.549508978070812,0.));
#5716=DIRECTION('',(0.,0.,-1.));
#5717=DIRECTION('center_axis',(0.,0.,-1.));
#5718=DIRECTION('ref_axis',(-0.835487811412933,0.549508978070812,0.));
#5719=DIRECTION('center_axis',(0.,0.,1.));
#5720=DIRECTION('ref_axis',(1.,0.,0.));
#5721=DIRECTION('center_axis',(0.,0.,-1.));
#5722=DIRECTION('ref_axis',(1.,0.,0.));
#5723=DIRECTION('',(0.,0.,-1.));
#5724=DIRECTION('center_axis',(0.,0.,-1.));
#5725=DIRECTION('ref_axis',(1.,0.,0.));
#5726=DIRECTION('center_axis',(0.,0.,1.));
#5727=DIRECTION('ref_axis',(1.,0.,0.));
#5728=DIRECTION('center_axis',(0.,0.,-1.));
#5729=DIRECTION('ref_axis',(1.,0.,0.));
#5730=DIRECTION('',(0.,0.,-1.));
#5731=DIRECTION('center_axis',(0.,0.,-1.));
#5732=DIRECTION('ref_axis',(1.,0.,0.));
#5733=DIRECTION('center_axis',(0.,0.,1.));
#5734=DIRECTION('ref_axis',(1.,0.,0.));
#5735=DIRECTION('center_axis',(0.,0.,-1.));
#5736=DIRECTION('ref_axis',(1.,0.,0.));
#5737=DIRECTION('',(0.,0.,-1.));
#5738=DIRECTION('center_axis',(0.,0.,-1.));
#5739=DIRECTION('ref_axis',(1.,0.,0.));
#5740=DIRECTION('center_axis',(0.,0.,1.));
#5741=DIRECTION('ref_axis',(1.,0.,0.));
#5742=DIRECTION('center_axis',(0.,0.,-1.));
#5743=DIRECTION('ref_axis',(1.,0.,0.));
#5744=DIRECTION('',(0.,0.,-1.));
#5745=DIRECTION('center_axis',(0.,0.,-1.));
#5746=DIRECTION('ref_axis',(1.,0.,0.));
#5747=DIRECTION('center_axis',(0.,0.,1.));
#5748=DIRECTION('ref_axis',(1.,0.,0.));
#5749=DIRECTION('center_axis',(0.,0.,-1.));
#5750=DIRECTION('ref_axis',(1.,0.,0.));
#5751=DIRECTION('',(0.,0.,-1.));
#5752=DIRECTION('center_axis',(0.,0.,-1.));
#5753=DIRECTION('ref_axis',(1.,0.,0.));
#5754=DIRECTION('center_axis',(0.,0.,1.));
#5755=DIRECTION('ref_axis',(1.,0.,0.));
#5756=DIRECTION('center_axis',(0.,0.,-1.));
#5757=DIRECTION('ref_axis',(1.,0.,0.));
#5758=DIRECTION('',(0.,0.,-1.));
#5759=DIRECTION('center_axis',(0.,0.,-1.));
#5760=DIRECTION('ref_axis',(1.,0.,0.));
#5761=DIRECTION('center_axis',(0.,0.,1.));
#5762=DIRECTION('ref_axis',(-0.866025403784438,0.500000000000002,0.));
#5763=DIRECTION('center_axis',(0.,0.,-1.));
#5764=DIRECTION('ref_axis',(-0.866025403784438,0.500000000000002,0.));
#5765=DIRECTION('',(0.,0.,-1.));
#5766=DIRECTION('center_axis',(0.,0.,-1.));
#5767=DIRECTION('ref_axis',(-0.866025403784438,0.500000000000002,0.));
#5768=DIRECTION('center_axis',(0.,0.,1.));
#5769=DIRECTION('ref_axis',(0.973044870579821,0.230615870742451,0.));
#5770=DIRECTION('center_axis',(0.,0.,-1.));
#5771=DIRECTION('ref_axis',(0.973044870579821,0.230615870742451,0.));
#5772=DIRECTION('',(0.,0.,-1.));
#5773=DIRECTION('center_axis',(0.,0.,-1.));
#5774=DIRECTION('ref_axis',(0.973044870579821,0.230615870742451,0.));
#5775=DIRECTION('center_axis',(0.,0.,1.));
#5776=DIRECTION('ref_axis',(1.,0.,0.));
#5777=DIRECTION('center_axis',(0.,0.,-1.));
#5778=DIRECTION('ref_axis',(1.,0.,0.));
#5779=DIRECTION('',(0.,0.,-1.));
#5780=DIRECTION('center_axis',(0.,0.,-1.));
#5781=DIRECTION('ref_axis',(1.,0.,0.));
#5782=DIRECTION('center_axis',(0.,0.,1.));
#5783=DIRECTION('ref_axis',(-0.98883082622513,0.149042266176165,0.));
#5784=DIRECTION('center_axis',(0.,0.,-1.));
#5785=DIRECTION('ref_axis',(-0.98883082622513,0.149042266176165,0.));
#5786=DIRECTION('',(0.,0.,-1.));
#5787=DIRECTION('center_axis',(0.,0.,-1.));
#5788=DIRECTION('ref_axis',(-0.98883082622513,0.149042266176165,0.));
#5789=DIRECTION('center_axis',(0.,0.,1.));
#5790=DIRECTION('ref_axis',(0.396079766039153,0.918216106880276,0.));
#5791=DIRECTION('center_axis',(0.,0.,-1.));
#5792=DIRECTION('ref_axis',(0.396079766039153,0.918216106880276,0.));
#5793=DIRECTION('',(0.,0.,-1.));
#5794=DIRECTION('center_axis',(0.,0.,-1.));
#5795=DIRECTION('ref_axis',(0.396079766039153,0.918216106880276,0.));
#5796=DIRECTION('center_axis',(0.,0.,1.));
#5797=DIRECTION('ref_axis',(0.866025403784438,0.500000000000002,0.));
#5798=DIRECTION('center_axis',(0.,0.,-1.));
#5799=DIRECTION('ref_axis',(0.866025403784438,0.500000000000002,0.));
#5800=DIRECTION('',(0.,0.,-1.));
#5801=DIRECTION('center_axis',(0.,0.,-1.));
#5802=DIRECTION('ref_axis',(0.866025403784438,0.500000000000002,0.));
#5803=DIRECTION('center_axis',(-1.,0.,0.));
#5804=DIRECTION('ref_axis',(0.,-1.,0.));
#5805=DIRECTION('',(0.,-1.,0.));
#5806=DIRECTION('',(0.,0.,1.));
#5807=DIRECTION('',(0.,-1.,0.));
#5808=DIRECTION('',(0.,0.,1.));
#5809=DIRECTION('center_axis',(0.,-1.,0.));
#5810=DIRECTION('ref_axis',(1.,0.,0.));
#5811=DIRECTION('',(1.,0.,0.));
#5812=DIRECTION('',(1.,0.,0.));
#5813=DIRECTION('',(0.,0.,1.));
#5814=DIRECTION('center_axis',(1.,0.,0.));
#5815=DIRECTION('ref_axis',(0.,1.,0.));
#5816=DIRECTION('',(0.,1.,0.));
#5817=DIRECTION('',(0.,1.,0.));
#5818=DIRECTION('',(0.,0.,1.));
#5819=DIRECTION('center_axis',(0.,1.,0.));
#5820=DIRECTION('ref_axis',(-1.,0.,0.));
#5821=DIRECTION('',(-1.,0.,0.));
#5822=DIRECTION('',(-1.,0.,0.));
#5823=DIRECTION('center_axis',(0.,0.,1.));
#5824=DIRECTION('ref_axis',(0.365341024366395,0.930873748644204,0.));
#5825=DIRECTION('center_axis',(0.,0.,-1.));
#5826=DIRECTION('ref_axis',(0.365341024366395,0.930873748644204,0.));
#5827=DIRECTION('',(0.,0.,-1.));
#5828=DIRECTION('center_axis',(0.,0.,-1.));
#5829=DIRECTION('ref_axis',(0.365341024366395,0.930873748644204,0.));
#5830=DIRECTION('center_axis',(0.,0.,1.));
#5831=DIRECTION('ref_axis',(1.,0.,0.));
#5832=DIRECTION('center_axis',(0.,0.,-1.));
#5833=DIRECTION('ref_axis',(1.,0.,0.));
#5834=DIRECTION('',(0.,0.,-1.));
#5835=DIRECTION('center_axis',(0.,0.,-1.));
#5836=DIRECTION('ref_axis',(1.,0.,0.));
#5837=DIRECTION('center_axis',(0.,0.,1.));
#5838=DIRECTION('ref_axis',(-0.222520933956314,0.974927912181824,0.));
#5839=DIRECTION('center_axis',(0.,0.,-1.));
#5840=DIRECTION('ref_axis',(-0.222520933956314,0.974927912181824,0.));
#5841=DIRECTION('',(0.,0.,-1.));
#5842=DIRECTION('center_axis',(0.,0.,-1.));
#5843=DIRECTION('ref_axis',(-0.222520933956314,0.974927912181824,0.));
#5844=DIRECTION('center_axis',(0.,0.,1.));
#5845=DIRECTION('ref_axis',(-0.500000000000006,0.866025403784435,0.));
#5846=DIRECTION('center_axis',(0.,0.,-1.));
#5847=DIRECTION('ref_axis',(-0.500000000000006,0.866025403784435,0.));
#5848=DIRECTION('',(0.,0.,-1.));
#5849=DIRECTION('center_axis',(0.,0.,-1.));
#5850=DIRECTION('ref_axis',(-0.500000000000006,0.866025403784435,0.));
#5851=DIRECTION('center_axis',(0.,0.,1.));
#5852=DIRECTION('ref_axis',(0.89363264032341,0.448799180200468,0.));
#5853=DIRECTION('center_axis',(0.,0.,-1.));
#5854=DIRECTION('ref_axis',(0.89363264032341,0.448799180200468,0.));
#5855=DIRECTION('',(0.,0.,-1.));
#5856=DIRECTION('center_axis',(0.,0.,-1.));
#5857=DIRECTION('ref_axis',(0.89363264032341,0.448799180200468,0.));
#5858=DIRECTION('center_axis',(-1.,0.,0.));
#5859=DIRECTION('ref_axis',(0.,-1.,0.));
#5860=DIRECTION('',(0.,-1.,0.));
#5861=DIRECTION('',(0.,0.,1.));
#5862=DIRECTION('',(0.,-1.,0.));
#5863=DIRECTION('',(0.,0.,1.));
#5864=DIRECTION('center_axis',(0.,-1.,0.));
#5865=DIRECTION('ref_axis',(1.,0.,0.));
#5866=DIRECTION('',(1.,0.,0.));
#5867=DIRECTION('',(1.,0.,0.));
#5868=DIRECTION('',(0.,0.,1.));
#5869=DIRECTION('center_axis',(1.,0.,0.));
#5870=DIRECTION('ref_axis',(0.,1.,0.));
#5871=DIRECTION('',(0.,1.,0.));
#5872=DIRECTION('',(0.,1.,0.));
#5873=DIRECTION('',(0.,0.,1.));
#5874=DIRECTION('center_axis',(0.,1.,0.));
#5875=DIRECTION('ref_axis',(-1.,0.,0.));
#5876=DIRECTION('',(-1.,0.,0.));
#5877=DIRECTION('',(-1.,0.,0.));
#5878=DIRECTION('center_axis',(0.,0.,1.));
#5879=DIRECTION('ref_axis',(-1.,0.,0.));
#5880=DIRECTION('center_axis',(0.,0.,-1.));
#5881=DIRECTION('ref_axis',(-1.,0.,0.));
#5882=DIRECTION('',(0.,0.,-1.));
#5883=DIRECTION('center_axis',(0.,0.,-1.));
#5884=DIRECTION('ref_axis',(-1.,0.,0.));
#5885=DIRECTION('center_axis',(0.,0.,1.));
#5886=DIRECTION('ref_axis',(1.,0.,0.));
#5887=DIRECTION('center_axis',(0.,0.,-1.));
#5888=DIRECTION('ref_axis',(1.,0.,0.));
#5889=DIRECTION('',(0.,0.,-1.));
#5890=DIRECTION('center_axis',(0.,0.,-1.));
#5891=DIRECTION('ref_axis',(1.,0.,0.));
#5892=DIRECTION('center_axis',(0.,0.,1.));
#5893=DIRECTION('ref_axis',(0.955572805786136,0.294755174410919,0.));
#5894=DIRECTION('center_axis',(0.,0.,-1.));
#5895=DIRECTION('ref_axis',(0.955572805786136,0.294755174410919,0.));
#5896=DIRECTION('',(0.,0.,-1.));
#5897=DIRECTION('center_axis',(0.,0.,-1.));
#5898=DIRECTION('ref_axis',(0.955572805786136,0.294755174410919,0.));
#5899=DIRECTION('center_axis',(0.,0.,1.));
#5900=DIRECTION('ref_axis',(0.597158591702777,0.80212319275505,0.));
#5901=DIRECTION('center_axis',(0.,0.,-1.));
#5902=DIRECTION('ref_axis',(0.597158591702777,0.80212319275505,0.));
#5903=DIRECTION('',(0.,0.,-1.));
#5904=DIRECTION('center_axis',(0.,0.,-1.));
#5905=DIRECTION('ref_axis',(0.597158591702777,0.80212319275505,0.));
#5906=DIRECTION('center_axis',(0.,0.,1.));
#5907=DIRECTION('ref_axis',(-0.733051871829834,-0.680172737770911,0.));
#5908=DIRECTION('center_axis',(0.,0.,-1.));
#5909=DIRECTION('ref_axis',(-0.733051871829834,-0.680172737770911,0.));
#5910=DIRECTION('',(0.,0.,-1.));
#5911=DIRECTION('center_axis',(0.,0.,-1.));
#5912=DIRECTION('ref_axis',(-0.733051871829834,-0.680172737770911,0.));
#5913=DIRECTION('center_axis',(0.,0.,1.));
#5914=DIRECTION('ref_axis',(-0.900968867902417,0.433883739117563,0.));
#5915=DIRECTION('center_axis',(0.,0.,-1.));
#5916=DIRECTION('ref_axis',(-0.900968867902417,0.433883739117563,0.));
#5917=DIRECTION('',(0.,0.,-1.));
#5918=DIRECTION('center_axis',(0.,0.,-1.));
#5919=DIRECTION('ref_axis',(-0.900968867902417,0.433883739117563,0.));
#5920=DIRECTION('center_axis',(0.,0.,1.));
#5921=DIRECTION('ref_axis',(-0.733051871829834,0.680172737770911,0.));
#5922=DIRECTION('center_axis',(0.,0.,-1.));
#5923=DIRECTION('ref_axis',(-0.733051871829834,0.680172737770911,0.));
#5924=DIRECTION('',(0.,0.,-1.));
#5925=DIRECTION('center_axis',(0.,0.,-1.));
#5926=DIRECTION('ref_axis',(-0.733051871829834,0.680172737770911,0.));
#5927=DIRECTION('center_axis',(0.,0.,1.));
#5928=DIRECTION('ref_axis',(0.766044443118975,0.642787609686542,0.));
#5929=DIRECTION('center_axis',(0.,0.,-1.));
#5930=DIRECTION('ref_axis',(0.766044443118975,0.642787609686542,0.));
#5931=DIRECTION('',(0.,0.,-1.));
#5932=DIRECTION('center_axis',(0.,0.,-1.));
#5933=DIRECTION('ref_axis',(0.766044443118975,0.642787609686542,0.));
#5934=DIRECTION('center_axis',(0.,1.,0.));
#5935=DIRECTION('ref_axis',(-1.,0.,0.));
#5936=DIRECTION('',(-1.,0.,0.));
#5937=DIRECTION('',(0.,0.,1.));
#5938=DIRECTION('',(-1.,0.,0.));
#5939=DIRECTION('',(0.,0.,1.));
#5940=DIRECTION('center_axis',(-1.,0.,0.));
#5941=DIRECTION('ref_axis',(0.,-1.,0.));
#5942=DIRECTION('',(0.,-1.,0.));
#5943=DIRECTION('',(0.,-1.,0.));
#5944=DIRECTION('',(0.,0.,1.));
#5945=DIRECTION('center_axis',(0.,-1.,0.));
#5946=DIRECTION('ref_axis',(1.,0.,0.));
#5947=DIRECTION('',(1.,0.,0.));
#5948=DIRECTION('',(1.,0.,0.));
#5949=DIRECTION('',(0.,0.,1.));
#5950=DIRECTION('center_axis',(1.,0.,0.));
#5951=DIRECTION('ref_axis',(0.,1.,0.));
#5952=DIRECTION('',(0.,1.,0.));
#5953=DIRECTION('',(0.,1.,0.));
#5954=DIRECTION('center_axis',(1.,0.,0.));
#5955=DIRECTION('ref_axis',(0.,1.,0.));
#5956=DIRECTION('',(0.,1.,0.));
#5957=DIRECTION('',(0.,0.,1.));
#5958=DIRECTION('',(0.,1.,0.));
#5959=DIRECTION('',(0.,0.,1.));
#5960=DIRECTION('center_axis',(0.,1.,0.));
#5961=DIRECTION('ref_axis',(-1.,0.,0.));
#5962=DIRECTION('',(-1.,0.,0.));
#5963=DIRECTION('',(-1.,0.,0.));
#5964=DIRECTION('',(0.,0.,1.));
#5965=DIRECTION('center_axis',(-1.,0.,0.));
#5966=DIRECTION('ref_axis',(0.,-1.,0.));
#5967=DIRECTION('',(0.,-1.,0.));
#5968=DIRECTION('',(0.,-1.,0.));
#5969=DIRECTION('',(0.,0.,1.));
#5970=DIRECTION('center_axis',(0.,-1.,0.));
#5971=DIRECTION('ref_axis',(1.,0.,0.));
#5972=DIRECTION('',(1.,0.,0.));
#5973=DIRECTION('',(1.,0.,0.));
#5974=DIRECTION('center_axis',(0.,0.,1.));
#5975=DIRECTION('ref_axis',(0.707106781186552,0.707106781186543,0.));
#5976=DIRECTION('center_axis',(0.,0.,-1.));
#5977=DIRECTION('ref_axis',(0.707106781186552,0.707106781186543,0.));
#5978=DIRECTION('',(0.,0.,-1.));
#5979=DIRECTION('center_axis',(0.,0.,-1.));
#5980=DIRECTION('ref_axis',(0.707106781186552,0.707106781186543,0.));
#5981=DIRECTION('center_axis',(0.,0.,1.));
#5982=DIRECTION('ref_axis',(1.,0.,0.));
#5983=DIRECTION('center_axis',(0.,0.,-1.));
#5984=DIRECTION('ref_axis',(1.,0.,0.));
#5985=DIRECTION('',(0.,0.,-1.));
#5986=DIRECTION('center_axis',(0.,0.,-1.));
#5987=DIRECTION('ref_axis',(1.,0.,0.));
#5988=DIRECTION('center_axis',(-1.,0.,0.));
#5989=DIRECTION('ref_axis',(0.,-1.,0.));
#5990=DIRECTION('',(0.,-1.,0.));
#5991=DIRECTION('',(0.,0.,1.));
#5992=DIRECTION('',(0.,-1.,0.));
#5993=DIRECTION('',(0.,0.,1.));
#5994=DIRECTION('center_axis',(0.,-1.,0.));
#5995=DIRECTION('ref_axis',(1.,0.,0.));
#5996=DIRECTION('',(1.,0.,0.));
#5997=DIRECTION('',(1.,0.,0.));
#5998=DIRECTION('',(0.,0.,1.));
#5999=DIRECTION('center_axis',(1.,0.,0.));
#6000=DIRECTION('ref_axis',(0.,1.,0.));
#6001=DIRECTION('',(0.,1.,0.));
#6002=DIRECTION('',(0.,1.,0.));
#6003=DIRECTION('',(0.,0.,1.));
#6004=DIRECTION('center_axis',(0.,1.,0.));
#6005=DIRECTION('ref_axis',(-1.,0.,0.));
#6006=DIRECTION('',(-1.,0.,0.));
#6007=DIRECTION('',(-1.,0.,0.));
#6008=DIRECTION('center_axis',(0.,0.,1.));
#6009=DIRECTION('ref_axis',(-0.0581448289104744,0.998308158271268,0.));
#6010=DIRECTION('center_axis',(0.,0.,-1.));
#6011=DIRECTION('ref_axis',(-0.0581448289104744,0.998308158271268,0.));
#6012=DIRECTION('',(0.,0.,-1.));
#6013=DIRECTION('center_axis',(0.,0.,-1.));
#6014=DIRECTION('ref_axis',(-0.0581448289104744,0.998308158271268,0.));
#6015=DIRECTION('center_axis',(0.,0.,1.));
#6016=DIRECTION('ref_axis',(1.,0.,0.));
#6017=DIRECTION('center_axis',(0.,0.,-1.));
#6018=DIRECTION('ref_axis',(1.,0.,0.));
#6019=DIRECTION('',(0.,0.,-1.));
#6020=DIRECTION('center_axis',(0.,0.,-1.));
#6021=DIRECTION('ref_axis',(1.,0.,0.));
#6022=DIRECTION('center_axis',(0.,0.,1.));
#6023=DIRECTION('ref_axis',(-0.686241637868735,0.727373641573047,0.));
#6024=DIRECTION('center_axis',(0.,0.,-1.));
#6025=DIRECTION('ref_axis',(-0.686241637868735,0.727373641573047,0.));
#6026=DIRECTION('',(0.,0.,-1.));
#6027=DIRECTION('center_axis',(0.,0.,-1.));
#6028=DIRECTION('ref_axis',(-0.686241637868735,0.727373641573047,0.));
#6029=DIRECTION('center_axis',(0.,0.,1.));
#6030=DIRECTION('ref_axis',(1.,0.,0.));
#6031=DIRECTION('center_axis',(0.,0.,-1.));
#6032=DIRECTION('ref_axis',(1.,0.,0.));
#6033=DIRECTION('',(0.,0.,-1.));
#6034=DIRECTION('center_axis',(0.,0.,-1.));
#6035=DIRECTION('ref_axis',(1.,0.,0.));
#6036=DIRECTION('center_axis',(0.,0.,1.));
#6037=DIRECTION('ref_axis',(-0.939692620785907,0.342020143325673,0.));
#6038=DIRECTION('center_axis',(0.,0.,-1.));
#6039=DIRECTION('ref_axis',(-0.939692620785907,0.342020143325673,0.));
#6040=DIRECTION('',(0.,0.,-1.));
#6041=DIRECTION('center_axis',(0.,0.,-1.));
#6042=DIRECTION('ref_axis',(-0.939692620785907,0.342020143325673,0.));
#6043=DIRECTION('center_axis',(0.,0.,1.));
#6044=DIRECTION('ref_axis',(-0.965925826289065,0.258819045102531,0.));
#6045=DIRECTION('center_axis',(0.,0.,-1.));
#6046=DIRECTION('ref_axis',(-0.965925826289065,0.258819045102531,0.));
#6047=DIRECTION('',(0.,0.,-1.));
#6048=DIRECTION('center_axis',(0.,0.,-1.));
#6049=DIRECTION('ref_axis',(-0.965925826289065,0.258819045102531,0.));
#6050=DIRECTION('center_axis',(0.,0.,1.));
#6051=DIRECTION('ref_axis',(-0.222520933956314,-0.974927912181824,0.));
#6052=DIRECTION('center_axis',(0.,0.,-1.));
#6053=DIRECTION('ref_axis',(-0.222520933956314,-0.974927912181824,0.));
#6054=DIRECTION('',(0.,0.,-1.));
#6055=DIRECTION('center_axis',(0.,0.,-1.));
#6056=DIRECTION('ref_axis',(-0.222520933956314,-0.974927912181824,0.));
#6057=DIRECTION('center_axis',(0.,0.,1.));
#6058=DIRECTION('ref_axis',(-0.25881904510252,0.965925826289069,0.));
#6059=DIRECTION('center_axis',(0.,0.,-1.));
#6060=DIRECTION('ref_axis',(-0.25881904510252,0.965925826289069,0.));
#6061=DIRECTION('',(0.,0.,-1.));
#6062=DIRECTION('center_axis',(0.,0.,-1.));
#6063=DIRECTION('ref_axis',(-0.25881904510252,0.965925826289069,0.));
#6064=DIRECTION('center_axis',(0.,0.,1.));
#6065=DIRECTION('ref_axis',(-0.835487811412933,-0.549508978070812,0.));
#6066=DIRECTION('center_axis',(0.,0.,-1.));
#6067=DIRECTION('ref_axis',(-0.835487811412933,-0.549508978070812,0.));
#6068=DIRECTION('',(0.,0.,-1.));
#6069=DIRECTION('center_axis',(0.,0.,-1.));
#6070=DIRECTION('ref_axis',(-0.835487811412933,-0.549508978070812,0.));
#6071=DIRECTION('center_axis',(0.,0.,1.));
#6072=DIRECTION('ref_axis',(-0.686241637868733,-0.727373641573049,0.));
#6073=DIRECTION('center_axis',(0.,0.,-1.));
#6074=DIRECTION('ref_axis',(-0.686241637868733,-0.727373641573049,0.));
#6075=DIRECTION('',(0.,0.,-1.));
#6076=DIRECTION('center_axis',(0.,0.,-1.));
#6077=DIRECTION('ref_axis',(-0.686241637868733,-0.727373641573049,0.));
#6078=DIRECTION('center_axis',(0.,0.,1.));
#6079=DIRECTION('ref_axis',(0.0747300935864238,0.99720379718118,0.));
#6080=DIRECTION('center_axis',(0.,0.,-1.));
#6081=DIRECTION('ref_axis',(0.0747300935864238,0.99720379718118,0.));
#6082=DIRECTION('',(0.,0.,-1.));
#6083=DIRECTION('center_axis',(0.,0.,-1.));
#6084=DIRECTION('ref_axis',(0.0747300935864238,0.99720379718118,0.));
#6085=DIRECTION('center_axis',(0.,0.,1.));
#6086=DIRECTION('ref_axis',(1.,0.,0.));
#6087=DIRECTION('center_axis',(0.,0.,-1.));
#6088=DIRECTION('ref_axis',(1.,0.,0.));
#6089=DIRECTION('',(0.,0.,-1.));
#6090=DIRECTION('center_axis',(0.,0.,-1.));
#6091=DIRECTION('ref_axis',(1.,0.,0.));
#6092=DIRECTION('center_axis',(0.,0.,1.));
#6093=DIRECTION('ref_axis',(-0.707106781186552,-0.707106781186543,0.));
#6094=DIRECTION('center_axis',(0.,0.,-1.));
#6095=DIRECTION('ref_axis',(-0.707106781186552,-0.707106781186543,0.));
#6096=DIRECTION('',(0.,0.,-1.));
#6097=DIRECTION('center_axis',(0.,0.,-1.));
#6098=DIRECTION('ref_axis',(-0.707106781186552,-0.707106781186543,0.));
#6099=DIRECTION('center_axis',(0.,0.,1.));
#6100=DIRECTION('ref_axis',(1.,0.,0.));
#6101=DIRECTION('center_axis',(0.,0.,-1.));
#6102=DIRECTION('ref_axis',(1.,0.,0.));
#6103=DIRECTION('',(0.,0.,-1.));
#6104=DIRECTION('center_axis',(0.,0.,-1.));
#6105=DIRECTION('ref_axis',(1.,0.,0.));
#6106=DIRECTION('center_axis',(0.,0.,1.));
#6107=DIRECTION('ref_axis',(1.,0.,0.));
#6108=DIRECTION('center_axis',(0.,0.,-1.));
#6109=DIRECTION('ref_axis',(1.,0.,0.));
#6110=DIRECTION('',(0.,0.,-1.));
#6111=DIRECTION('center_axis',(0.,0.,-1.));
#6112=DIRECTION('ref_axis',(1.,0.,0.));
#6113=DIRECTION('center_axis',(0.,0.,1.));
#6114=DIRECTION('ref_axis',(-0.900968867902417,-0.433883739117563,0.));
#6115=DIRECTION('center_axis',(0.,0.,-1.));
#6116=DIRECTION('ref_axis',(-0.900968867902417,-0.433883739117563,0.));
#6117=DIRECTION('',(0.,0.,-1.));
#6118=DIRECTION('center_axis',(0.,0.,-1.));
#6119=DIRECTION('ref_axis',(-0.900968867902417,-0.433883739117563,0.));
#6120=DIRECTION('center_axis',(0.,0.,1.));
#6121=DIRECTION('ref_axis',(1.,0.,0.));
#6122=DIRECTION('center_axis',(0.,0.,-1.));
#6123=DIRECTION('ref_axis',(1.,0.,0.));
#6124=DIRECTION('',(0.,0.,-1.));
#6125=DIRECTION('center_axis',(0.,0.,-1.));
#6126=DIRECTION('ref_axis',(1.,0.,0.));
#6127=DIRECTION('center_axis',(0.,0.,1.));
#6128=DIRECTION('ref_axis',(1.,0.,0.));
#6129=DIRECTION('center_axis',(0.,0.,-1.));
#6130=DIRECTION('ref_axis',(1.,0.,0.));
#6131=DIRECTION('',(0.,0.,-1.));
#6132=DIRECTION('center_axis',(0.,0.,-1.));
#6133=DIRECTION('ref_axis',(1.,0.,0.));
#6134=DIRECTION('center_axis',(-1.,0.,0.));
#6135=DIRECTION('ref_axis',(0.,-1.,0.));
#6136=DIRECTION('',(0.,-1.,0.));
#6137=DIRECTION('',(0.,0.,1.));
#6138=DIRECTION('',(0.,-1.,0.));
#6139=DIRECTION('',(0.,0.,1.));
#6140=DIRECTION('center_axis',(0.,-1.,0.));
#6141=DIRECTION('ref_axis',(1.,0.,0.));
#6142=DIRECTION('',(1.,0.,0.));
#6143=DIRECTION('',(1.,0.,0.));
#6144=DIRECTION('',(0.,0.,1.));
#6145=DIRECTION('center_axis',(1.,0.,0.));
#6146=DIRECTION('ref_axis',(0.,1.,0.));
#6147=DIRECTION('',(0.,1.,0.));
#6148=DIRECTION('',(0.,1.,0.));
#6149=DIRECTION('',(0.,0.,1.));
#6150=DIRECTION('center_axis',(0.,1.,0.));
#6151=DIRECTION('ref_axis',(-1.,0.,0.));
#6152=DIRECTION('',(-1.,0.,0.));
#6153=DIRECTION('',(-1.,0.,0.));
#6154=DIRECTION('center_axis',(0.,0.,1.));
#6155=DIRECTION('ref_axis',(-0.500000000000007,-0.866025403784434,0.));
#6156=DIRECTION('center_axis',(0.,0.,-1.));
#6157=DIRECTION('ref_axis',(-0.500000000000007,-0.866025403784434,0.));
#6158=DIRECTION('',(0.,0.,-1.));
#6159=DIRECTION('center_axis',(0.,0.,-1.));
#6160=DIRECTION('ref_axis',(-0.500000000000007,-0.866025403784434,0.));
#6161=DIRECTION('center_axis',(0.,0.,1.));
#6162=DIRECTION('ref_axis',(1.,0.,0.));
#6163=DIRECTION('center_axis',(0.,0.,-1.));
#6164=DIRECTION('ref_axis',(1.,0.,0.));
#6165=DIRECTION('',(0.,0.,-1.));
#6166=DIRECTION('center_axis',(0.,0.,-1.));
#6167=DIRECTION('ref_axis',(1.,0.,0.));
#6168=DIRECTION('center_axis',(0.,0.,1.));
#6169=DIRECTION('ref_axis',(-0.965925826289066,-0.25881904510253,0.));
#6170=DIRECTION('center_axis',(0.,0.,-1.));
#6171=DIRECTION('ref_axis',(-0.965925826289066,-0.25881904510253,0.));
#6172=DIRECTION('',(0.,0.,-1.));
#6173=DIRECTION('center_axis',(0.,0.,-1.));
#6174=DIRECTION('ref_axis',(-0.965925826289066,-0.25881904510253,0.));
#6175=DIRECTION('center_axis',(0.,0.,1.));
#6176=DIRECTION('ref_axis',(-0.500000000000007,0.866025403784434,0.));
#6177=DIRECTION('center_axis',(0.,0.,-1.));
#6178=DIRECTION('ref_axis',(-0.500000000000007,0.866025403784434,0.));
#6179=DIRECTION('',(0.,0.,-1.));
#6180=DIRECTION('center_axis',(0.,0.,-1.));
#6181=DIRECTION('ref_axis',(-0.500000000000007,0.866025403784434,0.));
#6182=DIRECTION('center_axis',(0.,0.,1.));
#6183=DIRECTION('ref_axis',(-0.286803232711085,-0.95798951231549,0.));
#6184=DIRECTION('center_axis',(0.,0.,-1.));
#6185=DIRECTION('ref_axis',(-0.286803232711085,-0.95798951231549,0.));
#6186=DIRECTION('',(0.,0.,-1.));
#6187=DIRECTION('center_axis',(0.,0.,-1.));
#6188=DIRECTION('ref_axis',(-0.286803232711085,-0.95798951231549,0.));
#6189=DIRECTION('center_axis',(0.,0.,1.));
#6190=DIRECTION('ref_axis',(1.,0.,0.));
#6191=DIRECTION('center_axis',(0.,0.,-1.));
#6192=DIRECTION('ref_axis',(1.,0.,0.));
#6193=DIRECTION('',(0.,0.,-1.));
#6194=DIRECTION('center_axis',(0.,0.,-1.));
#6195=DIRECTION('ref_axis',(1.,0.,0.));
#6196=DIRECTION('center_axis',(0.,0.,1.));
#6197=DIRECTION('ref_axis',(1.,0.,0.));
#6198=DIRECTION('center_axis',(0.,0.,-1.));
#6199=DIRECTION('ref_axis',(1.,0.,0.));
#6200=DIRECTION('',(0.,0.,-1.));
#6201=DIRECTION('center_axis',(0.,0.,-1.));
#6202=DIRECTION('ref_axis',(1.,0.,0.));
#6203=DIRECTION('center_axis',(0.,0.,1.));
#6204=DIRECTION('ref_axis',(1.,0.,0.));
#6205=DIRECTION('center_axis',(0.,0.,-1.));
#6206=DIRECTION('ref_axis',(1.,0.,0.));
#6207=DIRECTION('',(0.,0.,-1.));
#6208=DIRECTION('center_axis',(0.,0.,-1.));
#6209=DIRECTION('ref_axis',(1.,0.,0.));
#6210=DIRECTION('center_axis',(0.,0.,1.));
#6211=DIRECTION('ref_axis',(1.,0.,0.));
#6212=DIRECTION('center_axis',(0.,0.,-1.));
#6213=DIRECTION('ref_axis',(1.,0.,0.));
#6214=DIRECTION('',(0.,0.,-1.));
#6215=DIRECTION('center_axis',(0.,0.,-1.));
#6216=DIRECTION('ref_axis',(1.,0.,0.));
#6217=DIRECTION('center_axis',(0.,0.,1.));
#6218=DIRECTION('ref_axis',(1.,0.,0.));
#6219=DIRECTION('center_axis',(0.,0.,-1.));
#6220=DIRECTION('ref_axis',(1.,0.,0.));
#6221=DIRECTION('',(0.,0.,-1.));
#6222=DIRECTION('center_axis',(0.,0.,-1.));
#6223=DIRECTION('ref_axis',(1.,0.,0.));
#6224=DIRECTION('center_axis',(0.,0.,1.));
#6225=DIRECTION('ref_axis',(1.,0.,0.));
#6226=DIRECTION('center_axis',(0.,0.,-1.));
#6227=DIRECTION('ref_axis',(1.,0.,0.));
#6228=DIRECTION('',(0.,0.,-1.));
#6229=DIRECTION('center_axis',(0.,0.,-1.));
#6230=DIRECTION('ref_axis',(1.,0.,0.));
#6231=DIRECTION('center_axis',(0.,0.,1.));
#6232=DIRECTION('ref_axis',(1.,0.,0.));
#6233=DIRECTION('center_axis',(0.,0.,-1.));
#6234=DIRECTION('ref_axis',(1.,0.,0.));
#6235=DIRECTION('',(0.,0.,-1.));
#6236=DIRECTION('center_axis',(0.,0.,-1.));
#6237=DIRECTION('ref_axis',(1.,0.,0.));
#6238=DIRECTION('center_axis',(0.,0.,1.));
#6239=DIRECTION('ref_axis',(1.,0.,0.));
#6240=DIRECTION('center_axis',(0.,0.,-1.));
#6241=DIRECTION('ref_axis',(1.,0.,0.));
#6242=DIRECTION('',(0.,0.,-1.));
#6243=DIRECTION('center_axis',(0.,0.,-1.));
#6244=DIRECTION('ref_axis',(1.,0.,0.));
#6245=DIRECTION('center_axis',(0.,0.,1.));
#6246=DIRECTION('ref_axis',(-0.866025403784439,-0.5,0.));
#6247=DIRECTION('center_axis',(0.,0.,-1.));
#6248=DIRECTION('ref_axis',(-0.866025403784439,-0.5,0.));
#6249=DIRECTION('',(0.,0.,-1.));
#6250=DIRECTION('center_axis',(0.,0.,-1.));
#6251=DIRECTION('ref_axis',(-0.866025403784439,-0.5,0.));
#6252=DIRECTION('center_axis',(0.,0.,1.));
#6253=DIRECTION('ref_axis',(-0.286803232711087,0.95798951231549,0.));
#6254=DIRECTION('center_axis',(0.,0.,-1.));
#6255=DIRECTION('ref_axis',(-0.286803232711087,0.95798951231549,0.));
#6256=DIRECTION('',(0.,0.,-1.));
#6257=DIRECTION('center_axis',(0.,0.,-1.));
#6258=DIRECTION('ref_axis',(-0.286803232711087,0.95798951231549,0.));
#6259=DIRECTION('center_axis',(0.,0.,1.));
#6260=DIRECTION('ref_axis',(1.,0.,0.));
#6261=DIRECTION('center_axis',(0.,0.,-1.));
#6262=DIRECTION('ref_axis',(1.,0.,0.));
#6263=DIRECTION('',(0.,0.,-1.));
#6264=DIRECTION('center_axis',(0.,0.,-1.));
#6265=DIRECTION('ref_axis',(1.,0.,0.));
#6266=DIRECTION('center_axis',(0.,0.,1.));
#6267=DIRECTION('ref_axis',(1.,0.,0.));
#6268=DIRECTION('center_axis',(0.,0.,-1.));
#6269=DIRECTION('ref_axis',(1.,0.,0.));
#6270=DIRECTION('',(0.,0.,-1.));
#6271=DIRECTION('center_axis',(0.,0.,-1.));
#6272=DIRECTION('ref_axis',(1.,0.,0.));
#6273=DIRECTION('center_axis',(1.,0.,0.));
#6274=DIRECTION('ref_axis',(0.,1.,0.));
#6275=DIRECTION('',(0.,1.,0.));
#6276=DIRECTION('',(0.,0.,1.));
#6277=DIRECTION('',(0.,1.,0.));
#6278=DIRECTION('',(0.,0.,1.));
#6279=DIRECTION('center_axis',(0.,1.,0.));
#6280=DIRECTION('ref_axis',(-1.,0.,0.));
#6281=DIRECTION('',(-1.,0.,0.));
#6282=DIRECTION('',(-1.,0.,0.));
#6283=DIRECTION('',(0.,0.,1.));
#6284=DIRECTION('center_axis',(-1.,0.,0.));
#6285=DIRECTION('ref_axis',(0.,-1.,0.));
#6286=DIRECTION('',(0.,-1.,0.));
#6287=DIRECTION('',(0.,-1.,0.));
#6288=DIRECTION('',(0.,0.,1.));
#6289=DIRECTION('center_axis',(0.,-1.,0.));
#6290=DIRECTION('ref_axis',(1.,0.,0.));
#6291=DIRECTION('',(1.,0.,0.));
#6292=DIRECTION('',(1.,0.,0.));
#6293=DIRECTION('center_axis',(0.,0.,1.));
#6294=DIRECTION('ref_axis',(1.,0.,0.));
#6295=DIRECTION('center_axis',(0.,0.,-1.));
#6296=DIRECTION('ref_axis',(1.,0.,0.));
#6297=DIRECTION('',(0.,0.,-1.));
#6298=DIRECTION('center_axis',(0.,0.,-1.));
#6299=DIRECTION('ref_axis',(1.,0.,0.));
#6300=DIRECTION('center_axis',(0.,0.,1.));
#6301=DIRECTION('ref_axis',(1.,0.,0.));
#6302=DIRECTION('center_axis',(0.,0.,-1.));
#6303=DIRECTION('ref_axis',(1.,0.,0.));
#6304=DIRECTION('',(0.,0.,-1.));
#6305=DIRECTION('center_axis',(0.,0.,-1.));
#6306=DIRECTION('ref_axis',(1.,0.,0.));
#6307=DIRECTION('center_axis',(0.,0.,1.));
#6308=DIRECTION('ref_axis',(1.,0.,0.));
#6309=DIRECTION('center_axis',(0.,0.,-1.));
#6310=DIRECTION('ref_axis',(1.,0.,0.));
#6311=DIRECTION('',(0.,0.,-1.));
#6312=DIRECTION('center_axis',(0.,0.,-1.));
#6313=DIRECTION('ref_axis',(1.,0.,0.));
#6314=DIRECTION('center_axis',(0.,0.,1.));
#6315=DIRECTION('ref_axis',(1.,0.,0.));
#6316=DIRECTION('center_axis',(0.,0.,-1.));
#6317=DIRECTION('ref_axis',(1.,0.,0.));
#6318=DIRECTION('',(0.,0.,-1.));
#6319=DIRECTION('center_axis',(0.,0.,-1.));
#6320=DIRECTION('ref_axis',(1.,0.,0.));
#6321=DIRECTION('center_axis',(0.,0.,1.));
#6322=DIRECTION('ref_axis',(1.,0.,0.));
#6323=DIRECTION('center_axis',(0.,0.,-1.));
#6324=DIRECTION('ref_axis',(1.,0.,0.));
#6325=DIRECTION('',(0.,0.,-1.));
#6326=DIRECTION('center_axis',(0.,0.,-1.));
#6327=DIRECTION('ref_axis',(1.,0.,0.));
#6328=DIRECTION('center_axis',(0.,0.,1.));
#6329=DIRECTION('ref_axis',(1.,0.,0.));
#6330=DIRECTION('center_axis',(0.,0.,-1.));
#6331=DIRECTION('ref_axis',(1.,0.,0.));
#6332=DIRECTION('',(0.,0.,-1.));
#6333=DIRECTION('center_axis',(0.,0.,-1.));
#6334=DIRECTION('ref_axis',(1.,0.,0.));
#6335=DIRECTION('center_axis',(0.,0.,1.));
#6336=DIRECTION('ref_axis',(1.,0.,0.));
#6337=DIRECTION('center_axis',(0.,0.,-1.));
#6338=DIRECTION('ref_axis',(1.,0.,0.));
#6339=DIRECTION('',(0.,0.,-1.));
#6340=DIRECTION('center_axis',(0.,0.,-1.));
#6341=DIRECTION('ref_axis',(1.,0.,0.));
#6342=DIRECTION('center_axis',(0.,0.,1.));
#6343=DIRECTION('ref_axis',(1.,0.,0.));
#6344=DIRECTION('center_axis',(0.,0.,-1.));
#6345=DIRECTION('ref_axis',(1.,0.,0.));
#6346=DIRECTION('',(0.,0.,-1.));
#6347=DIRECTION('center_axis',(0.,0.,-1.));
#6348=DIRECTION('ref_axis',(1.,0.,0.));
#6349=DIRECTION('center_axis',(0.,0.,1.));
#6350=DIRECTION('ref_axis',(1.,0.,0.));
#6351=DIRECTION('center_axis',(0.,0.,-1.));
#6352=DIRECTION('ref_axis',(1.,0.,0.));
#6353=DIRECTION('',(0.,0.,-1.));
#6354=DIRECTION('center_axis',(0.,0.,-1.));
#6355=DIRECTION('ref_axis',(1.,0.,0.));
#6356=DIRECTION('center_axis',(0.,0.,1.));
#6357=DIRECTION('ref_axis',(1.,0.,0.));
#6358=DIRECTION('center_axis',(0.,0.,-1.));
#6359=DIRECTION('ref_axis',(1.,0.,0.));
#6360=DIRECTION('',(0.,0.,-1.));
#6361=DIRECTION('center_axis',(0.,0.,-1.));
#6362=DIRECTION('ref_axis',(1.,0.,0.));
#6363=DIRECTION('center_axis',(0.,0.,1.));
#6364=DIRECTION('ref_axis',(-0.993238357741944,-0.116092914125224,0.));
#6365=DIRECTION('center_axis',(0.,0.,-1.));
#6366=DIRECTION('ref_axis',(-0.993238357741944,-0.116092914125224,0.));
#6367=DIRECTION('',(0.,0.,-1.));
#6368=DIRECTION('center_axis',(0.,0.,-1.));
#6369=DIRECTION('ref_axis',(-0.993238357741944,-0.116092914125224,0.));
#6370=DIRECTION('center_axis',(0.,0.,1.));
#6371=DIRECTION('ref_axis',(1.,0.,0.));
#6372=DIRECTION('center_axis',(0.,0.,-1.));
#6373=DIRECTION('ref_axis',(1.,0.,0.));
#6374=DIRECTION('',(0.,0.,-1.));
#6375=DIRECTION('center_axis',(0.,0.,-1.));
#6376=DIRECTION('ref_axis',(1.,0.,0.));
#6377=DIRECTION('center_axis',(0.,0.,1.));
#6378=DIRECTION('ref_axis',(-0.500000000000007,-0.866025403784434,0.));
#6379=DIRECTION('center_axis',(0.,0.,-1.));
#6380=DIRECTION('ref_axis',(-0.500000000000007,-0.866025403784434,0.));
#6381=DIRECTION('',(0.,0.,-1.));
#6382=DIRECTION('center_axis',(0.,0.,-1.));
#6383=DIRECTION('ref_axis',(-0.500000000000007,-0.866025403784434,0.));
#6384=DIRECTION('center_axis',(-1.,0.,0.));
#6385=DIRECTION('ref_axis',(0.,-1.,0.));
#6386=DIRECTION('',(0.,1.,0.));
#6387=DIRECTION('',(0.,0.,1.));
#6388=DIRECTION('',(0.,-1.,0.));
#6389=DIRECTION('',(0.,0.,1.));
#6390=DIRECTION('center_axis',(-3.85185988877447E-33,1.,0.));
#6391=DIRECTION('ref_axis',(-1.,-3.85185988877447E-33,0.));
#6392=DIRECTION('',(1.,3.85185988877447E-33,0.));
#6393=DIRECTION('',(-1.,-3.85185988877447E-33,0.));
#6394=DIRECTION('',(0.,0.,1.));
#6395=DIRECTION('center_axis',(1.,0.,0.));
#6396=DIRECTION('ref_axis',(0.,1.,0.));
#6397=DIRECTION('',(0.,-1.,0.));
#6398=DIRECTION('',(0.,1.,0.));
#6399=DIRECTION('',(0.,0.,1.));
#6400=DIRECTION('center_axis',(0.,-1.,0.));
#6401=DIRECTION('ref_axis',(1.,0.,0.));
#6402=DIRECTION('',(-1.,0.,0.));
#6403=DIRECTION('',(1.,0.,0.));
#6404=DIRECTION('center_axis',(0.,0.,1.));
#6405=DIRECTION('ref_axis',(1.,0.,0.));
#6406=DIRECTION('center_axis',(0.,0.,1.));
#6407=DIRECTION('ref_axis',(1.,0.,0.));
#6408=CARTESIAN_POINT('',(0.,0.,0.));
#6409=CARTESIAN_POINT('Origin',(19.2500002570451,-105.531090434162,0.));
#6410=CARTESIAN_POINT('',(18.750000257045,-105.531090434162,2.));
#6411=CARTESIAN_POINT('Origin',(19.2500002570451,-105.531090434162,2.));
#6412=CARTESIAN_POINT('',(18.750000257045,-105.531090434162,0.));
#6413=CARTESIAN_POINT('',(18.750000257045,-105.531090434162,0.));
#6414=CARTESIAN_POINT('Origin',(19.2500002570451,-105.531090434162,0.));
#6415=CARTESIAN_POINT('Origin',(20.5310891675635,-100.750001531094,0.));
#6416=CARTESIAN_POINT('',(20.0310891675635,-100.750001531094,2.));
#6417=CARTESIAN_POINT('Origin',(20.5310891675635,-100.750001531094,2.));
#6418=CARTESIAN_POINT('',(20.0310891675635,-100.750001531094,0.));
#6419=CARTESIAN_POINT('',(20.0310891675635,-100.750001531094,0.));
#6420=CARTESIAN_POINT('Origin',(20.5310891675635,-100.750001531094,0.));
#6421=CARTESIAN_POINT('Origin',(17.5000002607703,-106.000001519918,0.));
#6422=CARTESIAN_POINT('',(17.0000002607703,-106.000001519918,2.));
#6423=CARTESIAN_POINT('Origin',(17.5000002607703,-106.000001519918,2.));
#6424=CARTESIAN_POINT('',(17.0000002607703,-106.000001519918,0.));
#6425=CARTESIAN_POINT('',(17.0000002607703,-106.000001519918,0.));
#6426=CARTESIAN_POINT('Origin',(17.5000002607703,-106.000001519918,0.));
#6427=CARTESIAN_POINT('Origin',(22.9164428950001,-101.544936551495,0.));
#6428=CARTESIAN_POINT('',(22.4164428950001,-101.544936551495,2.));
#6429=CARTESIAN_POINT('Origin',(22.9164428950001,-101.544936551495,2.));
#6430=CARTESIAN_POINT('',(22.4164428950001,-101.544936551495,0.));
#6431=CARTESIAN_POINT('',(22.4164428950001,-101.544936551495,0.));
#6432=CARTESIAN_POINT('Origin',(22.9164428950001,-101.544936551495,0.));
#6433=CARTESIAN_POINT('Origin',(20.5310891675635,-104.250001523644,0.));
#6434=CARTESIAN_POINT('',(20.0310891675635,-104.250001523644,2.));
#6435=CARTESIAN_POINT('Origin',(20.5310891675635,-104.250001523644,2.));
#6436=CARTESIAN_POINT('',(20.0310891675635,-104.250001523644,0.));
#6437=CARTESIAN_POINT('',(20.0310891675635,-104.250001523644,0.));
#6438=CARTESIAN_POINT('Origin',(20.5310891675635,-104.250001523644,0.));
#6439=CARTESIAN_POINT('Origin',(25.7272415902701,-97.7500015310943,0.));
#6440=CARTESIAN_POINT('',(25.2272415902701,-97.7500015310943,2.));
#6441=CARTESIAN_POINT('Origin',(25.7272415902701,-97.7500015310943,2.));
#6442=CARTESIAN_POINT('',(25.2272415902701,-97.7500015310943,0.));
#6443=CARTESIAN_POINT('',(25.2272415902701,-97.7500015310943,0.));
#6444=CARTESIAN_POINT('Origin',(25.7272415902701,-97.7500015310943,0.));
#6445=CARTESIAN_POINT('Origin',(14.4689113539772,-100.750001531094,0.));
#6446=CARTESIAN_POINT('',(13.9689113539771,-100.750001531094,2.));
#6447=CARTESIAN_POINT('Origin',(14.4689113539772,-100.750001531094,2.));
#6448=CARTESIAN_POINT('',(13.9689113539771,-100.750001531094,0.));
#6449=CARTESIAN_POINT('',(13.9689113539771,-100.750001531094,0.));
#6450=CARTESIAN_POINT('Origin',(14.4689113539772,-100.750001531094,0.));
#6451=CARTESIAN_POINT('Origin',(21.0000002533198,-102.500001527369,0.));
#6452=CARTESIAN_POINT('',(20.5000002533198,-102.500001527369,2.));
#6453=CARTESIAN_POINT('Origin',(21.0000002533198,-102.500001527369,2.));
#6454=CARTESIAN_POINT('',(20.5000002533198,-102.500001527369,0.));
#6455=CARTESIAN_POINT('',(20.5000002533198,-102.500001527369,0.));
#6456=CARTESIAN_POINT('Origin',(21.0000002533198,-102.500001527369,0.));
#6457=CARTESIAN_POINT('Origin',(21.0353321092572,-98.2867570959221,0.));
#6458=CARTESIAN_POINT('',(20.5353321092572,-98.2867570959221,2.));
#6459=CARTESIAN_POINT('Origin',(21.0353321092572,-98.2867570959221,2.));
#6460=CARTESIAN_POINT('',(20.5353321092572,-98.2867570959221,0.));
#6461=CARTESIAN_POINT('',(20.5353321092572,-98.2867570959221,0.));
#6462=CARTESIAN_POINT('Origin',(21.0353321092572,-98.2867570959221,0.));
#6463=CARTESIAN_POINT('Origin',(17.5000002607703,-108.000001519918,0.));
#6464=CARTESIAN_POINT('',(17.0000002607703,-108.000001519918,2.));
#6465=CARTESIAN_POINT('Origin',(17.5000002607703,-108.000001519918,2.));
#6466=CARTESIAN_POINT('',(17.0000002607703,-108.000001519918,0.));
#6467=CARTESIAN_POINT('',(17.0000002607703,-108.000001519918,0.));
#6468=CARTESIAN_POINT('Origin',(17.5000002607703,-108.000001519918,0.));
#6469=CARTESIAN_POINT('Origin',(21.0353321092572,-106.713245958816,0.));
#6470=CARTESIAN_POINT('',(20.5353321092572,-106.713245958816,2.));
#6471=CARTESIAN_POINT('Origin',(21.0353321092572,-106.713245958816,2.));
#6472=CARTESIAN_POINT('',(20.5353321092572,-106.713245958816,0.));
#6473=CARTESIAN_POINT('',(20.5353321092572,-106.713245958816,0.));
#6474=CARTESIAN_POINT('Origin',(21.0353321092572,-106.713245958816,0.));
#6475=CARTESIAN_POINT('Origin',(19.3811110465133,-97.3316921200477,0.));
#6476=CARTESIAN_POINT('',(18.8811110465133,-97.3316921200477,2.));
#6477=CARTESIAN_POINT('Origin',(19.3811110465133,-97.3316921200477,2.));
#6478=CARTESIAN_POINT('',(18.8811110465133,-97.3316921200477,0.));
#6479=CARTESIAN_POINT('',(18.8811110465133,-97.3316921200477,0.));
#6480=CARTESIAN_POINT('Origin',(19.3811110465133,-97.3316921200477,0.));
#6481=CARTESIAN_POINT('Origin',(22.2631399751324,-105.250001523644,0.));
#6482=CARTESIAN_POINT('',(21.7631399751324,-105.250001523644,2.));
#6483=CARTESIAN_POINT('Origin',(22.2631399751324,-105.250001523644,2.));
#6484=CARTESIAN_POINT('',(21.7631399751324,-105.250001523644,0.));
#6485=CARTESIAN_POINT('',(21.7631399751324,-105.250001523644,0.));
#6486=CARTESIAN_POINT('Origin',(22.2631399751324,-105.250001523644,0.));
#6487=CARTESIAN_POINT('Origin',(15.7500002644956,-99.4689126205758,0.));
#6488=CARTESIAN_POINT('',(15.2500002644956,-99.4689126205758,2.));
#6489=CARTESIAN_POINT('Origin',(15.7500002644956,-99.4689126205758,2.));
#6490=CARTESIAN_POINT('',(15.2500002644956,-99.4689126205758,0.));
#6491=CARTESIAN_POINT('',(15.2500002644956,-99.4689126205758,0.));
#6492=CARTESIAN_POINT('Origin',(15.7500002644956,-99.4689126205758,0.));
#6493=CARTESIAN_POINT('Origin',(12.0835576265405,-103.455066503243,0.));
#6494=CARTESIAN_POINT('',(11.5835576265405,-103.455066503243,2.));
#6495=CARTESIAN_POINT('Origin',(12.0835576265405,-103.455066503243,2.));
#6496=CARTESIAN_POINT('',(11.5835576265405,-103.455066503243,0.));
#6497=CARTESIAN_POINT('',(11.5835576265405,-103.455066503243,0.));
#6498=CARTESIAN_POINT('Origin',(12.0835576265405,-103.455066503243,0.));
#6499=CARTESIAN_POINT('Origin',(22.9164428950001,-103.455066503243,0.));
#6500=CARTESIAN_POINT('',(22.4164428950001,-103.455066503243,2.));
#6501=CARTESIAN_POINT('Origin',(22.9164428950001,-103.455066503243,2.));
#6502=CARTESIAN_POINT('',(22.4164428950001,-103.455066503243,0.));
#6503=CARTESIAN_POINT('',(22.4164428950001,-103.455066503243,0.));
#6504=CARTESIAN_POINT('Origin',(22.9164428950001,-103.455066503243,0.));
#6505=CARTESIAN_POINT('Origin',(16.200962161546,-103.250001523644,0.));
#6506=CARTESIAN_POINT('',(15.700962161546,-103.250001523644,2.));
#6507=CARTESIAN_POINT('Origin',(16.200962161546,-103.250001523644,2.));
#6508=CARTESIAN_POINT('',(15.700962161546,-103.250001523644,0.));
#6509=CARTESIAN_POINT('',(15.700962161546,-103.250001523644,0.));
#6510=CARTESIAN_POINT('Origin',(16.200962161546,-103.250001523644,0.));
#6511=CARTESIAN_POINT('Origin',(13.9646684122835,-98.2867570959221,0.));
#6512=CARTESIAN_POINT('',(13.4646684122835,-98.2867570959221,2.));
#6513=CARTESIAN_POINT('Origin',(13.9646684122835,-98.2867570959221,2.));
#6514=CARTESIAN_POINT('',(13.4646684122835,-98.2867570959221,0.));
#6515=CARTESIAN_POINT('',(13.4646684122835,-98.2867570959221,0.));
#6516=CARTESIAN_POINT('Origin',(13.9646684122835,-98.2867570959221,0.));
#6517=CARTESIAN_POINT('Origin',(22.2631399751324,-99.7500015310943,0.));
#6518=CARTESIAN_POINT('',(21.7631399751324,-99.7500015310943,2.));
#6519=CARTESIAN_POINT('Origin',(22.2631399751324,-99.7500015310943,2.));
#6520=CARTESIAN_POINT('',(21.7631399751324,-99.7500015310943,0.));
#6521=CARTESIAN_POINT('',(21.7631399751324,-99.7500015310943,0.));
#6522=CARTESIAN_POINT('Origin',(22.2631399751324,-99.7500015310943,0.));
#6523=CARTESIAN_POINT('Origin',(53.0000005215406,-117.000001743436,0.));
#6524=CARTESIAN_POINT('',(53.0000005215406,-117.000001743436,0.));
#6525=CARTESIAN_POINT('',(35.0000005215406,-117.000001743436,0.));
#6526=CARTESIAN_POINT('',(35.0000005215406,-117.000001743436,0.));
#6527=CARTESIAN_POINT('',(35.0000005215406,-117.000001743436,2.));
#6528=CARTESIAN_POINT('',(35.0000005215406,-117.000001743436,0.));
#6529=CARTESIAN_POINT('',(53.0000005215406,-117.000001743436,2.));
#6530=CARTESIAN_POINT('',(35.0000005215406,-117.000001743436,2.));
#6531=CARTESIAN_POINT('',(53.0000005215406,-117.000001743436,0.));
#6532=CARTESIAN_POINT('Origin',(53.0000005215406,-106.000001743436,0.));
#6533=CARTESIAN_POINT('',(53.0000005215406,-106.000001743436,0.));
#6534=CARTESIAN_POINT('',(53.0000005215406,-117.000001743436,0.));
#6535=CARTESIAN_POINT('',(53.0000005215406,-106.000001743436,2.));
#6536=CARTESIAN_POINT('',(53.0000005215406,-117.000001743436,2.));
#6537=CARTESIAN_POINT('',(53.0000005215406,-106.000001743436,0.));
#6538=CARTESIAN_POINT('Origin',(35.0000005215406,-106.000001743436,0.));
#6539=CARTESIAN_POINT('',(35.0000005215406,-106.000001743436,0.));
#6540=CARTESIAN_POINT('',(53.0000005215406,-106.000001743436,0.));
#6541=CARTESIAN_POINT('',(35.0000005215406,-106.000001743436,2.));
#6542=CARTESIAN_POINT('',(53.0000005215406,-106.000001743436,2.));
#6543=CARTESIAN_POINT('',(35.0000005215406,-106.000001743436,0.));
#6544=CARTESIAN_POINT('Origin',(35.0000005215406,-117.000001743436,0.));
#6545=CARTESIAN_POINT('',(35.0000005215406,-106.000001743436,0.));
#6546=CARTESIAN_POINT('',(35.0000005215406,-106.000001743436,2.));
#6547=CARTESIAN_POINT('Origin',(22.250000257045,-94.2727601978692,0.));
#6548=CARTESIAN_POINT('',(21.750000257045,-94.2727601978692,2.));
#6549=CARTESIAN_POINT('Origin',(22.250000257045,-94.2727601978692,2.));
#6550=CARTESIAN_POINT('',(21.750000257045,-94.2727601978692,0.));
#6551=CARTESIAN_POINT('',(21.750000257045,-94.2727601978692,0.));
#6552=CARTESIAN_POINT('Origin',(22.250000257045,-94.2727601978692,0.));
#6553=CARTESIAN_POINT('Origin',(18.7990383599946,-103.250001523644,0.));
#6554=CARTESIAN_POINT('',(18.2990383599946,-103.250001523644,2.));
#6555=CARTESIAN_POINT('Origin',(18.7990383599946,-103.250001523644,2.));
#6556=CARTESIAN_POINT('',(18.2990383599946,-103.250001523644,0.));
#6557=CARTESIAN_POINT('',(18.2990383599946,-103.250001523644,0.));
#6558=CARTESIAN_POINT('Origin',(18.7990383599946,-103.250001523644,0.));
#6559=CARTESIAN_POINT('Origin',(18.7990383599946,-101.750001531094,0.));
#6560=CARTESIAN_POINT('',(18.2990383599946,-101.750001531094,2.));
#6561=CARTESIAN_POINT('Origin',(18.7990383599946,-101.750001531094,2.));
#6562=CARTESIAN_POINT('',(18.2990383599946,-101.750001531094,0.));
#6563=CARTESIAN_POINT('',(18.2990383599946,-101.750001531094,0.));
#6564=CARTESIAN_POINT('Origin',(18.7990383599946,-101.750001531094,0.));
#6565=CARTESIAN_POINT('Origin',(45.0000006705523,-95.0000014156103,0.));
#6566=CARTESIAN_POINT('',(41.0000006705523,-95.0000014156103,2.));
#6567=CARTESIAN_POINT('Origin',(45.0000006705523,-95.0000014156103,2.));
#6568=CARTESIAN_POINT('',(41.0000006705523,-95.0000014156103,0.));
#6569=CARTESIAN_POINT('',(41.0000006705523,-95.0000014156103,0.));
#6570=CARTESIAN_POINT('Origin',(45.0000006705523,-95.0000014156103,0.));
#6571=CARTESIAN_POINT('Origin',(17.5000002607703,-104.000001519918,0.));
#6572=CARTESIAN_POINT('',(17.0000002607703,-104.000001519918,2.));
#6573=CARTESIAN_POINT('Origin',(17.5000002607703,-104.000001519918,2.));
#6574=CARTESIAN_POINT('',(17.0000002607703,-104.000001519918,0.));
#6575=CARTESIAN_POINT('',(17.0000002607703,-104.000001519918,0.));
#6576=CARTESIAN_POINT('Origin',(17.5000002607703,-104.000001519918,0.));
#6577=CARTESIAN_POINT('Origin',(19.2500002570451,-99.4689126205758,0.));
#6578=CARTESIAN_POINT('',(18.750000257045,-99.4689126205758,2.));
#6579=CARTESIAN_POINT('Origin',(19.2500002570451,-99.4689126205758,2.));
#6580=CARTESIAN_POINT('',(18.750000257045,-99.4689126205758,0.));
#6581=CARTESIAN_POINT('',(18.750000257045,-99.4689126205758,0.));
#6582=CARTESIAN_POINT('Origin',(19.2500002570451,-99.4689126205758,0.));
#6583=CARTESIAN_POINT('Origin',(16.200962161546,-101.750001531094,0.));
#6584=CARTESIAN_POINT('',(15.700962161546,-101.750001531094,2.));
#6585=CARTESIAN_POINT('Origin',(16.200962161546,-101.750001531094,2.));
#6586=CARTESIAN_POINT('',(15.700962161546,-101.750001531094,0.));
#6587=CARTESIAN_POINT('',(15.700962161546,-101.750001531094,0.));
#6588=CARTESIAN_POINT('Origin',(16.200962161546,-101.750001531094,0.));
#6589=CARTESIAN_POINT('Origin',(13.9646684122835,-106.713245958816,0.));
#6590=CARTESIAN_POINT('',(13.4646684122835,-106.713245958816,2.));
#6591=CARTESIAN_POINT('Origin',(13.9646684122835,-106.713245958816,2.));
#6592=CARTESIAN_POINT('',(13.4646684122835,-106.713245958816,0.));
#6593=CARTESIAN_POINT('',(13.4646684122835,-106.713245958816,0.));
#6594=CARTESIAN_POINT('Origin',(13.9646684122835,-106.713245958816,0.));
#6595=CARTESIAN_POINT('Origin',(12.7368605464083,-105.250001523644,0.));
#6596=CARTESIAN_POINT('',(12.2368605464083,-105.250001523644,2.));
#6597=CARTESIAN_POINT('Origin',(12.7368605464083,-105.250001523644,2.));
#6598=CARTESIAN_POINT('',(12.2368605464083,-105.250001523644,0.));
#6599=CARTESIAN_POINT('',(12.2368605464083,-105.250001523644,0.));
#6600=CARTESIAN_POINT('Origin',(12.7368605464083,-105.250001523644,0.));
#6601=CARTESIAN_POINT('Origin',(15.6188894750274,-97.3316921200477,0.));
#6602=CARTESIAN_POINT('',(15.1188894750274,-97.3316921200477,2.));
#6603=CARTESIAN_POINT('Origin',(15.6188894750274,-97.3316921200477,2.));
#6604=CARTESIAN_POINT('',(15.1188894750274,-97.3316921200477,0.));
#6605=CARTESIAN_POINT('',(15.1188894750274,-97.3316921200477,0.));
#6606=CARTESIAN_POINT('Origin',(15.6188894750274,-97.3316921200477,0.));
#6607=CARTESIAN_POINT('Origin',(19.9587811873159,-93.3237061848196,0.));
#6608=CARTESIAN_POINT('',(19.4587811873159,-93.3237061848196,2.));
#6609=CARTESIAN_POINT('Origin',(19.9587811873159,-93.3237061848196,2.));
#6610=CARTESIAN_POINT('',(19.4587811873159,-93.3237061848196,0.));
#6611=CARTESIAN_POINT('',(19.4587811873159,-93.3237061848196,0.));
#6612=CARTESIAN_POINT('Origin',(19.9587811873159,-93.3237061848196,0.));
#6613=CARTESIAN_POINT('Origin',(15.7500002644956,-105.531090434162,0.));
#6614=CARTESIAN_POINT('',(15.2500002644956,-105.531090434162,2.));
#6615=CARTESIAN_POINT('Origin',(15.7500002644956,-105.531090434162,2.));
#6616=CARTESIAN_POINT('',(15.2500002644956,-105.531090434162,0.));
#6617=CARTESIAN_POINT('',(15.2500002644956,-105.531090434162,0.));
#6618=CARTESIAN_POINT('Origin',(15.7500002644956,-105.531090434162,0.));
#6619=CARTESIAN_POINT('Origin',(14.4689113539772,-104.250001523644,0.));
#6620=CARTESIAN_POINT('',(13.9689113539771,-104.250001523644,2.));
#6621=CARTESIAN_POINT('Origin',(14.4689113539772,-104.250001523644,2.));
#6622=CARTESIAN_POINT('',(13.9689113539771,-104.250001523644,0.));
#6623=CARTESIAN_POINT('',(13.9689113539771,-104.250001523644,0.));
#6624=CARTESIAN_POINT('Origin',(14.4689113539772,-104.250001523644,0.));
#6625=CARTESIAN_POINT('Origin',(12.7368605464083,-99.7500015310943,0.));
#6626=CARTESIAN_POINT('',(12.2368605464083,-99.7500015310943,2.));
#6627=CARTESIAN_POINT('Origin',(12.7368605464083,-99.7500015310943,2.));
#6628=CARTESIAN_POINT('',(12.2368605464083,-99.7500015310943,0.));
#6629=CARTESIAN_POINT('',(12.2368605464083,-99.7500015310943,0.));
#6630=CARTESIAN_POINT('Origin',(12.7368605464083,-99.7500015310943,0.));
#6631=CARTESIAN_POINT('Origin',(12.0835576265405,-101.544936551495,0.));
#6632=CARTESIAN_POINT('',(11.5835576265405,-101.544936551495,2.));
#6633=CARTESIAN_POINT('Origin',(12.0835576265405,-101.544936551495,2.));
#6634=CARTESIAN_POINT('',(11.5835576265405,-101.544936551495,0.));
#6635=CARTESIAN_POINT('',(11.5835576265405,-101.544936551495,0.));
#6636=CARTESIAN_POINT('Origin',(12.0835576265405,-101.544936551495,0.));
#6637=CARTESIAN_POINT('Origin',(15.6188894750274,-107.66831093469,0.));
#6638=CARTESIAN_POINT('',(15.1188894750274,-107.66831093469,2.));
#6639=CARTESIAN_POINT('Origin',(15.6188894750274,-107.66831093469,2.));
#6640=CARTESIAN_POINT('',(15.1188894750274,-107.66831093469,0.));
#6641=CARTESIAN_POINT('',(15.1188894750274,-107.66831093469,0.));
#6642=CARTESIAN_POINT('Origin',(15.6188894750274,-107.66831093469,0.));
#6643=CARTESIAN_POINT('Origin',(14.0000002682209,-102.500001527369,0.));
#6644=CARTESIAN_POINT('',(13.5000002682209,-102.500001527369,2.));
#6645=CARTESIAN_POINT('Origin',(14.0000002682209,-102.500001527369,2.));
#6646=CARTESIAN_POINT('',(13.5000002682209,-102.500001527369,0.));
#6647=CARTESIAN_POINT('',(13.5000002682209,-102.500001527369,0.));
#6648=CARTESIAN_POINT('Origin',(14.0000002682209,-102.500001527369,0.));
#6649=CARTESIAN_POINT('Origin',(24.2175146767742,-95.7824871113652,0.));
#6650=CARTESIAN_POINT('',(23.7175146767742,-95.7824871113652,2.));
#6651=CARTESIAN_POINT('Origin',(24.2175146767742,-95.7824871113652,2.));
#6652=CARTESIAN_POINT('',(23.7175146767742,-95.7824871113652,0.));
#6653=CARTESIAN_POINT('',(23.7175146767742,-95.7824871113652,0.));
#6654=CARTESIAN_POINT('Origin',(24.2175146767742,-95.7824871113652,0.));
#6655=CARTESIAN_POINT('Origin',(19.3811110465133,-107.66831093469,0.));
#6656=CARTESIAN_POINT('',(18.8811110465133,-107.66831093469,2.));
#6657=CARTESIAN_POINT('Origin',(19.3811110465133,-107.66831093469,2.));
#6658=CARTESIAN_POINT('',(18.8811110465133,-107.66831093469,0.));
#6659=CARTESIAN_POINT('',(18.8811110465133,-107.66831093469,0.));
#6660=CARTESIAN_POINT('Origin',(19.3811110465133,-107.66831093469,0.));
#6661=CARTESIAN_POINT('Origin',(28.0594854830522,-97.9450842208697,0.));
#6662=CARTESIAN_POINT('',(27.8614456000327,-97.4859761674296,2.));
#6663=CARTESIAN_POINT('Origin',(28.0594854830522,-97.9450842208697,2.));
#6664=CARTESIAN_POINT('',(27.8614456000327,-97.4859761674296,0.));
#6665=CARTESIAN_POINT('',(27.8614456000327,-97.4859761674296,0.));
#6666=CARTESIAN_POINT('Origin',(28.0594854830522,-97.9450842208697,0.));
#6667=CARTESIAN_POINT('Origin',(24.4815533686663,-99.7599438473431,0.));
#6668=CARTESIAN_POINT('',(24.2988828564831,-99.2945069730209,2.));
#6669=CARTESIAN_POINT('Origin',(24.4815533686663,-99.7599438473431,2.));
#6670=CARTESIAN_POINT('',(24.2988828564831,-99.2945069730209,0.));
#6671=CARTESIAN_POINT('',(24.2988828564831,-99.2945069730209,0.));
#6672=CARTESIAN_POINT('Origin',(24.4815533686663,-99.7599438473431,0.));
#6673=CARTESIAN_POINT('Origin',(13.2750998294902,-96.303210726155,0.));
#6674=CARTESIAN_POINT('',(12.8619804423322,-96.5848707551868,2.));
#6675=CARTESIAN_POINT('Origin',(13.2750998294902,-96.303210726155,2.));
#6676=CARTESIAN_POINT('',(12.8619804423322,-96.5848707551868,0.));
#6677=CARTESIAN_POINT('',(12.8619804423322,-96.5848707551868,0.));
#6678=CARTESIAN_POINT('Origin',(13.2750998294902,-96.303210726155,0.));
#6679=CARTESIAN_POINT('Origin',(27.0000002533198,-102.500001527369,0.));
#6680=CARTESIAN_POINT('',(26.5000002533198,-102.500001527369,2.));
#6681=CARTESIAN_POINT('Origin',(27.0000002533198,-102.500001527369,2.));
#6682=CARTESIAN_POINT('',(26.5000002533198,-102.500001527369,0.));
#6683=CARTESIAN_POINT('',(26.5000002533198,-102.500001527369,0.));
#6684=CARTESIAN_POINT('Origin',(27.0000002533198,-102.500001527369,0.));
#6685=CARTESIAN_POINT('Origin',(27.459292397839,-108.250001523644,0.));
#6686=CARTESIAN_POINT('',(27.709292397839,-107.816988821752,2.));
#6687=CARTESIAN_POINT('Origin',(27.459292397839,-108.250001523644,2.));
#6688=CARTESIAN_POINT('',(27.709292397839,-107.816988821752,0.));
#6689=CARTESIAN_POINT('',(27.709292397839,-107.816988821752,0.));
#6690=CARTESIAN_POINT('Origin',(27.459292397839,-108.250001523644,0.));
#6691=CARTESIAN_POINT('Origin',(21.4332319064673,-113.306466659406,0.));
#6692=CARTESIAN_POINT('',(21.9030782168602,-113.135456587743,2.));
#6693=CARTESIAN_POINT('Origin',(21.4332319064673,-113.306466659406,2.));
#6694=CARTESIAN_POINT('',(21.9030782168602,-113.135456587743,0.));
#6695=CARTESIAN_POINT('',(21.9030782168602,-113.135456587743,0.));
#6696=CARTESIAN_POINT('Origin',(21.4332319064673,-113.306466659406,0.));
#6697=CARTESIAN_POINT('Origin',(28.8252894130733,-100.503047485493,0.));
#6698=CARTESIAN_POINT('',(28.7384653242399,-100.010643608987,2.));
#6699=CARTESIAN_POINT('Origin',(28.8252894130733,-100.503047485493,2.));
#6700=CARTESIAN_POINT('',(28.7384653242399,-100.010643608987,0.));
#6701=CARTESIAN_POINT('',(28.7384653242399,-100.010643608987,0.));
#6702=CARTESIAN_POINT('Origin',(28.8252894130733,-100.503047485493,0.));
#6703=CARTESIAN_POINT('Origin',(8.32370491822086,-100.041220600823,0.));
#6704=CARTESIAN_POINT('',(8.1942953956696,-100.524183513968,2.));
#6705=CARTESIAN_POINT('Origin',(8.32370491822086,-100.041220600823,2.));
#6706=CARTESIAN_POINT('',(8.1942953956696,-100.524183513968,0.));
#6707=CARTESIAN_POINT('',(8.1942953956696,-100.524183513968,0.));
#6708=CARTESIAN_POINT('Origin',(8.32370491822086,-100.041220600823,0.));
#6709=CARTESIAN_POINT('Origin',(32.9999995306134,-45.5000006780028,0.));
#6710=CARTESIAN_POINT('',(32.9999995306134,-45.5000006780028,0.));
#6711=CARTESIAN_POINT('',(32.9999995306134,-53.0000006780028,0.));
#6712=CARTESIAN_POINT('',(32.9999995306134,-45.5000006780028,0.));
#6713=CARTESIAN_POINT('',(32.9999995306134,-53.0000006780028,2.));
#6714=CARTESIAN_POINT('',(32.9999995306134,-53.0000006780028,0.));
#6715=CARTESIAN_POINT('',(32.9999995306134,-45.5000006780028,2.));
#6716=CARTESIAN_POINT('',(32.9999995306134,-45.5000006780028,2.));
#6717=CARTESIAN_POINT('',(32.9999995306134,-45.5000006780028,0.));
#6718=CARTESIAN_POINT('Origin',(22.9999995306134,-45.5000006780028,0.));
#6719=CARTESIAN_POINT('',(22.9999995306134,-45.5000006780028,0.));
#6720=CARTESIAN_POINT('',(22.9999995306134,-45.5000006780028,0.));
#6721=CARTESIAN_POINT('',(22.9999995306134,-45.5000006780028,2.));
#6722=CARTESIAN_POINT('',(22.9999995306134,-45.5000006780028,2.));
#6723=CARTESIAN_POINT('',(22.9999995306134,-45.5000006780028,0.));
#6724=CARTESIAN_POINT('Origin',(22.9999995306134,-53.0000006780028,0.));
#6725=CARTESIAN_POINT('',(22.9999995306134,-53.0000006780028,0.));
#6726=CARTESIAN_POINT('',(22.9999995306134,-53.0000006780028,0.));
#6727=CARTESIAN_POINT('',(22.9999995306134,-53.0000006780028,2.));
#6728=CARTESIAN_POINT('',(22.9999995306134,-53.0000006780028,2.));
#6729=CARTESIAN_POINT('',(22.9999995306134,-53.0000006780028,0.));
#6730=CARTESIAN_POINT('Origin',(32.9999995306134,-53.0000006780028,0.));
#6731=CARTESIAN_POINT('',(32.9999995306134,-53.0000006780028,0.));
#6732=CARTESIAN_POINT('',(32.9999995306134,-53.0000006780028,2.));
#6733=CARTESIAN_POINT('Origin',(18.000000089407,-75.5000006780028,0.));
#6734=CARTESIAN_POINT('',(18.000000089407,-75.5000006780028,0.));
#6735=CARTESIAN_POINT('',(18.000000089407,-83.0000006780028,0.));
#6736=CARTESIAN_POINT('',(18.000000089407,-75.5000006780028,0.));
#6737=CARTESIAN_POINT('',(18.000000089407,-83.0000006780028,2.));
#6738=CARTESIAN_POINT('',(18.000000089407,-83.0000006780028,0.));
#6739=CARTESIAN_POINT('',(18.000000089407,-75.5000006780028,2.));
#6740=CARTESIAN_POINT('',(18.000000089407,-75.5000006780028,2.));
#6741=CARTESIAN_POINT('',(18.000000089407,-75.5000006780028,0.));
#6742=CARTESIAN_POINT('Origin',(8.00000008940697,-75.5000006780028,0.));
#6743=CARTESIAN_POINT('',(8.00000008940697,-75.5000006780028,0.));
#6744=CARTESIAN_POINT('',(8.00000008940697,-75.5000006780028,0.));
#6745=CARTESIAN_POINT('',(8.00000008940697,-75.5000006780028,2.));
#6746=CARTESIAN_POINT('',(8.00000008940697,-75.5000006780028,2.));
#6747=CARTESIAN_POINT('',(8.00000008940697,-75.5000006780028,0.));
#6748=CARTESIAN_POINT('Origin',(8.00000008940697,-83.0000006780028,0.));
#6749=CARTESIAN_POINT('',(8.00000008940697,-83.0000006780028,0.));
#6750=CARTESIAN_POINT('',(8.00000008940697,-83.0000006780028,0.));
#6751=CARTESIAN_POINT('',(8.00000008940697,-83.0000006780028,2.));
#6752=CARTESIAN_POINT('',(8.00000008940697,-83.0000006780028,2.));
#6753=CARTESIAN_POINT('',(8.00000008940697,-83.0000006780028,0.));
#6754=CARTESIAN_POINT('Origin',(18.000000089407,-83.0000006780028,0.));
#6755=CARTESIAN_POINT('',(18.000000089407,-83.0000006780028,0.));
#6756=CARTESIAN_POINT('',(18.000000089407,-83.0000006780028,2.));
#6757=CARTESIAN_POINT('Origin',(48.0000005364418,-60.5000004544854,0.));
#6758=CARTESIAN_POINT('',(48.0000005364418,-60.5000004544854,0.));
#6759=CARTESIAN_POINT('',(48.0000005364418,-68.0000004544854,0.));
#6760=CARTESIAN_POINT('',(48.0000005364418,-60.5000004544854,0.));
#6761=CARTESIAN_POINT('',(48.0000005364418,-68.0000004544854,2.));
#6762=CARTESIAN_POINT('',(48.0000005364418,-68.0000004544854,0.));
#6763=CARTESIAN_POINT('',(48.0000005364418,-60.5000004544854,2.));
#6764=CARTESIAN_POINT('',(48.0000005364418,-60.5000004544854,2.));
#6765=CARTESIAN_POINT('',(48.0000005364418,-60.5000004544854,0.));
#6766=CARTESIAN_POINT('Origin',(38.0000005364418,-60.5000004544854,0.));
#6767=CARTESIAN_POINT('',(38.0000005364418,-60.5000004544854,0.));
#6768=CARTESIAN_POINT('',(38.0000005364418,-60.5000004544854,0.));
#6769=CARTESIAN_POINT('',(38.0000005364418,-60.5000004544854,2.));
#6770=CARTESIAN_POINT('',(38.0000005364418,-60.5000004544854,2.));
#6771=CARTESIAN_POINT('',(38.0000005364418,-60.5000004544854,0.));
#6772=CARTESIAN_POINT('Origin',(38.0000005364418,-68.0000004544854,0.));
#6773=CARTESIAN_POINT('',(38.0000005364418,-68.0000004544854,0.));
#6774=CARTESIAN_POINT('',(38.0000005364418,-68.0000004544854,0.));
#6775=CARTESIAN_POINT('',(38.0000005364418,-68.0000004544854,2.));
#6776=CARTESIAN_POINT('',(38.0000005364418,-68.0000004544854,2.));
#6777=CARTESIAN_POINT('',(38.0000005364418,-68.0000004544854,0.));
#6778=CARTESIAN_POINT('Origin',(48.0000005364418,-68.0000004544854,0.));
#6779=CARTESIAN_POINT('',(48.0000005364418,-68.0000004544854,0.));
#6780=CARTESIAN_POINT('',(48.0000005364418,-68.0000004544854,2.));
#6781=CARTESIAN_POINT('Origin',(5.00000007450581,-4.00000005960464,0.));
#6782=CARTESIAN_POINT('',(5.00000007450581,-4.00000005960464,0.));
#6783=CARTESIAN_POINT('',(5.00000007450581,-5.00000007450581,0.));
#6784=CARTESIAN_POINT('',(5.00000007450581,-4.00000005960464,0.));
#6785=CARTESIAN_POINT('',(5.00000007450581,-5.00000007450581,2.));
#6786=CARTESIAN_POINT('',(5.00000007450581,-5.00000007450581,0.));
#6787=CARTESIAN_POINT('',(5.00000007450581,-4.00000005960464,2.));
#6788=CARTESIAN_POINT('',(5.00000007450581,-4.00000005960464,2.));
#6789=CARTESIAN_POINT('',(5.00000007450581,-4.00000005960464,0.));
#6790=CARTESIAN_POINT('Origin',(4.00000005960464,-4.00000005960464,0.));
#6791=CARTESIAN_POINT('',(4.00000005960464,-4.00000005960464,0.));
#6792=CARTESIAN_POINT('',(4.00000005960464,-4.00000005960464,0.));
#6793=CARTESIAN_POINT('',(4.00000005960464,-4.00000005960464,2.));
#6794=CARTESIAN_POINT('',(4.00000005960464,-4.00000005960464,2.));
#6795=CARTESIAN_POINT('',(4.00000005960464,-4.00000005960464,0.));
#6796=CARTESIAN_POINT('Origin',(4.00000005960464,-5.00000007450581,0.));
#6797=CARTESIAN_POINT('',(4.00000005960464,-5.00000007450581,0.));
#6798=CARTESIAN_POINT('',(4.00000005960464,-5.00000007450581,0.));
#6799=CARTESIAN_POINT('',(4.00000005960464,-5.00000007450581,2.));
#6800=CARTESIAN_POINT('',(4.00000005960464,-5.00000007450581,2.));
#6801=CARTESIAN_POINT('',(4.00000005960464,-5.00000007450581,0.));
#6802=CARTESIAN_POINT('Origin',(5.00000007450581,-5.00000007450581,0.));
#6803=CARTESIAN_POINT('',(5.00000007450581,-5.00000007450581,0.));
#6804=CARTESIAN_POINT('',(5.00000007450581,-5.00000007450581,2.));
#6805=CARTESIAN_POINT('Origin',(46.0000001937151,-13.0000001937151,0.));
#6806=CARTESIAN_POINT('',(46.0000001937151,-13.0000001937151,0.));
#6807=CARTESIAN_POINT('',(46.0000001937151,-25.0000001937151,0.));
#6808=CARTESIAN_POINT('',(46.0000001937151,-13.0000001937151,0.));
#6809=CARTESIAN_POINT('',(46.0000001937151,-25.0000001937151,2.));
#6810=CARTESIAN_POINT('',(46.0000001937151,-25.0000001937151,0.));
#6811=CARTESIAN_POINT('',(46.0000001937151,-13.0000001937151,2.));
#6812=CARTESIAN_POINT('',(46.0000001937151,-13.0000001937151,2.));
#6813=CARTESIAN_POINT('',(46.0000001937151,-13.0000001937151,0.));
#6814=CARTESIAN_POINT('Origin',(13.0000001937151,-13.0000001937151,0.));
#6815=CARTESIAN_POINT('',(13.0000001937151,-13.0000001937151,0.));
#6816=CARTESIAN_POINT('',(13.0000001937151,-13.0000001937151,0.));
#6817=CARTESIAN_POINT('',(13.0000001937151,-13.0000001937151,2.));
#6818=CARTESIAN_POINT('',(13.0000001937151,-13.0000001937151,2.));
#6819=CARTESIAN_POINT('',(13.0000001937151,-13.0000001937151,0.));
#6820=CARTESIAN_POINT('Origin',(13.0000001937151,-25.0000001937151,0.));
#6821=CARTESIAN_POINT('',(13.0000001937151,-25.0000001937151,0.));
#6822=CARTESIAN_POINT('',(13.0000001937151,-25.0000001937151,0.));
#6823=CARTESIAN_POINT('',(13.0000001937151,-25.0000001937151,2.));
#6824=CARTESIAN_POINT('',(13.0000001937151,-25.0000001937151,2.));
#6825=CARTESIAN_POINT('',(13.0000001937151,-25.0000001937151,0.));
#6826=CARTESIAN_POINT('Origin',(46.0000001937151,-25.0000001937151,0.));
#6827=CARTESIAN_POINT('',(46.0000001937151,-25.0000001937151,0.));
#6828=CARTESIAN_POINT('',(46.0000001937151,-25.0000001937151,2.));
#6829=CARTESIAN_POINT('Origin',(8.00000026822088,-102.500001527369,0.));
#6830=CARTESIAN_POINT('',(8.00000026822088,-103.000001527369,2.));
#6831=CARTESIAN_POINT('Origin',(8.00000026822088,-102.500001527369,2.));
#6832=CARTESIAN_POINT('',(8.00000026822088,-103.000001527369,0.));
#6833=CARTESIAN_POINT('',(8.00000026822088,-103.000001527369,0.));
#6834=CARTESIAN_POINT('Origin',(8.00000026822088,-102.500001527369,0.));
#6835=CARTESIAN_POINT('Origin',(17.5000002607703,-101.00000153482,0.));
#6836=CARTESIAN_POINT('',(17.0000002607703,-101.00000153482,2.));
#6837=CARTESIAN_POINT('Origin',(17.5000002607703,-101.00000153482,2.));
#6838=CARTESIAN_POINT('',(17.0000002607703,-101.00000153482,0.));
#6839=CARTESIAN_POINT('',(17.0000002607703,-101.00000153482,0.));
#6840=CARTESIAN_POINT('Origin',(17.5000002607703,-101.00000153482,0.));
#6841=CARTESIAN_POINT('Origin',(17.5000002607703,-99.0000015348196,0.));
#6842=CARTESIAN_POINT('',(17.0000002607703,-99.0000015348196,2.));
#6843=CARTESIAN_POINT('Origin',(17.5000002607703,-99.0000015348196,2.));
#6844=CARTESIAN_POINT('',(17.0000002607703,-99.0000015348196,0.));
#6845=CARTESIAN_POINT('',(17.0000002607703,-99.0000015348196,0.));
#6846=CARTESIAN_POINT('Origin',(17.5000002607703,-99.0000015348196,0.));
#6847=CARTESIAN_POINT('Origin',(18.6178172559812,-109.91623271669,0.));
#6848=CARTESIAN_POINT('',(19.1122326690937,-109.841711583602,2.));
#6849=CARTESIAN_POINT('Origin',(18.6178172559812,-109.91623271669,2.));
#6850=CARTESIAN_POINT('',(19.1122326690937,-109.841711583602,0.));
#6851=CARTESIAN_POINT('',(19.1122326690937,-109.841711583602,0.));
#6852=CARTESIAN_POINT('Origin',(18.6178172559812,-109.91623271669,0.));
#6853=CARTESIAN_POINT('Origin',(7.54070812370166,-108.250001523644,0.));
#6854=CARTESIAN_POINT('',(7.79070812370167,-108.683014225536,2.));
#6855=CARTESIAN_POINT('Origin',(7.54070812370166,-108.250001523644,2.));
#6856=CARTESIAN_POINT('',(7.79070812370167,-108.683014225536,0.));
#6857=CARTESIAN_POINT('',(7.79070812370167,-108.683014225536,0.));
#6858=CARTESIAN_POINT('Origin',(7.54070812370166,-108.250001523644,0.));
#6859=CARTESIAN_POINT('Origin',(26.7244169714771,-95.6326777272362,0.));
#6860=CARTESIAN_POINT('',(26.4258376756257,-95.2316161308586,2.));
#6861=CARTESIAN_POINT('Origin',(26.7244169714771,-95.6326777272362,2.));
#6862=CARTESIAN_POINT('',(26.4258376756257,-95.2316161308586,0.));
#6863=CARTESIAN_POINT('',(26.4258376756257,-95.2316161308586,0.));
#6864=CARTESIAN_POINT('Origin',(26.7244169714771,-95.6326777272362,0.));
#6865=CARTESIAN_POINT('Origin',(16.1649317491951,-113.922242634001,0.));
#6866=CARTESIAN_POINT('',(16.6615509280661,-113.980289091064,2.));
#6867=CARTESIAN_POINT('Origin',(16.1649317491951,-113.922242634001,2.));
#6868=CARTESIAN_POINT('',(16.6615509280661,-113.980289091064,0.));
#6869=CARTESIAN_POINT('',(16.6615509280661,-113.980289091064,0.));
#6870=CARTESIAN_POINT('Origin',(16.1649317491951,-113.922242634001,0.));
#6871=CARTESIAN_POINT('Origin',(18.000000089407,-30.5000004544854,0.));
#6872=CARTESIAN_POINT('',(18.000000089407,-30.5000004544854,0.));
#6873=CARTESIAN_POINT('',(18.000000089407,-38.0000004544854,0.));
#6874=CARTESIAN_POINT('',(18.000000089407,-30.5000004544854,0.));
#6875=CARTESIAN_POINT('',(18.000000089407,-38.0000004544854,2.));
#6876=CARTESIAN_POINT('',(18.000000089407,-38.0000004544854,0.));
#6877=CARTESIAN_POINT('',(18.000000089407,-30.5000004544854,2.));
#6878=CARTESIAN_POINT('',(18.000000089407,-30.5000004544854,2.));
#6879=CARTESIAN_POINT('',(18.000000089407,-30.5000004544854,0.));
#6880=CARTESIAN_POINT('Origin',(8.00000008940697,-30.5000004544854,0.));
#6881=CARTESIAN_POINT('',(8.00000008940697,-30.5000004544854,0.));
#6882=CARTESIAN_POINT('',(8.00000008940697,-30.5000004544854,0.));
#6883=CARTESIAN_POINT('',(8.00000008940697,-30.5000004544854,2.));
#6884=CARTESIAN_POINT('',(8.00000008940697,-30.5000004544854,2.));
#6885=CARTESIAN_POINT('',(8.00000008940697,-30.5000004544854,0.));
#6886=CARTESIAN_POINT('Origin',(8.00000008940697,-38.0000004544854,0.));
#6887=CARTESIAN_POINT('',(8.00000008940697,-38.0000004544854,0.));
#6888=CARTESIAN_POINT('',(8.00000008940697,-38.0000004544854,0.));
#6889=CARTESIAN_POINT('',(8.00000008940697,-38.0000004544854,2.));
#6890=CARTESIAN_POINT('',(8.00000008940697,-38.0000004544854,2.));
#6891=CARTESIAN_POINT('',(8.00000008940697,-38.0000004544854,0.));
#6892=CARTESIAN_POINT('Origin',(18.000000089407,-38.0000004544854,0.));
#6893=CARTESIAN_POINT('',(18.000000089407,-38.0000004544854,0.));
#6894=CARTESIAN_POINT('',(18.000000089407,-38.0000004544854,2.));
#6895=CARTESIAN_POINT('Origin',(6.17471110846731,-100.503047485493,0.));
#6896=CARTESIAN_POINT('',(6.08788701963384,-100.995451361999,2.));
#6897=CARTESIAN_POINT('Origin',(6.17471110846731,-100.503047485493,2.));
#6898=CARTESIAN_POINT('',(6.08788701963384,-100.995451361999,0.));
#6899=CARTESIAN_POINT('',(6.08788701963384,-100.995451361999,0.));
#6900=CARTESIAN_POINT('Origin',(6.17471110846731,-100.503047485493,0.));
#6901=CARTESIAN_POINT('Origin',(10.7824858447665,-109.217515943373,0.));
#6902=CARTESIAN_POINT('',(11.1360392353597,-109.571069333966,2.));
#6903=CARTESIAN_POINT('Origin',(10.7824858447665,-109.217515943373,2.));
#6904=CARTESIAN_POINT('',(11.1360392353597,-109.571069333966,0.));
#6905=CARTESIAN_POINT('',(11.1360392353597,-109.571069333966,0.));
#6906=CARTESIAN_POINT('Origin',(10.7824858447665,-109.217515943373,0.));
#6907=CARTESIAN_POINT('Origin',(24.9790287321995,-101.939525826028,0.));
#6908=CARTESIAN_POINT('',(24.9416636854062,-101.440923927437,2.));
#6909=CARTESIAN_POINT('Origin',(24.9790287321995,-101.939525826028,2.));
#6910=CARTESIAN_POINT('',(24.9416636854062,-101.440923927437,0.));
#6911=CARTESIAN_POINT('',(24.9416636854062,-101.440923927437,0.));
#6912=CARTESIAN_POINT('Origin',(24.9790287321995,-101.939525826028,0.));
#6913=CARTESIAN_POINT('Origin',(26.6762956033198,-104.958782453915,0.));
#6914=CARTESIAN_POINT('',(26.805705125871,-104.47581954077,2.));
#6915=CARTESIAN_POINT('Origin',(26.6762956033198,-104.958782453915,2.));
#6916=CARTESIAN_POINT('',(26.805705125871,-104.47581954077,0.));
#6917=CARTESIAN_POINT('',(26.805705125871,-104.47581954077,0.));
#6918=CARTESIAN_POINT('Origin',(26.6762956033198,-104.958782453915,0.));
#6919=CARTESIAN_POINT('Origin',(9.27275893127053,-97.7500015310943,0.));
#6920=CARTESIAN_POINT('',(9.02275893127053,-98.1830142329865,2.));
#6921=CARTESIAN_POINT('Origin',(9.27275893127053,-97.7500015310943,2.));
#6922=CARTESIAN_POINT('',(9.02275893127053,-98.1830142329865,0.));
#6923=CARTESIAN_POINT('',(9.02275893127053,-98.1830142329865,0.));
#6924=CARTESIAN_POINT('Origin',(9.27275893127053,-97.7500015310943,0.));
#6925=CARTESIAN_POINT('Origin',(11.6362641480852,-97.8238280180739,0.));
#6926=CARTESIAN_POINT('',(11.3245192471558,-98.2147437593079,2.));
#6927=CARTESIAN_POINT('Origin',(11.6362641480852,-97.8238280180739,2.));
#6928=CARTESIAN_POINT('',(11.3245192471558,-98.2147437593079,0.));
#6929=CARTESIAN_POINT('',(11.3245192471558,-98.2147437593079,0.));
#6930=CARTESIAN_POINT('Origin',(11.6362641480852,-97.8238280180739,0.));
#6931=CARTESIAN_POINT('Origin',(28.9805440734519,-103.168667059406,0.));
#6932=CARTESIAN_POINT('',(29.0096164879072,-102.669512980271,2.));
#6933=CARTESIAN_POINT('Origin',(28.9805440734519,-103.168667059406,2.));
#6934=CARTESIAN_POINT('',(29.0096164879072,-102.669512980271,0.));
#6935=CARTESIAN_POINT('',(29.0096164879072,-102.669512980271,0.));
#6936=CARTESIAN_POINT('Origin',(28.9805440734519,-103.168667059406,0.));
#6937=CARTESIAN_POINT('Origin',(15.0412193342247,-93.3237061848196,0.));
#6938=CARTESIAN_POINT('',(14.5582564210802,-93.4531157073708,2.));
#6939=CARTESIAN_POINT('Origin',(15.0412193342247,-93.3237061848196,2.));
#6940=CARTESIAN_POINT('',(14.5582564210802,-93.4531157073708,0.));
#6941=CARTESIAN_POINT('',(14.5582564210802,-93.4531157073708,0.));
#6942=CARTESIAN_POINT('Origin',(15.0412193342247,-93.3237061848196,0.));
#6943=CARTESIAN_POINT('Origin',(20.306808085261,-89.2950089247504,0.));
#6944=CARTESIAN_POINT('',(19.806808085261,-89.2950089247504,2.));
#6945=CARTESIAN_POINT('Origin',(20.306808085261,-89.2950089247504,2.));
#6946=CARTESIAN_POINT('',(19.806808085261,-89.2950089247504,0.));
#6947=CARTESIAN_POINT('',(19.806808085261,-89.2950089247504,0.));
#6948=CARTESIAN_POINT('Origin',(20.306808085261,-89.2950089247504,0.));
#6949=CARTESIAN_POINT('Origin',(48.0000005364418,-30.5000004544854,0.));
#6950=CARTESIAN_POINT('',(48.0000005364418,-30.5000004544854,0.));
#6951=CARTESIAN_POINT('',(48.0000005364418,-38.0000004544854,0.));
#6952=CARTESIAN_POINT('',(48.0000005364418,-30.5000004544854,0.));
#6953=CARTESIAN_POINT('',(48.0000005364418,-38.0000004544854,2.));
#6954=CARTESIAN_POINT('',(48.0000005364418,-38.0000004544854,0.));
#6955=CARTESIAN_POINT('',(48.0000005364418,-30.5000004544854,2.));
#6956=CARTESIAN_POINT('',(48.0000005364418,-30.5000004544854,2.));
#6957=CARTESIAN_POINT('',(48.0000005364418,-30.5000004544854,0.));
#6958=CARTESIAN_POINT('Origin',(38.0000005364418,-30.5000004544854,0.));
#6959=CARTESIAN_POINT('',(38.0000005364418,-30.5000004544854,0.));
#6960=CARTESIAN_POINT('',(38.0000005364418,-30.5000004544854,0.));
#6961=CARTESIAN_POINT('',(38.0000005364418,-30.5000004544854,2.));
#6962=CARTESIAN_POINT('',(38.0000005364418,-30.5000004544854,2.));
#6963=CARTESIAN_POINT('',(38.0000005364418,-30.5000004544854,0.));
#6964=CARTESIAN_POINT('Origin',(38.0000005364418,-38.0000004544854,0.));
#6965=CARTESIAN_POINT('',(38.0000005364418,-38.0000004544854,0.));
#6966=CARTESIAN_POINT('',(38.0000005364418,-38.0000004544854,0.));
#6967=CARTESIAN_POINT('',(38.0000005364418,-38.0000004544854,2.));
#6968=CARTESIAN_POINT('',(38.0000005364418,-38.0000004544854,2.));
#6969=CARTESIAN_POINT('',(38.0000005364418,-38.0000004544854,0.));
#6970=CARTESIAN_POINT('Origin',(48.0000005364418,-38.0000004544854,0.));
#6971=CARTESIAN_POINT('',(48.0000005364418,-38.0000004544854,0.));
#6972=CARTESIAN_POINT('',(48.0000005364418,-38.0000004544854,2.));
#6973=CARTESIAN_POINT('Origin',(26.6762956033198,-100.041220600823,0.));
#6974=CARTESIAN_POINT('',(26.1762956033198,-100.041220600823,2.));
#6975=CARTESIAN_POINT('Origin',(26.6762956033198,-100.041220600823,2.));
#6976=CARTESIAN_POINT('',(26.1762956033198,-100.041220600823,0.));
#6977=CARTESIAN_POINT('',(26.1762956033198,-100.041220600823,0.));
#6978=CARTESIAN_POINT('Origin',(26.6762956033198,-100.041220600823,0.));
#6979=CARTESIAN_POINT('Origin',(11.1806470170502,-112.108111352393,0.));
#6980=CARTESIAN_POINT('',(11.5983909227567,-112.382865841428,2.));
#6981=CARTESIAN_POINT('Origin',(11.1806470170502,-112.108111352393,2.));
#6982=CARTESIAN_POINT('',(11.5983909227567,-112.382865841428,0.));
#6983=CARTESIAN_POINT('',(11.5983909227567,-112.382865841428,0.));
#6984=CARTESIAN_POINT('Origin',(11.1806470170502,-112.108111352393,0.));
#6985=CARTESIAN_POINT('Origin',(17.5000002607703,-89.0000015348196,0.));
#6986=CARTESIAN_POINT('',(17.0000002607703,-89.0000015348196,2.));
#6987=CARTESIAN_POINT('Origin',(17.5000002607703,-89.0000015348196,2.));
#6988=CARTESIAN_POINT('',(17.0000002607703,-89.0000015348196,0.));
#6989=CARTESIAN_POINT('',(17.0000002607703,-89.0000015348196,0.));
#6990=CARTESIAN_POINT('Origin',(17.5000002607703,-89.0000015348196,0.));
#6991=CARTESIAN_POINT('Origin',(22.9909449392632,-90.1671378560003,0.));
#6992=CARTESIAN_POINT('',(22.4909449392632,-90.1671378560003,2.));
#6993=CARTESIAN_POINT('Origin',(22.9909449392632,-90.1671378560003,2.));
#6994=CARTESIAN_POINT('',(22.4909449392632,-90.1671378560003,0.));
#6995=CARTESIAN_POINT('',(22.4909449392632,-90.1671378560003,0.));
#6996=CARTESIAN_POINT('Origin',(22.9909449392632,-90.1671378560003,0.));
#6997=CARTESIAN_POINT('Origin',(17.5000002607703,-93.0000015348196,0.));
#6998=CARTESIAN_POINT('',(17.0000002607703,-93.0000015348196,2.));
#6999=CARTESIAN_POINT('Origin',(17.5000002607703,-93.0000015348196,2.));
#7000=CARTESIAN_POINT('',(17.0000002607703,-93.0000015348196,0.));
#7001=CARTESIAN_POINT('',(17.0000002607703,-93.0000015348196,0.));
#7002=CARTESIAN_POINT('Origin',(17.5000002607703,-93.0000015348196,0.));
#7003=CARTESIAN_POINT('Origin',(7.46754512236237,-93.4667383465098,0.));
#7004=CARTESIAN_POINT('',(6.96754512236236,-93.4667383465098,2.));
#7005=CARTESIAN_POINT('Origin',(7.46754512236237,-93.4667383465098,2.));
#7006=CARTESIAN_POINT('',(6.96754512236236,-93.4667383465098,0.));
#7007=CARTESIAN_POINT('',(6.96754512236236,-93.4667383465098,0.));
#7008=CARTESIAN_POINT('Origin',(7.46754512236237,-93.4667383465098,0.));
#7009=CARTESIAN_POINT('Origin',(12.0090555822774,-90.1671378560004,0.));
#7010=CARTESIAN_POINT('',(11.5090555822774,-90.1671378560004,2.));
#7011=CARTESIAN_POINT('Origin',(12.0090555822774,-90.1671378560004,2.));
#7012=CARTESIAN_POINT('',(11.5090555822774,-90.1671378560004,0.));
#7013=CARTESIAN_POINT('',(11.5090555822774,-90.1671378560004,0.));
#7014=CARTESIAN_POINT('Origin',(12.0090555822774,-90.1671378560004,0.));
#7015=CARTESIAN_POINT('Origin',(22.6611908297318,-92.2232261703079,0.));
#7016=CARTESIAN_POINT('',(22.1611908297318,-92.2232261703079,2.));
#7017=CARTESIAN_POINT('Origin',(22.6611908297318,-92.2232261703079,2.));
#7018=CARTESIAN_POINT('',(22.1611908297318,-92.2232261703079,0.));
#7019=CARTESIAN_POINT('',(22.1611908297318,-92.2232261703079,0.));
#7020=CARTESIAN_POINT('Origin',(22.6611908297318,-92.2232261703079,0.));
#7021=CARTESIAN_POINT('Origin',(12.7500002644956,-110.727242856869,0.));
#7022=CARTESIAN_POINT('',(13.1830129663878,-110.977242856869,2.));
#7023=CARTESIAN_POINT('Origin',(12.7500002644956,-110.727242856869,2.));
#7024=CARTESIAN_POINT('',(13.1830129663878,-110.977242856869,0.));
#7025=CARTESIAN_POINT('',(13.1830129663878,-110.977242856869,0.));
#7026=CARTESIAN_POINT('Origin',(12.7500002644956,-110.727242856869,0.));
#7027=CARTESIAN_POINT('Origin',(14.8479177489505,-91.3099855229508,0.));
#7028=CARTESIAN_POINT('',(14.3613953136606,-91.425293458322,2.));
#7029=CARTESIAN_POINT('Origin',(14.8479177489505,-91.3099855229508,2.));
#7030=CARTESIAN_POINT('',(14.3613953136606,-91.425293458322,0.));
#7031=CARTESIAN_POINT('',(14.3613953136606,-91.425293458322,0.));
#7032=CARTESIAN_POINT('Origin',(14.8479177489505,-91.3099855229508,0.));
#7033=CARTESIAN_POINT('Origin',(17.5000002607703,-97.0000015348196,0.));
#7034=CARTESIAN_POINT('',(17.0000002607703,-97.0000015348196,2.));
#7035=CARTESIAN_POINT('Origin',(17.5000002607703,-97.0000015348196,2.));
#7036=CARTESIAN_POINT('',(17.0000002607703,-97.0000015348196,0.));
#7037=CARTESIAN_POINT('',(17.0000002607703,-97.0000015348196,0.));
#7038=CARTESIAN_POINT('Origin',(17.5000002607703,-97.0000015348196,0.));
#7039=CARTESIAN_POINT('Origin',(16.3821832655595,-109.91623271669,0.));
#7040=CARTESIAN_POINT('',(16.876598678672,-109.990753849778,2.));
#7041=CARTESIAN_POINT('Origin',(16.3821832655595,-109.91623271669,2.));
#7042=CARTESIAN_POINT('',(16.876598678672,-109.990753849778,0.));
#7043=CARTESIAN_POINT('',(16.876598678672,-109.990753849778,0.));
#7044=CARTESIAN_POINT('Origin',(16.3821832655595,-109.91623271669,0.));
#7045=CARTESIAN_POINT('Origin',(6.9405150384884,-97.9450842208697,0.));
#7046=CARTESIAN_POINT('',(6.74247515546882,-98.4041922743099,2.));
#7047=CARTESIAN_POINT('Origin',(6.9405150384884,-97.9450842208697,2.));
#7048=CARTESIAN_POINT('',(6.74247515546882,-98.4041922743099,0.));
#7049=CARTESIAN_POINT('',(6.74247515546882,-98.4041922743099,0.));
#7050=CARTESIAN_POINT('Origin',(6.9405150384884,-97.9450842208697,0.));
#7051=CARTESIAN_POINT('Origin',(12.7500002644956,-94.2727601978692,0.));
#7052=CARTESIAN_POINT('',(12.3169875626034,-94.5227601978692,2.));
#7053=CARTESIAN_POINT('Origin',(12.7500002644956,-94.2727601978692,2.));
#7054=CARTESIAN_POINT('',(12.3169875626034,-94.5227601978692,0.));
#7055=CARTESIAN_POINT('',(12.3169875626034,-94.5227601978692,0.));
#7056=CARTESIAN_POINT('Origin',(12.7500002644956,-94.2727601978692,0.));
#7057=CARTESIAN_POINT('Origin',(32.9999995306134,-30.4999993182719,0.));
#7058=CARTESIAN_POINT('',(32.9999995306134,-30.4999993182719,0.));
#7059=CARTESIAN_POINT('',(32.9999995306134,-37.9999993182719,0.));
#7060=CARTESIAN_POINT('',(32.9999995306134,-30.4999993182719,0.));
#7061=CARTESIAN_POINT('',(32.9999995306134,-37.9999993182719,2.));
#7062=CARTESIAN_POINT('',(32.9999995306134,-37.9999993182719,0.));
#7063=CARTESIAN_POINT('',(32.9999995306134,-30.4999993182719,2.));
#7064=CARTESIAN_POINT('',(32.9999995306134,-30.4999993182719,2.));
#7065=CARTESIAN_POINT('',(32.9999995306134,-30.4999993182719,0.));
#7066=CARTESIAN_POINT('Origin',(22.9999995306134,-30.4999993182719,0.));
#7067=CARTESIAN_POINT('',(22.9999995306134,-30.4999993182719,0.));
#7068=CARTESIAN_POINT('',(22.9999995306134,-30.4999993182719,0.));
#7069=CARTESIAN_POINT('',(22.9999995306134,-30.4999993182719,2.));
#7070=CARTESIAN_POINT('',(22.9999995306134,-30.4999993182719,2.));
#7071=CARTESIAN_POINT('',(22.9999995306134,-30.4999993182719,0.));
#7072=CARTESIAN_POINT('Origin',(22.9999995306134,-37.9999993182719,0.));
#7073=CARTESIAN_POINT('',(22.9999995306134,-37.9999993182719,0.));
#7074=CARTESIAN_POINT('',(22.9999995306134,-37.9999993182719,0.));
#7075=CARTESIAN_POINT('',(22.9999995306134,-37.9999993182719,2.));
#7076=CARTESIAN_POINT('',(22.9999995306134,-37.9999993182719,2.));
#7077=CARTESIAN_POINT('',(22.9999995306134,-37.9999993182719,0.));
#7078=CARTESIAN_POINT('Origin',(32.9999995306134,-37.9999993182719,0.));
#7079=CARTESIAN_POINT('',(32.9999995306134,-37.9999993182719,0.));
#7080=CARTESIAN_POINT('',(32.9999995306134,-37.9999993182719,2.));
#7081=CARTESIAN_POINT('Origin',(10.5184471528743,-99.7599438473431,0.));
#7082=CARTESIAN_POINT('',(10.3357766406911,-100.225380721665,2.));
#7083=CARTESIAN_POINT('Origin',(10.5184471528743,-99.7599438473431,2.));
#7084=CARTESIAN_POINT('',(10.3357766406911,-100.225380721665,0.));
#7085=CARTESIAN_POINT('',(10.3357766406911,-100.225380721665,0.));
#7086=CARTESIAN_POINT('Origin',(10.5184471528743,-99.7599438473431,0.));
#7087=CARTESIAN_POINT('Origin',(24.8920577673764,-93.6904904372082,0.));
#7088=CARTESIAN_POINT('',(24.3920577673764,-93.6904904372082,2.));
#7089=CARTESIAN_POINT('Origin',(24.8920577673764,-93.6904904372082,2.));
#7090=CARTESIAN_POINT('',(24.3920577673764,-93.6904904372082,0.));
#7091=CARTESIAN_POINT('',(24.3920577673764,-93.6904904372082,0.));
#7092=CARTESIAN_POINT('Origin',(24.8920577673764,-93.6904904372082,0.));
#7093=CARTESIAN_POINT('Origin',(10.1880409266704,-104.168908530383,0.));
#7094=CARTESIAN_POINT('',(10.2993013936486,-104.656372486474,2.));
#7095=CARTESIAN_POINT('Origin',(10.1880409266704,-104.168908530383,2.));
#7096=CARTESIAN_POINT('',(10.2993013936486,-104.656372486474,0.));
#7097=CARTESIAN_POINT('',(10.2993013936486,-104.656372486474,0.));
#7098=CARTESIAN_POINT('Origin',(10.1880409266704,-104.168908530383,0.));
#7099=CARTESIAN_POINT('Origin',(9.27275893127053,-107.250001523644,0.));
#7100=CARTESIAN_POINT('',(9.52275893127053,-107.683014225536,2.));
#7101=CARTESIAN_POINT('Origin',(9.27275893127053,-107.250001523644,2.));
#7102=CARTESIAN_POINT('',(9.52275893127053,-107.683014225536,0.));
#7103=CARTESIAN_POINT('',(9.52275893127053,-107.683014225536,0.));
#7104=CARTESIAN_POINT('Origin',(9.27275893127053,-107.250001523644,0.));
#7105=CARTESIAN_POINT('Origin',(12.3388096918088,-92.2232261703079,0.));
#7106=CARTESIAN_POINT('',(11.8919933716471,-92.4476257604081,2.));
#7107=CARTESIAN_POINT('Origin',(12.3388096918088,-92.2232261703079,2.));
#7108=CARTESIAN_POINT('',(11.8919933716471,-92.4476257604081,0.));
#7109=CARTESIAN_POINT('',(11.8919933716471,-92.4476257604081,0.));
#7110=CARTESIAN_POINT('Origin',(12.3388096918088,-92.2232261703079,0.));
#7111=CARTESIAN_POINT('Origin',(32.9999995306134,-60.4999993182719,0.));
#7112=CARTESIAN_POINT('',(32.9999995306134,-60.4999993182719,0.));
#7113=CARTESIAN_POINT('',(32.9999995306134,-67.9999993182719,0.));
#7114=CARTESIAN_POINT('',(32.9999995306134,-60.4999993182719,0.));
#7115=CARTESIAN_POINT('',(32.9999995306134,-67.9999993182719,2.));
#7116=CARTESIAN_POINT('',(32.9999995306134,-67.9999993182719,0.));
#7117=CARTESIAN_POINT('',(32.9999995306134,-60.4999993182719,2.));
#7118=CARTESIAN_POINT('',(32.9999995306134,-60.4999993182719,2.));
#7119=CARTESIAN_POINT('',(32.9999995306134,-60.4999993182719,0.));
#7120=CARTESIAN_POINT('Origin',(22.9999995306134,-60.4999993182719,0.));
#7121=CARTESIAN_POINT('',(22.9999995306134,-60.4999993182719,0.));
#7122=CARTESIAN_POINT('',(22.9999995306134,-60.4999993182719,0.));
#7123=CARTESIAN_POINT('',(22.9999995306134,-60.4999993182719,2.));
#7124=CARTESIAN_POINT('',(22.9999995306134,-60.4999993182719,2.));
#7125=CARTESIAN_POINT('',(22.9999995306134,-60.4999993182719,0.));
#7126=CARTESIAN_POINT('Origin',(22.9999995306134,-67.9999993182719,0.));
#7127=CARTESIAN_POINT('',(22.9999995306134,-67.9999993182719,0.));
#7128=CARTESIAN_POINT('',(22.9999995306134,-67.9999993182719,0.));
#7129=CARTESIAN_POINT('',(22.9999995306134,-67.9999993182719,2.));
#7130=CARTESIAN_POINT('',(22.9999995306134,-67.9999993182719,2.));
#7131=CARTESIAN_POINT('',(22.9999995306134,-67.9999993182719,0.));
#7132=CARTESIAN_POINT('Origin',(32.9999995306134,-67.9999993182719,0.));
#7133=CARTESIAN_POINT('',(32.9999995306134,-67.9999993182719,0.));
#7134=CARTESIAN_POINT('',(32.9999995306134,-67.9999993182719,2.));
#7135=CARTESIAN_POINT('Origin',(17.5000002607703,-112.000001519918,0.));
#7136=CARTESIAN_POINT('',(18.0000002607703,-112.000001519918,2.));
#7137=CARTESIAN_POINT('Origin',(17.5000002607703,-112.000001519918,2.));
#7138=CARTESIAN_POINT('',(18.0000002607703,-112.000001519918,0.));
#7139=CARTESIAN_POINT('',(18.0000002607703,-112.000001519918,0.));
#7140=CARTESIAN_POINT('Origin',(17.5000002607703,-112.000001519918,0.));
#7141=CARTESIAN_POINT('Origin',(17.5000002607703,-91.0000015348196,0.));
#7142=CARTESIAN_POINT('',(17.0000002607703,-91.0000015348196,2.));
#7143=CARTESIAN_POINT('Origin',(17.5000002607703,-91.0000015348196,2.));
#7144=CARTESIAN_POINT('',(17.0000002607703,-91.0000015348196,0.));
#7145=CARTESIAN_POINT('',(17.0000002607703,-91.0000015348196,0.));
#7146=CARTESIAN_POINT('Origin',(17.5000002607703,-91.0000015348196,0.));
#7147=CARTESIAN_POINT('Origin',(15.2893364548846,-95.3332054910925,0.));
#7148=CARTESIAN_POINT('',(14.8115500519916,-95.480583078298,2.));
#7149=CARTESIAN_POINT('Origin',(15.2893364548846,-95.3332054910925,2.));
#7150=CARTESIAN_POINT('',(14.8115500519916,-95.480583078298,0.));
#7151=CARTESIAN_POINT('',(14.8115500519916,-95.480583078298,0.));
#7152=CARTESIAN_POINT('Origin',(15.2893364548846,-95.3332054910925,0.));
#7153=CARTESIAN_POINT('Origin',(8.27558355006358,-95.6326777272361,0.));
#7154=CARTESIAN_POINT('',(7.97700425421219,-96.0337393236137,2.));
#7155=CARTESIAN_POINT('Origin',(8.27558355006358,-95.6326777272361,2.));
#7156=CARTESIAN_POINT('',(7.97700425421219,-96.0337393236137,0.));
#7157=CARTESIAN_POINT('',(7.97700425421219,-96.0337393236137,0.));
#7158=CARTESIAN_POINT('Origin',(8.27558355006358,-95.6326777272361,0.));
#7159=CARTESIAN_POINT('Origin',(22.6012957889845,-107.997890560631,0.));
#7160=CARTESIAN_POINT('',(22.9678217248995,-107.657804191746,2.));
#7161=CARTESIAN_POINT('Origin',(22.6012957889845,-107.997890560631,2.));
#7162=CARTESIAN_POINT('',(22.9678217248995,-107.657804191746,0.));
#7163=CARTESIAN_POINT('',(22.9678217248995,-107.657804191746,0.));
#7164=CARTESIAN_POINT('Origin',(22.6012957889845,-107.997890560631,0.));
#7165=CARTESIAN_POINT('Origin',(14.2458722206213,-109.257268029924,0.));
#7166=CARTESIAN_POINT('',(14.6963566545725,-109.474209899483,2.));
#7167=CARTESIAN_POINT('Origin',(14.2458722206213,-109.257268029924,2.));
#7168=CARTESIAN_POINT('',(14.6963566545725,-109.474209899483,0.));
#7169=CARTESIAN_POINT('',(14.6963566545725,-109.474209899483,0.));
#7170=CARTESIAN_POINT('Origin',(14.2458722206213,-109.257268029924,0.));
#7171=CARTESIAN_POINT('Origin',(12.3987047325561,-107.997890560631,0.));
#7172=CARTESIAN_POINT('',(12.765230668471,-108.337976929517,2.));
#7173=CARTESIAN_POINT('Origin',(12.3987047325561,-107.997890560631,2.));
#7174=CARTESIAN_POINT('',(12.765230668471,-108.337976929517,0.));
#7175=CARTESIAN_POINT('',(12.765230668471,-108.337976929517,0.));
#7176=CARTESIAN_POINT('Origin',(12.3987047325561,-107.997890560631,0.));
#7177=CARTESIAN_POINT('Origin',(10.1079427541643,-93.6904904372082,0.));
#7178=CARTESIAN_POINT('',(9.72492053260477,-94.0118842420515,2.));
#7179=CARTESIAN_POINT('Origin',(10.1079427541643,-93.6904904372082,2.));
#7180=CARTESIAN_POINT('',(9.72492053260477,-94.0118842420515,0.));
#7181=CARTESIAN_POINT('',(9.72492053260477,-94.0118842420515,0.));
#7182=CARTESIAN_POINT('Origin',(10.1079427541643,-93.6904904372082,0.));
#7183=CARTESIAN_POINT('Origin',(18.000000089407,-68.0000004544854,0.));
#7184=CARTESIAN_POINT('',(18.000000089407,-68.0000004544854,0.));
#7185=CARTESIAN_POINT('',(8.00000008940697,-68.0000004544854,0.));
#7186=CARTESIAN_POINT('',(18.000000089407,-68.0000004544854,0.));
#7187=CARTESIAN_POINT('',(8.00000008940697,-68.0000004544854,2.));
#7188=CARTESIAN_POINT('',(8.00000008940697,-68.0000004544854,0.));
#7189=CARTESIAN_POINT('',(18.000000089407,-68.0000004544854,2.));
#7190=CARTESIAN_POINT('',(18.000000089407,-68.0000004544854,2.));
#7191=CARTESIAN_POINT('',(18.000000089407,-68.0000004544854,0.));
#7192=CARTESIAN_POINT('Origin',(18.000000089407,-60.5000004544854,0.));
#7193=CARTESIAN_POINT('',(18.000000089407,-60.5000004544854,0.));
#7194=CARTESIAN_POINT('',(18.000000089407,-60.5000004544854,0.));
#7195=CARTESIAN_POINT('',(18.000000089407,-60.5000004544854,2.));
#7196=CARTESIAN_POINT('',(18.000000089407,-60.5000004544854,2.));
#7197=CARTESIAN_POINT('',(18.000000089407,-60.5000004544854,0.));
#7198=CARTESIAN_POINT('Origin',(8.00000008940697,-60.5000004544854,0.));
#7199=CARTESIAN_POINT('',(8.00000008940697,-60.5000004544854,0.));
#7200=CARTESIAN_POINT('',(8.00000008940697,-60.5000004544854,0.));
#7201=CARTESIAN_POINT('',(8.00000008940697,-60.5000004544854,2.));
#7202=CARTESIAN_POINT('',(8.00000008940697,-60.5000004544854,2.));
#7203=CARTESIAN_POINT('',(8.00000008940697,-60.5000004544854,0.));
#7204=CARTESIAN_POINT('Origin',(8.00000008940697,-68.0000004544854,0.));
#7205=CARTESIAN_POINT('',(8.00000008940697,-68.0000004544854,0.));
#7206=CARTESIAN_POINT('',(8.00000008940697,-68.0000004544854,2.));
#7207=CARTESIAN_POINT('Origin',(38.0000005364418,-83.0000006780028,0.));
#7208=CARTESIAN_POINT('',(38.0000005364418,-83.0000006780028,0.));
#7209=CARTESIAN_POINT('',(38.0000005364418,-75.5000006780028,0.));
#7210=CARTESIAN_POINT('',(38.0000005364418,-83.0000006780028,0.));
#7211=CARTESIAN_POINT('',(38.0000005364418,-75.5000006780028,2.));
#7212=CARTESIAN_POINT('',(38.0000005364418,-75.5000006780028,0.));
#7213=CARTESIAN_POINT('',(38.0000005364418,-83.0000006780028,2.));
#7214=CARTESIAN_POINT('',(38.0000005364418,-83.0000006780028,2.));
#7215=CARTESIAN_POINT('',(38.0000005364418,-83.0000006780028,0.));
#7216=CARTESIAN_POINT('Origin',(48.0000005364418,-83.0000006780028,0.));
#7217=CARTESIAN_POINT('',(48.0000005364418,-83.0000006780028,0.));
#7218=CARTESIAN_POINT('',(48.0000005364418,-83.0000006780028,0.));
#7219=CARTESIAN_POINT('',(48.0000005364418,-83.0000006780028,2.));
#7220=CARTESIAN_POINT('',(48.0000005364418,-83.0000006780028,2.));
#7221=CARTESIAN_POINT('',(48.0000005364418,-83.0000006780028,0.));
#7222=CARTESIAN_POINT('Origin',(48.0000005364418,-75.5000006780028,0.));
#7223=CARTESIAN_POINT('',(48.0000005364418,-75.5000006780028,0.));
#7224=CARTESIAN_POINT('',(48.0000005364418,-75.5000006780028,0.));
#7225=CARTESIAN_POINT('',(48.0000005364418,-75.5000006780028,2.));
#7226=CARTESIAN_POINT('',(48.0000005364418,-75.5000006780028,2.));
#7227=CARTESIAN_POINT('',(48.0000005364418,-75.5000006780028,0.));
#7228=CARTESIAN_POINT('Origin',(38.0000005364418,-75.5000006780028,0.));
#7229=CARTESIAN_POINT('',(38.0000005364418,-75.5000006780028,0.));
#7230=CARTESIAN_POINT('',(38.0000005364418,-75.5000006780028,2.));
#7231=CARTESIAN_POINT('Origin',(10.7824858447665,-95.7824871113652,0.));
#7232=CARTESIAN_POINT('',(10.4289324541732,-96.1360405019584,2.));
#7233=CARTESIAN_POINT('Origin',(10.7824858447665,-95.7824871113652,2.));
#7234=CARTESIAN_POINT('',(10.4289324541732,-96.1360405019584,0.));
#7235=CARTESIAN_POINT('',(10.4289324541732,-96.1360405019584,0.));
#7236=CARTESIAN_POINT('Origin',(10.7824858447665,-95.7824871113652,0.));
#7237=CARTESIAN_POINT('Origin',(20.1520827725902,-91.3099855229508,0.));
#7238=CARTESIAN_POINT('',(19.6520827725902,-91.3099855229508,2.));
#7239=CARTESIAN_POINT('Origin',(20.1520827725902,-91.3099855229508,2.));
#7240=CARTESIAN_POINT('',(19.6520827725902,-91.3099855229508,0.));
#7241=CARTESIAN_POINT('',(19.6520827725902,-91.3099855229508,0.));
#7242=CARTESIAN_POINT('Origin',(20.1520827725902,-91.3099855229508,0.));
#7243=CARTESIAN_POINT('Origin',(18.000000089407,-45.5000006780028,0.));
#7244=CARTESIAN_POINT('',(18.000000089407,-45.5000006780028,0.));
#7245=CARTESIAN_POINT('',(18.000000089407,-53.0000006780028,0.));
#7246=CARTESIAN_POINT('',(18.000000089407,-45.5000006780028,0.));
#7247=CARTESIAN_POINT('',(18.000000089407,-53.0000006780028,2.));
#7248=CARTESIAN_POINT('',(18.000000089407,-53.0000006780028,0.));
#7249=CARTESIAN_POINT('',(18.000000089407,-45.5000006780028,2.));
#7250=CARTESIAN_POINT('',(18.000000089407,-45.5000006780028,2.));
#7251=CARTESIAN_POINT('',(18.000000089407,-45.5000006780028,0.));
#7252=CARTESIAN_POINT('Origin',(8.00000008940697,-45.5000006780028,0.));
#7253=CARTESIAN_POINT('',(8.00000008940697,-45.5000006780028,0.));
#7254=CARTESIAN_POINT('',(8.00000008940697,-45.5000006780028,0.));
#7255=CARTESIAN_POINT('',(8.00000008940697,-45.5000006780028,2.));
#7256=CARTESIAN_POINT('',(8.00000008940697,-45.5000006780028,2.));
#7257=CARTESIAN_POINT('',(8.00000008940697,-45.5000006780028,0.));
#7258=CARTESIAN_POINT('Origin',(8.00000008940697,-53.0000006780028,0.));
#7259=CARTESIAN_POINT('',(8.00000008940697,-53.0000006780028,0.));
#7260=CARTESIAN_POINT('',(8.00000008940697,-53.0000006780028,0.));
#7261=CARTESIAN_POINT('',(8.00000008940697,-53.0000006780028,2.));
#7262=CARTESIAN_POINT('',(8.00000008940697,-53.0000006780028,2.));
#7263=CARTESIAN_POINT('',(8.00000008940697,-53.0000006780028,0.));
#7264=CARTESIAN_POINT('Origin',(18.000000089407,-53.0000006780028,0.));
#7265=CARTESIAN_POINT('',(18.000000089407,-53.0000006780028,0.));
#7266=CARTESIAN_POINT('',(18.000000089407,-53.0000006780028,2.));
#7267=CARTESIAN_POINT('Origin',(6.0194564480887,-103.168667059406,0.));
#7268=CARTESIAN_POINT('',(6.04852886254394,-103.667821138542,2.));
#7269=CARTESIAN_POINT('Origin',(6.0194564480887,-103.168667059406,2.));
#7270=CARTESIAN_POINT('',(6.04852886254394,-103.667821138542,0.));
#7271=CARTESIAN_POINT('',(6.04852886254394,-103.667821138542,0.));
#7272=CARTESIAN_POINT('Origin',(6.0194564480887,-103.168667059406,0.));
#7273=CARTESIAN_POINT('Origin',(23.3637363734555,-97.8238280180739,0.));
#7274=CARTESIAN_POINT('',(22.8637363734555,-97.8238280180739,2.));
#7275=CARTESIAN_POINT('Origin',(23.3637363734555,-97.8238280180739,2.));
#7276=CARTESIAN_POINT('',(22.8637363734555,-97.8238280180739,0.));
#7277=CARTESIAN_POINT('',(22.8637363734555,-97.8238280180739,0.));
#7278=CARTESIAN_POINT('Origin',(23.3637363734555,-97.8238280180739,0.));
#7279=CARTESIAN_POINT('Origin',(9.13520338809961,-110.391780357747,0.));
#7280=CARTESIAN_POINT('',(9.47832420703398,-110.755467178533,2.));
#7281=CARTESIAN_POINT('Origin',(9.13520338809961,-110.391780357747,2.));
#7282=CARTESIAN_POINT('',(9.47832420703398,-110.755467178533,0.));
#7283=CARTESIAN_POINT('',(9.47832420703398,-110.755467178533,0.));
#7284=CARTESIAN_POINT('Origin',(9.13520338809961,-110.391780357747,0.));
#7285=CARTESIAN_POINT('Origin',(17.5000002607703,-95.0000015348196,0.));
#7286=CARTESIAN_POINT('',(17.0000002607703,-95.0000015348196,2.));
#7287=CARTESIAN_POINT('Origin',(17.5000002607703,-95.0000015348196,2.));
#7288=CARTESIAN_POINT('',(17.0000002607703,-95.0000015348196,0.));
#7289=CARTESIAN_POINT('',(17.0000002607703,-95.0000015348196,0.));
#7290=CARTESIAN_POINT('Origin',(17.5000002607703,-95.0000015348196,0.));
#7291=CARTESIAN_POINT('Origin',(13.5667686150734,-113.306466659406,0.));
#7292=CARTESIAN_POINT('',(14.0366149254663,-113.477476731069,2.));
#7293=CARTESIAN_POINT('Origin',(13.5667686150734,-113.306466659406,2.));
#7294=CARTESIAN_POINT('',(14.0366149254663,-113.477476731069,0.));
#7295=CARTESIAN_POINT('',(14.0366149254663,-113.477476731069,0.));
#7296=CARTESIAN_POINT('Origin',(13.5667686150734,-113.306466659406,0.));
#7297=CARTESIAN_POINT('Origin',(15.0412193342247,-111.676296869918,0.));
#7298=CARTESIAN_POINT('',(15.5241822473693,-111.80570639247,2.));
#7299=CARTESIAN_POINT('Origin',(15.0412193342247,-111.676296869918,2.));
#7300=CARTESIAN_POINT('',(15.5241822473693,-111.80570639247,0.));
#7301=CARTESIAN_POINT('',(15.5241822473693,-111.80570639247,0.));
#7302=CARTESIAN_POINT('Origin',(15.0412193342247,-111.676296869918,0.));
#7303=CARTESIAN_POINT('Origin',(24.8119595948702,-104.168908530383,0.));
#7304=CARTESIAN_POINT('',(24.9232200618484,-103.681444574293,2.));
#7305=CARTESIAN_POINT('Origin',(24.8119595948702,-104.168908530383,2.));
#7306=CARTESIAN_POINT('',(24.9232200618484,-103.681444574293,0.));
#7307=CARTESIAN_POINT('',(24.9232200618484,-103.681444574293,0.));
#7308=CARTESIAN_POINT('Origin',(24.8119595948702,-104.168908530383,0.));
#7309=CARTESIAN_POINT('Origin',(8.32370491822086,-104.958782453915,0.));
#7310=CARTESIAN_POINT('',(8.45311444077213,-105.441745367059,2.));
#7311=CARTESIAN_POINT('Origin',(8.32370491822086,-104.958782453915,2.));
#7312=CARTESIAN_POINT('',(8.45311444077212,-105.441745367059,0.));
#7313=CARTESIAN_POINT('',(8.45311444077212,-105.441745367059,0.));
#7314=CARTESIAN_POINT('Origin',(8.32370491822086,-104.958782453915,0.));
#7315=CARTESIAN_POINT('Origin',(23.8193535044904,-112.108111352393,0.));
#7316=CARTESIAN_POINT('',(24.2370974101969,-111.833356863358,2.));
#7317=CARTESIAN_POINT('Origin',(23.8193535044904,-112.108111352393,2.));
#7318=CARTESIAN_POINT('',(24.2370974101969,-111.833356863358,0.));
#7319=CARTESIAN_POINT('',(24.2370974101969,-111.833356863358,0.));
#7320=CARTESIAN_POINT('Origin',(23.8193535044904,-112.108111352393,0.));
#7321=CARTESIAN_POINT('Origin',(25.864797133441,-110.391780357747,0.));
#7322=CARTESIAN_POINT('',(26.2079179523754,-110.02809353696,2.));
#7323=CARTESIAN_POINT('Origin',(25.864797133441,-110.391780357747,2.));
#7324=CARTESIAN_POINT('',(26.2079179523754,-110.02809353696,0.));
#7325=CARTESIAN_POINT('',(26.2079179523754,-110.02809353696,0.));
#7326=CARTESIAN_POINT('Origin',(25.864797133441,-110.391780357747,0.));
#7327=CARTESIAN_POINT('Origin',(10.0209717893412,-101.939525826028,0.));
#7328=CARTESIAN_POINT('',(9.98360674254799,-102.438127724618,2.));
#7329=CARTESIAN_POINT('Origin',(10.0209717893412,-101.939525826028,2.));
#7330=CARTESIAN_POINT('',(9.98360674254799,-102.438127724618,0.));
#7331=CARTESIAN_POINT('',(9.98360674254799,-102.438127724618,0.));
#7332=CARTESIAN_POINT('Origin',(10.0209717893412,-101.939525826028,0.));
#7333=CARTESIAN_POINT('Origin',(9.56489935920127,-91.5782721093349,0.));
#7334=CARTESIAN_POINT('',(9.06489935920126,-91.5782721093349,2.));
#7335=CARTESIAN_POINT('Origin',(9.56489935920127,-91.5782721093349,2.));
#7336=CARTESIAN_POINT('',(9.06489935920126,-91.5782721093349,0.));
#7337=CARTESIAN_POINT('',(9.06489935920126,-91.5782721093349,0.));
#7338=CARTESIAN_POINT('Origin',(9.56489935920127,-91.5782721093349,0.));
#7339=CARTESIAN_POINT('Origin',(24.2175146767742,-109.217515943373,0.));
#7340=CARTESIAN_POINT('',(24.5710680673674,-108.86396255278,2.));
#7341=CARTESIAN_POINT('Origin',(24.2175146767742,-109.217515943373,2.));
#7342=CARTESIAN_POINT('',(24.5710680673674,-108.86396255278,0.));
#7343=CARTESIAN_POINT('',(24.5710680673674,-108.86396255278,0.));
#7344=CARTESIAN_POINT('Origin',(24.2175146767742,-109.217515943373,0.));
#7345=CARTESIAN_POINT('Origin',(9.56489935920128,-113.421730945403,0.));
#7346=CARTESIAN_POINT('',(9.06489935920127,-113.421730945403,2.));
#7347=CARTESIAN_POINT('Origin',(9.56489935920128,-113.421730945403,2.));
#7348=CARTESIAN_POINT('',(9.06489935920127,-113.421730945403,0.));
#7349=CARTESIAN_POINT('',(9.06489935920127,-113.421730945403,0.));
#7350=CARTESIAN_POINT('Origin',(9.56489935920128,-113.421730945403,0.));
#7351=CARTESIAN_POINT('Origin',(12.0090555822774,-114.832865198738,0.));
#7352=CARTESIAN_POINT('',(11.5090555822774,-114.832865198738,2.));
#7353=CARTESIAN_POINT('Origin',(12.0090555822774,-114.832865198738,2.));
#7354=CARTESIAN_POINT('',(11.5090555822774,-114.832865198738,0.));
#7355=CARTESIAN_POINT('',(11.5090555822774,-114.832865198738,0.));
#7356=CARTESIAN_POINT('Origin',(12.0090555822774,-114.832865198738,0.));
#7357=CARTESIAN_POINT('Origin',(20.7541283009193,-109.257268029924,0.));
#7358=CARTESIAN_POINT('',(21.2046127348705,-109.040326160366,2.));
#7359=CARTESIAN_POINT('Origin',(20.7541283009193,-109.257268029924,2.));
#7360=CARTESIAN_POINT('',(21.2046127348705,-109.040326160366,0.));
#7361=CARTESIAN_POINT('',(21.2046127348705,-109.040326160366,0.));
#7362=CARTESIAN_POINT('Origin',(20.7541283009193,-109.257268029924,0.));
#7363=CARTESIAN_POINT('Origin',(22.9909449392632,-114.832865198738,0.));
#7364=CARTESIAN_POINT('',(22.4909449392632,-114.832865198738,2.));
#7365=CARTESIAN_POINT('Origin',(22.9909449392632,-114.832865198738,2.));
#7366=CARTESIAN_POINT('',(22.4909449392632,-114.832865198738,0.));
#7367=CARTESIAN_POINT('',(22.4909449392632,-114.832865198738,0.));
#7368=CARTESIAN_POINT('Origin',(22.9909449392632,-114.832865198738,0.));
#7369=CARTESIAN_POINT('Origin',(17.5000002607703,-116.000001519918,0.));
#7370=CARTESIAN_POINT('',(17.0000002607703,-116.000001519918,2.));
#7371=CARTESIAN_POINT('Origin',(17.5000002607703,-116.000001519918,2.));
#7372=CARTESIAN_POINT('',(17.0000002607703,-116.000001519918,0.));
#7373=CARTESIAN_POINT('',(17.0000002607703,-116.000001519918,0.));
#7374=CARTESIAN_POINT('Origin',(17.5000002607703,-116.000001519918,0.));
#7375=CARTESIAN_POINT('Origin',(48.0000005364418,-45.5000006780028,0.));
#7376=CARTESIAN_POINT('',(48.0000005364418,-45.5000006780028,0.));
#7377=CARTESIAN_POINT('',(48.0000005364418,-53.0000006780028,0.));
#7378=CARTESIAN_POINT('',(48.0000005364418,-45.5000006780028,0.));
#7379=CARTESIAN_POINT('',(48.0000005364418,-53.0000006780028,2.));
#7380=CARTESIAN_POINT('',(48.0000005364418,-53.0000006780028,0.));
#7381=CARTESIAN_POINT('',(48.0000005364418,-45.5000006780028,2.));
#7382=CARTESIAN_POINT('',(48.0000005364418,-45.5000006780028,2.));
#7383=CARTESIAN_POINT('',(48.0000005364418,-45.5000006780028,0.));
#7384=CARTESIAN_POINT('Origin',(38.0000005364418,-45.5000006780028,0.));
#7385=CARTESIAN_POINT('',(38.0000005364418,-45.5000006780028,0.));
#7386=CARTESIAN_POINT('',(38.0000005364418,-45.5000006780028,0.));
#7387=CARTESIAN_POINT('',(38.0000005364418,-45.5000006780028,2.));
#7388=CARTESIAN_POINT('',(38.0000005364418,-45.5000006780028,2.));
#7389=CARTESIAN_POINT('',(38.0000005364418,-45.5000006780028,0.));
#7390=CARTESIAN_POINT('Origin',(38.0000005364418,-53.0000006780028,0.));
#7391=CARTESIAN_POINT('',(38.0000005364418,-53.0000006780028,0.));
#7392=CARTESIAN_POINT('',(38.0000005364418,-53.0000006780028,0.));
#7393=CARTESIAN_POINT('',(38.0000005364418,-53.0000006780028,2.));
#7394=CARTESIAN_POINT('',(38.0000005364418,-53.0000006780028,2.));
#7395=CARTESIAN_POINT('',(38.0000005364418,-53.0000006780028,0.));
#7396=CARTESIAN_POINT('Origin',(48.0000005364418,-53.0000006780028,0.));
#7397=CARTESIAN_POINT('',(48.0000005364418,-53.0000006780028,0.));
#7398=CARTESIAN_POINT('',(48.0000005364418,-53.0000006780028,2.));
#7399=CARTESIAN_POINT('Origin',(25.7272415902701,-107.250001523644,0.));
#7400=CARTESIAN_POINT('',(25.9772415902701,-106.816988821752,2.));
#7401=CARTESIAN_POINT('Origin',(25.7272415902701,-107.250001523644,2.));
#7402=CARTESIAN_POINT('',(25.9772415902701,-106.816988821752,0.));
#7403=CARTESIAN_POINT('',(25.9772415902701,-106.816988821752,0.));
#7404=CARTESIAN_POINT('Origin',(25.7272415902701,-107.250001523644,0.));
#7405=CARTESIAN_POINT('Origin',(21.7249006920504,-96.303210726155,0.));
#7406=CARTESIAN_POINT('',(21.2249006920504,-96.303210726155,2.));
#7407=CARTESIAN_POINT('Origin',(21.7249006920504,-96.303210726155,2.));
#7408=CARTESIAN_POINT('',(21.2249006920504,-96.303210726155,0.));
#7409=CARTESIAN_POINT('',(21.2249006920504,-96.303210726155,0.));
#7410=CARTESIAN_POINT('Origin',(21.7249006920504,-96.303210726155,0.));
#7411=CARTESIAN_POINT('Origin',(19.9587811873159,-111.676296869918,0.));
#7412=CARTESIAN_POINT('',(20.4417441004605,-111.546887347367,2.));
#7413=CARTESIAN_POINT('Origin',(19.9587811873159,-111.676296869918,2.));
#7414=CARTESIAN_POINT('',(20.4417441004605,-111.546887347367,0.));
#7415=CARTESIAN_POINT('',(20.4417441004605,-111.546887347367,0.));
#7416=CARTESIAN_POINT('Origin',(19.9587811873159,-111.676296869918,0.));
#7417=CARTESIAN_POINT('Origin',(11.0048097388394,-106.250001523644,0.));
#7418=CARTESIAN_POINT('',(11.2548097388394,-106.683014225536,2.));
#7419=CARTESIAN_POINT('Origin',(11.0048097388394,-106.250001523644,2.));
#7420=CARTESIAN_POINT('',(11.2548097388394,-106.683014225536,0.));
#7421=CARTESIAN_POINT('',(11.2548097388394,-106.683014225536,0.));
#7422=CARTESIAN_POINT('Origin',(11.0048097388394,-106.250001523644,0.));
#7423=CARTESIAN_POINT('Origin',(28.5168796452609,-105.79823870141,0.));
#7424=CARTESIAN_POINT('',(28.6602812616164,-105.319243945252,2.));
#7425=CARTESIAN_POINT('Origin',(28.5168796452609,-105.79823870141,2.));
#7426=CARTESIAN_POINT('',(28.6602812616164,-105.319243945252,0.));
#7427=CARTESIAN_POINT('',(28.6602812616164,-105.319243945252,0.));
#7428=CARTESIAN_POINT('Origin',(28.5168796452609,-105.79823870141,0.));
#7429=CARTESIAN_POINT('Origin',(14.6931924362796,-115.704994129988,0.));
#7430=CARTESIAN_POINT('',(14.1931924362796,-115.704994129988,2.));
#7431=CARTESIAN_POINT('Origin',(14.6931924362796,-115.704994129988,2.));
#7432=CARTESIAN_POINT('',(14.1931924362796,-115.704994129988,0.));
#7433=CARTESIAN_POINT('',(14.1931924362796,-115.704994129988,0.));
#7434=CARTESIAN_POINT('Origin',(14.6931924362796,-115.704994129988,0.));
#7435=CARTESIAN_POINT('Origin',(25.4351011623394,-113.421730945403,0.));
#7436=CARTESIAN_POINT('',(24.9351011623394,-113.421730945403,2.));
#7437=CARTESIAN_POINT('Origin',(25.4351011623394,-113.421730945403,2.));
#7438=CARTESIAN_POINT('',(24.9351011623394,-113.421730945403,0.));
#7439=CARTESIAN_POINT('',(24.9351011623394,-113.421730945403,0.));
#7440=CARTESIAN_POINT('Origin',(25.4351011623394,-113.421730945403,0.));
#7441=CARTESIAN_POINT('Origin',(20.306808085261,-115.704994129988,0.));
#7442=CARTESIAN_POINT('',(19.806808085261,-115.704994129988,2.));
#7443=CARTESIAN_POINT('Origin',(20.306808085261,-115.704994129988,2.));
#7444=CARTESIAN_POINT('',(19.806808085261,-115.704994129988,0.));
#7445=CARTESIAN_POINT('',(19.806808085261,-115.704994129988,0.));
#7446=CARTESIAN_POINT('Origin',(20.306808085261,-115.704994129988,0.));
#7447=CARTESIAN_POINT('Origin',(4.66073729787167,-98.3282721056096,0.));
#7448=CARTESIAN_POINT('',(4.16073729787167,-98.3282721056096,2.));
#7449=CARTESIAN_POINT('Origin',(4.66073729787167,-98.3282721056096,2.));
#7450=CARTESIAN_POINT('',(4.16073729787167,-98.3282721056096,0.));
#7451=CARTESIAN_POINT('',(4.16073729787167,-98.3282721056096,0.));
#7452=CARTESIAN_POINT('Origin',(4.66073729787167,-98.3282721056096,0.));
#7453=CARTESIAN_POINT('Origin',(29.1913432054078,-109.250001523644,0.));
#7454=CARTESIAN_POINT('',(28.6913432054078,-109.250001523644,2.));
#7455=CARTESIAN_POINT('Origin',(29.1913432054078,-109.250001523644,2.));
#7456=CARTESIAN_POINT('',(28.6913432054078,-109.250001523644,0.));
#7457=CARTESIAN_POINT('',(28.6913432054078,-109.250001523644,0.));
#7458=CARTESIAN_POINT('Origin',(29.1913432054078,-109.250001523644,0.));
#7459=CARTESIAN_POINT('Origin',(30.339263223669,-106.671730949128,0.));
#7460=CARTESIAN_POINT('',(29.839263223669,-106.671730949128,2.));
#7461=CARTESIAN_POINT('Origin',(30.339263223669,-106.671730949128,2.));
#7462=CARTESIAN_POINT('',(29.839263223669,-106.671730949128,0.));
#7463=CARTESIAN_POINT('',(29.839263223669,-106.671730949128,0.));
#7464=CARTESIAN_POINT('Origin',(30.339263223669,-106.671730949128,0.));
#7465=CARTESIAN_POINT('Origin',(30.339263223669,-98.3282721056096,0.));
#7466=CARTESIAN_POINT('',(29.839263223669,-98.3282721056096,2.));
#7467=CARTESIAN_POINT('Origin',(30.339263223669,-98.3282721056096,2.));
#7468=CARTESIAN_POINT('',(29.839263223669,-98.3282721056096,0.));
#7469=CARTESIAN_POINT('',(29.839263223669,-98.3282721056096,0.));
#7470=CARTESIAN_POINT('Origin',(30.339263223669,-98.3282721056096,0.));
#7471=CARTESIAN_POINT('Origin',(25.4351011623394,-91.5782721093349,0.));
#7472=CARTESIAN_POINT('',(24.9351011623394,-91.5782721093349,2.));
#7473=CARTESIAN_POINT('Origin',(25.4351011623394,-91.5782721093349,2.));
#7474=CARTESIAN_POINT('',(24.9351011623394,-91.5782721093349,0.));
#7475=CARTESIAN_POINT('',(24.9351011623394,-91.5782721093349,0.));
#7476=CARTESIAN_POINT('Origin',(25.4351011623394,-91.5782721093349,0.));
#7477=CARTESIAN_POINT('Origin',(22.250000257045,-110.727242856869,0.));
#7478=CARTESIAN_POINT('',(22.6830129589373,-110.477242856869,2.));
#7479=CARTESIAN_POINT('Origin',(22.250000257045,-110.727242856869,2.));
#7480=CARTESIAN_POINT('',(22.6830129589373,-110.477242856869,0.));
#7481=CARTESIAN_POINT('',(22.6830129589373,-110.477242856869,0.));
#7482=CARTESIAN_POINT('Origin',(22.250000257045,-110.727242856869,0.));
#7483=CARTESIAN_POINT('Origin',(6.48312087627977,-105.79823870141,0.));
#7484=CARTESIAN_POINT('',(6.62652249263531,-106.277233457567,2.));
#7485=CARTESIAN_POINT('Origin',(6.48312087627977,-105.79823870141,2.));
#7486=CARTESIAN_POINT('',(6.62652249263531,-106.277233457567,0.));
#7487=CARTESIAN_POINT('',(6.62652249263531,-106.277233457567,0.));
#7488=CARTESIAN_POINT('Origin',(6.48312087627977,-105.79823870141,0.));
#7489=CARTESIAN_POINT('Origin',(5.80865731613279,-95.7500015310943,0.));
#7490=CARTESIAN_POINT('',(5.30865731613279,-95.7500015310943,2.));
#7491=CARTESIAN_POINT('Origin',(5.80865731613279,-95.7500015310943,2.));
#7492=CARTESIAN_POINT('',(5.30865731613279,-95.7500015310943,0.));
#7493=CARTESIAN_POINT('',(5.30865731613279,-95.7500015310943,0.));
#7494=CARTESIAN_POINT('Origin',(5.80865731613279,-95.7500015310943,0.));
#7495=CARTESIAN_POINT('Origin',(30.9260458408323,-101.088867274035,0.));
#7496=CARTESIAN_POINT('',(30.4260458408323,-101.088867274035,2.));
#7497=CARTESIAN_POINT('Origin',(30.9260458408323,-101.088867274035,2.));
#7498=CARTESIAN_POINT('',(30.4260458408323,-101.088867274035,0.));
#7499=CARTESIAN_POINT('',(30.4260458408323,-101.088867274035,0.));
#7500=CARTESIAN_POINT('Origin',(30.9260458408323,-101.088867274035,0.));
#7501=CARTESIAN_POINT('Origin',(22.9999995306134,-83.0000006780028,0.));
#7502=CARTESIAN_POINT('',(22.9999995306134,-83.0000006780028,0.));
#7503=CARTESIAN_POINT('',(22.9999995306134,-75.5000006780028,0.));
#7504=CARTESIAN_POINT('',(22.9999995306134,-83.0000006780028,0.));
#7505=CARTESIAN_POINT('',(22.9999995306134,-75.5000006780028,2.));
#7506=CARTESIAN_POINT('',(22.9999995306134,-75.5000006780028,0.));
#7507=CARTESIAN_POINT('',(22.9999995306134,-83.0000006780028,2.));
#7508=CARTESIAN_POINT('',(22.9999995306134,-83.0000006780028,2.));
#7509=CARTESIAN_POINT('',(22.9999995306134,-83.0000006780028,0.));
#7510=CARTESIAN_POINT('Origin',(32.9999995306134,-83.0000006780028,0.));
#7511=CARTESIAN_POINT('',(32.9999995306134,-83.0000006780028,0.));
#7512=CARTESIAN_POINT('',(32.9999995306134,-83.0000006780028,0.));
#7513=CARTESIAN_POINT('',(32.9999995306134,-83.0000006780028,2.));
#7514=CARTESIAN_POINT('',(32.9999995306134,-83.0000006780028,2.));
#7515=CARTESIAN_POINT('',(32.9999995306134,-83.0000006780028,0.));
#7516=CARTESIAN_POINT('Origin',(32.9999995306134,-75.5000006780028,0.));
#7517=CARTESIAN_POINT('',(32.9999995306134,-75.5000006780028,0.));
#7518=CARTESIAN_POINT('',(32.9999995306134,-75.5000006780028,0.));
#7519=CARTESIAN_POINT('',(32.9999995306134,-75.5000006780028,2.));
#7520=CARTESIAN_POINT('',(32.9999995306134,-75.5000006780028,2.));
#7521=CARTESIAN_POINT('',(32.9999995306134,-75.5000006780028,0.));
#7522=CARTESIAN_POINT('Origin',(22.9999995306134,-75.5000006780028,0.));
#7523=CARTESIAN_POINT('',(22.9999995306134,-75.5000006780028,0.));
#7524=CARTESIAN_POINT('',(22.9999995306134,-75.5000006780028,2.));
#7525=CARTESIAN_POINT('Origin',(7.46754512236235,-111.533264708228,0.));
#7526=CARTESIAN_POINT('',(6.96754512236234,-111.533264708228,2.));
#7527=CARTESIAN_POINT('Origin',(7.46754512236235,-111.533264708228,2.));
#7528=CARTESIAN_POINT('',(6.96754512236234,-111.533264708228,0.));
#7529=CARTESIAN_POINT('',(6.96754512236234,-111.533264708228,0.));
#7530=CARTESIAN_POINT('Origin',(7.46754512236235,-111.533264708228,0.));
#7531=CARTESIAN_POINT('Origin',(29.1913432054079,-95.7500015310943,0.));
#7532=CARTESIAN_POINT('',(28.6913432054079,-95.7500015310943,2.));
#7533=CARTESIAN_POINT('Origin',(29.1913432054079,-95.7500015310943,2.));
#7534=CARTESIAN_POINT('',(28.6913432054079,-95.7500015310943,0.));
#7535=CARTESIAN_POINT('',(28.6913432054079,-95.7500015310943,0.));
#7536=CARTESIAN_POINT('Origin',(29.1913432054079,-95.7500015310943,0.));
#7537=CARTESIAN_POINT('Origin',(5.80865731613279,-109.250001523644,0.));
#7538=CARTESIAN_POINT('',(5.30865731613279,-109.250001523644,2.));
#7539=CARTESIAN_POINT('Origin',(5.80865731613279,-109.250001523644,2.));
#7540=CARTESIAN_POINT('',(5.30865731613279,-109.250001523644,0.));
#7541=CARTESIAN_POINT('',(5.30865731613279,-109.250001523644,0.));
#7542=CARTESIAN_POINT('Origin',(5.80865731613279,-109.250001523644,0.));
#7543=CARTESIAN_POINT('Origin',(4.07395468070838,-103.911135780704,0.));
#7544=CARTESIAN_POINT('',(3.57395468070838,-103.911135780704,2.));
#7545=CARTESIAN_POINT('Origin',(4.07395468070838,-103.911135780704,2.));
#7546=CARTESIAN_POINT('',(3.57395468070838,-103.911135780704,0.));
#7547=CARTESIAN_POINT('',(3.57395468070838,-103.911135780704,0.));
#7548=CARTESIAN_POINT('Origin',(4.07395468070838,-103.911135780704,0.));
#7549=CARTESIAN_POINT('Origin',(4.66073729787168,-106.671730949128,0.));
#7550=CARTESIAN_POINT('',(4.16073729787168,-106.671730949128,2.));
#7551=CARTESIAN_POINT('Origin',(4.66073729787168,-106.671730949128,2.));
#7552=CARTESIAN_POINT('',(4.16073729787168,-106.671730949128,0.));
#7553=CARTESIAN_POINT('',(4.16073729787168,-106.671730949128,0.));
#7554=CARTESIAN_POINT('Origin',(4.66073729787168,-106.671730949128,0.));
#7555=CARTESIAN_POINT('Origin',(19.710664066656,-95.3332054910925,0.));
#7556=CARTESIAN_POINT('',(19.210664066656,-95.3332054910925,2.));
#7557=CARTESIAN_POINT('Origin',(19.710664066656,-95.3332054910925,2.));
#7558=CARTESIAN_POINT('',(19.210664066656,-95.3332054910925,0.));
#7559=CARTESIAN_POINT('',(19.210664066656,-95.3332054910925,0.));
#7560=CARTESIAN_POINT('Origin',(19.710664066656,-95.3332054910925,0.));
#7561=CARTESIAN_POINT('Origin',(30.9260458408322,-103.911135780704,0.));
#7562=CARTESIAN_POINT('',(30.4260458408322,-103.911135780704,2.));
#7563=CARTESIAN_POINT('Origin',(30.9260458408322,-103.911135780704,2.));
#7564=CARTESIAN_POINT('',(30.4260458408322,-103.911135780704,0.));
#7565=CARTESIAN_POINT('',(30.4260458408322,-103.911135780704,0.));
#7566=CARTESIAN_POINT('Origin',(30.9260458408322,-103.911135780704,0.));
#7567=CARTESIAN_POINT('Origin',(27.5324553991783,-111.533264708228,0.));
#7568=CARTESIAN_POINT('',(27.0324553991783,-111.533264708228,2.));
#7569=CARTESIAN_POINT('Origin',(27.5324553991783,-111.533264708228,2.));
#7570=CARTESIAN_POINT('',(27.0324553991783,-111.533264708228,0.));
#7571=CARTESIAN_POINT('',(27.0324553991783,-111.533264708228,0.));
#7572=CARTESIAN_POINT('Origin',(27.5324553991783,-111.533264708228,0.));
#7573=CARTESIAN_POINT('Origin',(14.6931924362796,-89.2950089247504,0.));
#7574=CARTESIAN_POINT('',(14.1931924362796,-89.2950089247504,2.));
#7575=CARTESIAN_POINT('Origin',(14.6931924362796,-89.2950089247504,2.));
#7576=CARTESIAN_POINT('',(14.1931924362796,-89.2950089247504,0.));
#7577=CARTESIAN_POINT('',(14.1931924362796,-89.2950089247504,0.));
#7578=CARTESIAN_POINT('Origin',(14.6931924362796,-89.2950089247504,0.));
#7579=CARTESIAN_POINT('Origin',(4.0739546807084,-101.088867274034,0.));
#7580=CARTESIAN_POINT('',(3.57395468070839,-101.088867274034,2.));
#7581=CARTESIAN_POINT('Origin',(4.0739546807084,-101.088867274034,2.));
#7582=CARTESIAN_POINT('',(3.5739546807084,-101.088867274034,0.));
#7583=CARTESIAN_POINT('',(3.5739546807084,-101.088867274034,0.));
#7584=CARTESIAN_POINT('Origin',(4.0739546807084,-101.088867274034,0.));
#7585=CARTESIAN_POINT('Origin',(18.8350687723455,-113.922242634001,0.));
#7586=CARTESIAN_POINT('',(19.3316879512165,-113.864196176939,2.));
#7587=CARTESIAN_POINT('Origin',(18.8350687723455,-113.922242634001,2.));
#7588=CARTESIAN_POINT('',(19.3316879512165,-113.864196176939,0.));
#7589=CARTESIAN_POINT('',(19.3316879512165,-113.864196176939,0.));
#7590=CARTESIAN_POINT('Origin',(18.8350687723455,-113.922242634001,0.));
#7591=CARTESIAN_POINT('Origin',(27.5324553991783,-93.4667383465099,0.));
#7592=CARTESIAN_POINT('',(27.0324553991783,-93.4667383465099,2.));
#7593=CARTESIAN_POINT('Origin',(27.5324553991783,-93.4667383465099,2.));
#7594=CARTESIAN_POINT('',(27.0324553991783,-93.4667383465099,0.));
#7595=CARTESIAN_POINT('',(27.0324553991783,-93.4667383465099,0.));
#7596=CARTESIAN_POINT('Origin',(27.5324553991783,-93.4667383465099,0.));
#7597=CARTESIAN_POINT('Origin',(23.9951907827012,-106.250001523644,0.));
#7598=CARTESIAN_POINT('',(24.2451907827012,-105.816988821752,2.));
#7599=CARTESIAN_POINT('Origin',(23.9951907827012,-106.250001523644,2.));
#7600=CARTESIAN_POINT('',(24.2451907827012,-105.816988821752,0.));
#7601=CARTESIAN_POINT('',(24.2451907827012,-105.816988821752,0.));
#7602=CARTESIAN_POINT('Origin',(23.9951907827012,-106.250001523644,0.));
#7603=CARTESIAN_POINT('Origin',(0.,0.,0.));
#7604=CARTESIAN_POINT('',(0.,-120.,0.));
#7605=CARTESIAN_POINT('',(0.,0.,0.));
#7606=CARTESIAN_POINT('',(0.,-120.,0.));
#7607=CARTESIAN_POINT('',(0.,-120.,2.));
#7608=CARTESIAN_POINT('',(0.,-120.,0.));
#7609=CARTESIAN_POINT('',(0.,0.,2.));
#7610=CARTESIAN_POINT('',(0.,-120.,2.));
#7611=CARTESIAN_POINT('',(0.,0.,0.));
#7612=CARTESIAN_POINT('Origin',(56.,2.1570415377137E-31,0.));
#7613=CARTESIAN_POINT('',(56.,2.1570415377137E-31,0.));
#7614=CARTESIAN_POINT('',(0.,0.,0.));
#7615=CARTESIAN_POINT('',(56.,0.,2.));
#7616=CARTESIAN_POINT('',(0.,0.,2.));
#7617=CARTESIAN_POINT('',(56.,2.1570415377137E-31,0.));
#7618=CARTESIAN_POINT('Origin',(56.,-120.,0.));
#7619=CARTESIAN_POINT('',(56.,-120.,0.));
#7620=CARTESIAN_POINT('',(56.,2.1570415377137E-31,0.));
#7621=CARTESIAN_POINT('',(56.,-120.,2.));
#7622=CARTESIAN_POINT('',(56.,2.1570415377137E-31,2.));
#7623=CARTESIAN_POINT('',(56.,-120.,0.));
#7624=CARTESIAN_POINT('Origin',(0.,-120.,0.));
#7625=CARTESIAN_POINT('',(56.,-120.,0.));
#7626=CARTESIAN_POINT('',(56.,-120.,2.));
#7627=CARTESIAN_POINT('Origin',(28.,-60.0000008940697,2.));
#7628=CARTESIAN_POINT('Origin',(28.,-60.0000008940697,0.));
#7629=UNCERTAINTY_MEASURE_WITH_UNIT(LENGTH_MEASURE(0.01),#7633,
'DISTANCE_ACCURACY_VALUE',
'Maximum model space distance between geometric entities at asserted c
onnectivities');
#7630=UNCERTAINTY_MEASURE_WITH_UNIT(LENGTH_MEASURE(0.01),#7633,
'DISTANCE_ACCURACY_VALUE',
'Maximum model space distance between geometric entities at asserted c
onnectivities');
#7631=(
GEOMETRIC_REPRESENTATION_CONTEXT(3)
GLOBAL_UNCERTAINTY_ASSIGNED_CONTEXT((#7629))
GLOBAL_UNIT_ASSIGNED_CONTEXT((#7633,#7634,#7635))
REPRESENTATION_CONTEXT('','3D')
);
#7632=(
GEOMETRIC_REPRESENTATION_CONTEXT(3)
GLOBAL_UNCERTAINTY_ASSIGNED_CONTEXT((#7630))
GLOBAL_UNIT_ASSIGNED_CONTEXT((#7633,#7634,#7635))
REPRESENTATION_CONTEXT('','3D')
);
#7633=(
LENGTH_UNIT()
NAMED_UNIT(*)
SI_UNIT(.MILLI.,.METRE.)
);
#7634=(
NAMED_UNIT(*)
PLANE_ANGLE_UNIT()
SI_UNIT($,.RADIAN.)
);
#7635=(
NAMED_UNIT(*)
SI_UNIT($,.STERADIAN.)
SOLID_ANGLE_UNIT()
);
#7636=SHAPE_DEFINITION_REPRESENTATION(#7637,#7638);
#7637=PRODUCT_DEFINITION_SHAPE('',$,#7640);
#7638=SHAPE_REPRESENTATION('',(#4625),#7631);
#7639=PRODUCT_DEFINITION_CONTEXT('part definition',#7644,'design');
#7640=PRODUCT_DEFINITION('2026-04-19-06-02-20-391','PCB',#7641,#7639);
#7641=PRODUCT_DEFINITION_FORMATION('',$,#7646);
#7642=PRODUCT_RELATED_PRODUCT_CATEGORY('PCB','PCB',(#7646));
#7643=APPLICATION_PROTOCOL_DEFINITION('international standard',
'automotive_design',2009,#7644);
#7644=APPLICATION_CONTEXT(
'Core Data for Automotive Mechanical Design Process');
#7645=PRODUCT_CONTEXT('part definition',#7644,'mechanical');
#7646=PRODUCT('2026-04-19-06-02-20-391','PCB',
'KiCad electronic assembly',(#7645));
#7647=PRESENTATION_STYLE_ASSIGNMENT((#7648));
#7648=SURFACE_STYLE_USAGE(.BOTH.,#7649);
#7649=SURFACE_SIDE_STYLE('',(#7650));
#7650=SURFACE_STYLE_FILL_AREA(#7651);
#7651=FILL_AREA_STYLE('Steel - Satin',(#7652));
#7652=FILL_AREA_STYLE_COLOUR('Steel - Satin',#7653);
#7653=COLOUR_RGB('Steel - Satin',0.627450980392157,0.627450980392157,0.627450980392157);
ENDSEC;
END-ISO-10303-21;
