ISO-10303-21;
HEADER;
/* Generated by software containing ST-Developer
 * from STEP Tools, Inc. (www.steptools.com) 
 */

FILE_DESCRIPTION(
/* description */ ('KiCad electronic assembly'),
/* implementation_level */ '2;1');

FILE_NAME(
/* name */ 'Top.step',
/* time_stamp */ '2026-05-22T23:31:00+05:30',
/* author */ (''),
/* organization */ (''),
/* preprocessor_version */ 'ST-DEVELOPER v20.1',
/* originating_system */ 'Autodesk Translation Framework v15.8.0.0',
/* authorisation */ '');

FILE_SCHEMA (('AUTOMOTIVE_DESIGN { 1 0 10303 214 3 1 1 }'));
ENDSEC;

DATA;
#10=MECHANICAL_DESIGN_GEOMETRIC_PRESENTATION_REPRESENTATION('',(#13),#8025);
#11=SHAPE_REPRESENTATION_RELATIONSHIP('SRR','None',#8031,#12);
#12=ADVANCED_BREP_SHAPE_REPRESENTATION('',(#14),#8024);
#13=STYLED_ITEM('',(#8040),#14);
#14=MANIFOLD_SOLID_BREP('Body9',#4845);
#15=CYLINDRICAL_SURFACE('',#4997,0.875000000000004);
#16=CYLINDRICAL_SURFACE('',#5001,3.);
#17=CYLINDRICAL_SURFACE('',#5006,0.875000000000004);
#18=CYLINDRICAL_SURFACE('',#5009,1.5);
#19=CYLINDRICAL_SURFACE('',#5014,0.500000000000005);
#20=CYLINDRICAL_SURFACE('',#5016,0.500000000000005);
#21=CYLINDRICAL_SURFACE('',#5018,0.500000000000007);
#22=CYLINDRICAL_SURFACE('',#5020,0.500000000000007);
#23=CYLINDRICAL_SURFACE('',#5022,0.500000000000007);
#24=CYLINDRICAL_SURFACE('',#5024,0.500000000000007);
#25=CYLINDRICAL_SURFACE('',#5026,0.500000000000007);
#26=CYLINDRICAL_SURFACE('',#5028,0.500000000000007);
#27=CYLINDRICAL_SURFACE('',#5030,0.500000000000003);
#28=CYLINDRICAL_SURFACE('',#5032,0.500000000000009);
#29=CYLINDRICAL_SURFACE('',#5034,0.500000000000007);
#30=CYLINDRICAL_SURFACE('',#5036,0.500000000000006);
#31=CYLINDRICAL_SURFACE('',#5038,0.500000000000007);
#32=CYLINDRICAL_SURFACE('',#5040,0.500000000000005);
#33=CYLINDRICAL_SURFACE('',#5042,0.500000000000005);
#34=CYLINDRICAL_SURFACE('',#5044,0.50000000000001);
#35=CYLINDRICAL_SURFACE('',#5050,0.500000000000007);
#36=CYLINDRICAL_SURFACE('',#5052,0.499999999999999);
#37=CYLINDRICAL_SURFACE('',#5054,0.500000000000005);
#38=CYLINDRICAL_SURFACE('',#5056,0.500000000000007);
#39=CYLINDRICAL_SURFACE('',#5058,0.499999999999999);
#40=CYLINDRICAL_SURFACE('',#5060,0.499999999999999);
#41=CYLINDRICAL_SURFACE('',#5066,0.500000000000007);
#42=CYLINDRICAL_SURFACE('',#5072,0.500000000000007);
#43=CYLINDRICAL_SURFACE('',#5074,0.500000000000005);
#44=CYLINDRICAL_SURFACE('',#5076,0.500000000000005);
#45=CYLINDRICAL_SURFACE('',#5078,0.500000000000006);
#46=CYLINDRICAL_SURFACE('',#5080,0.500000000000002);
#47=CYLINDRICAL_SURFACE('',#5082,0.500000000000002);
#48=CYLINDRICAL_SURFACE('',#5084,0.500000000000009);
#49=CYLINDRICAL_SURFACE('',#5086,0.500000000000007);
#50=CYLINDRICAL_SURFACE('',#5088,0.5);
#51=CYLINDRICAL_SURFACE('',#5090,0.5);
#52=CYLINDRICAL_SURFACE('',#5092,0.500000000000012);
#53=CYLINDRICAL_SURFACE('',#5094,0.500000000000007);
#54=CYLINDRICAL_SURFACE('',#5096,0.499999999999999);
#55=CYLINDRICAL_SURFACE('',#5098,0.499999999999999);
#56=CYLINDRICAL_SURFACE('',#5100,0.500000000000009);
#57=CYLINDRICAL_SURFACE('',#5102,0.500000000000004);
#58=CYLINDRICAL_SURFACE('',#5104,0.499999999999999);
#59=CYLINDRICAL_SURFACE('',#5106,0.500000000000005);
#60=CYLINDRICAL_SURFACE('',#5120,0.500000000000009);
#61=CYLINDRICAL_SURFACE('',#5122,0.500000000000007);
#62=CYLINDRICAL_SURFACE('',#5124,0.500000000000007);
#63=CYLINDRICAL_SURFACE('',#5126,0.500000000000004);
#64=CYLINDRICAL_SURFACE('',#5128,0.500000000000005);
#65=CYLINDRICAL_SURFACE('',#5130,0.500000000000005);
#66=CYLINDRICAL_SURFACE('',#5132,0.500000000000005);
#67=CYLINDRICAL_SURFACE('',#5134,0.500000000000005);
#68=CYLINDRICAL_SURFACE('',#5136,0.500000000000003);
#69=CYLINDRICAL_SURFACE('',#5138,0.500000000000005);
#70=CYLINDRICAL_SURFACE('',#5140,0.500000000000005);
#71=CYLINDRICAL_SURFACE('',#5142,0.500000000000005);
#72=CYLINDRICAL_SURFACE('',#5144,0.500000000000005);
#73=CYLINDRICAL_SURFACE('',#5150,0.500000000000007);
#74=CYLINDRICAL_SURFACE('',#5152,0.500000000000005);
#75=CYLINDRICAL_SURFACE('',#5154,0.500000000000005);
#76=CYLINDRICAL_SURFACE('',#5156,0.500000000000007);
#77=CYLINDRICAL_SURFACE('',#5158,0.500000000000007);
#78=CYLINDRICAL_SURFACE('',#5160,0.500000000000007);
#79=CYLINDRICAL_SURFACE('',#5162,0.500000000000005);
#80=CYLINDRICAL_SURFACE('',#5164,0.500000000000007);
#81=CYLINDRICAL_SURFACE('',#5166,0.500000000000005);
#82=CYLINDRICAL_SURFACE('',#5168,0.500000000000005);
#83=CYLINDRICAL_SURFACE('',#5170,0.500000000000005);
#84=CYLINDRICAL_SURFACE('',#5172,0.500000000000005);
#85=CYLINDRICAL_SURFACE('',#5174,0.500000000000005);
#86=CYLINDRICAL_SURFACE('',#5176,0.500000000000005);
#87=CYLINDRICAL_SURFACE('',#5178,0.500000000000005);
#88=CYLINDRICAL_SURFACE('',#5180,0.500000000000005);
#89=CYLINDRICAL_SURFACE('',#5182,0.500000000000005);
#90=CYLINDRICAL_SURFACE('',#5184,0.500000000000005);
#91=CYLINDRICAL_SURFACE('',#5186,0.500000000000005);
#92=CYLINDRICAL_SURFACE('',#5188,0.500000000000005);
#93=CYLINDRICAL_SURFACE('',#5190,0.500000000000005);
#94=CYLINDRICAL_SURFACE('',#5192,0.500000000000003);
#95=CYLINDRICAL_SURFACE('',#5194,0.500000000000005);
#96=CYLINDRICAL_SURFACE('',#5196,0.500000000000007);
#97=CYLINDRICAL_SURFACE('',#5198,0.500000000000007);
#98=CYLINDRICAL_SURFACE('',#5200,0.500000000000007);
#99=CYLINDRICAL_SURFACE('',#5202,0.500000000000007);
#100=CYLINDRICAL_SURFACE('',#5204,0.500000000000005);
#101=CYLINDRICAL_SURFACE('',#5206,0.500000000000005);
#102=CYLINDRICAL_SURFACE('',#5208,0.500000000000005);
#103=CYLINDRICAL_SURFACE('',#5210,0.500000000000007);
#104=CYLINDRICAL_SURFACE('',#5212,0.500000000000005);
#105=CYLINDRICAL_SURFACE('',#5214,0.500000000000003);
#106=CYLINDRICAL_SURFACE('',#5216,0.500000000000005);
#107=CYLINDRICAL_SURFACE('',#5218,3.99999999999999);
#108=CYLINDRICAL_SURFACE('',#5220,0.500000000000005);
#109=CYLINDRICAL_SURFACE('',#5222,0.500000000000005);
#110=CYLINDRICAL_SURFACE('',#5224,0.500000000000005);
#111=CYLINDRICAL_SURFACE('',#5226,0.500000000000005);
#112=CYLINDRICAL_SURFACE('',#5228,0.500000000000005);
#113=CYLINDRICAL_SURFACE('',#5230,0.500000000000005);
#114=CYLINDRICAL_SURFACE('',#5232,0.500000000000007);
#115=CYLINDRICAL_SURFACE('',#5234,0.50000000000001);
#116=CYLINDRICAL_SURFACE('',#5236,0.499999999999999);
#117=CYLINDRICAL_SURFACE('',#5238,0.5);
#118=CYLINDRICAL_SURFACE('',#5240,0.500000000000005);
#119=CYLINDRICAL_SURFACE('',#5242,0.500000000000006);
#120=CYLINDRICAL_SURFACE('',#5252,0.500000000000007);
#121=CYLINDRICAL_SURFACE('',#5254,0.500000000000005);
#122=CYLINDRICAL_SURFACE('',#5256,0.500000000000013);
#123=CYLINDRICAL_SURFACE('',#5262,0.500000000000002);
#124=CYLINDRICAL_SURFACE('',#5264,0.500000000000006);
#125=CYLINDRICAL_SURFACE('',#5266,0.500000000000005);
#126=CYLINDRICAL_SURFACE('',#5276,0.500000000000003);
#127=CYLINDRICAL_SURFACE('',#5282,0.500000000000007);
#128=CYLINDRICAL_SURFACE('',#5284,0.500000000000005);
#129=CYLINDRICAL_SURFACE('',#5286,0.499999999999999);
#130=CYLINDRICAL_SURFACE('',#5288,0.500000000000006);
#131=CYLINDRICAL_SURFACE('',#5290,0.500000000000005);
#132=CYLINDRICAL_SURFACE('',#5292,0.500000000000005);
#133=CYLINDRICAL_SURFACE('',#5294,0.500000000000004);
#134=CYLINDRICAL_SURFACE('',#5296,0.500000000000012);
#135=CYLINDRICAL_SURFACE('',#5298,0.500000000000002);
#136=CYLINDRICAL_SURFACE('',#5304,0.500000000000006);
#137=CYLINDRICAL_SURFACE('',#5306,0.500000000000007);
#138=CYLINDRICAL_SURFACE('',#5308,0.500000000000011);
#139=CYLINDRICAL_SURFACE('',#5310,0.500000000000005);
#140=CYLINDRICAL_SURFACE('',#5312,0.500000000000007);
#141=CYLINDRICAL_SURFACE('',#5314,0.500000000000005);
#142=CYLINDRICAL_SURFACE('',#5316,0.500000000000003);
#143=CYLINDRICAL_SURFACE('',#5318,0.500000000000005);
#144=CYLINDRICAL_SURFACE('',#5320,0.500000000000005);
#145=CYLINDRICAL_SURFACE('',#5322,0.500000000000007);
#146=CYLINDRICAL_SURFACE('',#5324,0.500000000000007);
#147=CYLINDRICAL_SURFACE('',#5330,0.500000000000004);
#148=CYLINDRICAL_SURFACE('',#5332,0.5);
#149=CYLINDRICAL_SURFACE('',#5334,0.500000000000005);
#150=CYLINDRICAL_SURFACE('',#5336,0.500000000000007);
#151=CYLINDRICAL_SURFACE('',#5338,0.500000000000007);
#152=CYLINDRICAL_SURFACE('',#5340,0.500000000000007);
#153=CYLINDRICAL_SURFACE('',#5342,0.500000000000007);
#154=CYLINDRICAL_SURFACE('',#5344,0.500000000000007);
#155=CYLINDRICAL_SURFACE('',#5346,0.500000000000007);
#156=CYLINDRICAL_SURFACE('',#5348,0.500000000000005);
#157=CYLINDRICAL_SURFACE('',#5350,0.500000000000005);
#158=CYLINDRICAL_SURFACE('',#5359,0.874999999999999);
#159=CYLINDRICAL_SURFACE('',#5360,1.50000002235174);
#160=CYLINDRICAL_SURFACE('',#5361,0.874999999999999);
#161=CYLINDRICAL_SURFACE('',#5362,1.5);
#162=LINE('',#6756,#504);
#163=LINE('',#6758,#505);
#164=LINE('',#6760,#506);
#165=LINE('',#6761,#507);
#166=LINE('',#6786,#508);
#167=LINE('',#6788,#509);
#168=LINE('',#6790,#510);
#169=LINE('',#6791,#511);
#170=LINE('',#6816,#512);
#171=LINE('',#6818,#513);
#172=LINE('',#6820,#514);
#173=LINE('',#6821,#515);
#174=LINE('',#6842,#516);
#175=LINE('',#6844,#517);
#176=LINE('',#6846,#518);
#177=LINE('',#6847,#519);
#178=LINE('',#6852,#520);
#179=LINE('',#6854,#521);
#180=LINE('',#6856,#522);
#181=LINE('',#6857,#523);
#182=LINE('',#6860,#524);
#183=LINE('',#6862,#525);
#184=LINE('',#6864,#526);
#185=LINE('',#6865,#527);
#186=LINE('',#6874,#528);
#187=LINE('',#6876,#529);
#188=LINE('',#6878,#530);
#189=LINE('',#6879,#531);
#190=LINE('',#6888,#532);
#191=LINE('',#6890,#533);
#192=LINE('',#6892,#534);
#193=LINE('',#6893,#535);
#194=LINE('',#6896,#536);
#195=LINE('',#6898,#537);
#196=LINE('',#6900,#538);
#197=LINE('',#6901,#539);
#198=LINE('',#6998,#540);
#199=LINE('',#7000,#541);
#200=LINE('',#7002,#542);
#201=LINE('',#7003,#543);
#202=LINE('',#7032,#544);
#203=LINE('',#7034,#545);
#204=LINE('',#7036,#546);
#205=LINE('',#7037,#547);
#206=LINE('',#7040,#548);
#207=LINE('',#7042,#549);
#208=LINE('',#7044,#550);
#209=LINE('',#7045,#551);
#210=LINE('',#7048,#552);
#211=LINE('',#7050,#553);
#212=LINE('',#7052,#554);
#213=LINE('',#7053,#555);
#214=LINE('',#7092,#556);
#215=LINE('',#7094,#557);
#216=LINE('',#7096,#558);
#217=LINE('',#7097,#559);
#218=LINE('',#7102,#560);
#219=LINE('',#7104,#561);
#220=LINE('',#7106,#562);
#221=LINE('',#7107,#563);
#222=LINE('',#7122,#564);
#223=LINE('',#7124,#565);
#224=LINE('',#7126,#566);
#225=LINE('',#7127,#567);
#226=LINE('',#7167,#568);
#227=LINE('',#7172,#569);
#228=LINE('',#7174,#570);
#229=LINE('',#7176,#571);
#230=LINE('',#7177,#572);
#231=LINE('',#7187,#573);
#232=LINE('',#7193,#574);
#233=LINE('',#7199,#575);
#234=LINE('',#7203,#576);
#235=LINE('',#7207,#577);
#236=LINE('',#7211,#578);
#237=LINE('',#7215,#579);
#238=LINE('',#7219,#580);
#239=LINE('',#7223,#581);
#240=LINE('',#7227,#582);
#241=LINE('',#7231,#583);
#242=LINE('',#7235,#584);
#243=LINE('',#7239,#585);
#244=LINE('',#7243,#586);
#245=LINE('',#7247,#587);
#246=LINE('',#7251,#588);
#247=LINE('',#7255,#589);
#248=LINE('',#7259,#590);
#249=LINE('',#7264,#591);
#250=LINE('',#7265,#592);
#251=LINE('',#7266,#593);
#252=LINE('',#7269,#594);
#253=LINE('',#7270,#595);
#254=LINE('',#7273,#596);
#255=LINE('',#7274,#597);
#256=LINE('',#7276,#598);
#257=LINE('',#7279,#599);
#258=LINE('',#7283,#600);
#259=LINE('',#7287,#601);
#260=LINE('',#7291,#602);
#261=LINE('',#7295,#603);
#262=LINE('',#7299,#604);
#263=LINE('',#7304,#605);
#264=LINE('',#7305,#606);
#265=LINE('',#7306,#607);
#266=LINE('',#7309,#608);
#267=LINE('',#7310,#609);
#268=LINE('',#7313,#610);
#269=LINE('',#7314,#611);
#270=LINE('',#7316,#612);
#271=LINE('',#7319,#613);
#272=LINE('',#7324,#614);
#273=LINE('',#7325,#615);
#274=LINE('',#7326,#616);
#275=LINE('',#7329,#617);
#276=LINE('',#7330,#618);
#277=LINE('',#7333,#619);
#278=LINE('',#7334,#620);
#279=LINE('',#7336,#621);
#280=LINE('',#7339,#622);
#281=LINE('',#7343,#623);
#282=LINE('',#7347,#624);
#283=LINE('',#7351,#625);
#284=LINE('',#7355,#626);
#285=LINE('',#7359,#627);
#286=LINE('',#7363,#628);
#287=LINE('',#7367,#629);
#288=LINE('',#7371,#630);
#289=LINE('',#7375,#631);
#290=LINE('',#7379,#632);
#291=LINE('',#7383,#633);
#292=LINE('',#7387,#634);
#293=LINE('',#7391,#635);
#294=LINE('',#7395,#636);
#295=LINE('',#7399,#637);
#296=LINE('',#7403,#638);
#297=LINE('',#7407,#639);
#298=LINE('',#7412,#640);
#299=LINE('',#7413,#641);
#300=LINE('',#7414,#642);
#301=LINE('',#7417,#643);
#302=LINE('',#7418,#644);
#303=LINE('',#7421,#645);
#304=LINE('',#7422,#646);
#305=LINE('',#7424,#647);
#306=LINE('',#7428,#648);
#307=LINE('',#7429,#649);
#308=LINE('',#7430,#650);
#309=LINE('',#7433,#651);
#310=LINE('',#7434,#652);
#311=LINE('',#7437,#653);
#312=LINE('',#7438,#654);
#313=LINE('',#7440,#655);
#314=LINE('',#7444,#656);
#315=LINE('',#7445,#657);
#316=LINE('',#7446,#658);
#317=LINE('',#7449,#659);
#318=LINE('',#7450,#660);
#319=LINE('',#7453,#661);
#320=LINE('',#7454,#662);
#321=LINE('',#7456,#663);
#322=LINE('',#7459,#664);
#323=LINE('',#7463,#665);
#324=LINE('',#7467,#666);
#325=LINE('',#7471,#667);
#326=LINE('',#7475,#668);
#327=LINE('',#7479,#669);
#328=LINE('',#7483,#670);
#329=LINE('',#7487,#671);
#330=LINE('',#7491,#672);
#331=LINE('',#7495,#673);
#332=LINE('',#7499,#674);
#333=LINE('',#7503,#675);
#334=LINE('',#7507,#676);
#335=LINE('',#7512,#677);
#336=LINE('',#7513,#678);
#337=LINE('',#7514,#679);
#338=LINE('',#7517,#680);
#339=LINE('',#7518,#681);
#340=LINE('',#7521,#682);
#341=LINE('',#7522,#683);
#342=LINE('',#7524,#684);
#343=LINE('',#7527,#685);
#344=LINE('',#7531,#686);
#345=LINE('',#7535,#687);
#346=LINE('',#7539,#688);
#347=LINE('',#7543,#689);
#348=LINE('',#7547,#690);
#349=LINE('',#7551,#691);
#350=LINE('',#7555,#692);
#351=LINE('',#7559,#693);
#352=LINE('',#7563,#694);
#353=LINE('',#7567,#695);
#354=LINE('',#7571,#696);
#355=LINE('',#7575,#697);
#356=LINE('',#7579,#698);
#357=LINE('',#7583,#699);
#358=LINE('',#7587,#700);
#359=LINE('',#7591,#701);
#360=LINE('',#7595,#702);
#361=LINE('',#7599,#703);
#362=LINE('',#7603,#704);
#363=LINE('',#7607,#705);
#364=LINE('',#7611,#706);
#365=LINE('',#7615,#707);
#366=LINE('',#7619,#708);
#367=LINE('',#7623,#709);
#368=LINE('',#7627,#710);
#369=LINE('',#7631,#711);
#370=LINE('',#7635,#712);
#371=LINE('',#7639,#713);
#372=LINE('',#7643,#714);
#373=LINE('',#7647,#715);
#374=LINE('',#7651,#716);
#375=LINE('',#7655,#717);
#376=LINE('',#7659,#718);
#377=LINE('',#7663,#719);
#378=LINE('',#7667,#720);
#379=LINE('',#7671,#721);
#380=LINE('',#7675,#722);
#381=LINE('',#7679,#723);
#382=LINE('',#7683,#724);
#383=LINE('',#7687,#725);
#384=LINE('',#7691,#726);
#385=LINE('',#7695,#727);
#386=LINE('',#7699,#728);
#387=LINE('',#7703,#729);
#388=LINE('',#7707,#730);
#389=LINE('',#7711,#731);
#390=LINE('',#7716,#732);
#391=LINE('',#7717,#733);
#392=LINE('',#7718,#734);
#393=LINE('',#7721,#735);
#394=LINE('',#7722,#736);
#395=LINE('',#7725,#737);
#396=LINE('',#7726,#738);
#397=LINE('',#7728,#739);
#398=LINE('',#7732,#740);
#399=LINE('',#7733,#741);
#400=LINE('',#7734,#742);
#401=LINE('',#7737,#743);
#402=LINE('',#7738,#744);
#403=LINE('',#7741,#745);
#404=LINE('',#7742,#746);
#405=LINE('',#7744,#747);
#406=LINE('',#7747,#748);
#407=LINE('',#7751,#749);
#408=LINE('',#7755,#750);
#409=LINE('',#7760,#751);
#410=LINE('',#7761,#752);
#411=LINE('',#7762,#753);
#412=LINE('',#7765,#754);
#413=LINE('',#7766,#755);
#414=LINE('',#7769,#756);
#415=LINE('',#7770,#757);
#416=LINE('',#7772,#758);
#417=LINE('',#7775,#759);
#418=LINE('',#7779,#760);
#419=LINE('',#7783,#761);
#420=LINE('',#7788,#762);
#421=LINE('',#7789,#763);
#422=LINE('',#7790,#764);
#423=LINE('',#7793,#765);
#424=LINE('',#7794,#766);
#425=LINE('',#7797,#767);
#426=LINE('',#7798,#768);
#427=LINE('',#7800,#769);
#428=LINE('',#7804,#770);
#429=LINE('',#7805,#771);
#430=LINE('',#7806,#772);
#431=LINE('',#7809,#773);
#432=LINE('',#7810,#774);
#433=LINE('',#7813,#775);
#434=LINE('',#7814,#776);
#435=LINE('',#7816,#777);
#436=LINE('',#7819,#778);
#437=LINE('',#7824,#779);
#438=LINE('',#7825,#780);
#439=LINE('',#7826,#781);
#440=LINE('',#7829,#782);
#441=LINE('',#7830,#783);
#442=LINE('',#7833,#784);
#443=LINE('',#7834,#785);
#444=LINE('',#7836,#786);
#445=LINE('',#7839,#787);
#446=LINE('',#7843,#788);
#447=LINE('',#7847,#789);
#448=LINE('',#7851,#790);
#449=LINE('',#7855,#791);
#450=LINE('',#7859,#792);
#451=LINE('',#7863,#793);
#452=LINE('',#7867,#794);
#453=LINE('',#7871,#795);
#454=LINE('',#7876,#796);
#455=LINE('',#7877,#797);
#456=LINE('',#7878,#798);
#457=LINE('',#7881,#799);
#458=LINE('',#7882,#800);
#459=LINE('',#7885,#801);
#460=LINE('',#7886,#802);
#461=LINE('',#7888,#803);
#462=LINE('',#7891,#804);
#463=LINE('',#7895,#805);
#464=LINE('',#7899,#806);
#465=LINE('',#7903,#807);
#466=LINE('',#7907,#808);
#467=LINE('',#7911,#809);
#468=LINE('',#7915,#810);
#469=LINE('',#7919,#811);
#470=LINE('',#7923,#812);
#471=LINE('',#7927,#813);
#472=LINE('',#7931,#814);
#473=LINE('',#7936,#815);
#474=LINE('',#7937,#816);
#475=LINE('',#7938,#817);
#476=LINE('',#7941,#818);
#477=LINE('',#7942,#819);
#478=LINE('',#7945,#820);
#479=LINE('',#7946,#821);
#480=LINE('',#7948,#822);
#481=LINE('',#7951,#823);
#482=LINE('',#7955,#824);
#483=LINE('',#7959,#825);
#484=LINE('',#7963,#826);
#485=LINE('',#7967,#827);
#486=LINE('',#7971,#828);
#487=LINE('',#7975,#829);
#488=LINE('',#7979,#830);
#489=LINE('',#7983,#831);
#490=LINE('',#7987,#832);
#491=LINE('',#7991,#833);
#492=LINE('',#7996,#834);
#493=LINE('',#7997,#835);
#494=LINE('',#7998,#836);
#495=LINE('',#8001,#837);
#496=LINE('',#8002,#838);
#497=LINE('',#8005,#839);
#498=LINE('',#8006,#840);
#499=LINE('',#8008,#841);
#500=LINE('',#8015,#842);
#501=LINE('',#8017,#843);
#502=LINE('',#8019,#844);
#503=LINE('',#8021,#845);
#504=VECTOR('',#5383,10.);
#505=VECTOR('',#5384,10.);
#506=VECTOR('',#5385,10.);
#507=VECTOR('',#5386,10.);
#508=VECTOR('',#5409,10.);
#509=VECTOR('',#5410,10.);
#510=VECTOR('',#5411,10.);
#511=VECTOR('',#5412,10.);
#512=VECTOR('',#5435,10.);
#513=VECTOR('',#5436,10.);
#514=VECTOR('',#5437,10.);
#515=VECTOR('',#5438,10.);
#516=VECTOR('',#5457,10.);
#517=VECTOR('',#5458,10.);
#518=VECTOR('',#5459,10.);
#519=VECTOR('',#5460,10.);
#520=VECTOR('',#5463,10.);
#521=VECTOR('',#5464,10.);
#522=VECTOR('',#5465,10.);
#523=VECTOR('',#5466,10.);
#524=VECTOR('',#5467,10.);
#525=VECTOR('',#5468,10.);
#526=VECTOR('',#5469,10.);
#527=VECTOR('',#5470,10.);
#528=VECTOR('',#5477,10.);
#529=VECTOR('',#5478,10.);
#530=VECTOR('',#5479,10.);
#531=VECTOR('',#5480,10.);
#532=VECTOR('',#5487,10.);
#533=VECTOR('',#5488,10.);
#534=VECTOR('',#5489,10.);
#535=VECTOR('',#5490,10.);
#536=VECTOR('',#5491,10.);
#537=VECTOR('',#5492,10.);
#538=VECTOR('',#5493,10.);
#539=VECTOR('',#5494,10.);
#540=VECTOR('',#5589,10.);
#541=VECTOR('',#5590,10.);
#542=VECTOR('',#5591,10.);
#543=VECTOR('',#5592,10.);
#544=VECTOR('',#5619,10.);
#545=VECTOR('',#5620,10.);
#546=VECTOR('',#5621,10.);
#547=VECTOR('',#5622,10.);
#548=VECTOR('',#5623,10.);
#549=VECTOR('',#5624,10.);
#550=VECTOR('',#5625,10.);
#551=VECTOR('',#5626,10.);
#552=VECTOR('',#5627,10.);
#553=VECTOR('',#5628,10.);
#554=VECTOR('',#5629,10.);
#555=VECTOR('',#5630,10.);
#556=VECTOR('',#5667,10.);
#557=VECTOR('',#5668,10.);
#558=VECTOR('',#5669,10.);
#559=VECTOR('',#5670,10.);
#560=VECTOR('',#5673,10.);
#561=VECTOR('',#5674,10.);
#562=VECTOR('',#5675,10.);
#563=VECTOR('',#5676,10.);
#564=VECTOR('',#5689,10.);
#565=VECTOR('',#5690,10.);
#566=VECTOR('',#5691,10.);
#567=VECTOR('',#5692,10.);
#568=VECTOR('',#5733,0.875000000000004);
#569=VECTOR('',#5738,10.);
#570=VECTOR('',#5739,10.);
#571=VECTOR('',#5740,10.);
#572=VECTOR('',#5741,10.);
#573=VECTOR('',#5756,0.875000000000004);
#574=VECTOR('',#5763,1.5);
#575=VECTOR('',#5772,0.500000000000005);
#576=VECTOR('',#5777,0.500000000000005);
#577=VECTOR('',#5782,0.500000000000007);
#578=VECTOR('',#5787,0.500000000000007);
#579=VECTOR('',#5792,0.500000000000007);
#580=VECTOR('',#5797,0.500000000000007);
#581=VECTOR('',#5802,0.500000000000007);
#582=VECTOR('',#5807,0.500000000000007);
#583=VECTOR('',#5812,0.500000000000003);
#584=VECTOR('',#5817,0.500000000000009);
#585=VECTOR('',#5822,0.500000000000007);
#586=VECTOR('',#5827,0.500000000000006);
#587=VECTOR('',#5832,0.500000000000007);
#588=VECTOR('',#5837,0.500000000000006);
#589=VECTOR('',#5842,0.500000000000005);
#590=VECTOR('',#5847,0.50000000000001);
#591=VECTOR('',#5852,10.);
#592=VECTOR('',#5853,10.);
#593=VECTOR('',#5854,10.);
#594=VECTOR('',#5857,10.);
#595=VECTOR('',#5858,10.);
#596=VECTOR('',#5861,10.);
#597=VECTOR('',#5862,10.);
#598=VECTOR('',#5865,10.);
#599=VECTOR('',#5868,0.500000000000007);
#600=VECTOR('',#5873,0.499999999999999);
#601=VECTOR('',#5878,0.500000000000005);
#602=VECTOR('',#5883,0.500000000000007);
#603=VECTOR('',#5888,0.499999999999999);
#604=VECTOR('',#5893,0.499999999999999);
#605=VECTOR('',#5898,10.);
#606=VECTOR('',#5899,10.);
#607=VECTOR('',#5900,10.);
#608=VECTOR('',#5903,10.);
#609=VECTOR('',#5904,10.);
#610=VECTOR('',#5907,10.);
#611=VECTOR('',#5908,10.);
#612=VECTOR('',#5911,10.);
#613=VECTOR('',#5914,0.500000000000007);
#614=VECTOR('',#5919,10.);
#615=VECTOR('',#5920,10.);
#616=VECTOR('',#5921,10.);
#617=VECTOR('',#5924,10.);
#618=VECTOR('',#5925,10.);
#619=VECTOR('',#5928,10.);
#620=VECTOR('',#5929,10.);
#621=VECTOR('',#5932,10.);
#622=VECTOR('',#5935,0.500000000000007);
#623=VECTOR('',#5940,0.500000000000005);
#624=VECTOR('',#5945,0.500000000000005);
#625=VECTOR('',#5950,0.500000000000006);
#626=VECTOR('',#5955,0.500000000000002);
#627=VECTOR('',#5960,0.500000000000002);
#628=VECTOR('',#5965,0.500000000000009);
#629=VECTOR('',#5970,0.500000000000007);
#630=VECTOR('',#5975,0.5);
#631=VECTOR('',#5980,0.5);
#632=VECTOR('',#5985,0.500000000000012);
#633=VECTOR('',#5990,0.500000000000007);
#634=VECTOR('',#5995,0.499999999999999);
#635=VECTOR('',#6000,0.499999999999999);
#636=VECTOR('',#6005,0.500000000000009);
#637=VECTOR('',#6010,0.500000000000004);
#638=VECTOR('',#6015,0.499999999999999);
#639=VECTOR('',#6020,0.500000000000005);
#640=VECTOR('',#6025,10.);
#641=VECTOR('',#6026,10.);
#642=VECTOR('',#6027,10.);
#643=VECTOR('',#6030,10.);
#644=VECTOR('',#6031,10.);
#645=VECTOR('',#6034,10.);
#646=VECTOR('',#6035,10.);
#647=VECTOR('',#6038,10.);
#648=VECTOR('',#6041,10.);
#649=VECTOR('',#6042,10.);
#650=VECTOR('',#6043,10.);
#651=VECTOR('',#6046,10.);
#652=VECTOR('',#6047,10.);
#653=VECTOR('',#6050,10.);
#654=VECTOR('',#6051,10.);
#655=VECTOR('',#6054,10.);
#656=VECTOR('',#6057,10.);
#657=VECTOR('',#6058,10.);
#658=VECTOR('',#6059,10.);
#659=VECTOR('',#6062,10.);
#660=VECTOR('',#6063,10.);
#661=VECTOR('',#6066,10.);
#662=VECTOR('',#6067,10.);
#663=VECTOR('',#6070,10.);
#664=VECTOR('',#6073,0.500000000000009);
#665=VECTOR('',#6078,0.500000000000007);
#666=VECTOR('',#6083,0.500000000000007);
#667=VECTOR('',#6088,0.500000000000004);
#668=VECTOR('',#6093,0.500000000000005);
#669=VECTOR('',#6098,0.500000000000005);
#670=VECTOR('',#6103,0.500000000000005);
#671=VECTOR('',#6108,0.500000000000005);
#672=VECTOR('',#6113,0.500000000000003);
#673=VECTOR('',#6118,0.500000000000005);
#674=VECTOR('',#6123,0.500000000000005);
#675=VECTOR('',#6128,0.500000000000005);
#676=VECTOR('',#6133,0.500000000000005);
#677=VECTOR('',#6138,10.);
#678=VECTOR('',#6139,10.);
#679=VECTOR('',#6140,10.);
#680=VECTOR('',#6143,10.);
#681=VECTOR('',#6144,10.);
#682=VECTOR('',#6147,10.);
#683=VECTOR('',#6148,10.);
#684=VECTOR('',#6151,10.);
#685=VECTOR('',#6154,0.500000000000007);
#686=VECTOR('',#6159,0.500000000000005);
#687=VECTOR('',#6164,0.500000000000005);
#688=VECTOR('',#6169,0.500000000000007);
#689=VECTOR('',#6174,0.500000000000007);
#690=VECTOR('',#6179,0.500000000000007);
#691=VECTOR('',#6184,0.500000000000005);
#692=VECTOR('',#6189,0.500000000000007);
#693=VECTOR('',#6194,0.500000000000005);
#694=VECTOR('',#6199,0.500000000000005);
#695=VECTOR('',#6204,0.500000000000005);
#696=VECTOR('',#6209,0.500000000000005);
#697=VECTOR('',#6214,0.500000000000005);
#698=VECTOR('',#6219,0.500000000000005);
#699=VECTOR('',#6224,0.500000000000005);
#700=VECTOR('',#6229,0.500000000000005);
#701=VECTOR('',#6234,0.500000000000005);
#702=VECTOR('',#6239,0.500000000000005);
#703=VECTOR('',#6244,0.500000000000005);
#704=VECTOR('',#6249,0.500000000000005);
#705=VECTOR('',#6254,0.500000000000005);
#706=VECTOR('',#6259,0.500000000000003);
#707=VECTOR('',#6264,0.500000000000005);
#708=VECTOR('',#6269,0.500000000000007);
#709=VECTOR('',#6274,0.500000000000007);
#710=VECTOR('',#6279,0.500000000000007);
#711=VECTOR('',#6284,0.500000000000007);
#712=VECTOR('',#6289,0.500000000000005);
#713=VECTOR('',#6294,0.500000000000005);
#714=VECTOR('',#6299,0.500000000000005);
#715=VECTOR('',#6304,0.500000000000007);
#716=VECTOR('',#6309,0.500000000000005);
#717=VECTOR('',#6314,0.500000000000003);
#718=VECTOR('',#6319,0.500000000000005);
#719=VECTOR('',#6324,3.99999999999999);
#720=VECTOR('',#6329,0.500000000000005);
#721=VECTOR('',#6334,0.500000000000005);
#722=VECTOR('',#6339,0.500000000000005);
#723=VECTOR('',#6344,0.500000000000005);
#724=VECTOR('',#6349,0.500000000000005);
#725=VECTOR('',#6354,0.500000000000005);
#726=VECTOR('',#6359,0.500000000000007);
#727=VECTOR('',#6364,0.50000000000001);
#728=VECTOR('',#6369,0.499999999999999);
#729=VECTOR('',#6374,0.5);
#730=VECTOR('',#6379,0.500000000000005);
#731=VECTOR('',#6384,0.500000000000006);
#732=VECTOR('',#6389,10.);
#733=VECTOR('',#6390,10.);
#734=VECTOR('',#6391,10.);
#735=VECTOR('',#6394,10.);
#736=VECTOR('',#6395,10.);
#737=VECTOR('',#6398,10.);
#738=VECTOR('',#6399,10.);
#739=VECTOR('',#6402,10.);
#740=VECTOR('',#6405,10.);
#741=VECTOR('',#6406,10.);
#742=VECTOR('',#6407,10.);
#743=VECTOR('',#6410,10.);
#744=VECTOR('',#6411,10.);
#745=VECTOR('',#6414,10.);
#746=VECTOR('',#6415,10.);
#747=VECTOR('',#6418,10.);
#748=VECTOR('',#6421,0.500000000000007);
#749=VECTOR('',#6426,0.500000000000005);
#750=VECTOR('',#6431,0.500000000000013);
#751=VECTOR('',#6436,10.);
#752=VECTOR('',#6437,10.);
#753=VECTOR('',#6438,10.);
#754=VECTOR('',#6441,10.);
#755=VECTOR('',#6442,10.);
#756=VECTOR('',#6445,10.);
#757=VECTOR('',#6446,10.);
#758=VECTOR('',#6449,10.);
#759=VECTOR('',#6452,0.500000000000002);
#760=VECTOR('',#6457,0.500000000000006);
#761=VECTOR('',#6462,0.500000000000005);
#762=VECTOR('',#6467,10.);
#763=VECTOR('',#6468,10.);
#764=VECTOR('',#6469,10.);
#765=VECTOR('',#6472,10.);
#766=VECTOR('',#6473,10.);
#767=VECTOR('',#6476,10.);
#768=VECTOR('',#6477,10.);
#769=VECTOR('',#6480,10.);
#770=VECTOR('',#6483,10.);
#771=VECTOR('',#6484,10.);
#772=VECTOR('',#6485,10.);
#773=VECTOR('',#6488,10.);
#774=VECTOR('',#6489,10.);
#775=VECTOR('',#6492,10.);
#776=VECTOR('',#6493,10.);
#777=VECTOR('',#6496,10.);
#778=VECTOR('',#6499,0.500000000000003);
#779=VECTOR('',#6504,10.);
#780=VECTOR('',#6505,10.);
#781=VECTOR('',#6506,10.);
#782=VECTOR('',#6509,10.);
#783=VECTOR('',#6510,10.);
#784=VECTOR('',#6513,10.);
#785=VECTOR('',#6514,10.);
#786=VECTOR('',#6517,10.);
#787=VECTOR('',#6520,0.500000000000007);
#788=VECTOR('',#6525,0.500000000000005);
#789=VECTOR('',#6530,0.499999999999999);
#790=VECTOR('',#6535,0.500000000000006);
#791=VECTOR('',#6540,0.500000000000005);
#792=VECTOR('',#6545,0.500000000000005);
#793=VECTOR('',#6550,0.500000000000004);
#794=VECTOR('',#6555,0.500000000000012);
#795=VECTOR('',#6560,0.500000000000002);
#796=VECTOR('',#6565,10.);
#797=VECTOR('',#6566,10.);
#798=VECTOR('',#6567,10.);
#799=VECTOR('',#6570,10.);
#800=VECTOR('',#6571,10.);
#801=VECTOR('',#6574,10.);
#802=VECTOR('',#6575,10.);
#803=VECTOR('',#6578,10.);
#804=VECTOR('',#6581,0.500000000000006);
#805=VECTOR('',#6586,0.500000000000007);
#806=VECTOR('',#6591,0.500000000000011);
#807=VECTOR('',#6596,0.500000000000005);
#808=VECTOR('',#6601,0.500000000000008);
#809=VECTOR('',#6606,0.500000000000005);
#810=VECTOR('',#6611,0.500000000000003);
#811=VECTOR('',#6616,0.500000000000006);
#812=VECTOR('',#6621,0.500000000000005);
#813=VECTOR('',#6626,0.500000000000007);
#814=VECTOR('',#6631,0.500000000000007);
#815=VECTOR('',#6636,10.);
#816=VECTOR('',#6637,10.);
#817=VECTOR('',#6638,10.);
#818=VECTOR('',#6641,10.);
#819=VECTOR('',#6642,10.);
#820=VECTOR('',#6645,10.);
#821=VECTOR('',#6646,10.);
#822=VECTOR('',#6649,10.);
#823=VECTOR('',#6652,0.500000000000004);
#824=VECTOR('',#6657,0.5);
#825=VECTOR('',#6662,0.500000000000005);
#826=VECTOR('',#6667,0.500000000000007);
#827=VECTOR('',#6672,0.500000000000007);
#828=VECTOR('',#6677,0.500000000000007);
#829=VECTOR('',#6682,0.500000000000007);
#830=VECTOR('',#6687,0.500000000000007);
#831=VECTOR('',#6692,0.500000000000007);
#832=VECTOR('',#6697,0.500000000000005);
#833=VECTOR('',#6702,0.500000000000005);
#834=VECTOR('',#6707,10.);
#835=VECTOR('',#6708,10.);
#836=VECTOR('',#6709,10.);
#837=VECTOR('',#6712,10.);
#838=VECTOR('',#6713,10.);
#839=VECTOR('',#6716,10.);
#840=VECTOR('',#6717,10.);
#841=VECTOR('',#6720,10.);
#842=VECTOR('',#6729,0.874999999999999);
#843=VECTOR('',#6732,1.50000002235174);
#844=VECTOR('',#6735,0.874999999999999);
#845=VECTOR('',#6738,1.5);
#846=FACE_BOUND('',#1385,.T.);
#847=FACE_BOUND('',#1387,.T.);
#848=FACE_BOUND('',#1390,.T.);
#849=FACE_BOUND('',#1391,.T.);
#850=FACE_BOUND('',#1392,.T.);
#851=FACE_BOUND('',#1393,.T.);
#852=FACE_BOUND('',#1394,.T.);
#853=FACE_BOUND('',#1395,.T.);
#854=FACE_BOUND('',#1396,.T.);
#855=FACE_BOUND('',#1397,.T.);
#856=FACE_BOUND('',#1398,.T.);
#857=FACE_BOUND('',#1399,.T.);
#858=FACE_BOUND('',#1400,.T.);
#859=FACE_BOUND('',#1401,.T.);
#860=FACE_BOUND('',#1402,.T.);
#861=FACE_BOUND('',#1403,.T.);
#862=FACE_BOUND('',#1404,.T.);
#863=FACE_BOUND('',#1405,.T.);
#864=FACE_BOUND('',#1406,.T.);
#865=FACE_BOUND('',#1407,.T.);
#866=FACE_BOUND('',#1408,.T.);
#867=FACE_BOUND('',#1409,.T.);
#868=FACE_BOUND('',#1410,.T.);
#869=FACE_BOUND('',#1411,.T.);
#870=FACE_BOUND('',#1412,.T.);
#871=FACE_BOUND('',#1413,.T.);
#872=FACE_BOUND('',#1414,.T.);
#873=FACE_BOUND('',#1415,.T.);
#874=FACE_BOUND('',#1416,.T.);
#875=FACE_BOUND('',#1417,.T.);
#876=FACE_BOUND('',#1418,.T.);
#877=FACE_BOUND('',#1419,.T.);
#878=FACE_BOUND('',#1420,.T.);
#879=FACE_BOUND('',#1421,.T.);
#880=FACE_BOUND('',#1422,.T.);
#881=FACE_BOUND('',#1423,.T.);
#882=FACE_BOUND('',#1424,.T.);
#883=FACE_BOUND('',#1425,.T.);
#884=FACE_BOUND('',#1426,.T.);
#885=FACE_BOUND('',#1427,.T.);
#886=FACE_BOUND('',#1428,.T.);
#887=FACE_BOUND('',#1429,.T.);
#888=FACE_BOUND('',#1430,.T.);
#889=FACE_BOUND('',#1431,.T.);
#890=FACE_BOUND('',#1432,.T.);
#891=FACE_BOUND('',#1433,.T.);
#892=FACE_BOUND('',#1434,.T.);
#893=FACE_BOUND('',#1435,.T.);
#894=FACE_BOUND('',#1436,.T.);
#895=FACE_BOUND('',#1437,.T.);
#896=FACE_BOUND('',#1438,.T.);
#897=FACE_BOUND('',#1439,.T.);
#898=FACE_BOUND('',#1440,.T.);
#899=FACE_BOUND('',#1441,.T.);
#900=FACE_BOUND('',#1442,.T.);
#901=FACE_BOUND('',#1443,.T.);
#902=FACE_BOUND('',#1444,.T.);
#903=FACE_BOUND('',#1445,.T.);
#904=FACE_BOUND('',#1446,.T.);
#905=FACE_BOUND('',#1447,.T.);
#906=FACE_BOUND('',#1448,.T.);
#907=FACE_BOUND('',#1449,.T.);
#908=FACE_BOUND('',#1450,.T.);
#909=FACE_BOUND('',#1451,.T.);
#910=FACE_BOUND('',#1452,.T.);
#911=FACE_BOUND('',#1453,.T.);
#912=FACE_BOUND('',#1454,.T.);
#913=FACE_BOUND('',#1455,.T.);
#914=FACE_BOUND('',#1456,.T.);
#915=FACE_BOUND('',#1457,.T.);
#916=FACE_BOUND('',#1458,.T.);
#917=FACE_BOUND('',#1459,.T.);
#918=FACE_BOUND('',#1460,.T.);
#919=FACE_BOUND('',#1461,.T.);
#920=FACE_BOUND('',#1462,.T.);
#921=FACE_BOUND('',#1463,.T.);
#922=FACE_BOUND('',#1464,.T.);
#923=FACE_BOUND('',#1465,.T.);
#924=FACE_BOUND('',#1466,.T.);
#925=FACE_BOUND('',#1467,.T.);
#926=FACE_BOUND('',#1468,.T.);
#927=FACE_BOUND('',#1469,.T.);
#928=FACE_BOUND('',#1470,.T.);
#929=FACE_BOUND('',#1471,.T.);
#930=FACE_BOUND('',#1472,.T.);
#931=FACE_BOUND('',#1473,.T.);
#932=FACE_BOUND('',#1474,.T.);
#933=FACE_BOUND('',#1475,.T.);
#934=FACE_BOUND('',#1476,.T.);
#935=FACE_BOUND('',#1477,.T.);
#936=FACE_BOUND('',#1478,.T.);
#937=FACE_BOUND('',#1479,.T.);
#938=FACE_BOUND('',#1480,.T.);
#939=FACE_BOUND('',#1481,.T.);
#940=FACE_BOUND('',#1482,.T.);
#941=FACE_BOUND('',#1483,.T.);
#942=FACE_BOUND('',#1484,.T.);
#943=FACE_BOUND('',#1485,.T.);
#944=FACE_BOUND('',#1486,.T.);
#945=FACE_BOUND('',#1487,.T.);
#946=FACE_BOUND('',#1488,.T.);
#947=FACE_BOUND('',#1489,.T.);
#948=FACE_BOUND('',#1490,.T.);
#949=FACE_BOUND('',#1491,.T.);
#950=FACE_BOUND('',#1492,.T.);
#951=FACE_BOUND('',#1493,.T.);
#952=FACE_BOUND('',#1494,.T.);
#953=FACE_BOUND('',#1495,.T.);
#954=FACE_BOUND('',#1496,.T.);
#955=FACE_BOUND('',#1497,.T.);
#956=FACE_BOUND('',#1498,.T.);
#957=FACE_BOUND('',#1499,.T.);
#958=FACE_BOUND('',#1500,.T.);
#959=FACE_BOUND('',#1501,.T.);
#960=FACE_BOUND('',#1502,.T.);
#961=FACE_BOUND('',#1503,.T.);
#962=FACE_BOUND('',#1504,.T.);
#963=FACE_BOUND('',#1505,.T.);
#964=FACE_BOUND('',#1506,.T.);
#965=FACE_BOUND('',#1507,.T.);
#966=FACE_BOUND('',#1508,.T.);
#967=FACE_BOUND('',#1509,.T.);
#968=FACE_BOUND('',#1510,.T.);
#969=FACE_BOUND('',#1511,.T.);
#970=FACE_BOUND('',#1512,.T.);
#971=FACE_BOUND('',#1513,.T.);
#972=FACE_BOUND('',#1514,.T.);
#973=FACE_BOUND('',#1515,.T.);
#974=FACE_BOUND('',#1516,.T.);
#975=FACE_BOUND('',#1517,.T.);
#976=FACE_BOUND('',#1518,.T.);
#977=FACE_BOUND('',#1519,.T.);
#978=FACE_BOUND('',#1520,.T.);
#979=FACE_BOUND('',#1521,.T.);
#980=FACE_BOUND('',#1522,.T.);
#981=FACE_BOUND('',#1523,.T.);
#982=FACE_BOUND('',#1524,.T.);
#983=FACE_BOUND('',#1525,.T.);
#984=FACE_BOUND('',#1526,.T.);
#985=FACE_BOUND('',#1527,.T.);
#986=FACE_BOUND('',#1528,.T.);
#987=FACE_BOUND('',#1529,.T.);
#988=FACE_BOUND('',#1530,.T.);
#989=FACE_BOUND('',#1531,.T.);
#990=FACE_BOUND('',#1532,.T.);
#991=FACE_BOUND('',#1533,.T.);
#992=FACE_BOUND('',#1534,.T.);
#993=FACE_BOUND('',#1535,.T.);
#994=FACE_BOUND('',#1536,.T.);
#995=FACE_BOUND('',#1537,.T.);
#996=FACE_BOUND('',#1538,.T.);
#997=FACE_BOUND('',#1539,.T.);
#998=FACE_BOUND('',#1540,.T.);
#999=FACE_BOUND('',#1541,.T.);
#1000=FACE_BOUND('',#1542,.T.);
#1001=FACE_BOUND('',#1543,.T.);
#1002=FACE_BOUND('',#1549,.T.);
#1003=FACE_BOUND('',#1554,.T.);
#1004=FACE_BOUND('',#1760,.T.);
#1005=FACE_BOUND('',#1761,.T.);
#1006=FACE_BOUND('',#1762,.T.);
#1007=FACE_BOUND('',#1763,.T.);
#1008=FACE_BOUND('',#1764,.T.);
#1009=FACE_BOUND('',#1765,.T.);
#1010=FACE_BOUND('',#1766,.T.);
#1011=FACE_BOUND('',#1767,.T.);
#1012=FACE_BOUND('',#1768,.T.);
#1013=FACE_BOUND('',#1769,.T.);
#1014=FACE_BOUND('',#1770,.T.);
#1015=FACE_BOUND('',#1771,.T.);
#1016=FACE_BOUND('',#1772,.T.);
#1017=FACE_BOUND('',#1773,.T.);
#1018=FACE_BOUND('',#1774,.T.);
#1019=FACE_BOUND('',#1775,.T.);
#1020=FACE_BOUND('',#1776,.T.);
#1021=FACE_BOUND('',#1777,.T.);
#1022=FACE_BOUND('',#1778,.T.);
#1023=FACE_BOUND('',#1779,.T.);
#1024=FACE_BOUND('',#1780,.T.);
#1025=FACE_BOUND('',#1781,.T.);
#1026=FACE_BOUND('',#1782,.T.);
#1027=FACE_BOUND('',#1783,.T.);
#1028=FACE_BOUND('',#1784,.T.);
#1029=FACE_BOUND('',#1785,.T.);
#1030=FACE_BOUND('',#1786,.T.);
#1031=FACE_BOUND('',#1787,.T.);
#1032=FACE_BOUND('',#1788,.T.);
#1033=FACE_BOUND('',#1789,.T.);
#1034=FACE_BOUND('',#1790,.T.);
#1035=FACE_BOUND('',#1791,.T.);
#1036=FACE_BOUND('',#1792,.T.);
#1037=FACE_BOUND('',#1793,.T.);
#1038=FACE_BOUND('',#1794,.T.);
#1039=FACE_BOUND('',#1795,.T.);
#1040=FACE_BOUND('',#1796,.T.);
#1041=FACE_BOUND('',#1797,.T.);
#1042=FACE_BOUND('',#1798,.T.);
#1043=FACE_BOUND('',#1799,.T.);
#1044=FACE_BOUND('',#1800,.T.);
#1045=FACE_BOUND('',#1801,.T.);
#1046=FACE_BOUND('',#1802,.T.);
#1047=FACE_BOUND('',#1803,.T.);
#1048=FACE_BOUND('',#1804,.T.);
#1049=FACE_BOUND('',#1805,.T.);
#1050=FACE_BOUND('',#1806,.T.);
#1051=FACE_BOUND('',#1807,.T.);
#1052=FACE_BOUND('',#1808,.T.);
#1053=FACE_BOUND('',#1809,.T.);
#1054=FACE_BOUND('',#1810,.T.);
#1055=FACE_BOUND('',#1811,.T.);
#1056=FACE_BOUND('',#1812,.T.);
#1057=FACE_BOUND('',#1813,.T.);
#1058=FACE_BOUND('',#1814,.T.);
#1059=FACE_BOUND('',#1815,.T.);
#1060=FACE_BOUND('',#1816,.T.);
#1061=FACE_BOUND('',#1817,.T.);
#1062=FACE_BOUND('',#1818,.T.);
#1063=FACE_BOUND('',#1819,.T.);
#1064=FACE_BOUND('',#1820,.T.);
#1065=FACE_BOUND('',#1821,.T.);
#1066=FACE_BOUND('',#1822,.T.);
#1067=FACE_BOUND('',#1823,.T.);
#1068=FACE_BOUND('',#1824,.T.);
#1069=FACE_BOUND('',#1825,.T.);
#1070=FACE_BOUND('',#1826,.T.);
#1071=FACE_BOUND('',#1827,.T.);
#1072=FACE_BOUND('',#1828,.T.);
#1073=FACE_BOUND('',#1829,.T.);
#1074=FACE_BOUND('',#1830,.T.);
#1075=FACE_BOUND('',#1831,.T.);
#1076=FACE_BOUND('',#1832,.T.);
#1077=FACE_BOUND('',#1833,.T.);
#1078=FACE_BOUND('',#1834,.T.);
#1079=FACE_BOUND('',#1835,.T.);
#1080=FACE_BOUND('',#1836,.T.);
#1081=FACE_BOUND('',#1837,.T.);
#1082=FACE_BOUND('',#1838,.T.);
#1083=FACE_BOUND('',#1839,.T.);
#1084=FACE_BOUND('',#1840,.T.);
#1085=FACE_BOUND('',#1841,.T.);
#1086=FACE_BOUND('',#1842,.T.);
#1087=FACE_BOUND('',#1843,.T.);
#1088=FACE_BOUND('',#1844,.T.);
#1089=FACE_BOUND('',#1845,.T.);
#1090=FACE_BOUND('',#1846,.T.);
#1091=FACE_BOUND('',#1847,.T.);
#1092=FACE_BOUND('',#1848,.T.);
#1093=FACE_BOUND('',#1849,.T.);
#1094=FACE_BOUND('',#1850,.T.);
#1095=FACE_BOUND('',#1851,.T.);
#1096=FACE_BOUND('',#1852,.T.);
#1097=FACE_BOUND('',#1853,.T.);
#1098=FACE_BOUND('',#1854,.T.);
#1099=FACE_BOUND('',#1855,.T.);
#1100=FACE_BOUND('',#1856,.T.);
#1101=FACE_BOUND('',#1857,.T.);
#1102=FACE_BOUND('',#1858,.T.);
#1103=FACE_BOUND('',#1859,.T.);
#1104=FACE_BOUND('',#1860,.T.);
#1105=FACE_BOUND('',#1861,.T.);
#1106=FACE_BOUND('',#1862,.T.);
#1107=FACE_BOUND('',#1863,.T.);
#1108=FACE_BOUND('',#1864,.T.);
#1109=FACE_BOUND('',#1865,.T.);
#1110=FACE_BOUND('',#1866,.T.);
#1111=FACE_BOUND('',#1867,.T.);
#1112=FACE_BOUND('',#1868,.T.);
#1113=FACE_BOUND('',#1869,.T.);
#1114=FACE_BOUND('',#1870,.T.);
#1115=FACE_BOUND('',#1871,.T.);
#1116=FACE_BOUND('',#1872,.T.);
#1117=FACE_BOUND('',#1873,.T.);
#1118=FACE_BOUND('',#1874,.T.);
#1119=FACE_BOUND('',#1875,.T.);
#1120=FACE_BOUND('',#1876,.T.);
#1121=FACE_BOUND('',#1877,.T.);
#1122=FACE_BOUND('',#1878,.T.);
#1123=FACE_BOUND('',#1879,.T.);
#1124=FACE_BOUND('',#1880,.T.);
#1125=FACE_BOUND('',#1881,.T.);
#1126=FACE_BOUND('',#1882,.T.);
#1127=FACE_BOUND('',#1883,.T.);
#1128=FACE_BOUND('',#1884,.T.);
#1129=FACE_BOUND('',#1885,.T.);
#1130=FACE_BOUND('',#1886,.T.);
#1131=FACE_BOUND('',#1887,.T.);
#1132=FACE_BOUND('',#1888,.T.);
#1133=FACE_BOUND('',#1889,.T.);
#1134=FACE_BOUND('',#1890,.T.);
#1135=FACE_BOUND('',#1891,.T.);
#1136=FACE_BOUND('',#1892,.T.);
#1137=FACE_BOUND('',#1893,.T.);
#1138=FACE_BOUND('',#1894,.T.);
#1139=FACE_BOUND('',#1895,.T.);
#1140=FACE_BOUND('',#1896,.T.);
#1141=FACE_BOUND('',#1897,.T.);
#1142=FACE_BOUND('',#1898,.T.);
#1143=FACE_BOUND('',#1899,.T.);
#1144=FACE_BOUND('',#1900,.T.);
#1145=FACE_BOUND('',#1901,.T.);
#1146=FACE_BOUND('',#1902,.T.);
#1147=FACE_BOUND('',#1903,.T.);
#1148=FACE_BOUND('',#1904,.T.);
#1149=FACE_BOUND('',#1905,.T.);
#1150=FACE_BOUND('',#1906,.T.);
#1151=FACE_BOUND('',#1907,.T.);
#1152=FACE_BOUND('',#1908,.T.);
#1153=FACE_BOUND('',#1909,.T.);
#1154=FACE_BOUND('',#1910,.T.);
#1155=FACE_BOUND('',#1911,.T.);
#1156=FACE_BOUND('',#1912,.T.);
#1157=FACE_BOUND('',#1913,.T.);
#1158=FACE_BOUND('',#1914,.T.);
#1159=FACE_BOUND('',#1915,.T.);
#1160=FACE_BOUND('',#1916,.T.);
#1161=FACE_BOUND('',#1917,.T.);
#1162=FACE_OUTER_BOUND('',#1384,.T.);
#1163=FACE_OUTER_BOUND('',#1386,.T.);
#1164=FACE_OUTER_BOUND('',#1388,.T.);
#1165=FACE_OUTER_BOUND('',#1389,.T.);
#1166=FACE_OUTER_BOUND('',#1544,.T.);
#1167=FACE_OUTER_BOUND('',#1545,.T.);
#1168=FACE_OUTER_BOUND('',#1546,.T.);
#1169=FACE_OUTER_BOUND('',#1547,.T.);
#1170=FACE_OUTER_BOUND('',#1548,.T.);
#1171=FACE_OUTER_BOUND('',#1550,.T.);
#1172=FACE_OUTER_BOUND('',#1551,.T.);
#1173=FACE_OUTER_BOUND('',#1552,.T.);
#1174=FACE_OUTER_BOUND('',#1553,.T.);
#1175=FACE_OUTER_BOUND('',#1555,.T.);
#1176=FACE_OUTER_BOUND('',#1556,.T.);
#1177=FACE_OUTER_BOUND('',#1557,.T.);
#1178=FACE_OUTER_BOUND('',#1558,.T.);
#1179=FACE_OUTER_BOUND('',#1559,.T.);
#1180=FACE_OUTER_BOUND('',#1560,.T.);
#1181=FACE_OUTER_BOUND('',#1561,.T.);
#1182=FACE_OUTER_BOUND('',#1562,.T.);
#1183=FACE_OUTER_BOUND('',#1563,.T.);
#1184=FACE_OUTER_BOUND('',#1564,.T.);
#1185=FACE_OUTER_BOUND('',#1565,.T.);
#1186=FACE_OUTER_BOUND('',#1566,.T.);
#1187=FACE_OUTER_BOUND('',#1567,.T.);
#1188=FACE_OUTER_BOUND('',#1568,.T.);
#1189=FACE_OUTER_BOUND('',#1569,.T.);
#1190=FACE_OUTER_BOUND('',#1570,.T.);
#1191=FACE_OUTER_BOUND('',#1571,.T.);
#1192=FACE_OUTER_BOUND('',#1572,.T.);
#1193=FACE_OUTER_BOUND('',#1573,.T.);
#1194=FACE_OUTER_BOUND('',#1574,.T.);
#1195=FACE_OUTER_BOUND('',#1575,.T.);
#1196=FACE_OUTER_BOUND('',#1576,.T.);
#1197=FACE_OUTER_BOUND('',#1577,.T.);
#1198=FACE_OUTER_BOUND('',#1578,.T.);
#1199=FACE_OUTER_BOUND('',#1579,.T.);
#1200=FACE_OUTER_BOUND('',#1580,.T.);
#1201=FACE_OUTER_BOUND('',#1581,.T.);
#1202=FACE_OUTER_BOUND('',#1582,.T.);
#1203=FACE_OUTER_BOUND('',#1583,.T.);
#1204=FACE_OUTER_BOUND('',#1584,.T.);
#1205=FACE_OUTER_BOUND('',#1585,.T.);
#1206=FACE_OUTER_BOUND('',#1586,.T.);
#1207=FACE_OUTER_BOUND('',#1587,.T.);
#1208=FACE_OUTER_BOUND('',#1588,.T.);
#1209=FACE_OUTER_BOUND('',#1589,.T.);
#1210=FACE_OUTER_BOUND('',#1590,.T.);
#1211=FACE_OUTER_BOUND('',#1591,.T.);
#1212=FACE_OUTER_BOUND('',#1592,.T.);
#1213=FACE_OUTER_BOUND('',#1593,.T.);
#1214=FACE_OUTER_BOUND('',#1594,.T.);
#1215=FACE_OUTER_BOUND('',#1595,.T.);
#1216=FACE_OUTER_BOUND('',#1596,.T.);
#1217=FACE_OUTER_BOUND('',#1597,.T.);
#1218=FACE_OUTER_BOUND('',#1598,.T.);
#1219=FACE_OUTER_BOUND('',#1599,.T.);
#1220=FACE_OUTER_BOUND('',#1600,.T.);
#1221=FACE_OUTER_BOUND('',#1601,.T.);
#1222=FACE_OUTER_BOUND('',#1602,.T.);
#1223=FACE_OUTER_BOUND('',#1603,.T.);
#1224=FACE_OUTER_BOUND('',#1604,.T.);
#1225=FACE_OUTER_BOUND('',#1605,.T.);
#1226=FACE_OUTER_BOUND('',#1606,.T.);
#1227=FACE_OUTER_BOUND('',#1607,.T.);
#1228=FACE_OUTER_BOUND('',#1608,.T.);
#1229=FACE_OUTER_BOUND('',#1609,.T.);
#1230=FACE_OUTER_BOUND('',#1610,.T.);
#1231=FACE_OUTER_BOUND('',#1611,.T.);
#1232=FACE_OUTER_BOUND('',#1612,.T.);
#1233=FACE_OUTER_BOUND('',#1613,.T.);
#1234=FACE_OUTER_BOUND('',#1614,.T.);
#1235=FACE_OUTER_BOUND('',#1615,.T.);
#1236=FACE_OUTER_BOUND('',#1616,.T.);
#1237=FACE_OUTER_BOUND('',#1617,.T.);
#1238=FACE_OUTER_BOUND('',#1618,.T.);
#1239=FACE_OUTER_BOUND('',#1619,.T.);
#1240=FACE_OUTER_BOUND('',#1620,.T.);
#1241=FACE_OUTER_BOUND('',#1621,.T.);
#1242=FACE_OUTER_BOUND('',#1622,.T.);
#1243=FACE_OUTER_BOUND('',#1623,.T.);
#1244=FACE_OUTER_BOUND('',#1624,.T.);
#1245=FACE_OUTER_BOUND('',#1625,.T.);
#1246=FACE_OUTER_BOUND('',#1626,.T.);
#1247=FACE_OUTER_BOUND('',#1627,.T.);
#1248=FACE_OUTER_BOUND('',#1628,.T.);
#1249=FACE_OUTER_BOUND('',#1629,.T.);
#1250=FACE_OUTER_BOUND('',#1630,.T.);
#1251=FACE_OUTER_BOUND('',#1631,.T.);
#1252=FACE_OUTER_BOUND('',#1632,.T.);
#1253=FACE_OUTER_BOUND('',#1633,.T.);
#1254=FACE_OUTER_BOUND('',#1634,.T.);
#1255=FACE_OUTER_BOUND('',#1635,.T.);
#1256=FACE_OUTER_BOUND('',#1636,.T.);
#1257=FACE_OUTER_BOUND('',#1637,.T.);
#1258=FACE_OUTER_BOUND('',#1638,.T.);
#1259=FACE_OUTER_BOUND('',#1639,.T.);
#1260=FACE_OUTER_BOUND('',#1640,.T.);
#1261=FACE_OUTER_BOUND('',#1641,.T.);
#1262=FACE_OUTER_BOUND('',#1642,.T.);
#1263=FACE_OUTER_BOUND('',#1643,.T.);
#1264=FACE_OUTER_BOUND('',#1644,.T.);
#1265=FACE_OUTER_BOUND('',#1645,.T.);
#1266=FACE_OUTER_BOUND('',#1646,.T.);
#1267=FACE_OUTER_BOUND('',#1647,.T.);
#1268=FACE_OUTER_BOUND('',#1648,.T.);
#1269=FACE_OUTER_BOUND('',#1649,.T.);
#1270=FACE_OUTER_BOUND('',#1650,.T.);
#1271=FACE_OUTER_BOUND('',#1651,.T.);
#1272=FACE_OUTER_BOUND('',#1652,.T.);
#1273=FACE_OUTER_BOUND('',#1653,.T.);
#1274=FACE_OUTER_BOUND('',#1654,.T.);
#1275=FACE_OUTER_BOUND('',#1655,.T.);
#1276=FACE_OUTER_BOUND('',#1656,.T.);
#1277=FACE_OUTER_BOUND('',#1657,.T.);
#1278=FACE_OUTER_BOUND('',#1658,.T.);
#1279=FACE_OUTER_BOUND('',#1659,.T.);
#1280=FACE_OUTER_BOUND('',#1660,.T.);
#1281=FACE_OUTER_BOUND('',#1661,.T.);
#1282=FACE_OUTER_BOUND('',#1662,.T.);
#1283=FACE_OUTER_BOUND('',#1663,.T.);
#1284=FACE_OUTER_BOUND('',#1664,.T.);
#1285=FACE_OUTER_BOUND('',#1665,.T.);
#1286=FACE_OUTER_BOUND('',#1666,.T.);
#1287=FACE_OUTER_BOUND('',#1667,.T.);
#1288=FACE_OUTER_BOUND('',#1668,.T.);
#1289=FACE_OUTER_BOUND('',#1669,.T.);
#1290=FACE_OUTER_BOUND('',#1670,.T.);
#1291=FACE_OUTER_BOUND('',#1671,.T.);
#1292=FACE_OUTER_BOUND('',#1672,.T.);
#1293=FACE_OUTER_BOUND('',#1673,.T.);
#1294=FACE_OUTER_BOUND('',#1674,.T.);
#1295=FACE_OUTER_BOUND('',#1675,.T.);
#1296=FACE_OUTER_BOUND('',#1676,.T.);
#1297=FACE_OUTER_BOUND('',#1677,.T.);
#1298=FACE_OUTER_BOUND('',#1678,.T.);
#1299=FACE_OUTER_BOUND('',#1679,.T.);
#1300=FACE_OUTER_BOUND('',#1680,.T.);
#1301=FACE_OUTER_BOUND('',#1681,.T.);
#1302=FACE_OUTER_BOUND('',#1682,.T.);
#1303=FACE_OUTER_BOUND('',#1683,.T.);
#1304=FACE_OUTER_BOUND('',#1684,.T.);
#1305=FACE_OUTER_BOUND('',#1685,.T.);
#1306=FACE_OUTER_BOUND('',#1686,.T.);
#1307=FACE_OUTER_BOUND('',#1687,.T.);
#1308=FACE_OUTER_BOUND('',#1688,.T.);
#1309=FACE_OUTER_BOUND('',#1689,.T.);
#1310=FACE_OUTER_BOUND('',#1690,.T.);
#1311=FACE_OUTER_BOUND('',#1691,.T.);
#1312=FACE_OUTER_BOUND('',#1692,.T.);
#1313=FACE_OUTER_BOUND('',#1693,.T.);
#1314=FACE_OUTER_BOUND('',#1694,.T.);
#1315=FACE_OUTER_BOUND('',#1695,.T.);
#1316=FACE_OUTER_BOUND('',#1696,.T.);
#1317=FACE_OUTER_BOUND('',#1697,.T.);
#1318=FACE_OUTER_BOUND('',#1698,.T.);
#1319=FACE_OUTER_BOUND('',#1699,.T.);
#1320=FACE_OUTER_BOUND('',#1700,.T.);
#1321=FACE_OUTER_BOUND('',#1701,.T.);
#1322=FACE_OUTER_BOUND('',#1702,.T.);
#1323=FACE_OUTER_BOUND('',#1703,.T.);
#1324=FACE_OUTER_BOUND('',#1704,.T.);
#1325=FACE_OUTER_BOUND('',#1705,.T.);
#1326=FACE_OUTER_BOUND('',#1706,.T.);
#1327=FACE_OUTER_BOUND('',#1707,.T.);
#1328=FACE_OUTER_BOUND('',#1708,.T.);
#1329=FACE_OUTER_BOUND('',#1709,.T.);
#1330=FACE_OUTER_BOUND('',#1710,.T.);
#1331=FACE_OUTER_BOUND('',#1711,.T.);
#1332=FACE_OUTER_BOUND('',#1712,.T.);
#1333=FACE_OUTER_BOUND('',#1713,.T.);
#1334=FACE_OUTER_BOUND('',#1714,.T.);
#1335=FACE_OUTER_BOUND('',#1715,.T.);
#1336=FACE_OUTER_BOUND('',#1716,.T.);
#1337=FACE_OUTER_BOUND('',#1717,.T.);
#1338=FACE_OUTER_BOUND('',#1718,.T.);
#1339=FACE_OUTER_BOUND('',#1719,.T.);
#1340=FACE_OUTER_BOUND('',#1720,.T.);
#1341=FACE_OUTER_BOUND('',#1721,.T.);
#1342=FACE_OUTER_BOUND('',#1722,.T.);
#1343=FACE_OUTER_BOUND('',#1723,.T.);
#1344=FACE_OUTER_BOUND('',#1724,.T.);
#1345=FACE_OUTER_BOUND('',#1725,.T.);
#1346=FACE_OUTER_BOUND('',#1726,.T.);
#1347=FACE_OUTER_BOUND('',#1727,.T.);
#1348=FACE_OUTER_BOUND('',#1728,.T.);
#1349=FACE_OUTER_BOUND('',#1729,.T.);
#1350=FACE_OUTER_BOUND('',#1730,.T.);
#1351=FACE_OUTER_BOUND('',#1731,.T.);
#1352=FACE_OUTER_BOUND('',#1732,.T.);
#1353=FACE_OUTER_BOUND('',#1733,.T.);
#1354=FACE_OUTER_BOUND('',#1734,.T.);
#1355=FACE_OUTER_BOUND('',#1735,.T.);
#1356=FACE_OUTER_BOUND('',#1736,.T.);
#1357=FACE_OUTER_BOUND('',#1737,.T.);
#1358=FACE_OUTER_BOUND('',#1738,.T.);
#1359=FACE_OUTER_BOUND('',#1739,.T.);
#1360=FACE_OUTER_BOUND('',#1740,.T.);
#1361=FACE_OUTER_BOUND('',#1741,.T.);
#1362=FACE_OUTER_BOUND('',#1742,.T.);
#1363=FACE_OUTER_BOUND('',#1743,.T.);
#1364=FACE_OUTER_BOUND('',#1744,.T.);
#1365=FACE_OUTER_BOUND('',#1745,.T.);
#1366=FACE_OUTER_BOUND('',#1746,.T.);
#1367=FACE_OUTER_BOUND('',#1747,.T.);
#1368=FACE_OUTER_BOUND('',#1748,.T.);
#1369=FACE_OUTER_BOUND('',#1749,.T.);
#1370=FACE_OUTER_BOUND('',#1750,.T.);
#1371=FACE_OUTER_BOUND('',#1751,.T.);
#1372=FACE_OUTER_BOUND('',#1752,.T.);
#1373=FACE_OUTER_BOUND('',#1753,.T.);
#1374=FACE_OUTER_BOUND('',#1754,.T.);
#1375=FACE_OUTER_BOUND('',#1755,.T.);
#1376=FACE_OUTER_BOUND('',#1756,.T.);
#1377=FACE_OUTER_BOUND('',#1757,.T.);
#1378=FACE_OUTER_BOUND('',#1758,.T.);
#1379=FACE_OUTER_BOUND('',#1759,.T.);
#1380=FACE_OUTER_BOUND('',#1918,.T.);
#1381=FACE_OUTER_BOUND('',#1919,.T.);
#1382=FACE_OUTER_BOUND('',#1920,.T.);
#1383=FACE_OUTER_BOUND('',#1921,.T.);
#1384=EDGE_LOOP('',(#3276));
#1385=EDGE_LOOP('',(#3277));
#1386=EDGE_LOOP('',(#3278));
#1387=EDGE_LOOP('',(#3279));
#1388=EDGE_LOOP('',(#3280));
#1389=EDGE_LOOP('',(#3281,#3282,#3283,#3284));
#1390=EDGE_LOOP('',(#3285));
#1391=EDGE_LOOP('',(#3286));
#1392=EDGE_LOOP('',(#3287));
#1393=EDGE_LOOP('',(#3288));
#1394=EDGE_LOOP('',(#3289));
#1395=EDGE_LOOP('',(#3290));
#1396=EDGE_LOOP('',(#3291));
#1397=EDGE_LOOP('',(#3292));
#1398=EDGE_LOOP('',(#3293));
#1399=EDGE_LOOP('',(#3294));
#1400=EDGE_LOOP('',(#3295));
#1401=EDGE_LOOP('',(#3296,#3297,#3298,#3299));
#1402=EDGE_LOOP('',(#3300));
#1403=EDGE_LOOP('',(#3301));
#1404=EDGE_LOOP('',(#3302));
#1405=EDGE_LOOP('',(#3303));
#1406=EDGE_LOOP('',(#3304));
#1407=EDGE_LOOP('',(#3305));
#1408=EDGE_LOOP('',(#3306));
#1409=EDGE_LOOP('',(#3307));
#1410=EDGE_LOOP('',(#3308));
#1411=EDGE_LOOP('',(#3309));
#1412=EDGE_LOOP('',(#3310));
#1413=EDGE_LOOP('',(#3311,#3312,#3313,#3314));
#1414=EDGE_LOOP('',(#3315));
#1415=EDGE_LOOP('',(#3316));
#1416=EDGE_LOOP('',(#3317));
#1417=EDGE_LOOP('',(#3318));
#1418=EDGE_LOOP('',(#3319));
#1419=EDGE_LOOP('',(#3320));
#1420=EDGE_LOOP('',(#3321));
#1421=EDGE_LOOP('',(#3322));
#1422=EDGE_LOOP('',(#3323));
#1423=EDGE_LOOP('',(#3324,#3325,#3326,#3327));
#1424=EDGE_LOOP('',(#3328));
#1425=EDGE_LOOP('',(#3329,#3330,#3331,#3332));
#1426=EDGE_LOOP('',(#3333,#3334,#3335,#3336));
#1427=EDGE_LOOP('',(#3337));
#1428=EDGE_LOOP('',(#3338));
#1429=EDGE_LOOP('',(#3339));
#1430=EDGE_LOOP('',(#3340,#3341,#3342,#3343));
#1431=EDGE_LOOP('',(#3344));
#1432=EDGE_LOOP('',(#3345));
#1433=EDGE_LOOP('',(#3346));
#1434=EDGE_LOOP('',(#3347,#3348,#3349,#3350));
#1435=EDGE_LOOP('',(#3351,#3352,#3353,#3354));
#1436=EDGE_LOOP('',(#3355));
#1437=EDGE_LOOP('',(#3356));
#1438=EDGE_LOOP('',(#3357));
#1439=EDGE_LOOP('',(#3358));
#1440=EDGE_LOOP('',(#3359));
#1441=EDGE_LOOP('',(#3360));
#1442=EDGE_LOOP('',(#3361));
#1443=EDGE_LOOP('',(#3362));
#1444=EDGE_LOOP('',(#3363));
#1445=EDGE_LOOP('',(#3364));
#1446=EDGE_LOOP('',(#3365));
#1447=EDGE_LOOP('',(#3366));
#1448=EDGE_LOOP('',(#3367));
#1449=EDGE_LOOP('',(#3368));
#1450=EDGE_LOOP('',(#3369));
#1451=EDGE_LOOP('',(#3370));
#1452=EDGE_LOOP('',(#3371));
#1453=EDGE_LOOP('',(#3372));
#1454=EDGE_LOOP('',(#3373));
#1455=EDGE_LOOP('',(#3374));
#1456=EDGE_LOOP('',(#3375));
#1457=EDGE_LOOP('',(#3376));
#1458=EDGE_LOOP('',(#3377));
#1459=EDGE_LOOP('',(#3378));
#1460=EDGE_LOOP('',(#3379));
#1461=EDGE_LOOP('',(#3380));
#1462=EDGE_LOOP('',(#3381));
#1463=EDGE_LOOP('',(#3382));
#1464=EDGE_LOOP('',(#3383));
#1465=EDGE_LOOP('',(#3384));
#1466=EDGE_LOOP('',(#3385));
#1467=EDGE_LOOP('',(#3386));
#1468=EDGE_LOOP('',(#3387));
#1469=EDGE_LOOP('',(#3388));
#1470=EDGE_LOOP('',(#3389));
#1471=EDGE_LOOP('',(#3390));
#1472=EDGE_LOOP('',(#3391));
#1473=EDGE_LOOP('',(#3392));
#1474=EDGE_LOOP('',(#3393));
#1475=EDGE_LOOP('',(#3394));
#1476=EDGE_LOOP('',(#3395));
#1477=EDGE_LOOP('',(#3396));
#1478=EDGE_LOOP('',(#3397));
#1479=EDGE_LOOP('',(#3398));
#1480=EDGE_LOOP('',(#3399));
#1481=EDGE_LOOP('',(#3400));
#1482=EDGE_LOOP('',(#3401));
#1483=EDGE_LOOP('',(#3402,#3403,#3404,#3405));
#1484=EDGE_LOOP('',(#3406));
#1485=EDGE_LOOP('',(#3407));
#1486=EDGE_LOOP('',(#3408));
#1487=EDGE_LOOP('',(#3409));
#1488=EDGE_LOOP('',(#3410));
#1489=EDGE_LOOP('',(#3411));
#1490=EDGE_LOOP('',(#3412));
#1491=EDGE_LOOP('',(#3413));
#1492=EDGE_LOOP('',(#3414));
#1493=EDGE_LOOP('',(#3415));
#1494=EDGE_LOOP('',(#3416));
#1495=EDGE_LOOP('',(#3417));
#1496=EDGE_LOOP('',(#3418));
#1497=EDGE_LOOP('',(#3419,#3420,#3421,#3422));
#1498=EDGE_LOOP('',(#3423,#3424,#3425,#3426));
#1499=EDGE_LOOP('',(#3427,#3428,#3429,#3430));
#1500=EDGE_LOOP('',(#3431));
#1501=EDGE_LOOP('',(#3432));
#1502=EDGE_LOOP('',(#3433));
#1503=EDGE_LOOP('',(#3434));
#1504=EDGE_LOOP('',(#3435));
#1505=EDGE_LOOP('',(#3436));
#1506=EDGE_LOOP('',(#3437));
#1507=EDGE_LOOP('',(#3438));
#1508=EDGE_LOOP('',(#3439));
#1509=EDGE_LOOP('',(#3440));
#1510=EDGE_LOOP('',(#3441));
#1511=EDGE_LOOP('',(#3442));
#1512=EDGE_LOOP('',(#3443));
#1513=EDGE_LOOP('',(#3444));
#1514=EDGE_LOOP('',(#3445));
#1515=EDGE_LOOP('',(#3446));
#1516=EDGE_LOOP('',(#3447));
#1517=EDGE_LOOP('',(#3448));
#1518=EDGE_LOOP('',(#3449,#3450,#3451,#3452));
#1519=EDGE_LOOP('',(#3453));
#1520=EDGE_LOOP('',(#3454,#3455,#3456,#3457));
#1521=EDGE_LOOP('',(#3458));
#1522=EDGE_LOOP('',(#3459));
#1523=EDGE_LOOP('',(#3460));
#1524=EDGE_LOOP('',(#3461));
#1525=EDGE_LOOP('',(#3462));
#1526=EDGE_LOOP('',(#3463));
#1527=EDGE_LOOP('',(#3464,#3465,#3466,#3467));
#1528=EDGE_LOOP('',(#3468));
#1529=EDGE_LOOP('',(#3469));
#1530=EDGE_LOOP('',(#3470));
#1531=EDGE_LOOP('',(#3471));
#1532=EDGE_LOOP('',(#3472));
#1533=EDGE_LOOP('',(#3473));
#1534=EDGE_LOOP('',(#3474));
#1535=EDGE_LOOP('',(#3475));
#1536=EDGE_LOOP('',(#3476));
#1537=EDGE_LOOP('',(#3477));
#1538=EDGE_LOOP('',(#3478));
#1539=EDGE_LOOP('',(#3479));
#1540=EDGE_LOOP('',(#3480));
#1541=EDGE_LOOP('',(#3481));
#1542=EDGE_LOOP('',(#3482));
#1543=EDGE_LOOP('',(#3483));
#1544=EDGE_LOOP('',(#3484));
#1545=EDGE_LOOP('',(#3485,#3486,#3487,#3488));
#1546=EDGE_LOOP('',(#3489,#3490,#3491,#3492));
#1547=EDGE_LOOP('',(#3493,#3494,#3495,#3496));
#1548=EDGE_LOOP('',(#3497,#3498));
#1549=EDGE_LOOP('',(#3499));
#1550=EDGE_LOOP('',(#3500));
#1551=EDGE_LOOP('',(#3501,#3502,#3503,#3504));
#1552=EDGE_LOOP('',(#3505,#3506,#3507,#3508));
#1553=EDGE_LOOP('',(#3509));
#1554=EDGE_LOOP('',(#3510));
#1555=EDGE_LOOP('',(#3511));
#1556=EDGE_LOOP('',(#3512,#3513,#3514,#3515));
#1557=EDGE_LOOP('',(#3516,#3517,#3518,#3519));
#1558=EDGE_LOOP('',(#3520,#3521,#3522,#3523));
#1559=EDGE_LOOP('',(#3524,#3525,#3526,#3527));
#1560=EDGE_LOOP('',(#3528,#3529,#3530,#3531));
#1561=EDGE_LOOP('',(#3532,#3533,#3534,#3535));
#1562=EDGE_LOOP('',(#3536,#3537,#3538,#3539));
#1563=EDGE_LOOP('',(#3540,#3541,#3542,#3543));
#1564=EDGE_LOOP('',(#3544,#3545,#3546,#3547));
#1565=EDGE_LOOP('',(#3548,#3549,#3550,#3551));
#1566=EDGE_LOOP('',(#3552,#3553,#3554,#3555));
#1567=EDGE_LOOP('',(#3556,#3557,#3558,#3559));
#1568=EDGE_LOOP('',(#3560,#3561,#3562,#3563));
#1569=EDGE_LOOP('',(#3564,#3565,#3566,#3567));
#1570=EDGE_LOOP('',(#3568,#3569,#3570,#3571));
#1571=EDGE_LOOP('',(#3572,#3573,#3574,#3575));
#1572=EDGE_LOOP('',(#3576,#3577,#3578,#3579));
#1573=EDGE_LOOP('',(#3580,#3581,#3582,#3583));
#1574=EDGE_LOOP('',(#3584,#3585,#3586,#3587));
#1575=EDGE_LOOP('',(#3588,#3589,#3590,#3591));
#1576=EDGE_LOOP('',(#3592,#3593,#3594,#3595));
#1577=EDGE_LOOP('',(#3596,#3597,#3598,#3599));
#1578=EDGE_LOOP('',(#3600,#3601,#3602,#3603));
#1579=EDGE_LOOP('',(#3604,#3605,#3606,#3607));
#1580=EDGE_LOOP('',(#3608,#3609,#3610,#3611));
#1581=EDGE_LOOP('',(#3612,#3613,#3614,#3615));
#1582=EDGE_LOOP('',(#3616,#3617,#3618,#3619));
#1583=EDGE_LOOP('',(#3620,#3621,#3622,#3623));
#1584=EDGE_LOOP('',(#3624,#3625,#3626,#3627));
#1585=EDGE_LOOP('',(#3628,#3629,#3630,#3631));
#1586=EDGE_LOOP('',(#3632,#3633,#3634,#3635));
#1587=EDGE_LOOP('',(#3636,#3637,#3638,#3639));
#1588=EDGE_LOOP('',(#3640,#3641,#3642,#3643));
#1589=EDGE_LOOP('',(#3644,#3645,#3646,#3647));
#1590=EDGE_LOOP('',(#3648,#3649,#3650,#3651));
#1591=EDGE_LOOP('',(#3652,#3653,#3654,#3655));
#1592=EDGE_LOOP('',(#3656,#3657,#3658,#3659));
#1593=EDGE_LOOP('',(#3660,#3661,#3662,#3663));
#1594=EDGE_LOOP('',(#3664,#3665,#3666,#3667));
#1595=EDGE_LOOP('',(#3668,#3669,#3670,#3671));
#1596=EDGE_LOOP('',(#3672,#3673,#3674,#3675));
#1597=EDGE_LOOP('',(#3676,#3677,#3678,#3679));
#1598=EDGE_LOOP('',(#3680,#3681,#3682,#3683));
#1599=EDGE_LOOP('',(#3684,#3685,#3686,#3687));
#1600=EDGE_LOOP('',(#3688,#3689,#3690,#3691));
#1601=EDGE_LOOP('',(#3692,#3693,#3694,#3695));
#1602=EDGE_LOOP('',(#3696,#3697,#3698,#3699));
#1603=EDGE_LOOP('',(#3700,#3701,#3702,#3703));
#1604=EDGE_LOOP('',(#3704,#3705,#3706,#3707));
#1605=EDGE_LOOP('',(#3708,#3709,#3710,#3711));
#1606=EDGE_LOOP('',(#3712,#3713,#3714,#3715));
#1607=EDGE_LOOP('',(#3716,#3717,#3718,#3719));
#1608=EDGE_LOOP('',(#3720,#3721,#3722,#3723));
#1609=EDGE_LOOP('',(#3724,#3725,#3726,#3727));
#1610=EDGE_LOOP('',(#3728,#3729,#3730,#3731));
#1611=EDGE_LOOP('',(#3732,#3733,#3734,#3735));
#1612=EDGE_LOOP('',(#3736,#3737,#3738,#3739));
#1613=EDGE_LOOP('',(#3740,#3741,#3742,#3743));
#1614=EDGE_LOOP('',(#3744,#3745,#3746,#3747));
#1615=EDGE_LOOP('',(#3748,#3749,#3750,#3751));
#1616=EDGE_LOOP('',(#3752,#3753,#3754,#3755));
#1617=EDGE_LOOP('',(#3756,#3757,#3758,#3759));
#1618=EDGE_LOOP('',(#3760,#3761,#3762,#3763));
#1619=EDGE_LOOP('',(#3764,#3765,#3766,#3767));
#1620=EDGE_LOOP('',(#3768,#3769,#3770,#3771));
#1621=EDGE_LOOP('',(#3772,#3773,#3774,#3775));
#1622=EDGE_LOOP('',(#3776,#3777,#3778,#3779));
#1623=EDGE_LOOP('',(#3780,#3781,#3782,#3783));
#1624=EDGE_LOOP('',(#3784,#3785,#3786,#3787));
#1625=EDGE_LOOP('',(#3788,#3789,#3790,#3791));
#1626=EDGE_LOOP('',(#3792,#3793,#3794,#3795));
#1627=EDGE_LOOP('',(#3796,#3797,#3798,#3799));
#1628=EDGE_LOOP('',(#3800,#3801,#3802,#3803));
#1629=EDGE_LOOP('',(#3804,#3805,#3806,#3807));
#1630=EDGE_LOOP('',(#3808,#3809,#3810,#3811));
#1631=EDGE_LOOP('',(#3812,#3813,#3814,#3815));
#1632=EDGE_LOOP('',(#3816,#3817,#3818,#3819));
#1633=EDGE_LOOP('',(#3820,#3821,#3822,#3823));
#1634=EDGE_LOOP('',(#3824,#3825,#3826,#3827));
#1635=EDGE_LOOP('',(#3828,#3829,#3830,#3831));
#1636=EDGE_LOOP('',(#3832,#3833,#3834,#3835));
#1637=EDGE_LOOP('',(#3836,#3837,#3838,#3839));
#1638=EDGE_LOOP('',(#3840,#3841,#3842,#3843));
#1639=EDGE_LOOP('',(#3844,#3845,#3846,#3847));
#1640=EDGE_LOOP('',(#3848,#3849,#3850,#3851));
#1641=EDGE_LOOP('',(#3852,#3853,#3854,#3855));
#1642=EDGE_LOOP('',(#3856,#3857,#3858,#3859));
#1643=EDGE_LOOP('',(#3860,#3861,#3862,#3863));
#1644=EDGE_LOOP('',(#3864,#3865,#3866,#3867));
#1645=EDGE_LOOP('',(#3868,#3869,#3870,#3871));
#1646=EDGE_LOOP('',(#3872,#3873,#3874,#3875));
#1647=EDGE_LOOP('',(#3876,#3877,#3878,#3879));
#1648=EDGE_LOOP('',(#3880,#3881,#3882,#3883));
#1649=EDGE_LOOP('',(#3884,#3885,#3886,#3887));
#1650=EDGE_LOOP('',(#3888,#3889,#3890,#3891));
#1651=EDGE_LOOP('',(#3892,#3893,#3894,#3895));
#1652=EDGE_LOOP('',(#3896,#3897,#3898,#3899));
#1653=EDGE_LOOP('',(#3900,#3901,#3902,#3903));
#1654=EDGE_LOOP('',(#3904,#3905,#3906,#3907));
#1655=EDGE_LOOP('',(#3908,#3909,#3910,#3911));
#1656=EDGE_LOOP('',(#3912,#3913,#3914,#3915));
#1657=EDGE_LOOP('',(#3916,#3917,#3918,#3919));
#1658=EDGE_LOOP('',(#3920,#3921,#3922,#3923));
#1659=EDGE_LOOP('',(#3924,#3925,#3926,#3927));
#1660=EDGE_LOOP('',(#3928,#3929,#3930,#3931));
#1661=EDGE_LOOP('',(#3932,#3933,#3934,#3935));
#1662=EDGE_LOOP('',(#3936,#3937,#3938,#3939));
#1663=EDGE_LOOP('',(#3940,#3941,#3942,#3943));
#1664=EDGE_LOOP('',(#3944,#3945,#3946,#3947));
#1665=EDGE_LOOP('',(#3948,#3949,#3950,#3951));
#1666=EDGE_LOOP('',(#3952,#3953,#3954,#3955));
#1667=EDGE_LOOP('',(#3956,#3957,#3958,#3959));
#1668=EDGE_LOOP('',(#3960,#3961,#3962,#3963));
#1669=EDGE_LOOP('',(#3964,#3965,#3966,#3967));
#1670=EDGE_LOOP('',(#3968,#3969,#3970,#3971));
#1671=EDGE_LOOP('',(#3972,#3973,#3974,#3975));
#1672=EDGE_LOOP('',(#3976,#3977,#3978,#3979));
#1673=EDGE_LOOP('',(#3980,#3981,#3982,#3983));
#1674=EDGE_LOOP('',(#3984,#3985,#3986,#3987));
#1675=EDGE_LOOP('',(#3988,#3989,#3990,#3991));
#1676=EDGE_LOOP('',(#3992,#3993,#3994,#3995));
#1677=EDGE_LOOP('',(#3996,#3997,#3998,#3999));
#1678=EDGE_LOOP('',(#4000,#4001,#4002,#4003));
#1679=EDGE_LOOP('',(#4004,#4005,#4006,#4007));
#1680=EDGE_LOOP('',(#4008,#4009,#4010,#4011));
#1681=EDGE_LOOP('',(#4012,#4013,#4014,#4015));
#1682=EDGE_LOOP('',(#4016,#4017,#4018,#4019));
#1683=EDGE_LOOP('',(#4020,#4021,#4022,#4023));
#1684=EDGE_LOOP('',(#4024,#4025,#4026,#4027));
#1685=EDGE_LOOP('',(#4028,#4029,#4030,#4031));
#1686=EDGE_LOOP('',(#4032,#4033,#4034,#4035));
#1687=EDGE_LOOP('',(#4036,#4037,#4038,#4039));
#1688=EDGE_LOOP('',(#4040,#4041,#4042,#4043));
#1689=EDGE_LOOP('',(#4044,#4045,#4046,#4047));
#1690=EDGE_LOOP('',(#4048,#4049,#4050,#4051));
#1691=EDGE_LOOP('',(#4052,#4053,#4054,#4055));
#1692=EDGE_LOOP('',(#4056,#4057,#4058,#4059));
#1693=EDGE_LOOP('',(#4060,#4061,#4062,#4063));
#1694=EDGE_LOOP('',(#4064,#4065,#4066,#4067));
#1695=EDGE_LOOP('',(#4068,#4069,#4070,#4071));
#1696=EDGE_LOOP('',(#4072,#4073,#4074,#4075));
#1697=EDGE_LOOP('',(#4076,#4077,#4078,#4079));
#1698=EDGE_LOOP('',(#4080,#4081,#4082,#4083));
#1699=EDGE_LOOP('',(#4084,#4085,#4086,#4087));
#1700=EDGE_LOOP('',(#4088,#4089,#4090,#4091));
#1701=EDGE_LOOP('',(#4092,#4093,#4094,#4095));
#1702=EDGE_LOOP('',(#4096,#4097,#4098,#4099));
#1703=EDGE_LOOP('',(#4100,#4101,#4102,#4103));
#1704=EDGE_LOOP('',(#4104,#4105,#4106,#4107));
#1705=EDGE_LOOP('',(#4108,#4109,#4110,#4111));
#1706=EDGE_LOOP('',(#4112,#4113,#4114,#4115));
#1707=EDGE_LOOP('',(#4116,#4117,#4118,#4119));
#1708=EDGE_LOOP('',(#4120,#4121,#4122,#4123));
#1709=EDGE_LOOP('',(#4124,#4125,#4126,#4127));
#1710=EDGE_LOOP('',(#4128,#4129,#4130,#4131));
#1711=EDGE_LOOP('',(#4132,#4133,#4134,#4135));
#1712=EDGE_LOOP('',(#4136,#4137,#4138,#4139));
#1713=EDGE_LOOP('',(#4140,#4141,#4142,#4143));
#1714=EDGE_LOOP('',(#4144,#4145,#4146,#4147));
#1715=EDGE_LOOP('',(#4148,#4149,#4150,#4151));
#1716=EDGE_LOOP('',(#4152,#4153,#4154,#4155));
#1717=EDGE_LOOP('',(#4156,#4157,#4158,#4159));
#1718=EDGE_LOOP('',(#4160,#4161,#4162,#4163));
#1719=EDGE_LOOP('',(#4164,#4165,#4166,#4167));
#1720=EDGE_LOOP('',(#4168,#4169,#4170,#4171));
#1721=EDGE_LOOP('',(#4172,#4173,#4174,#4175));
#1722=EDGE_LOOP('',(#4176,#4177,#4178,#4179));
#1723=EDGE_LOOP('',(#4180,#4181,#4182,#4183));
#1724=EDGE_LOOP('',(#4184,#4185,#4186,#4187));
#1725=EDGE_LOOP('',(#4188,#4189,#4190,#4191));
#1726=EDGE_LOOP('',(#4192,#4193,#4194,#4195));
#1727=EDGE_LOOP('',(#4196,#4197,#4198,#4199));
#1728=EDGE_LOOP('',(#4200,#4201,#4202,#4203));
#1729=EDGE_LOOP('',(#4204,#4205,#4206,#4207));
#1730=EDGE_LOOP('',(#4208,#4209,#4210,#4211));
#1731=EDGE_LOOP('',(#4212,#4213,#4214,#4215));
#1732=EDGE_LOOP('',(#4216,#4217,#4218,#4219));
#1733=EDGE_LOOP('',(#4220,#4221,#4222,#4223));
#1734=EDGE_LOOP('',(#4224,#4225,#4226,#4227));
#1735=EDGE_LOOP('',(#4228,#4229,#4230,#4231));
#1736=EDGE_LOOP('',(#4232,#4233,#4234,#4235));
#1737=EDGE_LOOP('',(#4236,#4237,#4238,#4239));
#1738=EDGE_LOOP('',(#4240,#4241,#4242,#4243));
#1739=EDGE_LOOP('',(#4244,#4245,#4246,#4247));
#1740=EDGE_LOOP('',(#4248,#4249,#4250,#4251));
#1741=EDGE_LOOP('',(#4252,#4253,#4254,#4255));
#1742=EDGE_LOOP('',(#4256,#4257,#4258,#4259));
#1743=EDGE_LOOP('',(#4260,#4261,#4262,#4263));
#1744=EDGE_LOOP('',(#4264,#4265,#4266,#4267));
#1745=EDGE_LOOP('',(#4268,#4269,#4270,#4271));
#1746=EDGE_LOOP('',(#4272,#4273,#4274,#4275));
#1747=EDGE_LOOP('',(#4276,#4277,#4278,#4279));
#1748=EDGE_LOOP('',(#4280,#4281,#4282,#4283));
#1749=EDGE_LOOP('',(#4284,#4285,#4286,#4287));
#1750=EDGE_LOOP('',(#4288,#4289,#4290,#4291));
#1751=EDGE_LOOP('',(#4292,#4293,#4294,#4295));
#1752=EDGE_LOOP('',(#4296,#4297,#4298,#4299));
#1753=EDGE_LOOP('',(#4300,#4301,#4302,#4303));
#1754=EDGE_LOOP('',(#4304,#4305,#4306,#4307));
#1755=EDGE_LOOP('',(#4308,#4309,#4310,#4311));
#1756=EDGE_LOOP('',(#4312,#4313,#4314,#4315));
#1757=EDGE_LOOP('',(#4316,#4317,#4318,#4319));
#1758=EDGE_LOOP('',(#4320,#4321,#4322,#4323));
#1759=EDGE_LOOP('',(#4324,#4325,#4326,#4327));
#1760=EDGE_LOOP('',(#4328));
#1761=EDGE_LOOP('',(#4329));
#1762=EDGE_LOOP('',(#4330));
#1763=EDGE_LOOP('',(#4331));
#1764=EDGE_LOOP('',(#4332));
#1765=EDGE_LOOP('',(#4333));
#1766=EDGE_LOOP('',(#4334));
#1767=EDGE_LOOP('',(#4335));
#1768=EDGE_LOOP('',(#4336));
#1769=EDGE_LOOP('',(#4337));
#1770=EDGE_LOOP('',(#4338));
#1771=EDGE_LOOP('',(#4339));
#1772=EDGE_LOOP('',(#4340));
#1773=EDGE_LOOP('',(#4341,#4342,#4343,#4344));
#1774=EDGE_LOOP('',(#4345));
#1775=EDGE_LOOP('',(#4346));
#1776=EDGE_LOOP('',(#4347));
#1777=EDGE_LOOP('',(#4348));
#1778=EDGE_LOOP('',(#4349));
#1779=EDGE_LOOP('',(#4350));
#1780=EDGE_LOOP('',(#4351));
#1781=EDGE_LOOP('',(#4352));
#1782=EDGE_LOOP('',(#4353));
#1783=EDGE_LOOP('',(#4354));
#1784=EDGE_LOOP('',(#4355));
#1785=EDGE_LOOP('',(#4356,#4357,#4358,#4359));
#1786=EDGE_LOOP('',(#4360));
#1787=EDGE_LOOP('',(#4361));
#1788=EDGE_LOOP('',(#4362));
#1789=EDGE_LOOP('',(#4363));
#1790=EDGE_LOOP('',(#4364));
#1791=EDGE_LOOP('',(#4365));
#1792=EDGE_LOOP('',(#4366));
#1793=EDGE_LOOP('',(#4367));
#1794=EDGE_LOOP('',(#4368));
#1795=EDGE_LOOP('',(#4369,#4370,#4371,#4372));
#1796=EDGE_LOOP('',(#4373));
#1797=EDGE_LOOP('',(#4374,#4375,#4376,#4377));
#1798=EDGE_LOOP('',(#4378,#4379,#4380,#4381));
#1799=EDGE_LOOP('',(#4382));
#1800=EDGE_LOOP('',(#4383));
#1801=EDGE_LOOP('',(#4384));
#1802=EDGE_LOOP('',(#4385,#4386,#4387,#4388));
#1803=EDGE_LOOP('',(#4389));
#1804=EDGE_LOOP('',(#4390));
#1805=EDGE_LOOP('',(#4391));
#1806=EDGE_LOOP('',(#4392,#4393,#4394,#4395));
#1807=EDGE_LOOP('',(#4396,#4397,#4398,#4399));
#1808=EDGE_LOOP('',(#4400));
#1809=EDGE_LOOP('',(#4401));
#1810=EDGE_LOOP('',(#4402));
#1811=EDGE_LOOP('',(#4403));
#1812=EDGE_LOOP('',(#4404));
#1813=EDGE_LOOP('',(#4405));
#1814=EDGE_LOOP('',(#4406));
#1815=EDGE_LOOP('',(#4407));
#1816=EDGE_LOOP('',(#4408));
#1817=EDGE_LOOP('',(#4409));
#1818=EDGE_LOOP('',(#4410));
#1819=EDGE_LOOP('',(#4411));
#1820=EDGE_LOOP('',(#4412));
#1821=EDGE_LOOP('',(#4413));
#1822=EDGE_LOOP('',(#4414));
#1823=EDGE_LOOP('',(#4415));
#1824=EDGE_LOOP('',(#4416));
#1825=EDGE_LOOP('',(#4417));
#1826=EDGE_LOOP('',(#4418));
#1827=EDGE_LOOP('',(#4419));
#1828=EDGE_LOOP('',(#4420));
#1829=EDGE_LOOP('',(#4421));
#1830=EDGE_LOOP('',(#4422));
#1831=EDGE_LOOP('',(#4423));
#1832=EDGE_LOOP('',(#4424));
#1833=EDGE_LOOP('',(#4425));
#1834=EDGE_LOOP('',(#4426));
#1835=EDGE_LOOP('',(#4427));
#1836=EDGE_LOOP('',(#4428));
#1837=EDGE_LOOP('',(#4429));
#1838=EDGE_LOOP('',(#4430));
#1839=EDGE_LOOP('',(#4431));
#1840=EDGE_LOOP('',(#4432));
#1841=EDGE_LOOP('',(#4433));
#1842=EDGE_LOOP('',(#4434));
#1843=EDGE_LOOP('',(#4435));
#1844=EDGE_LOOP('',(#4436));
#1845=EDGE_LOOP('',(#4437));
#1846=EDGE_LOOP('',(#4438));
#1847=EDGE_LOOP('',(#4439));
#1848=EDGE_LOOP('',(#4440));
#1849=EDGE_LOOP('',(#4441));
#1850=EDGE_LOOP('',(#4442));
#1851=EDGE_LOOP('',(#4443));
#1852=EDGE_LOOP('',(#4444));
#1853=EDGE_LOOP('',(#4445));
#1854=EDGE_LOOP('',(#4446));
#1855=EDGE_LOOP('',(#4447,#4448,#4449,#4450));
#1856=EDGE_LOOP('',(#4451));
#1857=EDGE_LOOP('',(#4452));
#1858=EDGE_LOOP('',(#4453));
#1859=EDGE_LOOP('',(#4454));
#1860=EDGE_LOOP('',(#4455));
#1861=EDGE_LOOP('',(#4456));
#1862=EDGE_LOOP('',(#4457));
#1863=EDGE_LOOP('',(#4458));
#1864=EDGE_LOOP('',(#4459));
#1865=EDGE_LOOP('',(#4460));
#1866=EDGE_LOOP('',(#4461));
#1867=EDGE_LOOP('',(#4462));
#1868=EDGE_LOOP('',(#4463));
#1869=EDGE_LOOP('',(#4464,#4465,#4466,#4467));
#1870=EDGE_LOOP('',(#4468,#4469,#4470,#4471));
#1871=EDGE_LOOP('',(#4472,#4473,#4474,#4475));
#1872=EDGE_LOOP('',(#4476));
#1873=EDGE_LOOP('',(#4477));
#1874=EDGE_LOOP('',(#4478));
#1875=EDGE_LOOP('',(#4479));
#1876=EDGE_LOOP('',(#4480));
#1877=EDGE_LOOP('',(#4481));
#1878=EDGE_LOOP('',(#4482));
#1879=EDGE_LOOP('',(#4483));
#1880=EDGE_LOOP('',(#4484));
#1881=EDGE_LOOP('',(#4485));
#1882=EDGE_LOOP('',(#4486));
#1883=EDGE_LOOP('',(#4487));
#1884=EDGE_LOOP('',(#4488));
#1885=EDGE_LOOP('',(#4489));
#1886=EDGE_LOOP('',(#4490));
#1887=EDGE_LOOP('',(#4491));
#1888=EDGE_LOOP('',(#4492));
#1889=EDGE_LOOP('',(#4493));
#1890=EDGE_LOOP('',(#4494,#4495,#4496,#4497));
#1891=EDGE_LOOP('',(#4498));
#1892=EDGE_LOOP('',(#4499,#4500,#4501,#4502));
#1893=EDGE_LOOP('',(#4503));
#1894=EDGE_LOOP('',(#4504));
#1895=EDGE_LOOP('',(#4505));
#1896=EDGE_LOOP('',(#4506));
#1897=EDGE_LOOP('',(#4507));
#1898=EDGE_LOOP('',(#4508));
#1899=EDGE_LOOP('',(#4509,#4510,#4511,#4512));
#1900=EDGE_LOOP('',(#4513));
#1901=EDGE_LOOP('',(#4514));
#1902=EDGE_LOOP('',(#4515));
#1903=EDGE_LOOP('',(#4516));
#1904=EDGE_LOOP('',(#4517));
#1905=EDGE_LOOP('',(#4518));
#1906=EDGE_LOOP('',(#4519));
#1907=EDGE_LOOP('',(#4520));
#1908=EDGE_LOOP('',(#4521));
#1909=EDGE_LOOP('',(#4522));
#1910=EDGE_LOOP('',(#4523));
#1911=EDGE_LOOP('',(#4524));
#1912=EDGE_LOOP('',(#4525));
#1913=EDGE_LOOP('',(#4526));
#1914=EDGE_LOOP('',(#4527));
#1915=EDGE_LOOP('',(#4528));
#1916=EDGE_LOOP('',(#4529,#4530));
#1917=EDGE_LOOP('',(#4531));
#1918=EDGE_LOOP('',(#4532,#4533,#4534,#4535));
#1919=EDGE_LOOP('',(#4536,#4537,#4538,#4539));
#1920=EDGE_LOOP('',(#4540,#4541,#4542,#4543));
#1921=EDGE_LOOP('',(#4544,#4545,#4546,#4547));
#1922=CIRCLE('',#4848,1.50000002235174);
#1923=CIRCLE('',#4849,0.874999999999999);
#1924=CIRCLE('',#4851,1.5);
#1925=CIRCLE('',#4852,0.874999999999999);
#1926=CIRCLE('',#4854,0.874999999999999);
#1927=CIRCLE('',#4856,0.500000000000005);
#1928=CIRCLE('',#4857,0.500000000000005);
#1929=CIRCLE('',#4858,0.500000000000007);
#1930=CIRCLE('',#4859,0.500000000000007);
#1931=CIRCLE('',#4860,0.500000000000007);
#1932=CIRCLE('',#4861,0.500000000000007);
#1933=CIRCLE('',#4862,0.500000000000007);
#1934=CIRCLE('',#4863,0.500000000000007);
#1935=CIRCLE('',#4864,0.500000000000005);
#1936=CIRCLE('',#4865,0.5);
#1937=CIRCLE('',#4866,0.500000000000004);
#1938=CIRCLE('',#4867,0.500000000000007);
#1939=CIRCLE('',#4868,0.500000000000007);
#1940=CIRCLE('',#4869,0.500000000000005);
#1941=CIRCLE('',#4870,0.500000000000005);
#1942=CIRCLE('',#4871,0.500000000000003);
#1943=CIRCLE('',#4872,0.500000000000005);
#1944=CIRCLE('',#4873,0.500000000000007);
#1945=CIRCLE('',#4874,0.500000000000005);
#1946=CIRCLE('',#4875,0.500000000000011);
#1947=CIRCLE('',#4876,0.500000000000007);
#1948=CIRCLE('',#4877,0.500000000000006);
#1949=CIRCLE('',#4878,0.500000000000002);
#1950=CIRCLE('',#4879,0.500000000000012);
#1951=CIRCLE('',#4880,0.500000000000004);
#1952=CIRCLE('',#4881,0.500000000000005);
#1953=CIRCLE('',#4882,0.500000000000005);
#1954=CIRCLE('',#4883,0.500000000000006);
#1955=CIRCLE('',#4884,0.499999999999999);
#1956=CIRCLE('',#4885,0.500000000000005);
#1957=CIRCLE('',#4886,0.500000000000007);
#1958=CIRCLE('',#4887,0.500000000000003);
#1959=CIRCLE('',#4888,0.500000000000005);
#1960=CIRCLE('',#4889,0.500000000000006);
#1961=CIRCLE('',#4890,0.500000000000002);
#1962=CIRCLE('',#4891,0.500000000000013);
#1963=CIRCLE('',#4892,0.500000000000005);
#1964=CIRCLE('',#4893,0.500000000000007);
#1965=CIRCLE('',#4894,0.500000000000006);
#1966=CIRCLE('',#4895,0.500000000000005);
#1967=CIRCLE('',#4896,0.5);
#1968=CIRCLE('',#4897,0.499999999999999);
#1969=CIRCLE('',#4898,0.50000000000001);
#1970=CIRCLE('',#4899,0.500000000000007);
#1971=CIRCLE('',#4900,0.500000000000005);
#1972=CIRCLE('',#4901,0.500000000000005);
#1973=CIRCLE('',#4902,0.500000000000005);
#1974=CIRCLE('',#4903,0.500000000000005);
#1975=CIRCLE('',#4904,0.500000000000005);
#1976=CIRCLE('',#4905,0.500000000000005);
#1977=CIRCLE('',#4906,3.99999999999999);
#1978=CIRCLE('',#4907,0.500000000000005);
#1979=CIRCLE('',#4908,0.500000000000003);
#1980=CIRCLE('',#4909,0.500000000000005);
#1981=CIRCLE('',#4910,0.500000000000007);
#1982=CIRCLE('',#4911,0.500000000000005);
#1983=CIRCLE('',#4912,0.500000000000005);
#1984=CIRCLE('',#4913,0.500000000000005);
#1985=CIRCLE('',#4914,0.500000000000007);
#1986=CIRCLE('',#4915,0.500000000000007);
#1987=CIRCLE('',#4916,0.500000000000007);
#1988=CIRCLE('',#4917,0.500000000000007);
#1989=CIRCLE('',#4918,0.500000000000005);
#1990=CIRCLE('',#4919,0.500000000000003);
#1991=CIRCLE('',#4920,0.500000000000005);
#1992=CIRCLE('',#4921,0.500000000000005);
#1993=CIRCLE('',#4922,0.500000000000005);
#1994=CIRCLE('',#4923,0.500000000000005);
#1995=CIRCLE('',#4924,0.500000000000005);
#1996=CIRCLE('',#4925,0.500000000000005);
#1997=CIRCLE('',#4926,0.500000000000005);
#1998=CIRCLE('',#4927,0.500000000000005);
#1999=CIRCLE('',#4928,0.500000000000005);
#2000=CIRCLE('',#4929,0.500000000000005);
#2001=CIRCLE('',#4930,0.500000000000005);
#2002=CIRCLE('',#4931,0.500000000000005);
#2003=CIRCLE('',#4932,0.500000000000005);
#2004=CIRCLE('',#4933,0.500000000000007);
#2005=CIRCLE('',#4934,0.500000000000005);
#2006=CIRCLE('',#4935,0.500000000000007);
#2007=CIRCLE('',#4936,0.500000000000007);
#2008=CIRCLE('',#4937,0.500000000000007);
#2009=CIRCLE('',#4938,0.500000000000005);
#2010=CIRCLE('',#4939,0.500000000000005);
#2011=CIRCLE('',#4940,0.500000000000007);
#2012=CIRCLE('',#4941,0.500000000000005);
#2013=CIRCLE('',#4942,0.500000000000005);
#2014=CIRCLE('',#4943,0.500000000000005);
#2015=CIRCLE('',#4944,0.500000000000005);
#2016=CIRCLE('',#4945,0.500000000000003);
#2017=CIRCLE('',#4946,0.500000000000005);
#2018=CIRCLE('',#4947,0.500000000000005);
#2019=CIRCLE('',#4948,0.500000000000005);
#2020=CIRCLE('',#4949,0.500000000000005);
#2021=CIRCLE('',#4950,0.500000000000004);
#2022=CIRCLE('',#4951,0.500000000000007);
#2023=CIRCLE('',#4952,0.500000000000007);
#2024=CIRCLE('',#4953,0.500000000000009);
#2025=CIRCLE('',#4954,0.500000000000005);
#2026=CIRCLE('',#4955,0.499999999999999);
#2027=CIRCLE('',#4956,0.500000000000004);
#2028=CIRCLE('',#4957,0.500000000000009);
#2029=CIRCLE('',#4958,0.499999999999999);
#2030=CIRCLE('',#4959,0.499999999999999);
#2031=CIRCLE('',#4960,0.500000000000007);
#2032=CIRCLE('',#4961,0.500000000000012);
#2033=CIRCLE('',#4962,0.5);
#2034=CIRCLE('',#4963,0.5);
#2035=CIRCLE('',#4964,0.500000000000007);
#2036=CIRCLE('',#4965,0.500000000000009);
#2037=CIRCLE('',#4966,0.500000000000002);
#2038=CIRCLE('',#4967,0.500000000000002);
#2039=CIRCLE('',#4968,0.500000000000006);
#2040=CIRCLE('',#4969,0.500000000000005);
#2041=CIRCLE('',#4970,0.500000000000005);
#2042=CIRCLE('',#4971,0.500000000000007);
#2043=CIRCLE('',#4972,0.500000000000007);
#2044=CIRCLE('',#4973,0.499999999999999);
#2045=CIRCLE('',#4974,0.499999999999999);
#2046=CIRCLE('',#4975,0.500000000000007);
#2047=CIRCLE('',#4976,0.500000000000005);
#2048=CIRCLE('',#4977,0.499999999999999);
#2049=CIRCLE('',#4978,0.500000000000007);
#2050=CIRCLE('',#4979,0.50000000000001);
#2051=CIRCLE('',#4980,0.500000000000005);
#2052=CIRCLE('',#4981,0.500000000000005);
#2053=CIRCLE('',#4982,0.500000000000007);
#2054=CIRCLE('',#4983,0.500000000000006);
#2055=CIRCLE('',#4984,0.500000000000007);
#2056=CIRCLE('',#4985,0.500000000000009);
#2057=CIRCLE('',#4986,0.500000000000003);
#2058=CIRCLE('',#4987,0.500000000000007);
#2059=CIRCLE('',#4988,0.500000000000007);
#2060=CIRCLE('',#4989,0.500000000000007);
#2061=CIRCLE('',#4990,0.500000000000007);
#2062=CIRCLE('',#4991,0.500000000000007);
#2063=CIRCLE('',#4992,0.500000000000007);
#2064=CIRCLE('',#4993,0.500000000000005);
#2065=CIRCLE('',#4994,0.500000000000005);
#2066=CIRCLE('',#4996,0.874999999999999);
#2067=CIRCLE('',#4998,0.875000000000004);
#2068=CIRCLE('',#4999,0.875000000000004);
#2069=CIRCLE('',#5002,3.);
#2070=CIRCLE('',#5003,3.);
#2071=CIRCLE('',#5007,0.875000000000004);
#2072=CIRCLE('',#5008,0.875000000000004);
#2073=CIRCLE('',#5010,1.5);
#2074=CIRCLE('',#5011,1.5);
#2075=CIRCLE('',#5015,0.500000000000005);
#2076=CIRCLE('',#5017,0.500000000000005);
#2077=CIRCLE('',#5019,0.500000000000007);
#2078=CIRCLE('',#5021,0.500000000000007);
#2079=CIRCLE('',#5023,0.500000000000007);
#2080=CIRCLE('',#5025,0.500000000000007);
#2081=CIRCLE('',#5027,0.500000000000007);
#2082=CIRCLE('',#5029,0.500000000000007);
#2083=CIRCLE('',#5031,0.500000000000003);
#2084=CIRCLE('',#5033,0.500000000000009);
#2085=CIRCLE('',#5035,0.500000000000007);
#2086=CIRCLE('',#5037,0.500000000000006);
#2087=CIRCLE('',#5039,0.500000000000007);
#2088=CIRCLE('',#5041,0.500000000000005);
#2089=CIRCLE('',#5043,0.500000000000005);
#2090=CIRCLE('',#5045,0.50000000000001);
#2091=CIRCLE('',#5051,0.500000000000007);
#2092=CIRCLE('',#5053,0.499999999999999);
#2093=CIRCLE('',#5055,0.500000000000005);
#2094=CIRCLE('',#5057,0.500000000000007);
#2095=CIRCLE('',#5059,0.499999999999999);
#2096=CIRCLE('',#5061,0.499999999999999);
#2097=CIRCLE('',#5067,0.500000000000007);
#2098=CIRCLE('',#5073,0.500000000000007);
#2099=CIRCLE('',#5075,0.500000000000005);
#2100=CIRCLE('',#5077,0.500000000000005);
#2101=CIRCLE('',#5079,0.500000000000006);
#2102=CIRCLE('',#5081,0.500000000000002);
#2103=CIRCLE('',#5083,0.500000000000002);
#2104=CIRCLE('',#5085,0.500000000000009);
#2105=CIRCLE('',#5087,0.500000000000007);
#2106=CIRCLE('',#5089,0.5);
#2107=CIRCLE('',#5091,0.5);
#2108=CIRCLE('',#5093,0.500000000000012);
#2109=CIRCLE('',#5095,0.500000000000007);
#2110=CIRCLE('',#5097,0.499999999999999);
#2111=CIRCLE('',#5099,0.499999999999999);
#2112=CIRCLE('',#5101,0.500000000000009);
#2113=CIRCLE('',#5103,0.500000000000004);
#2114=CIRCLE('',#5105,0.499999999999999);
#2115=CIRCLE('',#5107,0.500000000000005);
#2116=CIRCLE('',#5121,0.500000000000009);
#2117=CIRCLE('',#5123,0.500000000000007);
#2118=CIRCLE('',#5125,0.500000000000007);
#2119=CIRCLE('',#5127,0.500000000000004);
#2120=CIRCLE('',#5129,0.500000000000005);
#2121=CIRCLE('',#5131,0.500000000000005);
#2122=CIRCLE('',#5133,0.500000000000005);
#2123=CIRCLE('',#5135,0.500000000000005);
#2124=CIRCLE('',#5137,0.500000000000003);
#2125=CIRCLE('',#5139,0.500000000000005);
#2126=CIRCLE('',#5141,0.500000000000005);
#2127=CIRCLE('',#5143,0.500000000000005);
#2128=CIRCLE('',#5145,0.500000000000005);
#2129=CIRCLE('',#5151,0.500000000000007);
#2130=CIRCLE('',#5153,0.500000000000005);
#2131=CIRCLE('',#5155,0.500000000000005);
#2132=CIRCLE('',#5157,0.500000000000007);
#2133=CIRCLE('',#5159,0.500000000000007);
#2134=CIRCLE('',#5161,0.500000000000007);
#2135=CIRCLE('',#5163,0.500000000000005);
#2136=CIRCLE('',#5165,0.500000000000007);
#2137=CIRCLE('',#5167,0.500000000000005);
#2138=CIRCLE('',#5169,0.500000000000005);
#2139=CIRCLE('',#5171,0.500000000000005);
#2140=CIRCLE('',#5173,0.500000000000005);
#2141=CIRCLE('',#5175,0.500000000000005);
#2142=CIRCLE('',#5177,0.500000000000005);
#2143=CIRCLE('',#5179,0.500000000000005);
#2144=CIRCLE('',#5181,0.500000000000005);
#2145=CIRCLE('',#5183,0.500000000000005);
#2146=CIRCLE('',#5185,0.500000000000005);
#2147=CIRCLE('',#5187,0.500000000000005);
#2148=CIRCLE('',#5189,0.500000000000005);
#2149=CIRCLE('',#5191,0.500000000000005);
#2150=CIRCLE('',#5193,0.500000000000003);
#2151=CIRCLE('',#5195,0.500000000000005);
#2152=CIRCLE('',#5197,0.500000000000007);
#2153=CIRCLE('',#5199,0.500000000000007);
#2154=CIRCLE('',#5201,0.500000000000007);
#2155=CIRCLE('',#5203,0.500000000000007);
#2156=CIRCLE('',#5205,0.500000000000005);
#2157=CIRCLE('',#5207,0.500000000000005);
#2158=CIRCLE('',#5209,0.500000000000005);
#2159=CIRCLE('',#5211,0.500000000000007);
#2160=CIRCLE('',#5213,0.500000000000005);
#2161=CIRCLE('',#5215,0.500000000000003);
#2162=CIRCLE('',#5217,0.500000000000005);
#2163=CIRCLE('',#5219,3.99999999999999);
#2164=CIRCLE('',#5221,0.500000000000005);
#2165=CIRCLE('',#5223,0.500000000000005);
#2166=CIRCLE('',#5225,0.500000000000005);
#2167=CIRCLE('',#5227,0.500000000000005);
#2168=CIRCLE('',#5229,0.500000000000005);
#2169=CIRCLE('',#5231,0.500000000000005);
#2170=CIRCLE('',#5233,0.500000000000007);
#2171=CIRCLE('',#5235,0.50000000000001);
#2172=CIRCLE('',#5237,0.499999999999999);
#2173=CIRCLE('',#5239,0.5);
#2174=CIRCLE('',#5241,0.500000000000005);
#2175=CIRCLE('',#5243,0.500000000000006);
#2176=CIRCLE('',#5253,0.500000000000007);
#2177=CIRCLE('',#5255,0.500000000000005);
#2178=CIRCLE('',#5257,0.500000000000013);
#2179=CIRCLE('',#5263,0.500000000000002);
#2180=CIRCLE('',#5265,0.500000000000006);
#2181=CIRCLE('',#5267,0.500000000000005);
#2182=CIRCLE('',#5277,0.500000000000003);
#2183=CIRCLE('',#5283,0.500000000000007);
#2184=CIRCLE('',#5285,0.500000000000005);
#2185=CIRCLE('',#5287,0.499999999999999);
#2186=CIRCLE('',#5289,0.500000000000006);
#2187=CIRCLE('',#5291,0.500000000000005);
#2188=CIRCLE('',#5293,0.500000000000005);
#2189=CIRCLE('',#5295,0.500000000000004);
#2190=CIRCLE('',#5297,0.500000000000012);
#2191=CIRCLE('',#5299,0.500000000000002);
#2192=CIRCLE('',#5305,0.500000000000006);
#2193=CIRCLE('',#5307,0.500000000000007);
#2194=CIRCLE('',#5309,0.500000000000011);
#2195=CIRCLE('',#5311,0.500000000000005);
#2196=CIRCLE('',#5313,0.500000000000007);
#2197=CIRCLE('',#5315,0.500000000000005);
#2198=CIRCLE('',#5317,0.500000000000003);
#2199=CIRCLE('',#5319,0.500000000000005);
#2200=CIRCLE('',#5321,0.500000000000005);
#2201=CIRCLE('',#5323,0.500000000000007);
#2202=CIRCLE('',#5325,0.500000000000007);
#2203=CIRCLE('',#5331,0.500000000000004);
#2204=CIRCLE('',#5333,0.5);
#2205=CIRCLE('',#5335,0.500000000000005);
#2206=CIRCLE('',#5337,0.500000000000007);
#2207=CIRCLE('',#5339,0.500000000000007);
#2208=CIRCLE('',#5341,0.500000000000007);
#2209=CIRCLE('',#5343,0.500000000000007);
#2210=CIRCLE('',#5345,0.500000000000007);
#2211=CIRCLE('',#5347,0.500000000000007);
#2212=CIRCLE('',#5349,0.500000000000005);
#2213=CIRCLE('',#5351,0.500000000000005);
#2214=CIRCLE('',#5357,1.50000002235174);
#2215=CIRCLE('',#5358,1.5);
#2216=VERTEX_POINT('',#6741);
#2217=VERTEX_POINT('',#6743);
#2218=VERTEX_POINT('',#6746);
#2219=VERTEX_POINT('',#6748);
#2220=VERTEX_POINT('',#6751);
#2221=VERTEX_POINT('',#6754);
#2222=VERTEX_POINT('',#6755);
#2223=VERTEX_POINT('',#6757);
#2224=VERTEX_POINT('',#6759);
#2225=VERTEX_POINT('',#6762);
#2226=VERTEX_POINT('',#6764);
#2227=VERTEX_POINT('',#6766);
#2228=VERTEX_POINT('',#6768);
#2229=VERTEX_POINT('',#6770);
#2230=VERTEX_POINT('',#6772);
#2231=VERTEX_POINT('',#6774);
#2232=VERTEX_POINT('',#6776);
#2233=VERTEX_POINT('',#6778);
#2234=VERTEX_POINT('',#6780);
#2235=VERTEX_POINT('',#6782);
#2236=VERTEX_POINT('',#6784);
#2237=VERTEX_POINT('',#6785);
#2238=VERTEX_POINT('',#6787);
#2239=VERTEX_POINT('',#6789);
#2240=VERTEX_POINT('',#6792);
#2241=VERTEX_POINT('',#6794);
#2242=VERTEX_POINT('',#6796);
#2243=VERTEX_POINT('',#6798);
#2244=VERTEX_POINT('',#6800);
#2245=VERTEX_POINT('',#6802);
#2246=VERTEX_POINT('',#6804);
#2247=VERTEX_POINT('',#6806);
#2248=VERTEX_POINT('',#6808);
#2249=VERTEX_POINT('',#6810);
#2250=VERTEX_POINT('',#6812);
#2251=VERTEX_POINT('',#6814);
#2252=VERTEX_POINT('',#6815);
#2253=VERTEX_POINT('',#6817);
#2254=VERTEX_POINT('',#6819);
#2255=VERTEX_POINT('',#6822);
#2256=VERTEX_POINT('',#6824);
#2257=VERTEX_POINT('',#6826);
#2258=VERTEX_POINT('',#6828);
#2259=VERTEX_POINT('',#6830);
#2260=VERTEX_POINT('',#6832);
#2261=VERTEX_POINT('',#6834);
#2262=VERTEX_POINT('',#6836);
#2263=VERTEX_POINT('',#6838);
#2264=VERTEX_POINT('',#6840);
#2265=VERTEX_POINT('',#6841);
#2266=VERTEX_POINT('',#6843);
#2267=VERTEX_POINT('',#6845);
#2268=VERTEX_POINT('',#6848);
#2269=VERTEX_POINT('',#6850);
#2270=VERTEX_POINT('',#6851);
#2271=VERTEX_POINT('',#6853);
#2272=VERTEX_POINT('',#6855);
#2273=VERTEX_POINT('',#6858);
#2274=VERTEX_POINT('',#6859);
#2275=VERTEX_POINT('',#6861);
#2276=VERTEX_POINT('',#6863);
#2277=VERTEX_POINT('',#6866);
#2278=VERTEX_POINT('',#6868);
#2279=VERTEX_POINT('',#6870);
#2280=VERTEX_POINT('',#6872);
#2281=VERTEX_POINT('',#6873);
#2282=VERTEX_POINT('',#6875);
#2283=VERTEX_POINT('',#6877);
#2284=VERTEX_POINT('',#6880);
#2285=VERTEX_POINT('',#6882);
#2286=VERTEX_POINT('',#6884);
#2287=VERTEX_POINT('',#6886);
#2288=VERTEX_POINT('',#6887);
#2289=VERTEX_POINT('',#6889);
#2290=VERTEX_POINT('',#6891);
#2291=VERTEX_POINT('',#6894);
#2292=VERTEX_POINT('',#6895);
#2293=VERTEX_POINT('',#6897);
#2294=VERTEX_POINT('',#6899);
#2295=VERTEX_POINT('',#6902);
#2296=VERTEX_POINT('',#6904);
#2297=VERTEX_POINT('',#6906);
#2298=VERTEX_POINT('',#6908);
#2299=VERTEX_POINT('',#6910);
#2300=VERTEX_POINT('',#6912);
#2301=VERTEX_POINT('',#6914);
#2302=VERTEX_POINT('',#6916);
#2303=VERTEX_POINT('',#6918);
#2304=VERTEX_POINT('',#6920);
#2305=VERTEX_POINT('',#6922);
#2306=VERTEX_POINT('',#6924);
#2307=VERTEX_POINT('',#6926);
#2308=VERTEX_POINT('',#6928);
#2309=VERTEX_POINT('',#6930);
#2310=VERTEX_POINT('',#6932);
#2311=VERTEX_POINT('',#6934);
#2312=VERTEX_POINT('',#6936);
#2313=VERTEX_POINT('',#6938);
#2314=VERTEX_POINT('',#6940);
#2315=VERTEX_POINT('',#6942);
#2316=VERTEX_POINT('',#6944);
#2317=VERTEX_POINT('',#6946);
#2318=VERTEX_POINT('',#6948);
#2319=VERTEX_POINT('',#6950);
#2320=VERTEX_POINT('',#6952);
#2321=VERTEX_POINT('',#6954);
#2322=VERTEX_POINT('',#6956);
#2323=VERTEX_POINT('',#6958);
#2324=VERTEX_POINT('',#6960);
#2325=VERTEX_POINT('',#6962);
#2326=VERTEX_POINT('',#6964);
#2327=VERTEX_POINT('',#6966);
#2328=VERTEX_POINT('',#6968);
#2329=VERTEX_POINT('',#6970);
#2330=VERTEX_POINT('',#6972);
#2331=VERTEX_POINT('',#6974);
#2332=VERTEX_POINT('',#6976);
#2333=VERTEX_POINT('',#6978);
#2334=VERTEX_POINT('',#6980);
#2335=VERTEX_POINT('',#6982);
#2336=VERTEX_POINT('',#6984);
#2337=VERTEX_POINT('',#6986);
#2338=VERTEX_POINT('',#6988);
#2339=VERTEX_POINT('',#6990);
#2340=VERTEX_POINT('',#6992);
#2341=VERTEX_POINT('',#6994);
#2342=VERTEX_POINT('',#6996);
#2343=VERTEX_POINT('',#6997);
#2344=VERTEX_POINT('',#6999);
#2345=VERTEX_POINT('',#7001);
#2346=VERTEX_POINT('',#7004);
#2347=VERTEX_POINT('',#7006);
#2348=VERTEX_POINT('',#7008);
#2349=VERTEX_POINT('',#7010);
#2350=VERTEX_POINT('',#7012);
#2351=VERTEX_POINT('',#7014);
#2352=VERTEX_POINT('',#7016);
#2353=VERTEX_POINT('',#7018);
#2354=VERTEX_POINT('',#7020);
#2355=VERTEX_POINT('',#7022);
#2356=VERTEX_POINT('',#7024);
#2357=VERTEX_POINT('',#7026);
#2358=VERTEX_POINT('',#7028);
#2359=VERTEX_POINT('',#7030);
#2360=VERTEX_POINT('',#7031);
#2361=VERTEX_POINT('',#7033);
#2362=VERTEX_POINT('',#7035);
#2363=VERTEX_POINT('',#7038);
#2364=VERTEX_POINT('',#7039);
#2365=VERTEX_POINT('',#7041);
#2366=VERTEX_POINT('',#7043);
#2367=VERTEX_POINT('',#7046);
#2368=VERTEX_POINT('',#7047);
#2369=VERTEX_POINT('',#7049);
#2370=VERTEX_POINT('',#7051);
#2371=VERTEX_POINT('',#7054);
#2372=VERTEX_POINT('',#7056);
#2373=VERTEX_POINT('',#7058);
#2374=VERTEX_POINT('',#7060);
#2375=VERTEX_POINT('',#7062);
#2376=VERTEX_POINT('',#7064);
#2377=VERTEX_POINT('',#7066);
#2378=VERTEX_POINT('',#7068);
#2379=VERTEX_POINT('',#7070);
#2380=VERTEX_POINT('',#7072);
#2381=VERTEX_POINT('',#7074);
#2382=VERTEX_POINT('',#7076);
#2383=VERTEX_POINT('',#7078);
#2384=VERTEX_POINT('',#7080);
#2385=VERTEX_POINT('',#7082);
#2386=VERTEX_POINT('',#7084);
#2387=VERTEX_POINT('',#7086);
#2388=VERTEX_POINT('',#7088);
#2389=VERTEX_POINT('',#7090);
#2390=VERTEX_POINT('',#7091);
#2391=VERTEX_POINT('',#7093);
#2392=VERTEX_POINT('',#7095);
#2393=VERTEX_POINT('',#7098);
#2394=VERTEX_POINT('',#7100);
#2395=VERTEX_POINT('',#7101);
#2396=VERTEX_POINT('',#7103);
#2397=VERTEX_POINT('',#7105);
#2398=VERTEX_POINT('',#7108);
#2399=VERTEX_POINT('',#7110);
#2400=VERTEX_POINT('',#7112);
#2401=VERTEX_POINT('',#7114);
#2402=VERTEX_POINT('',#7116);
#2403=VERTEX_POINT('',#7118);
#2404=VERTEX_POINT('',#7120);
#2405=VERTEX_POINT('',#7121);
#2406=VERTEX_POINT('',#7123);
#2407=VERTEX_POINT('',#7125);
#2408=VERTEX_POINT('',#7128);
#2409=VERTEX_POINT('',#7130);
#2410=VERTEX_POINT('',#7132);
#2411=VERTEX_POINT('',#7134);
#2412=VERTEX_POINT('',#7136);
#2413=VERTEX_POINT('',#7138);
#2414=VERTEX_POINT('',#7140);
#2415=VERTEX_POINT('',#7142);
#2416=VERTEX_POINT('',#7144);
#2417=VERTEX_POINT('',#7146);
#2418=VERTEX_POINT('',#7148);
#2419=VERTEX_POINT('',#7150);
#2420=VERTEX_POINT('',#7152);
#2421=VERTEX_POINT('',#7154);
#2422=VERTEX_POINT('',#7156);
#2423=VERTEX_POINT('',#7158);
#2424=VERTEX_POINT('',#7161);
#2425=VERTEX_POINT('',#7164);
#2426=VERTEX_POINT('',#7166);
#2427=VERTEX_POINT('',#7170);
#2428=VERTEX_POINT('',#7171);
#2429=VERTEX_POINT('',#7173);
#2430=VERTEX_POINT('',#7175);
#2431=VERTEX_POINT('',#7184);
#2432=VERTEX_POINT('',#7186);
#2433=VERTEX_POINT('',#7190);
#2434=VERTEX_POINT('',#7192);
#2435=VERTEX_POINT('',#7198);
#2436=VERTEX_POINT('',#7202);
#2437=VERTEX_POINT('',#7206);
#2438=VERTEX_POINT('',#7210);
#2439=VERTEX_POINT('',#7214);
#2440=VERTEX_POINT('',#7218);
#2441=VERTEX_POINT('',#7222);
#2442=VERTEX_POINT('',#7226);
#2443=VERTEX_POINT('',#7230);
#2444=VERTEX_POINT('',#7234);
#2445=VERTEX_POINT('',#7238);
#2446=VERTEX_POINT('',#7242);
#2447=VERTEX_POINT('',#7246);
#2448=VERTEX_POINT('',#7250);
#2449=VERTEX_POINT('',#7254);
#2450=VERTEX_POINT('',#7258);
#2451=VERTEX_POINT('',#7262);
#2452=VERTEX_POINT('',#7263);
#2453=VERTEX_POINT('',#7268);
#2454=VERTEX_POINT('',#7272);
#2455=VERTEX_POINT('',#7278);
#2456=VERTEX_POINT('',#7282);
#2457=VERTEX_POINT('',#7286);
#2458=VERTEX_POINT('',#7290);
#2459=VERTEX_POINT('',#7294);
#2460=VERTEX_POINT('',#7298);
#2461=VERTEX_POINT('',#7302);
#2462=VERTEX_POINT('',#7303);
#2463=VERTEX_POINT('',#7308);
#2464=VERTEX_POINT('',#7312);
#2465=VERTEX_POINT('',#7318);
#2466=VERTEX_POINT('',#7322);
#2467=VERTEX_POINT('',#7323);
#2468=VERTEX_POINT('',#7328);
#2469=VERTEX_POINT('',#7332);
#2470=VERTEX_POINT('',#7338);
#2471=VERTEX_POINT('',#7342);
#2472=VERTEX_POINT('',#7346);
#2473=VERTEX_POINT('',#7350);
#2474=VERTEX_POINT('',#7354);
#2475=VERTEX_POINT('',#7358);
#2476=VERTEX_POINT('',#7362);
#2477=VERTEX_POINT('',#7366);
#2478=VERTEX_POINT('',#7370);
#2479=VERTEX_POINT('',#7374);
#2480=VERTEX_POINT('',#7378);
#2481=VERTEX_POINT('',#7382);
#2482=VERTEX_POINT('',#7386);
#2483=VERTEX_POINT('',#7390);
#2484=VERTEX_POINT('',#7394);
#2485=VERTEX_POINT('',#7398);
#2486=VERTEX_POINT('',#7402);
#2487=VERTEX_POINT('',#7406);
#2488=VERTEX_POINT('',#7410);
#2489=VERTEX_POINT('',#7411);
#2490=VERTEX_POINT('',#7416);
#2491=VERTEX_POINT('',#7420);
#2492=VERTEX_POINT('',#7426);
#2493=VERTEX_POINT('',#7427);
#2494=VERTEX_POINT('',#7432);
#2495=VERTEX_POINT('',#7436);
#2496=VERTEX_POINT('',#7442);
#2497=VERTEX_POINT('',#7443);
#2498=VERTEX_POINT('',#7448);
#2499=VERTEX_POINT('',#7452);
#2500=VERTEX_POINT('',#7458);
#2501=VERTEX_POINT('',#7462);
#2502=VERTEX_POINT('',#7466);
#2503=VERTEX_POINT('',#7470);
#2504=VERTEX_POINT('',#7474);
#2505=VERTEX_POINT('',#7478);
#2506=VERTEX_POINT('',#7482);
#2507=VERTEX_POINT('',#7486);
#2508=VERTEX_POINT('',#7490);
#2509=VERTEX_POINT('',#7494);
#2510=VERTEX_POINT('',#7498);
#2511=VERTEX_POINT('',#7502);
#2512=VERTEX_POINT('',#7506);
#2513=VERTEX_POINT('',#7510);
#2514=VERTEX_POINT('',#7511);
#2515=VERTEX_POINT('',#7516);
#2516=VERTEX_POINT('',#7520);
#2517=VERTEX_POINT('',#7526);
#2518=VERTEX_POINT('',#7530);
#2519=VERTEX_POINT('',#7534);
#2520=VERTEX_POINT('',#7538);
#2521=VERTEX_POINT('',#7542);
#2522=VERTEX_POINT('',#7546);
#2523=VERTEX_POINT('',#7550);
#2524=VERTEX_POINT('',#7554);
#2525=VERTEX_POINT('',#7558);
#2526=VERTEX_POINT('',#7562);
#2527=VERTEX_POINT('',#7566);
#2528=VERTEX_POINT('',#7570);
#2529=VERTEX_POINT('',#7574);
#2530=VERTEX_POINT('',#7578);
#2531=VERTEX_POINT('',#7582);
#2532=VERTEX_POINT('',#7586);
#2533=VERTEX_POINT('',#7590);
#2534=VERTEX_POINT('',#7594);
#2535=VERTEX_POINT('',#7598);
#2536=VERTEX_POINT('',#7602);
#2537=VERTEX_POINT('',#7606);
#2538=VERTEX_POINT('',#7610);
#2539=VERTEX_POINT('',#7614);
#2540=VERTEX_POINT('',#7618);
#2541=VERTEX_POINT('',#7622);
#2542=VERTEX_POINT('',#7626);
#2543=VERTEX_POINT('',#7630);
#2544=VERTEX_POINT('',#7634);
#2545=VERTEX_POINT('',#7638);
#2546=VERTEX_POINT('',#7642);
#2547=VERTEX_POINT('',#7646);
#2548=VERTEX_POINT('',#7650);
#2549=VERTEX_POINT('',#7654);
#2550=VERTEX_POINT('',#7658);
#2551=VERTEX_POINT('',#7662);
#2552=VERTEX_POINT('',#7666);
#2553=VERTEX_POINT('',#7670);
#2554=VERTEX_POINT('',#7674);
#2555=VERTEX_POINT('',#7678);
#2556=VERTEX_POINT('',#7682);
#2557=VERTEX_POINT('',#7686);
#2558=VERTEX_POINT('',#7690);
#2559=VERTEX_POINT('',#7694);
#2560=VERTEX_POINT('',#7698);
#2561=VERTEX_POINT('',#7702);
#2562=VERTEX_POINT('',#7706);
#2563=VERTEX_POINT('',#7710);
#2564=VERTEX_POINT('',#7714);
#2565=VERTEX_POINT('',#7715);
#2566=VERTEX_POINT('',#7720);
#2567=VERTEX_POINT('',#7724);
#2568=VERTEX_POINT('',#7730);
#2569=VERTEX_POINT('',#7731);
#2570=VERTEX_POINT('',#7736);
#2571=VERTEX_POINT('',#7740);
#2572=VERTEX_POINT('',#7746);
#2573=VERTEX_POINT('',#7750);
#2574=VERTEX_POINT('',#7754);
#2575=VERTEX_POINT('',#7758);
#2576=VERTEX_POINT('',#7759);
#2577=VERTEX_POINT('',#7764);
#2578=VERTEX_POINT('',#7768);
#2579=VERTEX_POINT('',#7774);
#2580=VERTEX_POINT('',#7778);
#2581=VERTEX_POINT('',#7782);
#2582=VERTEX_POINT('',#7786);
#2583=VERTEX_POINT('',#7787);
#2584=VERTEX_POINT('',#7792);
#2585=VERTEX_POINT('',#7796);
#2586=VERTEX_POINT('',#7802);
#2587=VERTEX_POINT('',#7803);
#2588=VERTEX_POINT('',#7808);
#2589=VERTEX_POINT('',#7812);
#2590=VERTEX_POINT('',#7818);
#2591=VERTEX_POINT('',#7822);
#2592=VERTEX_POINT('',#7823);
#2593=VERTEX_POINT('',#7828);
#2594=VERTEX_POINT('',#7832);
#2595=VERTEX_POINT('',#7838);
#2596=VERTEX_POINT('',#7842);
#2597=VERTEX_POINT('',#7846);
#2598=VERTEX_POINT('',#7850);
#2599=VERTEX_POINT('',#7854);
#2600=VERTEX_POINT('',#7858);
#2601=VERTEX_POINT('',#7862);
#2602=VERTEX_POINT('',#7866);
#2603=VERTEX_POINT('',#7870);
#2604=VERTEX_POINT('',#7874);
#2605=VERTEX_POINT('',#7875);
#2606=VERTEX_POINT('',#7880);
#2607=VERTEX_POINT('',#7884);
#2608=VERTEX_POINT('',#7890);
#2609=VERTEX_POINT('',#7894);
#2610=VERTEX_POINT('',#7898);
#2611=VERTEX_POINT('',#7902);
#2612=VERTEX_POINT('',#7906);
#2613=VERTEX_POINT('',#7910);
#2614=VERTEX_POINT('',#7914);
#2615=VERTEX_POINT('',#7918);
#2616=VERTEX_POINT('',#7922);
#2617=VERTEX_POINT('',#7926);
#2618=VERTEX_POINT('',#7930);
#2619=VERTEX_POINT('',#7934);
#2620=VERTEX_POINT('',#7935);
#2621=VERTEX_POINT('',#7940);
#2622=VERTEX_POINT('',#7944);
#2623=VERTEX_POINT('',#7950);
#2624=VERTEX_POINT('',#7954);
#2625=VERTEX_POINT('',#7958);
#2626=VERTEX_POINT('',#7962);
#2627=VERTEX_POINT('',#7966);
#2628=VERTEX_POINT('',#7970);
#2629=VERTEX_POINT('',#7974);
#2630=VERTEX_POINT('',#7978);
#2631=VERTEX_POINT('',#7982);
#2632=VERTEX_POINT('',#7986);
#2633=VERTEX_POINT('',#7990);
#2634=VERTEX_POINT('',#7994);
#2635=VERTEX_POINT('',#7995);
#2636=VERTEX_POINT('',#8000);
#2637=VERTEX_POINT('',#8004);
#2638=VERTEX_POINT('',#8010);
#2639=VERTEX_POINT('',#8012);
#2640=EDGE_CURVE('',#2216,#2216,#1922,.T.);
#2641=EDGE_CURVE('',#2217,#2217,#1923,.T.);
#2642=EDGE_CURVE('',#2218,#2218,#1924,.T.);
#2643=EDGE_CURVE('',#2219,#2219,#1925,.T.);
#2644=EDGE_CURVE('',#2220,#2220,#1926,.T.);
#2645=EDGE_CURVE('',#2221,#2222,#162,.T.);
#2646=EDGE_CURVE('',#2222,#2223,#163,.T.);
#2647=EDGE_CURVE('',#2223,#2224,#164,.T.);
#2648=EDGE_CURVE('',#2224,#2221,#165,.T.);
#2649=EDGE_CURVE('',#2225,#2225,#1927,.T.);
#2650=EDGE_CURVE('',#2226,#2226,#1928,.T.);
#2651=EDGE_CURVE('',#2227,#2227,#1929,.T.);
#2652=EDGE_CURVE('',#2228,#2228,#1930,.T.);
#2653=EDGE_CURVE('',#2229,#2229,#1931,.T.);
#2654=EDGE_CURVE('',#2230,#2230,#1932,.T.);
#2655=EDGE_CURVE('',#2231,#2231,#1933,.T.);
#2656=EDGE_CURVE('',#2232,#2232,#1934,.T.);
#2657=EDGE_CURVE('',#2233,#2233,#1935,.T.);
#2658=EDGE_CURVE('',#2234,#2234,#1936,.T.);
#2659=EDGE_CURVE('',#2235,#2235,#1937,.T.);
#2660=EDGE_CURVE('',#2236,#2237,#166,.T.);
#2661=EDGE_CURVE('',#2237,#2238,#167,.T.);
#2662=EDGE_CURVE('',#2238,#2239,#168,.T.);
#2663=EDGE_CURVE('',#2239,#2236,#169,.T.);
#2664=EDGE_CURVE('',#2240,#2240,#1938,.T.);
#2665=EDGE_CURVE('',#2241,#2241,#1939,.T.);
#2666=EDGE_CURVE('',#2242,#2242,#1940,.T.);
#2667=EDGE_CURVE('',#2243,#2243,#1941,.T.);
#2668=EDGE_CURVE('',#2244,#2244,#1942,.T.);
#2669=EDGE_CURVE('',#2245,#2245,#1943,.T.);
#2670=EDGE_CURVE('',#2246,#2246,#1944,.T.);
#2671=EDGE_CURVE('',#2247,#2247,#1945,.T.);
#2672=EDGE_CURVE('',#2248,#2248,#1946,.T.);
#2673=EDGE_CURVE('',#2249,#2249,#1947,.T.);
#2674=EDGE_CURVE('',#2250,#2250,#1948,.T.);
#2675=EDGE_CURVE('',#2251,#2252,#170,.T.);
#2676=EDGE_CURVE('',#2252,#2253,#171,.T.);
#2677=EDGE_CURVE('',#2253,#2254,#172,.T.);
#2678=EDGE_CURVE('',#2254,#2251,#173,.T.);
#2679=EDGE_CURVE('',#2255,#2255,#1949,.T.);
#2680=EDGE_CURVE('',#2256,#2256,#1950,.T.);
#2681=EDGE_CURVE('',#2257,#2257,#1951,.T.);
#2682=EDGE_CURVE('',#2258,#2258,#1952,.T.);
#2683=EDGE_CURVE('',#2259,#2259,#1953,.T.);
#2684=EDGE_CURVE('',#2260,#2260,#1954,.T.);
#2685=EDGE_CURVE('',#2261,#2261,#1955,.T.);
#2686=EDGE_CURVE('',#2262,#2262,#1956,.T.);
#2687=EDGE_CURVE('',#2263,#2263,#1957,.T.);
#2688=EDGE_CURVE('',#2264,#2265,#174,.T.);
#2689=EDGE_CURVE('',#2265,#2266,#175,.T.);
#2690=EDGE_CURVE('',#2266,#2267,#176,.T.);
#2691=EDGE_CURVE('',#2267,#2264,#177,.T.);
#2692=EDGE_CURVE('',#2268,#2268,#1958,.T.);
#2693=EDGE_CURVE('',#2269,#2270,#178,.T.);
#2694=EDGE_CURVE('',#2270,#2271,#179,.T.);
#2695=EDGE_CURVE('',#2271,#2272,#180,.T.);
#2696=EDGE_CURVE('',#2272,#2269,#181,.T.);
#2697=EDGE_CURVE('',#2273,#2274,#182,.T.);
#2698=EDGE_CURVE('',#2274,#2275,#183,.T.);
#2699=EDGE_CURVE('',#2275,#2276,#184,.T.);
#2700=EDGE_CURVE('',#2276,#2273,#185,.T.);
#2701=EDGE_CURVE('',#2277,#2277,#1959,.T.);
#2702=EDGE_CURVE('',#2278,#2278,#1960,.T.);
#2703=EDGE_CURVE('',#2279,#2279,#1961,.T.);
#2704=EDGE_CURVE('',#2280,#2281,#186,.T.);
#2705=EDGE_CURVE('',#2281,#2282,#187,.T.);
#2706=EDGE_CURVE('',#2282,#2283,#188,.T.);
#2707=EDGE_CURVE('',#2283,#2280,#189,.T.);
#2708=EDGE_CURVE('',#2284,#2284,#1962,.T.);
#2709=EDGE_CURVE('',#2285,#2285,#1963,.T.);
#2710=EDGE_CURVE('',#2286,#2286,#1964,.T.);
#2711=EDGE_CURVE('',#2287,#2288,#190,.T.);
#2712=EDGE_CURVE('',#2288,#2289,#191,.T.);
#2713=EDGE_CURVE('',#2289,#2290,#192,.T.);
#2714=EDGE_CURVE('',#2290,#2287,#193,.T.);
#2715=EDGE_CURVE('',#2291,#2292,#194,.T.);
#2716=EDGE_CURVE('',#2292,#2293,#195,.T.);
#2717=EDGE_CURVE('',#2293,#2294,#196,.T.);
#2718=EDGE_CURVE('',#2294,#2291,#197,.T.);
#2719=EDGE_CURVE('',#2295,#2295,#1965,.T.);
#2720=EDGE_CURVE('',#2296,#2296,#1966,.T.);
#2721=EDGE_CURVE('',#2297,#2297,#1967,.T.);
#2722=EDGE_CURVE('',#2298,#2298,#1968,.T.);
#2723=EDGE_CURVE('',#2299,#2299,#1969,.T.);
#2724=EDGE_CURVE('',#2300,#2300,#1970,.T.);
#2725=EDGE_CURVE('',#2301,#2301,#1971,.T.);
#2726=EDGE_CURVE('',#2302,#2302,#1972,.T.);
#2727=EDGE_CURVE('',#2303,#2303,#1973,.T.);
#2728=EDGE_CURVE('',#2304,#2304,#1974,.T.);
#2729=EDGE_CURVE('',#2305,#2305,#1975,.T.);
#2730=EDGE_CURVE('',#2306,#2306,#1976,.T.);
#2731=EDGE_CURVE('',#2307,#2307,#1977,.T.);
#2732=EDGE_CURVE('',#2308,#2308,#1978,.T.);
#2733=EDGE_CURVE('',#2309,#2309,#1979,.T.);
#2734=EDGE_CURVE('',#2310,#2310,#1980,.T.);
#2735=EDGE_CURVE('',#2311,#2311,#1981,.T.);
#2736=EDGE_CURVE('',#2312,#2312,#1982,.T.);
#2737=EDGE_CURVE('',#2313,#2313,#1983,.T.);
#2738=EDGE_CURVE('',#2314,#2314,#1984,.T.);
#2739=EDGE_CURVE('',#2315,#2315,#1985,.T.);
#2740=EDGE_CURVE('',#2316,#2316,#1986,.T.);
#2741=EDGE_CURVE('',#2317,#2317,#1987,.T.);
#2742=EDGE_CURVE('',#2318,#2318,#1988,.T.);
#2743=EDGE_CURVE('',#2319,#2319,#1989,.T.);
#2744=EDGE_CURVE('',#2320,#2320,#1990,.T.);
#2745=EDGE_CURVE('',#2321,#2321,#1991,.T.);
#2746=EDGE_CURVE('',#2322,#2322,#1992,.T.);
#2747=EDGE_CURVE('',#2323,#2323,#1993,.T.);
#2748=EDGE_CURVE('',#2324,#2324,#1994,.T.);
#2749=EDGE_CURVE('',#2325,#2325,#1995,.T.);
#2750=EDGE_CURVE('',#2326,#2326,#1996,.T.);
#2751=EDGE_CURVE('',#2327,#2327,#1997,.T.);
#2752=EDGE_CURVE('',#2328,#2328,#1998,.T.);
#2753=EDGE_CURVE('',#2329,#2329,#1999,.T.);
#2754=EDGE_CURVE('',#2330,#2330,#2000,.T.);
#2755=EDGE_CURVE('',#2331,#2331,#2001,.T.);
#2756=EDGE_CURVE('',#2332,#2332,#2002,.T.);
#2757=EDGE_CURVE('',#2333,#2333,#2003,.T.);
#2758=EDGE_CURVE('',#2334,#2334,#2004,.T.);
#2759=EDGE_CURVE('',#2335,#2335,#2005,.T.);
#2760=EDGE_CURVE('',#2336,#2336,#2006,.T.);
#2761=EDGE_CURVE('',#2337,#2337,#2007,.T.);
#2762=EDGE_CURVE('',#2338,#2338,#2008,.T.);
#2763=EDGE_CURVE('',#2339,#2339,#2009,.T.);
#2764=EDGE_CURVE('',#2340,#2340,#2010,.T.);
#2765=EDGE_CURVE('',#2341,#2341,#2011,.T.);
#2766=EDGE_CURVE('',#2342,#2343,#198,.T.);
#2767=EDGE_CURVE('',#2343,#2344,#199,.T.);
#2768=EDGE_CURVE('',#2344,#2345,#200,.T.);
#2769=EDGE_CURVE('',#2345,#2342,#201,.T.);
#2770=EDGE_CURVE('',#2346,#2346,#2012,.T.);
#2771=EDGE_CURVE('',#2347,#2347,#2013,.T.);
#2772=EDGE_CURVE('',#2348,#2348,#2014,.T.);
#2773=EDGE_CURVE('',#2349,#2349,#2015,.T.);
#2774=EDGE_CURVE('',#2350,#2350,#2016,.T.);
#2775=EDGE_CURVE('',#2351,#2351,#2017,.T.);
#2776=EDGE_CURVE('',#2352,#2352,#2018,.T.);
#2777=EDGE_CURVE('',#2353,#2353,#2019,.T.);
#2778=EDGE_CURVE('',#2354,#2354,#2020,.T.);
#2779=EDGE_CURVE('',#2355,#2355,#2021,.T.);
#2780=EDGE_CURVE('',#2356,#2356,#2022,.T.);
#2781=EDGE_CURVE('',#2357,#2357,#2023,.T.);
#2782=EDGE_CURVE('',#2358,#2358,#2024,.T.);
#2783=EDGE_CURVE('',#2359,#2360,#202,.T.);
#2784=EDGE_CURVE('',#2360,#2361,#203,.T.);
#2785=EDGE_CURVE('',#2361,#2362,#204,.T.);
#2786=EDGE_CURVE('',#2362,#2359,#205,.T.);
#2787=EDGE_CURVE('',#2363,#2364,#206,.T.);
#2788=EDGE_CURVE('',#2364,#2365,#207,.T.);
#2789=EDGE_CURVE('',#2365,#2366,#208,.T.);
#2790=EDGE_CURVE('',#2366,#2363,#209,.T.);
#2791=EDGE_CURVE('',#2367,#2368,#210,.T.);
#2792=EDGE_CURVE('',#2368,#2369,#211,.T.);
#2793=EDGE_CURVE('',#2369,#2370,#212,.T.);
#2794=EDGE_CURVE('',#2370,#2367,#213,.T.);
#2795=EDGE_CURVE('',#2371,#2371,#2025,.T.);
#2796=EDGE_CURVE('',#2372,#2372,#2026,.T.);
#2797=EDGE_CURVE('',#2373,#2373,#2027,.T.);
#2798=EDGE_CURVE('',#2374,#2374,#2028,.T.);
#2799=EDGE_CURVE('',#2375,#2375,#2029,.T.);
#2800=EDGE_CURVE('',#2376,#2376,#2030,.T.);
#2801=EDGE_CURVE('',#2377,#2377,#2031,.T.);
#2802=EDGE_CURVE('',#2378,#2378,#2032,.T.);
#2803=EDGE_CURVE('',#2379,#2379,#2033,.T.);
#2804=EDGE_CURVE('',#2380,#2380,#2034,.T.);
#2805=EDGE_CURVE('',#2381,#2381,#2035,.T.);
#2806=EDGE_CURVE('',#2382,#2382,#2036,.T.);
#2807=EDGE_CURVE('',#2383,#2383,#2037,.T.);
#2808=EDGE_CURVE('',#2384,#2384,#2038,.T.);
#2809=EDGE_CURVE('',#2385,#2385,#2039,.T.);
#2810=EDGE_CURVE('',#2386,#2386,#2040,.T.);
#2811=EDGE_CURVE('',#2387,#2387,#2041,.T.);
#2812=EDGE_CURVE('',#2388,#2388,#2042,.T.);
#2813=EDGE_CURVE('',#2389,#2390,#214,.T.);
#2814=EDGE_CURVE('',#2390,#2391,#215,.T.);
#2815=EDGE_CURVE('',#2391,#2392,#216,.T.);
#2816=EDGE_CURVE('',#2392,#2389,#217,.T.);
#2817=EDGE_CURVE('',#2393,#2393,#2043,.T.);
#2818=EDGE_CURVE('',#2394,#2395,#218,.T.);
#2819=EDGE_CURVE('',#2395,#2396,#219,.T.);
#2820=EDGE_CURVE('',#2396,#2397,#220,.T.);
#2821=EDGE_CURVE('',#2397,#2394,#221,.T.);
#2822=EDGE_CURVE('',#2398,#2398,#2044,.T.);
#2823=EDGE_CURVE('',#2399,#2399,#2045,.T.);
#2824=EDGE_CURVE('',#2400,#2400,#2046,.T.);
#2825=EDGE_CURVE('',#2401,#2401,#2047,.T.);
#2826=EDGE_CURVE('',#2402,#2402,#2048,.T.);
#2827=EDGE_CURVE('',#2403,#2403,#2049,.T.);
#2828=EDGE_CURVE('',#2404,#2405,#222,.T.);
#2829=EDGE_CURVE('',#2405,#2406,#223,.T.);
#2830=EDGE_CURVE('',#2406,#2407,#224,.T.);
#2831=EDGE_CURVE('',#2407,#2404,#225,.T.);
#2832=EDGE_CURVE('',#2408,#2408,#2050,.T.);
#2833=EDGE_CURVE('',#2409,#2409,#2051,.T.);
#2834=EDGE_CURVE('',#2410,#2410,#2052,.T.);
#2835=EDGE_CURVE('',#2411,#2411,#2053,.T.);
#2836=EDGE_CURVE('',#2412,#2412,#2054,.T.);
#2837=EDGE_CURVE('',#2413,#2413,#2055,.T.);
#2838=EDGE_CURVE('',#2414,#2414,#2056,.T.);
#2839=EDGE_CURVE('',#2415,#2415,#2057,.T.);
#2840=EDGE_CURVE('',#2416,#2416,#2058,.T.);
#2841=EDGE_CURVE('',#2417,#2417,#2059,.T.);
#2842=EDGE_CURVE('',#2418,#2418,#2060,.T.);
#2843=EDGE_CURVE('',#2419,#2419,#2061,.T.);
#2844=EDGE_CURVE('',#2420,#2420,#2062,.T.);
#2845=EDGE_CURVE('',#2421,#2421,#2063,.T.);
#2846=EDGE_CURVE('',#2422,#2422,#2064,.T.);
#2847=EDGE_CURVE('',#2423,#2423,#2065,.T.);
#2848=EDGE_CURVE('',#2424,#2424,#2066,.T.);
#2849=EDGE_CURVE('',#2425,#2425,#2067,.T.);
#2850=EDGE_CURVE('',#2425,#2426,#226,.T.);
#2851=EDGE_CURVE('',#2426,#2426,#2068,.T.);
#2852=EDGE_CURVE('',#2427,#2428,#227,.T.);
#2853=EDGE_CURVE('',#2427,#2429,#228,.T.);
#2854=EDGE_CURVE('',#2430,#2429,#229,.T.);
#2855=EDGE_CURVE('',#2428,#2430,#230,.T.);
#2856=EDGE_CURVE('',#2428,#2427,#2069,.T.);
#2857=EDGE_CURVE('',#2429,#2430,#2070,.T.);
#2858=EDGE_CURVE('',#2431,#2431,#2071,.T.);
#2859=EDGE_CURVE('',#2431,#2432,#231,.T.);
#2860=EDGE_CURVE('',#2432,#2432,#2072,.T.);
#2861=EDGE_CURVE('',#2433,#2433,#2073,.T.);
#2862=EDGE_CURVE('',#2433,#2434,#232,.T.);
#2863=EDGE_CURVE('',#2434,#2434,#2074,.T.);
#2864=EDGE_CURVE('',#2423,#2435,#233,.T.);
#2865=EDGE_CURVE('',#2435,#2435,#2075,.T.);
#2866=EDGE_CURVE('',#2422,#2436,#234,.T.);
#2867=EDGE_CURVE('',#2436,#2436,#2076,.T.);
#2868=EDGE_CURVE('',#2421,#2437,#235,.T.);
#2869=EDGE_CURVE('',#2437,#2437,#2077,.T.);
#2870=EDGE_CURVE('',#2420,#2438,#236,.T.);
#2871=EDGE_CURVE('',#2438,#2438,#2078,.T.);
#2872=EDGE_CURVE('',#2419,#2439,#237,.T.);
#2873=EDGE_CURVE('',#2439,#2439,#2079,.T.);
#2874=EDGE_CURVE('',#2418,#2440,#238,.T.);
#2875=EDGE_CURVE('',#2440,#2440,#2080,.T.);
#2876=EDGE_CURVE('',#2417,#2441,#239,.T.);
#2877=EDGE_CURVE('',#2441,#2441,#2081,.T.);
#2878=EDGE_CURVE('',#2416,#2442,#240,.T.);
#2879=EDGE_CURVE('',#2442,#2442,#2082,.T.);
#2880=EDGE_CURVE('',#2415,#2443,#241,.T.);
#2881=EDGE_CURVE('',#2443,#2443,#2083,.T.);
#2882=EDGE_CURVE('',#2414,#2444,#242,.T.);
#2883=EDGE_CURVE('',#2444,#2444,#2084,.T.);
#2884=EDGE_CURVE('',#2413,#2445,#243,.T.);
#2885=EDGE_CURVE('',#2445,#2445,#2085,.T.);
#2886=EDGE_CURVE('',#2412,#2446,#244,.T.);
#2887=EDGE_CURVE('',#2446,#2446,#2086,.T.);
#2888=EDGE_CURVE('',#2411,#2447,#245,.T.);
#2889=EDGE_CURVE('',#2447,#2447,#2087,.T.);
#2890=EDGE_CURVE('',#2410,#2448,#246,.T.);
#2891=EDGE_CURVE('',#2448,#2448,#2088,.T.);
#2892=EDGE_CURVE('',#2409,#2449,#247,.T.);
#2893=EDGE_CURVE('',#2449,#2449,#2089,.T.);
#2894=EDGE_CURVE('',#2408,#2450,#248,.T.);
#2895=EDGE_CURVE('',#2450,#2450,#2090,.T.);
#2896=EDGE_CURVE('',#2451,#2452,#249,.T.);
#2897=EDGE_CURVE('',#2452,#2404,#250,.T.);
#2898=EDGE_CURVE('',#2451,#2407,#251,.T.);
#2899=EDGE_CURVE('',#2453,#2451,#252,.T.);
#2900=EDGE_CURVE('',#2453,#2406,#253,.T.);
#2901=EDGE_CURVE('',#2454,#2453,#254,.T.);
#2902=EDGE_CURVE('',#2454,#2405,#255,.T.);
#2903=EDGE_CURVE('',#2452,#2454,#256,.T.);
#2904=EDGE_CURVE('',#2403,#2455,#257,.T.);
#2905=EDGE_CURVE('',#2455,#2455,#2091,.T.);
#2906=EDGE_CURVE('',#2402,#2456,#258,.T.);
#2907=EDGE_CURVE('',#2456,#2456,#2092,.T.);
#2908=EDGE_CURVE('',#2401,#2457,#259,.T.);
#2909=EDGE_CURVE('',#2457,#2457,#2093,.T.);
#2910=EDGE_CURVE('',#2400,#2458,#260,.T.);
#2911=EDGE_CURVE('',#2458,#2458,#2094,.T.);
#2912=EDGE_CURVE('',#2399,#2459,#261,.T.);
#2913=EDGE_CURVE('',#2459,#2459,#2095,.T.);
#2914=EDGE_CURVE('',#2398,#2460,#262,.T.);
#2915=EDGE_CURVE('',#2460,#2460,#2096,.T.);
#2916=EDGE_CURVE('',#2461,#2462,#263,.T.);
#2917=EDGE_CURVE('',#2462,#2394,#264,.T.);
#2918=EDGE_CURVE('',#2461,#2397,#265,.T.);
#2919=EDGE_CURVE('',#2463,#2461,#266,.T.);
#2920=EDGE_CURVE('',#2463,#2396,#267,.T.);
#2921=EDGE_CURVE('',#2464,#2463,#268,.T.);
#2922=EDGE_CURVE('',#2464,#2395,#269,.T.);
#2923=EDGE_CURVE('',#2462,#2464,#270,.T.);
#2924=EDGE_CURVE('',#2393,#2465,#271,.T.);
#2925=EDGE_CURVE('',#2465,#2465,#2097,.T.);
#2926=EDGE_CURVE('',#2466,#2467,#272,.T.);
#2927=EDGE_CURVE('',#2467,#2389,#273,.T.);
#2928=EDGE_CURVE('',#2466,#2392,#274,.T.);
#2929=EDGE_CURVE('',#2468,#2466,#275,.T.);
#2930=EDGE_CURVE('',#2468,#2391,#276,.T.);
#2931=EDGE_CURVE('',#2469,#2468,#277,.T.);
#2932=EDGE_CURVE('',#2469,#2390,#278,.T.);
#2933=EDGE_CURVE('',#2467,#2469,#279,.T.);
#2934=EDGE_CURVE('',#2388,#2470,#280,.T.);
#2935=EDGE_CURVE('',#2470,#2470,#2098,.T.);
#2936=EDGE_CURVE('',#2387,#2471,#281,.T.);
#2937=EDGE_CURVE('',#2471,#2471,#2099,.T.);
#2938=EDGE_CURVE('',#2386,#2472,#282,.T.);
#2939=EDGE_CURVE('',#2472,#2472,#2100,.T.);
#2940=EDGE_CURVE('',#2385,#2473,#283,.T.);
#2941=EDGE_CURVE('',#2473,#2473,#2101,.T.);
#2942=EDGE_CURVE('',#2384,#2474,#284,.T.);
#2943=EDGE_CURVE('',#2474,#2474,#2102,.T.);
#2944=EDGE_CURVE('',#2383,#2475,#285,.T.);
#2945=EDGE_CURVE('',#2475,#2475,#2103,.T.);
#2946=EDGE_CURVE('',#2382,#2476,#286,.T.);
#2947=EDGE_CURVE('',#2476,#2476,#2104,.T.);
#2948=EDGE_CURVE('',#2381,#2477,#287,.T.);
#2949=EDGE_CURVE('',#2477,#2477,#2105,.T.);
#2950=EDGE_CURVE('',#2380,#2478,#288,.T.);
#2951=EDGE_CURVE('',#2478,#2478,#2106,.T.);
#2952=EDGE_CURVE('',#2379,#2479,#289,.T.);
#2953=EDGE_CURVE('',#2479,#2479,#2107,.T.);
#2954=EDGE_CURVE('',#2378,#2480,#290,.T.);
#2955=EDGE_CURVE('',#2480,#2480,#2108,.T.);
#2956=EDGE_CURVE('',#2377,#2481,#291,.T.);
#2957=EDGE_CURVE('',#2481,#2481,#2109,.T.);
#2958=EDGE_CURVE('',#2376,#2482,#292,.T.);
#2959=EDGE_CURVE('',#2482,#2482,#2110,.T.);
#2960=EDGE_CURVE('',#2375,#2483,#293,.T.);
#2961=EDGE_CURVE('',#2483,#2483,#2111,.T.);
#2962=EDGE_CURVE('',#2374,#2484,#294,.T.);
#2963=EDGE_CURVE('',#2484,#2484,#2112,.T.);
#2964=EDGE_CURVE('',#2373,#2485,#295,.T.);
#2965=EDGE_CURVE('',#2485,#2485,#2113,.T.);
#2966=EDGE_CURVE('',#2372,#2486,#296,.T.);
#2967=EDGE_CURVE('',#2486,#2486,#2114,.T.);
#2968=EDGE_CURVE('',#2371,#2487,#297,.T.);
#2969=EDGE_CURVE('',#2487,#2487,#2115,.T.);
#2970=EDGE_CURVE('',#2488,#2489,#298,.T.);
#2971=EDGE_CURVE('',#2489,#2367,#299,.T.);
#2972=EDGE_CURVE('',#2488,#2370,#300,.T.);
#2973=EDGE_CURVE('',#2490,#2488,#301,.T.);
#2974=EDGE_CURVE('',#2490,#2369,#302,.T.);
#2975=EDGE_CURVE('',#2491,#2490,#303,.T.);
#2976=EDGE_CURVE('',#2491,#2368,#304,.T.);
#2977=EDGE_CURVE('',#2489,#2491,#305,.T.);
#2978=EDGE_CURVE('',#2492,#2493,#306,.T.);
#2979=EDGE_CURVE('',#2493,#2363,#307,.T.);
#2980=EDGE_CURVE('',#2492,#2366,#308,.T.);
#2981=EDGE_CURVE('',#2494,#2492,#309,.T.);
#2982=EDGE_CURVE('',#2494,#2365,#310,.T.);
#2983=EDGE_CURVE('',#2495,#2494,#311,.T.);
#2984=EDGE_CURVE('',#2495,#2364,#312,.T.);
#2985=EDGE_CURVE('',#2493,#2495,#313,.T.);
#2986=EDGE_CURVE('',#2496,#2497,#314,.T.);
#2987=EDGE_CURVE('',#2497,#2359,#315,.T.);
#2988=EDGE_CURVE('',#2496,#2362,#316,.T.);
#2989=EDGE_CURVE('',#2498,#2496,#317,.T.);
#2990=EDGE_CURVE('',#2498,#2361,#318,.T.);
#2991=EDGE_CURVE('',#2499,#2498,#319,.T.);
#2992=EDGE_CURVE('',#2499,#2360,#320,.T.);
#2993=EDGE_CURVE('',#2497,#2499,#321,.T.);
#2994=EDGE_CURVE('',#2358,#2500,#322,.T.);
#2995=EDGE_CURVE('',#2500,#2500,#2116,.T.);
#2996=EDGE_CURVE('',#2357,#2501,#323,.T.);
#2997=EDGE_CURVE('',#2501,#2501,#2117,.T.);
#2998=EDGE_CURVE('',#2356,#2502,#324,.T.);
#2999=EDGE_CURVE('',#2502,#2502,#2118,.T.);
#3000=EDGE_CURVE('',#2355,#2503,#325,.T.);
#3001=EDGE_CURVE('',#2503,#2503,#2119,.T.);
#3002=EDGE_CURVE('',#2354,#2504,#326,.T.);
#3003=EDGE_CURVE('',#2504,#2504,#2120,.T.);
#3004=EDGE_CURVE('',#2353,#2505,#327,.T.);
#3005=EDGE_CURVE('',#2505,#2505,#2121,.T.);
#3006=EDGE_CURVE('',#2352,#2506,#328,.T.);
#3007=EDGE_CURVE('',#2506,#2506,#2122,.T.);
#3008=EDGE_CURVE('',#2351,#2507,#329,.T.);
#3009=EDGE_CURVE('',#2507,#2507,#2123,.T.);
#3010=EDGE_CURVE('',#2350,#2508,#330,.T.);
#3011=EDGE_CURVE('',#2508,#2508,#2124,.T.);
#3012=EDGE_CURVE('',#2349,#2509,#331,.T.);
#3013=EDGE_CURVE('',#2509,#2509,#2125,.T.);
#3014=EDGE_CURVE('',#2348,#2510,#332,.T.);
#3015=EDGE_CURVE('',#2510,#2510,#2126,.T.);
#3016=EDGE_CURVE('',#2347,#2511,#333,.T.);
#3017=EDGE_CURVE('',#2511,#2511,#2127,.T.);
#3018=EDGE_CURVE('',#2346,#2512,#334,.T.);
#3019=EDGE_CURVE('',#2512,#2512,#2128,.T.);
#3020=EDGE_CURVE('',#2513,#2514,#335,.T.);
#3021=EDGE_CURVE('',#2514,#2342,#336,.T.);
#3022=EDGE_CURVE('',#2513,#2345,#337,.T.);
#3023=EDGE_CURVE('',#2515,#2513,#338,.T.);
#3024=EDGE_CURVE('',#2515,#2344,#339,.T.);
#3025=EDGE_CURVE('',#2516,#2515,#340,.T.);
#3026=EDGE_CURVE('',#2516,#2343,#341,.T.);
#3027=EDGE_CURVE('',#2514,#2516,#342,.T.);
#3028=EDGE_CURVE('',#2341,#2517,#343,.T.);
#3029=EDGE_CURVE('',#2517,#2517,#2129,.T.);
#3030=EDGE_CURVE('',#2340,#2518,#344,.T.);
#3031=EDGE_CURVE('',#2518,#2518,#2130,.T.);
#3032=EDGE_CURVE('',#2339,#2519,#345,.T.);
#3033=EDGE_CURVE('',#2519,#2519,#2131,.T.);
#3034=EDGE_CURVE('',#2338,#2520,#346,.T.);
#3035=EDGE_CURVE('',#2520,#2520,#2132,.T.);
#3036=EDGE_CURVE('',#2337,#2521,#347,.T.);
#3037=EDGE_CURVE('',#2521,#2521,#2133,.T.);
#3038=EDGE_CURVE('',#2336,#2522,#348,.T.);
#3039=EDGE_CURVE('',#2522,#2522,#2134,.T.);
#3040=EDGE_CURVE('',#2335,#2523,#349,.T.);
#3041=EDGE_CURVE('',#2523,#2523,#2135,.T.);
#3042=EDGE_CURVE('',#2334,#2524,#350,.T.);
#3043=EDGE_CURVE('',#2524,#2524,#2136,.T.);
#3044=EDGE_CURVE('',#2333,#2525,#351,.T.);
#3045=EDGE_CURVE('',#2525,#2525,#2137,.T.);
#3046=EDGE_CURVE('',#2332,#2526,#352,.T.);
#3047=EDGE_CURVE('',#2526,#2526,#2138,.T.);
#3048=EDGE_CURVE('',#2331,#2527,#353,.T.);
#3049=EDGE_CURVE('',#2527,#2527,#2139,.T.);
#3050=EDGE_CURVE('',#2330,#2528,#354,.T.);
#3051=EDGE_CURVE('',#2528,#2528,#2140,.T.);
#3052=EDGE_CURVE('',#2329,#2529,#355,.T.);
#3053=EDGE_CURVE('',#2529,#2529,#2141,.T.);
#3054=EDGE_CURVE('',#2328,#2530,#356,.T.);
#3055=EDGE_CURVE('',#2530,#2530,#2142,.T.);
#3056=EDGE_CURVE('',#2327,#2531,#357,.T.);
#3057=EDGE_CURVE('',#2531,#2531,#2143,.T.);
#3058=EDGE_CURVE('',#2326,#2532,#358,.T.);
#3059=EDGE_CURVE('',#2532,#2532,#2144,.T.);
#3060=EDGE_CURVE('',#2325,#2533,#359,.T.);
#3061=EDGE_CURVE('',#2533,#2533,#2145,.T.);
#3062=EDGE_CURVE('',#2324,#2534,#360,.T.);
#3063=EDGE_CURVE('',#2534,#2534,#2146,.T.);
#3064=EDGE_CURVE('',#2323,#2535,#361,.T.);
#3065=EDGE_CURVE('',#2535,#2535,#2147,.T.);
#3066=EDGE_CURVE('',#2322,#2536,#362,.T.);
#3067=EDGE_CURVE('',#2536,#2536,#2148,.T.);
#3068=EDGE_CURVE('',#2321,#2537,#363,.T.);
#3069=EDGE_CURVE('',#2537,#2537,#2149,.T.);
#3070=EDGE_CURVE('',#2320,#2538,#364,.T.);
#3071=EDGE_CURVE('',#2538,#2538,#2150,.T.);
#3072=EDGE_CURVE('',#2319,#2539,#365,.T.);
#3073=EDGE_CURVE('',#2539,#2539,#2151,.T.);
#3074=EDGE_CURVE('',#2318,#2540,#366,.T.);
#3075=EDGE_CURVE('',#2540,#2540,#2152,.T.);
#3076=EDGE_CURVE('',#2317,#2541,#367,.T.);
#3077=EDGE_CURVE('',#2541,#2541,#2153,.T.);
#3078=EDGE_CURVE('',#2316,#2542,#368,.T.);
#3079=EDGE_CURVE('',#2542,#2542,#2154,.T.);
#3080=EDGE_CURVE('',#2315,#2543,#369,.T.);
#3081=EDGE_CURVE('',#2543,#2543,#2155,.T.);
#3082=EDGE_CURVE('',#2314,#2544,#370,.T.);
#3083=EDGE_CURVE('',#2544,#2544,#2156,.T.);
#3084=EDGE_CURVE('',#2313,#2545,#371,.T.);
#3085=EDGE_CURVE('',#2545,#2545,#2157,.T.);
#3086=EDGE_CURVE('',#2312,#2546,#372,.T.);
#3087=EDGE_CURVE('',#2546,#2546,#2158,.T.);
#3088=EDGE_CURVE('',#2311,#2547,#373,.T.);
#3089=EDGE_CURVE('',#2547,#2547,#2159,.T.);
#3090=EDGE_CURVE('',#2310,#2548,#374,.T.);
#3091=EDGE_CURVE('',#2548,#2548,#2160,.T.);
#3092=EDGE_CURVE('',#2309,#2549,#375,.T.);
#3093=EDGE_CURVE('',#2549,#2549,#2161,.T.);
#3094=EDGE_CURVE('',#2308,#2550,#376,.T.);
#3095=EDGE_CURVE('',#2550,#2550,#2162,.T.);
#3096=EDGE_CURVE('',#2307,#2551,#377,.T.);
#3097=EDGE_CURVE('',#2551,#2551,#2163,.T.);
#3098=EDGE_CURVE('',#2306,#2552,#378,.T.);
#3099=EDGE_CURVE('',#2552,#2552,#2164,.T.);
#3100=EDGE_CURVE('',#2305,#2553,#379,.T.);
#3101=EDGE_CURVE('',#2553,#2553,#2165,.T.);
#3102=EDGE_CURVE('',#2304,#2554,#380,.T.);
#3103=EDGE_CURVE('',#2554,#2554,#2166,.T.);
#3104=EDGE_CURVE('',#2303,#2555,#381,.T.);
#3105=EDGE_CURVE('',#2555,#2555,#2167,.T.);
#3106=EDGE_CURVE('',#2302,#2556,#382,.T.);
#3107=EDGE_CURVE('',#2556,#2556,#2168,.T.);
#3108=EDGE_CURVE('',#2301,#2557,#383,.T.);
#3109=EDGE_CURVE('',#2557,#2557,#2169,.T.);
#3110=EDGE_CURVE('',#2300,#2558,#384,.T.);
#3111=EDGE_CURVE('',#2558,#2558,#2170,.T.);
#3112=EDGE_CURVE('',#2299,#2559,#385,.T.);
#3113=EDGE_CURVE('',#2559,#2559,#2171,.T.);
#3114=EDGE_CURVE('',#2298,#2560,#386,.T.);
#3115=EDGE_CURVE('',#2560,#2560,#2172,.T.);
#3116=EDGE_CURVE('',#2297,#2561,#387,.T.);
#3117=EDGE_CURVE('',#2561,#2561,#2173,.T.);
#3118=EDGE_CURVE('',#2296,#2562,#388,.T.);
#3119=EDGE_CURVE('',#2562,#2562,#2174,.T.);
#3120=EDGE_CURVE('',#2295,#2563,#389,.T.);
#3121=EDGE_CURVE('',#2563,#2563,#2175,.T.);
#3122=EDGE_CURVE('',#2564,#2565,#390,.T.);
#3123=EDGE_CURVE('',#2565,#2291,#391,.T.);
#3124=EDGE_CURVE('',#2564,#2294,#392,.T.);
#3125=EDGE_CURVE('',#2566,#2564,#393,.T.);
#3126=EDGE_CURVE('',#2566,#2293,#394,.T.);
#3127=EDGE_CURVE('',#2567,#2566,#395,.T.);
#3128=EDGE_CURVE('',#2567,#2292,#396,.T.);
#3129=EDGE_CURVE('',#2565,#2567,#397,.T.);
#3130=EDGE_CURVE('',#2568,#2569,#398,.T.);
#3131=EDGE_CURVE('',#2569,#2287,#399,.T.);
#3132=EDGE_CURVE('',#2568,#2290,#400,.T.);
#3133=EDGE_CURVE('',#2570,#2568,#401,.T.);
#3134=EDGE_CURVE('',#2570,#2289,#402,.T.);
#3135=EDGE_CURVE('',#2571,#2570,#403,.T.);
#3136=EDGE_CURVE('',#2571,#2288,#404,.T.);
#3137=EDGE_CURVE('',#2569,#2571,#405,.T.);
#3138=EDGE_CURVE('',#2286,#2572,#406,.T.);
#3139=EDGE_CURVE('',#2572,#2572,#2176,.T.);
#3140=EDGE_CURVE('',#2285,#2573,#407,.T.);
#3141=EDGE_CURVE('',#2573,#2573,#2177,.T.);
#3142=EDGE_CURVE('',#2284,#2574,#408,.T.);
#3143=EDGE_CURVE('',#2574,#2574,#2178,.T.);
#3144=EDGE_CURVE('',#2575,#2576,#409,.T.);
#3145=EDGE_CURVE('',#2576,#2280,#410,.T.);
#3146=EDGE_CURVE('',#2575,#2283,#411,.T.);
#3147=EDGE_CURVE('',#2577,#2575,#412,.T.);
#3148=EDGE_CURVE('',#2577,#2282,#413,.T.);
#3149=EDGE_CURVE('',#2578,#2577,#414,.T.);
#3150=EDGE_CURVE('',#2578,#2281,#415,.T.);
#3151=EDGE_CURVE('',#2576,#2578,#416,.T.);
#3152=EDGE_CURVE('',#2279,#2579,#417,.T.);
#3153=EDGE_CURVE('',#2579,#2579,#2179,.T.);
#3154=EDGE_CURVE('',#2278,#2580,#418,.T.);
#3155=EDGE_CURVE('',#2580,#2580,#2180,.T.);
#3156=EDGE_CURVE('',#2277,#2581,#419,.T.);
#3157=EDGE_CURVE('',#2581,#2581,#2181,.T.);
#3158=EDGE_CURVE('',#2582,#2583,#420,.T.);
#3159=EDGE_CURVE('',#2583,#2273,#421,.T.);
#3160=EDGE_CURVE('',#2582,#2276,#422,.T.);
#3161=EDGE_CURVE('',#2584,#2582,#423,.T.);
#3162=EDGE_CURVE('',#2584,#2275,#424,.T.);
#3163=EDGE_CURVE('',#2585,#2584,#425,.T.);
#3164=EDGE_CURVE('',#2585,#2274,#426,.T.);
#3165=EDGE_CURVE('',#2583,#2585,#427,.T.);
#3166=EDGE_CURVE('',#2586,#2587,#428,.T.);
#3167=EDGE_CURVE('',#2587,#2269,#429,.T.);
#3168=EDGE_CURVE('',#2586,#2272,#430,.T.);
#3169=EDGE_CURVE('',#2588,#2586,#431,.T.);
#3170=EDGE_CURVE('',#2588,#2271,#432,.T.);
#3171=EDGE_CURVE('',#2589,#2588,#433,.T.);
#3172=EDGE_CURVE('',#2589,#2270,#434,.T.);
#3173=EDGE_CURVE('',#2587,#2589,#435,.T.);
#3174=EDGE_CURVE('',#2268,#2590,#436,.T.);
#3175=EDGE_CURVE('',#2590,#2590,#2182,.T.);
#3176=EDGE_CURVE('',#2591,#2592,#437,.T.);
#3177=EDGE_CURVE('',#2592,#2264,#438,.T.);
#3178=EDGE_CURVE('',#2591,#2267,#439,.T.);
#3179=EDGE_CURVE('',#2593,#2591,#440,.T.);
#3180=EDGE_CURVE('',#2593,#2266,#441,.T.);
#3181=EDGE_CURVE('',#2594,#2593,#442,.T.);
#3182=EDGE_CURVE('',#2594,#2265,#443,.T.);
#3183=EDGE_CURVE('',#2592,#2594,#444,.T.);
#3184=EDGE_CURVE('',#2263,#2595,#445,.T.);
#3185=EDGE_CURVE('',#2595,#2595,#2183,.T.);
#3186=EDGE_CURVE('',#2262,#2596,#446,.T.);
#3187=EDGE_CURVE('',#2596,#2596,#2184,.T.);
#3188=EDGE_CURVE('',#2261,#2597,#447,.T.);
#3189=EDGE_CURVE('',#2597,#2597,#2185,.T.);
#3190=EDGE_CURVE('',#2260,#2598,#448,.T.);
#3191=EDGE_CURVE('',#2598,#2598,#2186,.T.);
#3192=EDGE_CURVE('',#2259,#2599,#449,.T.);
#3193=EDGE_CURVE('',#2599,#2599,#2187,.T.);
#3194=EDGE_CURVE('',#2258,#2600,#450,.T.);
#3195=EDGE_CURVE('',#2600,#2600,#2188,.T.);
#3196=EDGE_CURVE('',#2257,#2601,#451,.T.);
#3197=EDGE_CURVE('',#2601,#2601,#2189,.T.);
#3198=EDGE_CURVE('',#2256,#2602,#452,.T.);
#3199=EDGE_CURVE('',#2602,#2602,#2190,.T.);
#3200=EDGE_CURVE('',#2255,#2603,#453,.T.);
#3201=EDGE_CURVE('',#2603,#2603,#2191,.T.);
#3202=EDGE_CURVE('',#2604,#2605,#454,.T.);
#3203=EDGE_CURVE('',#2605,#2251,#455,.T.);
#3204=EDGE_CURVE('',#2604,#2254,#456,.T.);
#3205=EDGE_CURVE('',#2606,#2604,#457,.T.);
#3206=EDGE_CURVE('',#2606,#2253,#458,.T.);
#3207=EDGE_CURVE('',#2607,#2606,#459,.T.);
#3208=EDGE_CURVE('',#2607,#2252,#460,.T.);
#3209=EDGE_CURVE('',#2605,#2607,#461,.T.);
#3210=EDGE_CURVE('',#2250,#2608,#462,.T.);
#3211=EDGE_CURVE('',#2608,#2608,#2192,.T.);
#3212=EDGE_CURVE('',#2249,#2609,#463,.T.);
#3213=EDGE_CURVE('',#2609,#2609,#2193,.T.);
#3214=EDGE_CURVE('',#2248,#2610,#464,.T.);
#3215=EDGE_CURVE('',#2610,#2610,#2194,.T.);
#3216=EDGE_CURVE('',#2247,#2611,#465,.T.);
#3217=EDGE_CURVE('',#2611,#2611,#2195,.T.);
#3218=EDGE_CURVE('',#2246,#2612,#466,.T.);
#3219=EDGE_CURVE('',#2612,#2612,#2196,.T.);
#3220=EDGE_CURVE('',#2245,#2613,#467,.T.);
#3221=EDGE_CURVE('',#2613,#2613,#2197,.T.);
#3222=EDGE_CURVE('',#2244,#2614,#468,.T.);
#3223=EDGE_CURVE('',#2614,#2614,#2198,.T.);
#3224=EDGE_CURVE('',#2243,#2615,#469,.T.);
#3225=EDGE_CURVE('',#2615,#2615,#2199,.T.);
#3226=EDGE_CURVE('',#2242,#2616,#470,.T.);
#3227=EDGE_CURVE('',#2616,#2616,#2200,.T.);
#3228=EDGE_CURVE('',#2241,#2617,#471,.T.);
#3229=EDGE_CURVE('',#2617,#2617,#2201,.T.);
#3230=EDGE_CURVE('',#2240,#2618,#472,.T.);
#3231=EDGE_CURVE('',#2618,#2618,#2202,.T.);
#3232=EDGE_CURVE('',#2619,#2620,#473,.T.);
#3233=EDGE_CURVE('',#2620,#2236,#474,.T.);
#3234=EDGE_CURVE('',#2619,#2239,#475,.T.);
#3235=EDGE_CURVE('',#2621,#2619,#476,.T.);
#3236=EDGE_CURVE('',#2621,#2238,#477,.T.);
#3237=EDGE_CURVE('',#2622,#2621,#478,.T.);
#3238=EDGE_CURVE('',#2622,#2237,#479,.T.);
#3239=EDGE_CURVE('',#2620,#2622,#480,.T.);
#3240=EDGE_CURVE('',#2235,#2623,#481,.T.);
#3241=EDGE_CURVE('',#2623,#2623,#2203,.T.);
#3242=EDGE_CURVE('',#2234,#2624,#482,.T.);
#3243=EDGE_CURVE('',#2624,#2624,#2204,.T.);
#3244=EDGE_CURVE('',#2233,#2625,#483,.T.);
#3245=EDGE_CURVE('',#2625,#2625,#2205,.T.);
#3246=EDGE_CURVE('',#2232,#2626,#484,.T.);
#3247=EDGE_CURVE('',#2626,#2626,#2206,.T.);
#3248=EDGE_CURVE('',#2231,#2627,#485,.T.);
#3249=EDGE_CURVE('',#2627,#2627,#2207,.T.);
#3250=EDGE_CURVE('',#2230,#2628,#486,.T.);
#3251=EDGE_CURVE('',#2628,#2628,#2208,.T.);
#3252=EDGE_CURVE('',#2229,#2629,#487,.T.);
#3253=EDGE_CURVE('',#2629,#2629,#2209,.T.);
#3254=EDGE_CURVE('',#2228,#2630,#488,.T.);
#3255=EDGE_CURVE('',#2630,#2630,#2210,.T.);
#3256=EDGE_CURVE('',#2227,#2631,#489,.T.);
#3257=EDGE_CURVE('',#2631,#2631,#2211,.T.);
#3258=EDGE_CURVE('',#2226,#2632,#490,.T.);
#3259=EDGE_CURVE('',#2632,#2632,#2212,.T.);
#3260=EDGE_CURVE('',#2225,#2633,#491,.T.);
#3261=EDGE_CURVE('',#2633,#2633,#2213,.T.);
#3262=EDGE_CURVE('',#2634,#2635,#492,.T.);
#3263=EDGE_CURVE('',#2634,#2221,#493,.T.);
#3264=EDGE_CURVE('',#2635,#2224,#494,.T.);
#3265=EDGE_CURVE('',#2635,#2636,#495,.T.);
#3266=EDGE_CURVE('',#2636,#2223,#496,.T.);
#3267=EDGE_CURVE('',#2636,#2637,#497,.T.);
#3268=EDGE_CURVE('',#2637,#2222,#498,.T.);
#3269=EDGE_CURVE('',#2637,#2634,#499,.T.);
#3270=EDGE_CURVE('',#2638,#2638,#2214,.T.);
#3271=EDGE_CURVE('',#2639,#2639,#2215,.T.);
#3272=EDGE_CURVE('',#2424,#2217,#500,.T.);
#3273=EDGE_CURVE('',#2638,#2216,#501,.T.);
#3274=EDGE_CURVE('',#2220,#2219,#502,.T.);
#3275=EDGE_CURVE('',#2639,#2218,#503,.T.);
#3276=ORIENTED_EDGE('',*,*,#2640,.F.);
#3277=ORIENTED_EDGE('',*,*,#2641,.F.);
#3278=ORIENTED_EDGE('',*,*,#2642,.F.);
#3279=ORIENTED_EDGE('',*,*,#2643,.F.);
#3280=ORIENTED_EDGE('',*,*,#2644,.T.);
#3281=ORIENTED_EDGE('',*,*,#2645,.T.);
#3282=ORIENTED_EDGE('',*,*,#2646,.T.);
#3283=ORIENTED_EDGE('',*,*,#2647,.T.);
#3284=ORIENTED_EDGE('',*,*,#2648,.T.);
#3285=ORIENTED_EDGE('',*,*,#2649,.T.);
#3286=ORIENTED_EDGE('',*,*,#2650,.T.);
#3287=ORIENTED_EDGE('',*,*,#2651,.T.);
#3288=ORIENTED_EDGE('',*,*,#2652,.T.);
#3289=ORIENTED_EDGE('',*,*,#2653,.T.);
#3290=ORIENTED_EDGE('',*,*,#2654,.T.);
#3291=ORIENTED_EDGE('',*,*,#2655,.T.);
#3292=ORIENTED_EDGE('',*,*,#2656,.T.);
#3293=ORIENTED_EDGE('',*,*,#2657,.T.);
#3294=ORIENTED_EDGE('',*,*,#2658,.T.);
#3295=ORIENTED_EDGE('',*,*,#2659,.T.);
#3296=ORIENTED_EDGE('',*,*,#2660,.T.);
#3297=ORIENTED_EDGE('',*,*,#2661,.T.);
#3298=ORIENTED_EDGE('',*,*,#2662,.T.);
#3299=ORIENTED_EDGE('',*,*,#2663,.T.);
#3300=ORIENTED_EDGE('',*,*,#2664,.T.);
#3301=ORIENTED_EDGE('',*,*,#2665,.T.);
#3302=ORIENTED_EDGE('',*,*,#2666,.T.);
#3303=ORIENTED_EDGE('',*,*,#2667,.T.);
#3304=ORIENTED_EDGE('',*,*,#2668,.T.);
#3305=ORIENTED_EDGE('',*,*,#2669,.T.);
#3306=ORIENTED_EDGE('',*,*,#2670,.T.);
#3307=ORIENTED_EDGE('',*,*,#2671,.T.);
#3308=ORIENTED_EDGE('',*,*,#2672,.T.);
#3309=ORIENTED_EDGE('',*,*,#2673,.T.);
#3310=ORIENTED_EDGE('',*,*,#2674,.T.);
#3311=ORIENTED_EDGE('',*,*,#2675,.T.);
#3312=ORIENTED_EDGE('',*,*,#2676,.T.);
#3313=ORIENTED_EDGE('',*,*,#2677,.T.);
#3314=ORIENTED_EDGE('',*,*,#2678,.T.);
#3315=ORIENTED_EDGE('',*,*,#2679,.T.);
#3316=ORIENTED_EDGE('',*,*,#2680,.T.);
#3317=ORIENTED_EDGE('',*,*,#2681,.T.);
#3318=ORIENTED_EDGE('',*,*,#2682,.T.);
#3319=ORIENTED_EDGE('',*,*,#2683,.T.);
#3320=ORIENTED_EDGE('',*,*,#2684,.T.);
#3321=ORIENTED_EDGE('',*,*,#2685,.T.);
#3322=ORIENTED_EDGE('',*,*,#2686,.T.);
#3323=ORIENTED_EDGE('',*,*,#2687,.T.);
#3324=ORIENTED_EDGE('',*,*,#2688,.T.);
#3325=ORIENTED_EDGE('',*,*,#2689,.T.);
#3326=ORIENTED_EDGE('',*,*,#2690,.T.);
#3327=ORIENTED_EDGE('',*,*,#2691,.T.);
#3328=ORIENTED_EDGE('',*,*,#2692,.T.);
#3329=ORIENTED_EDGE('',*,*,#2693,.T.);
#3330=ORIENTED_EDGE('',*,*,#2694,.T.);
#3331=ORIENTED_EDGE('',*,*,#2695,.T.);
#3332=ORIENTED_EDGE('',*,*,#2696,.T.);
#3333=ORIENTED_EDGE('',*,*,#2697,.T.);
#3334=ORIENTED_EDGE('',*,*,#2698,.T.);
#3335=ORIENTED_EDGE('',*,*,#2699,.T.);
#3336=ORIENTED_EDGE('',*,*,#2700,.T.);
#3337=ORIENTED_EDGE('',*,*,#2701,.T.);
#3338=ORIENTED_EDGE('',*,*,#2702,.T.);
#3339=ORIENTED_EDGE('',*,*,#2703,.T.);
#3340=ORIENTED_EDGE('',*,*,#2704,.T.);
#3341=ORIENTED_EDGE('',*,*,#2705,.T.);
#3342=ORIENTED_EDGE('',*,*,#2706,.T.);
#3343=ORIENTED_EDGE('',*,*,#2707,.T.);
#3344=ORIENTED_EDGE('',*,*,#2708,.T.);
#3345=ORIENTED_EDGE('',*,*,#2709,.T.);
#3346=ORIENTED_EDGE('',*,*,#2710,.T.);
#3347=ORIENTED_EDGE('',*,*,#2711,.T.);
#3348=ORIENTED_EDGE('',*,*,#2712,.T.);
#3349=ORIENTED_EDGE('',*,*,#2713,.T.);
#3350=ORIENTED_EDGE('',*,*,#2714,.T.);
#3351=ORIENTED_EDGE('',*,*,#2715,.T.);
#3352=ORIENTED_EDGE('',*,*,#2716,.T.);
#3353=ORIENTED_EDGE('',*,*,#2717,.T.);
#3354=ORIENTED_EDGE('',*,*,#2718,.T.);
#3355=ORIENTED_EDGE('',*,*,#2719,.T.);
#3356=ORIENTED_EDGE('',*,*,#2720,.T.);
#3357=ORIENTED_EDGE('',*,*,#2721,.T.);
#3358=ORIENTED_EDGE('',*,*,#2722,.T.);
#3359=ORIENTED_EDGE('',*,*,#2723,.T.);
#3360=ORIENTED_EDGE('',*,*,#2724,.T.);
#3361=ORIENTED_EDGE('',*,*,#2725,.T.);
#3362=ORIENTED_EDGE('',*,*,#2726,.T.);
#3363=ORIENTED_EDGE('',*,*,#2727,.T.);
#3364=ORIENTED_EDGE('',*,*,#2728,.T.);
#3365=ORIENTED_EDGE('',*,*,#2729,.T.);
#3366=ORIENTED_EDGE('',*,*,#2730,.T.);
#3367=ORIENTED_EDGE('',*,*,#2731,.T.);
#3368=ORIENTED_EDGE('',*,*,#2732,.T.);
#3369=ORIENTED_EDGE('',*,*,#2733,.T.);
#3370=ORIENTED_EDGE('',*,*,#2734,.T.);
#3371=ORIENTED_EDGE('',*,*,#2735,.T.);
#3372=ORIENTED_EDGE('',*,*,#2736,.T.);
#3373=ORIENTED_EDGE('',*,*,#2737,.T.);
#3374=ORIENTED_EDGE('',*,*,#2738,.T.);
#3375=ORIENTED_EDGE('',*,*,#2739,.T.);
#3376=ORIENTED_EDGE('',*,*,#2740,.T.);
#3377=ORIENTED_EDGE('',*,*,#2741,.T.);
#3378=ORIENTED_EDGE('',*,*,#2742,.T.);
#3379=ORIENTED_EDGE('',*,*,#2743,.T.);
#3380=ORIENTED_EDGE('',*,*,#2744,.T.);
#3381=ORIENTED_EDGE('',*,*,#2745,.T.);
#3382=ORIENTED_EDGE('',*,*,#2746,.T.);
#3383=ORIENTED_EDGE('',*,*,#2747,.T.);
#3384=ORIENTED_EDGE('',*,*,#2748,.T.);
#3385=ORIENTED_EDGE('',*,*,#2749,.T.);
#3386=ORIENTED_EDGE('',*,*,#2750,.T.);
#3387=ORIENTED_EDGE('',*,*,#2751,.T.);
#3388=ORIENTED_EDGE('',*,*,#2752,.T.);
#3389=ORIENTED_EDGE('',*,*,#2753,.T.);
#3390=ORIENTED_EDGE('',*,*,#2754,.T.);
#3391=ORIENTED_EDGE('',*,*,#2755,.T.);
#3392=ORIENTED_EDGE('',*,*,#2756,.T.);
#3393=ORIENTED_EDGE('',*,*,#2757,.T.);
#3394=ORIENTED_EDGE('',*,*,#2758,.T.);
#3395=ORIENTED_EDGE('',*,*,#2759,.T.);
#3396=ORIENTED_EDGE('',*,*,#2760,.T.);
#3397=ORIENTED_EDGE('',*,*,#2761,.T.);
#3398=ORIENTED_EDGE('',*,*,#2762,.T.);
#3399=ORIENTED_EDGE('',*,*,#2763,.T.);
#3400=ORIENTED_EDGE('',*,*,#2764,.T.);
#3401=ORIENTED_EDGE('',*,*,#2765,.T.);
#3402=ORIENTED_EDGE('',*,*,#2766,.T.);
#3403=ORIENTED_EDGE('',*,*,#2767,.T.);
#3404=ORIENTED_EDGE('',*,*,#2768,.T.);
#3405=ORIENTED_EDGE('',*,*,#2769,.T.);
#3406=ORIENTED_EDGE('',*,*,#2770,.T.);
#3407=ORIENTED_EDGE('',*,*,#2771,.T.);
#3408=ORIENTED_EDGE('',*,*,#2772,.T.);
#3409=ORIENTED_EDGE('',*,*,#2773,.T.);
#3410=ORIENTED_EDGE('',*,*,#2774,.T.);
#3411=ORIENTED_EDGE('',*,*,#2775,.T.);
#3412=ORIENTED_EDGE('',*,*,#2776,.T.);
#3413=ORIENTED_EDGE('',*,*,#2777,.T.);
#3414=ORIENTED_EDGE('',*,*,#2778,.T.);
#3415=ORIENTED_EDGE('',*,*,#2779,.T.);
#3416=ORIENTED_EDGE('',*,*,#2780,.T.);
#3417=ORIENTED_EDGE('',*,*,#2781,.T.);
#3418=ORIENTED_EDGE('',*,*,#2782,.T.);
#3419=ORIENTED_EDGE('',*,*,#2783,.T.);
#3420=ORIENTED_EDGE('',*,*,#2784,.T.);
#3421=ORIENTED_EDGE('',*,*,#2785,.T.);
#3422=ORIENTED_EDGE('',*,*,#2786,.T.);
#3423=ORIENTED_EDGE('',*,*,#2787,.T.);
#3424=ORIENTED_EDGE('',*,*,#2788,.T.);
#3425=ORIENTED_EDGE('',*,*,#2789,.T.);
#3426=ORIENTED_EDGE('',*,*,#2790,.T.);
#3427=ORIENTED_EDGE('',*,*,#2791,.T.);
#3428=ORIENTED_EDGE('',*,*,#2792,.T.);
#3429=ORIENTED_EDGE('',*,*,#2793,.T.);
#3430=ORIENTED_EDGE('',*,*,#2794,.T.);
#3431=ORIENTED_EDGE('',*,*,#2795,.T.);
#3432=ORIENTED_EDGE('',*,*,#2796,.T.);
#3433=ORIENTED_EDGE('',*,*,#2797,.T.);
#3434=ORIENTED_EDGE('',*,*,#2798,.T.);
#3435=ORIENTED_EDGE('',*,*,#2799,.T.);
#3436=ORIENTED_EDGE('',*,*,#2800,.T.);
#3437=ORIENTED_EDGE('',*,*,#2801,.T.);
#3438=ORIENTED_EDGE('',*,*,#2802,.T.);
#3439=ORIENTED_EDGE('',*,*,#2803,.T.);
#3440=ORIENTED_EDGE('',*,*,#2804,.T.);
#3441=ORIENTED_EDGE('',*,*,#2805,.T.);
#3442=ORIENTED_EDGE('',*,*,#2806,.T.);
#3443=ORIENTED_EDGE('',*,*,#2807,.T.);
#3444=ORIENTED_EDGE('',*,*,#2808,.T.);
#3445=ORIENTED_EDGE('',*,*,#2809,.T.);
#3446=ORIENTED_EDGE('',*,*,#2810,.T.);
#3447=ORIENTED_EDGE('',*,*,#2811,.T.);
#3448=ORIENTED_EDGE('',*,*,#2812,.T.);
#3449=ORIENTED_EDGE('',*,*,#2813,.T.);
#3450=ORIENTED_EDGE('',*,*,#2814,.T.);
#3451=ORIENTED_EDGE('',*,*,#2815,.T.);
#3452=ORIENTED_EDGE('',*,*,#2816,.T.);
#3453=ORIENTED_EDGE('',*,*,#2817,.T.);
#3454=ORIENTED_EDGE('',*,*,#2818,.T.);
#3455=ORIENTED_EDGE('',*,*,#2819,.T.);
#3456=ORIENTED_EDGE('',*,*,#2820,.T.);
#3457=ORIENTED_EDGE('',*,*,#2821,.T.);
#3458=ORIENTED_EDGE('',*,*,#2822,.T.);
#3459=ORIENTED_EDGE('',*,*,#2823,.T.);
#3460=ORIENTED_EDGE('',*,*,#2824,.T.);
#3461=ORIENTED_EDGE('',*,*,#2825,.T.);
#3462=ORIENTED_EDGE('',*,*,#2826,.T.);
#3463=ORIENTED_EDGE('',*,*,#2827,.T.);
#3464=ORIENTED_EDGE('',*,*,#2828,.T.);
#3465=ORIENTED_EDGE('',*,*,#2829,.T.);
#3466=ORIENTED_EDGE('',*,*,#2830,.T.);
#3467=ORIENTED_EDGE('',*,*,#2831,.T.);
#3468=ORIENTED_EDGE('',*,*,#2832,.T.);
#3469=ORIENTED_EDGE('',*,*,#2833,.T.);
#3470=ORIENTED_EDGE('',*,*,#2834,.T.);
#3471=ORIENTED_EDGE('',*,*,#2835,.T.);
#3472=ORIENTED_EDGE('',*,*,#2836,.T.);
#3473=ORIENTED_EDGE('',*,*,#2837,.T.);
#3474=ORIENTED_EDGE('',*,*,#2838,.T.);
#3475=ORIENTED_EDGE('',*,*,#2839,.T.);
#3476=ORIENTED_EDGE('',*,*,#2840,.T.);
#3477=ORIENTED_EDGE('',*,*,#2841,.T.);
#3478=ORIENTED_EDGE('',*,*,#2842,.T.);
#3479=ORIENTED_EDGE('',*,*,#2843,.T.);
#3480=ORIENTED_EDGE('',*,*,#2844,.T.);
#3481=ORIENTED_EDGE('',*,*,#2845,.T.);
#3482=ORIENTED_EDGE('',*,*,#2846,.T.);
#3483=ORIENTED_EDGE('',*,*,#2847,.T.);
#3484=ORIENTED_EDGE('',*,*,#2848,.T.);
#3485=ORIENTED_EDGE('',*,*,#2849,.F.);
#3486=ORIENTED_EDGE('',*,*,#2850,.T.);
#3487=ORIENTED_EDGE('',*,*,#2851,.F.);
#3488=ORIENTED_EDGE('',*,*,#2850,.F.);
#3489=ORIENTED_EDGE('',*,*,#2852,.F.);
#3490=ORIENTED_EDGE('',*,*,#2853,.T.);
#3491=ORIENTED_EDGE('',*,*,#2854,.F.);
#3492=ORIENTED_EDGE('',*,*,#2855,.F.);
#3493=ORIENTED_EDGE('',*,*,#2856,.F.);
#3494=ORIENTED_EDGE('',*,*,#2855,.T.);
#3495=ORIENTED_EDGE('',*,*,#2857,.F.);
#3496=ORIENTED_EDGE('',*,*,#2853,.F.);
#3497=ORIENTED_EDGE('',*,*,#2857,.T.);
#3498=ORIENTED_EDGE('',*,*,#2854,.T.);
#3499=ORIENTED_EDGE('',*,*,#2849,.T.);
#3500=ORIENTED_EDGE('',*,*,#2851,.T.);
#3501=ORIENTED_EDGE('',*,*,#2858,.F.);
#3502=ORIENTED_EDGE('',*,*,#2859,.T.);
#3503=ORIENTED_EDGE('',*,*,#2860,.F.);
#3504=ORIENTED_EDGE('',*,*,#2859,.F.);
#3505=ORIENTED_EDGE('',*,*,#2861,.F.);
#3506=ORIENTED_EDGE('',*,*,#2862,.T.);
#3507=ORIENTED_EDGE('',*,*,#2863,.F.);
#3508=ORIENTED_EDGE('',*,*,#2862,.F.);
#3509=ORIENTED_EDGE('',*,*,#2861,.T.);
#3510=ORIENTED_EDGE('',*,*,#2858,.T.);
#3511=ORIENTED_EDGE('',*,*,#2860,.T.);
#3512=ORIENTED_EDGE('',*,*,#2847,.F.);
#3513=ORIENTED_EDGE('',*,*,#2864,.T.);
#3514=ORIENTED_EDGE('',*,*,#2865,.T.);
#3515=ORIENTED_EDGE('',*,*,#2864,.F.);
#3516=ORIENTED_EDGE('',*,*,#2846,.F.);
#3517=ORIENTED_EDGE('',*,*,#2866,.T.);
#3518=ORIENTED_EDGE('',*,*,#2867,.T.);
#3519=ORIENTED_EDGE('',*,*,#2866,.F.);
#3520=ORIENTED_EDGE('',*,*,#2845,.F.);
#3521=ORIENTED_EDGE('',*,*,#2868,.T.);
#3522=ORIENTED_EDGE('',*,*,#2869,.T.);
#3523=ORIENTED_EDGE('',*,*,#2868,.F.);
#3524=ORIENTED_EDGE('',*,*,#2844,.F.);
#3525=ORIENTED_EDGE('',*,*,#2870,.T.);
#3526=ORIENTED_EDGE('',*,*,#2871,.T.);
#3527=ORIENTED_EDGE('',*,*,#2870,.F.);
#3528=ORIENTED_EDGE('',*,*,#2843,.F.);
#3529=ORIENTED_EDGE('',*,*,#2872,.T.);
#3530=ORIENTED_EDGE('',*,*,#2873,.T.);
#3531=ORIENTED_EDGE('',*,*,#2872,.F.);
#3532=ORIENTED_EDGE('',*,*,#2842,.F.);
#3533=ORIENTED_EDGE('',*,*,#2874,.T.);
#3534=ORIENTED_EDGE('',*,*,#2875,.T.);
#3535=ORIENTED_EDGE('',*,*,#2874,.F.);
#3536=ORIENTED_EDGE('',*,*,#2841,.F.);
#3537=ORIENTED_EDGE('',*,*,#2876,.T.);
#3538=ORIENTED_EDGE('',*,*,#2877,.T.);
#3539=ORIENTED_EDGE('',*,*,#2876,.F.);
#3540=ORIENTED_EDGE('',*,*,#2840,.F.);
#3541=ORIENTED_EDGE('',*,*,#2878,.T.);
#3542=ORIENTED_EDGE('',*,*,#2879,.T.);
#3543=ORIENTED_EDGE('',*,*,#2878,.F.);
#3544=ORIENTED_EDGE('',*,*,#2839,.F.);
#3545=ORIENTED_EDGE('',*,*,#2880,.T.);
#3546=ORIENTED_EDGE('',*,*,#2881,.T.);
#3547=ORIENTED_EDGE('',*,*,#2880,.F.);
#3548=ORIENTED_EDGE('',*,*,#2838,.F.);
#3549=ORIENTED_EDGE('',*,*,#2882,.T.);
#3550=ORIENTED_EDGE('',*,*,#2883,.T.);
#3551=ORIENTED_EDGE('',*,*,#2882,.F.);
#3552=ORIENTED_EDGE('',*,*,#2837,.F.);
#3553=ORIENTED_EDGE('',*,*,#2884,.T.);
#3554=ORIENTED_EDGE('',*,*,#2885,.T.);
#3555=ORIENTED_EDGE('',*,*,#2884,.F.);
#3556=ORIENTED_EDGE('',*,*,#2836,.F.);
#3557=ORIENTED_EDGE('',*,*,#2886,.T.);
#3558=ORIENTED_EDGE('',*,*,#2887,.T.);
#3559=ORIENTED_EDGE('',*,*,#2886,.F.);
#3560=ORIENTED_EDGE('',*,*,#2835,.F.);
#3561=ORIENTED_EDGE('',*,*,#2888,.T.);
#3562=ORIENTED_EDGE('',*,*,#2889,.T.);
#3563=ORIENTED_EDGE('',*,*,#2888,.F.);
#3564=ORIENTED_EDGE('',*,*,#2834,.F.);
#3565=ORIENTED_EDGE('',*,*,#2890,.T.);
#3566=ORIENTED_EDGE('',*,*,#2891,.T.);
#3567=ORIENTED_EDGE('',*,*,#2890,.F.);
#3568=ORIENTED_EDGE('',*,*,#2833,.F.);
#3569=ORIENTED_EDGE('',*,*,#2892,.T.);
#3570=ORIENTED_EDGE('',*,*,#2893,.T.);
#3571=ORIENTED_EDGE('',*,*,#2892,.F.);
#3572=ORIENTED_EDGE('',*,*,#2832,.F.);
#3573=ORIENTED_EDGE('',*,*,#2894,.T.);
#3574=ORIENTED_EDGE('',*,*,#2895,.T.);
#3575=ORIENTED_EDGE('',*,*,#2894,.F.);
#3576=ORIENTED_EDGE('',*,*,#2896,.T.);
#3577=ORIENTED_EDGE('',*,*,#2897,.T.);
#3578=ORIENTED_EDGE('',*,*,#2831,.F.);
#3579=ORIENTED_EDGE('',*,*,#2898,.F.);
#3580=ORIENTED_EDGE('',*,*,#2899,.T.);
#3581=ORIENTED_EDGE('',*,*,#2898,.T.);
#3582=ORIENTED_EDGE('',*,*,#2830,.F.);
#3583=ORIENTED_EDGE('',*,*,#2900,.F.);
#3584=ORIENTED_EDGE('',*,*,#2901,.T.);
#3585=ORIENTED_EDGE('',*,*,#2900,.T.);
#3586=ORIENTED_EDGE('',*,*,#2829,.F.);
#3587=ORIENTED_EDGE('',*,*,#2902,.F.);
#3588=ORIENTED_EDGE('',*,*,#2903,.T.);
#3589=ORIENTED_EDGE('',*,*,#2902,.T.);
#3590=ORIENTED_EDGE('',*,*,#2828,.F.);
#3591=ORIENTED_EDGE('',*,*,#2897,.F.);
#3592=ORIENTED_EDGE('',*,*,#2827,.F.);
#3593=ORIENTED_EDGE('',*,*,#2904,.T.);
#3594=ORIENTED_EDGE('',*,*,#2905,.T.);
#3595=ORIENTED_EDGE('',*,*,#2904,.F.);
#3596=ORIENTED_EDGE('',*,*,#2826,.F.);
#3597=ORIENTED_EDGE('',*,*,#2906,.T.);
#3598=ORIENTED_EDGE('',*,*,#2907,.T.);
#3599=ORIENTED_EDGE('',*,*,#2906,.F.);
#3600=ORIENTED_EDGE('',*,*,#2825,.F.);
#3601=ORIENTED_EDGE('',*,*,#2908,.T.);
#3602=ORIENTED_EDGE('',*,*,#2909,.T.);
#3603=ORIENTED_EDGE('',*,*,#2908,.F.);
#3604=ORIENTED_EDGE('',*,*,#2824,.F.);
#3605=ORIENTED_EDGE('',*,*,#2910,.T.);
#3606=ORIENTED_EDGE('',*,*,#2911,.T.);
#3607=ORIENTED_EDGE('',*,*,#2910,.F.);
#3608=ORIENTED_EDGE('',*,*,#2823,.F.);
#3609=ORIENTED_EDGE('',*,*,#2912,.T.);
#3610=ORIENTED_EDGE('',*,*,#2913,.T.);
#3611=ORIENTED_EDGE('',*,*,#2912,.F.);
#3612=ORIENTED_EDGE('',*,*,#2822,.F.);
#3613=ORIENTED_EDGE('',*,*,#2914,.T.);
#3614=ORIENTED_EDGE('',*,*,#2915,.T.);
#3615=ORIENTED_EDGE('',*,*,#2914,.F.);
#3616=ORIENTED_EDGE('',*,*,#2916,.T.);
#3617=ORIENTED_EDGE('',*,*,#2917,.T.);
#3618=ORIENTED_EDGE('',*,*,#2821,.F.);
#3619=ORIENTED_EDGE('',*,*,#2918,.F.);
#3620=ORIENTED_EDGE('',*,*,#2919,.T.);
#3621=ORIENTED_EDGE('',*,*,#2918,.T.);
#3622=ORIENTED_EDGE('',*,*,#2820,.F.);
#3623=ORIENTED_EDGE('',*,*,#2920,.F.);
#3624=ORIENTED_EDGE('',*,*,#2921,.T.);
#3625=ORIENTED_EDGE('',*,*,#2920,.T.);
#3626=ORIENTED_EDGE('',*,*,#2819,.F.);
#3627=ORIENTED_EDGE('',*,*,#2922,.F.);
#3628=ORIENTED_EDGE('',*,*,#2923,.T.);
#3629=ORIENTED_EDGE('',*,*,#2922,.T.);
#3630=ORIENTED_EDGE('',*,*,#2818,.F.);
#3631=ORIENTED_EDGE('',*,*,#2917,.F.);
#3632=ORIENTED_EDGE('',*,*,#2817,.F.);
#3633=ORIENTED_EDGE('',*,*,#2924,.T.);
#3634=ORIENTED_EDGE('',*,*,#2925,.T.);
#3635=ORIENTED_EDGE('',*,*,#2924,.F.);
#3636=ORIENTED_EDGE('',*,*,#2926,.T.);
#3637=ORIENTED_EDGE('',*,*,#2927,.T.);
#3638=ORIENTED_EDGE('',*,*,#2816,.F.);
#3639=ORIENTED_EDGE('',*,*,#2928,.F.);
#3640=ORIENTED_EDGE('',*,*,#2929,.T.);
#3641=ORIENTED_EDGE('',*,*,#2928,.T.);
#3642=ORIENTED_EDGE('',*,*,#2815,.F.);
#3643=ORIENTED_EDGE('',*,*,#2930,.F.);
#3644=ORIENTED_EDGE('',*,*,#2931,.T.);
#3645=ORIENTED_EDGE('',*,*,#2930,.T.);
#3646=ORIENTED_EDGE('',*,*,#2814,.F.);
#3647=ORIENTED_EDGE('',*,*,#2932,.F.);
#3648=ORIENTED_EDGE('',*,*,#2933,.T.);
#3649=ORIENTED_EDGE('',*,*,#2932,.T.);
#3650=ORIENTED_EDGE('',*,*,#2813,.F.);
#3651=ORIENTED_EDGE('',*,*,#2927,.F.);
#3652=ORIENTED_EDGE('',*,*,#2812,.F.);
#3653=ORIENTED_EDGE('',*,*,#2934,.T.);
#3654=ORIENTED_EDGE('',*,*,#2935,.T.);
#3655=ORIENTED_EDGE('',*,*,#2934,.F.);
#3656=ORIENTED_EDGE('',*,*,#2811,.F.);
#3657=ORIENTED_EDGE('',*,*,#2936,.T.);
#3658=ORIENTED_EDGE('',*,*,#2937,.T.);
#3659=ORIENTED_EDGE('',*,*,#2936,.F.);
#3660=ORIENTED_EDGE('',*,*,#2810,.F.);
#3661=ORIENTED_EDGE('',*,*,#2938,.T.);
#3662=ORIENTED_EDGE('',*,*,#2939,.T.);
#3663=ORIENTED_EDGE('',*,*,#2938,.F.);
#3664=ORIENTED_EDGE('',*,*,#2809,.F.);
#3665=ORIENTED_EDGE('',*,*,#2940,.T.);
#3666=ORIENTED_EDGE('',*,*,#2941,.T.);
#3667=ORIENTED_EDGE('',*,*,#2940,.F.);
#3668=ORIENTED_EDGE('',*,*,#2808,.F.);
#3669=ORIENTED_EDGE('',*,*,#2942,.T.);
#3670=ORIENTED_EDGE('',*,*,#2943,.T.);
#3671=ORIENTED_EDGE('',*,*,#2942,.F.);
#3672=ORIENTED_EDGE('',*,*,#2807,.F.);
#3673=ORIENTED_EDGE('',*,*,#2944,.T.);
#3674=ORIENTED_EDGE('',*,*,#2945,.T.);
#3675=ORIENTED_EDGE('',*,*,#2944,.F.);
#3676=ORIENTED_EDGE('',*,*,#2806,.F.);
#3677=ORIENTED_EDGE('',*,*,#2946,.T.);
#3678=ORIENTED_EDGE('',*,*,#2947,.T.);
#3679=ORIENTED_EDGE('',*,*,#2946,.F.);
#3680=ORIENTED_EDGE('',*,*,#2805,.F.);
#3681=ORIENTED_EDGE('',*,*,#2948,.T.);
#3682=ORIENTED_EDGE('',*,*,#2949,.T.);
#3683=ORIENTED_EDGE('',*,*,#2948,.F.);
#3684=ORIENTED_EDGE('',*,*,#2804,.F.);
#3685=ORIENTED_EDGE('',*,*,#2950,.T.);
#3686=ORIENTED_EDGE('',*,*,#2951,.T.);
#3687=ORIENTED_EDGE('',*,*,#2950,.F.);
#3688=ORIENTED_EDGE('',*,*,#2803,.F.);
#3689=ORIENTED_EDGE('',*,*,#2952,.T.);
#3690=ORIENTED_EDGE('',*,*,#2953,.T.);
#3691=ORIENTED_EDGE('',*,*,#2952,.F.);
#3692=ORIENTED_EDGE('',*,*,#2802,.F.);
#3693=ORIENTED_EDGE('',*,*,#2954,.T.);
#3694=ORIENTED_EDGE('',*,*,#2955,.T.);
#3695=ORIENTED_EDGE('',*,*,#2954,.F.);
#3696=ORIENTED_EDGE('',*,*,#2801,.F.);
#3697=ORIENTED_EDGE('',*,*,#2956,.T.);
#3698=ORIENTED_EDGE('',*,*,#2957,.T.);
#3699=ORIENTED_EDGE('',*,*,#2956,.F.);
#3700=ORIENTED_EDGE('',*,*,#2800,.F.);
#3701=ORIENTED_EDGE('',*,*,#2958,.T.);
#3702=ORIENTED_EDGE('',*,*,#2959,.T.);
#3703=ORIENTED_EDGE('',*,*,#2958,.F.);
#3704=ORIENTED_EDGE('',*,*,#2799,.F.);
#3705=ORIENTED_EDGE('',*,*,#2960,.T.);
#3706=ORIENTED_EDGE('',*,*,#2961,.T.);
#3707=ORIENTED_EDGE('',*,*,#2960,.F.);
#3708=ORIENTED_EDGE('',*,*,#2798,.F.);
#3709=ORIENTED_EDGE('',*,*,#2962,.T.);
#3710=ORIENTED_EDGE('',*,*,#2963,.T.);
#3711=ORIENTED_EDGE('',*,*,#2962,.F.);
#3712=ORIENTED_EDGE('',*,*,#2797,.F.);
#3713=ORIENTED_EDGE('',*,*,#2964,.T.);
#3714=ORIENTED_EDGE('',*,*,#2965,.T.);
#3715=ORIENTED_EDGE('',*,*,#2964,.F.);
#3716=ORIENTED_EDGE('',*,*,#2796,.F.);
#3717=ORIENTED_EDGE('',*,*,#2966,.T.);
#3718=ORIENTED_EDGE('',*,*,#2967,.T.);
#3719=ORIENTED_EDGE('',*,*,#2966,.F.);
#3720=ORIENTED_EDGE('',*,*,#2795,.F.);
#3721=ORIENTED_EDGE('',*,*,#2968,.T.);
#3722=ORIENTED_EDGE('',*,*,#2969,.T.);
#3723=ORIENTED_EDGE('',*,*,#2968,.F.);
#3724=ORIENTED_EDGE('',*,*,#2970,.T.);
#3725=ORIENTED_EDGE('',*,*,#2971,.T.);
#3726=ORIENTED_EDGE('',*,*,#2794,.F.);
#3727=ORIENTED_EDGE('',*,*,#2972,.F.);
#3728=ORIENTED_EDGE('',*,*,#2973,.T.);
#3729=ORIENTED_EDGE('',*,*,#2972,.T.);
#3730=ORIENTED_EDGE('',*,*,#2793,.F.);
#3731=ORIENTED_EDGE('',*,*,#2974,.F.);
#3732=ORIENTED_EDGE('',*,*,#2975,.T.);
#3733=ORIENTED_EDGE('',*,*,#2974,.T.);
#3734=ORIENTED_EDGE('',*,*,#2792,.F.);
#3735=ORIENTED_EDGE('',*,*,#2976,.F.);
#3736=ORIENTED_EDGE('',*,*,#2977,.T.);
#3737=ORIENTED_EDGE('',*,*,#2976,.T.);
#3738=ORIENTED_EDGE('',*,*,#2791,.F.);
#3739=ORIENTED_EDGE('',*,*,#2971,.F.);
#3740=ORIENTED_EDGE('',*,*,#2978,.T.);
#3741=ORIENTED_EDGE('',*,*,#2979,.T.);
#3742=ORIENTED_EDGE('',*,*,#2790,.F.);
#3743=ORIENTED_EDGE('',*,*,#2980,.F.);
#3744=ORIENTED_EDGE('',*,*,#2981,.T.);
#3745=ORIENTED_EDGE('',*,*,#2980,.T.);
#3746=ORIENTED_EDGE('',*,*,#2789,.F.);
#3747=ORIENTED_EDGE('',*,*,#2982,.F.);
#3748=ORIENTED_EDGE('',*,*,#2983,.T.);
#3749=ORIENTED_EDGE('',*,*,#2982,.T.);
#3750=ORIENTED_EDGE('',*,*,#2788,.F.);
#3751=ORIENTED_EDGE('',*,*,#2984,.F.);
#3752=ORIENTED_EDGE('',*,*,#2985,.T.);
#3753=ORIENTED_EDGE('',*,*,#2984,.T.);
#3754=ORIENTED_EDGE('',*,*,#2787,.F.);
#3755=ORIENTED_EDGE('',*,*,#2979,.F.);
#3756=ORIENTED_EDGE('',*,*,#2986,.T.);
#3757=ORIENTED_EDGE('',*,*,#2987,.T.);
#3758=ORIENTED_EDGE('',*,*,#2786,.F.);
#3759=ORIENTED_EDGE('',*,*,#2988,.F.);
#3760=ORIENTED_EDGE('',*,*,#2989,.T.);
#3761=ORIENTED_EDGE('',*,*,#2988,.T.);
#3762=ORIENTED_EDGE('',*,*,#2785,.F.);
#3763=ORIENTED_EDGE('',*,*,#2990,.F.);
#3764=ORIENTED_EDGE('',*,*,#2991,.T.);
#3765=ORIENTED_EDGE('',*,*,#2990,.T.);
#3766=ORIENTED_EDGE('',*,*,#2784,.F.);
#3767=ORIENTED_EDGE('',*,*,#2992,.F.);
#3768=ORIENTED_EDGE('',*,*,#2993,.T.);
#3769=ORIENTED_EDGE('',*,*,#2992,.T.);
#3770=ORIENTED_EDGE('',*,*,#2783,.F.);
#3771=ORIENTED_EDGE('',*,*,#2987,.F.);
#3772=ORIENTED_EDGE('',*,*,#2782,.F.);
#3773=ORIENTED_EDGE('',*,*,#2994,.T.);
#3774=ORIENTED_EDGE('',*,*,#2995,.T.);
#3775=ORIENTED_EDGE('',*,*,#2994,.F.);
#3776=ORIENTED_EDGE('',*,*,#2781,.F.);
#3777=ORIENTED_EDGE('',*,*,#2996,.T.);
#3778=ORIENTED_EDGE('',*,*,#2997,.T.);
#3779=ORIENTED_EDGE('',*,*,#2996,.F.);
#3780=ORIENTED_EDGE('',*,*,#2780,.F.);
#3781=ORIENTED_EDGE('',*,*,#2998,.T.);
#3782=ORIENTED_EDGE('',*,*,#2999,.T.);
#3783=ORIENTED_EDGE('',*,*,#2998,.F.);
#3784=ORIENTED_EDGE('',*,*,#2779,.F.);
#3785=ORIENTED_EDGE('',*,*,#3000,.T.);
#3786=ORIENTED_EDGE('',*,*,#3001,.T.);
#3787=ORIENTED_EDGE('',*,*,#3000,.F.);
#3788=ORIENTED_EDGE('',*,*,#2778,.F.);
#3789=ORIENTED_EDGE('',*,*,#3002,.T.);
#3790=ORIENTED_EDGE('',*,*,#3003,.T.);
#3791=ORIENTED_EDGE('',*,*,#3002,.F.);
#3792=ORIENTED_EDGE('',*,*,#2777,.F.);
#3793=ORIENTED_EDGE('',*,*,#3004,.T.);
#3794=ORIENTED_EDGE('',*,*,#3005,.T.);
#3795=ORIENTED_EDGE('',*,*,#3004,.F.);
#3796=ORIENTED_EDGE('',*,*,#2776,.F.);
#3797=ORIENTED_EDGE('',*,*,#3006,.T.);
#3798=ORIENTED_EDGE('',*,*,#3007,.T.);
#3799=ORIENTED_EDGE('',*,*,#3006,.F.);
#3800=ORIENTED_EDGE('',*,*,#2775,.F.);
#3801=ORIENTED_EDGE('',*,*,#3008,.T.);
#3802=ORIENTED_EDGE('',*,*,#3009,.T.);
#3803=ORIENTED_EDGE('',*,*,#3008,.F.);
#3804=ORIENTED_EDGE('',*,*,#2774,.F.);
#3805=ORIENTED_EDGE('',*,*,#3010,.T.);
#3806=ORIENTED_EDGE('',*,*,#3011,.T.);
#3807=ORIENTED_EDGE('',*,*,#3010,.F.);
#3808=ORIENTED_EDGE('',*,*,#2773,.F.);
#3809=ORIENTED_EDGE('',*,*,#3012,.T.);
#3810=ORIENTED_EDGE('',*,*,#3013,.T.);
#3811=ORIENTED_EDGE('',*,*,#3012,.F.);
#3812=ORIENTED_EDGE('',*,*,#2772,.F.);
#3813=ORIENTED_EDGE('',*,*,#3014,.T.);
#3814=ORIENTED_EDGE('',*,*,#3015,.T.);
#3815=ORIENTED_EDGE('',*,*,#3014,.F.);
#3816=ORIENTED_EDGE('',*,*,#2771,.F.);
#3817=ORIENTED_EDGE('',*,*,#3016,.T.);
#3818=ORIENTED_EDGE('',*,*,#3017,.T.);
#3819=ORIENTED_EDGE('',*,*,#3016,.F.);
#3820=ORIENTED_EDGE('',*,*,#2770,.F.);
#3821=ORIENTED_EDGE('',*,*,#3018,.T.);
#3822=ORIENTED_EDGE('',*,*,#3019,.T.);
#3823=ORIENTED_EDGE('',*,*,#3018,.F.);
#3824=ORIENTED_EDGE('',*,*,#3020,.T.);
#3825=ORIENTED_EDGE('',*,*,#3021,.T.);
#3826=ORIENTED_EDGE('',*,*,#2769,.F.);
#3827=ORIENTED_EDGE('',*,*,#3022,.F.);
#3828=ORIENTED_EDGE('',*,*,#3023,.T.);
#3829=ORIENTED_EDGE('',*,*,#3022,.T.);
#3830=ORIENTED_EDGE('',*,*,#2768,.F.);
#3831=ORIENTED_EDGE('',*,*,#3024,.F.);
#3832=ORIENTED_EDGE('',*,*,#3025,.T.);
#3833=ORIENTED_EDGE('',*,*,#3024,.T.);
#3834=ORIENTED_EDGE('',*,*,#2767,.F.);
#3835=ORIENTED_EDGE('',*,*,#3026,.F.);
#3836=ORIENTED_EDGE('',*,*,#3027,.T.);
#3837=ORIENTED_EDGE('',*,*,#3026,.T.);
#3838=ORIENTED_EDGE('',*,*,#2766,.F.);
#3839=ORIENTED_EDGE('',*,*,#3021,.F.);
#3840=ORIENTED_EDGE('',*,*,#2765,.F.);
#3841=ORIENTED_EDGE('',*,*,#3028,.T.);
#3842=ORIENTED_EDGE('',*,*,#3029,.T.);
#3843=ORIENTED_EDGE('',*,*,#3028,.F.);
#3844=ORIENTED_EDGE('',*,*,#2764,.F.);
#3845=ORIENTED_EDGE('',*,*,#3030,.T.);
#3846=ORIENTED_EDGE('',*,*,#3031,.T.);
#3847=ORIENTED_EDGE('',*,*,#3030,.F.);
#3848=ORIENTED_EDGE('',*,*,#2763,.F.);
#3849=ORIENTED_EDGE('',*,*,#3032,.T.);
#3850=ORIENTED_EDGE('',*,*,#3033,.T.);
#3851=ORIENTED_EDGE('',*,*,#3032,.F.);
#3852=ORIENTED_EDGE('',*,*,#2762,.F.);
#3853=ORIENTED_EDGE('',*,*,#3034,.T.);
#3854=ORIENTED_EDGE('',*,*,#3035,.T.);
#3855=ORIENTED_EDGE('',*,*,#3034,.F.);
#3856=ORIENTED_EDGE('',*,*,#2761,.F.);
#3857=ORIENTED_EDGE('',*,*,#3036,.T.);
#3858=ORIENTED_EDGE('',*,*,#3037,.T.);
#3859=ORIENTED_EDGE('',*,*,#3036,.F.);
#3860=ORIENTED_EDGE('',*,*,#2760,.F.);
#3861=ORIENTED_EDGE('',*,*,#3038,.T.);
#3862=ORIENTED_EDGE('',*,*,#3039,.T.);
#3863=ORIENTED_EDGE('',*,*,#3038,.F.);
#3864=ORIENTED_EDGE('',*,*,#2759,.F.);
#3865=ORIENTED_EDGE('',*,*,#3040,.T.);
#3866=ORIENTED_EDGE('',*,*,#3041,.T.);
#3867=ORIENTED_EDGE('',*,*,#3040,.F.);
#3868=ORIENTED_EDGE('',*,*,#2758,.F.);
#3869=ORIENTED_EDGE('',*,*,#3042,.T.);
#3870=ORIENTED_EDGE('',*,*,#3043,.T.);
#3871=ORIENTED_EDGE('',*,*,#3042,.F.);
#3872=ORIENTED_EDGE('',*,*,#2757,.F.);
#3873=ORIENTED_EDGE('',*,*,#3044,.T.);
#3874=ORIENTED_EDGE('',*,*,#3045,.T.);
#3875=ORIENTED_EDGE('',*,*,#3044,.F.);
#3876=ORIENTED_EDGE('',*,*,#2756,.F.);
#3877=ORIENTED_EDGE('',*,*,#3046,.T.);
#3878=ORIENTED_EDGE('',*,*,#3047,.T.);
#3879=ORIENTED_EDGE('',*,*,#3046,.F.);
#3880=ORIENTED_EDGE('',*,*,#2755,.F.);
#3881=ORIENTED_EDGE('',*,*,#3048,.T.);
#3882=ORIENTED_EDGE('',*,*,#3049,.T.);
#3883=ORIENTED_EDGE('',*,*,#3048,.F.);
#3884=ORIENTED_EDGE('',*,*,#2754,.F.);
#3885=ORIENTED_EDGE('',*,*,#3050,.T.);
#3886=ORIENTED_EDGE('',*,*,#3051,.T.);
#3887=ORIENTED_EDGE('',*,*,#3050,.F.);
#3888=ORIENTED_EDGE('',*,*,#2753,.F.);
#3889=ORIENTED_EDGE('',*,*,#3052,.T.);
#3890=ORIENTED_EDGE('',*,*,#3053,.T.);
#3891=ORIENTED_EDGE('',*,*,#3052,.F.);
#3892=ORIENTED_EDGE('',*,*,#2752,.F.);
#3893=ORIENTED_EDGE('',*,*,#3054,.T.);
#3894=ORIENTED_EDGE('',*,*,#3055,.T.);
#3895=ORIENTED_EDGE('',*,*,#3054,.F.);
#3896=ORIENTED_EDGE('',*,*,#2751,.F.);
#3897=ORIENTED_EDGE('',*,*,#3056,.T.);
#3898=ORIENTED_EDGE('',*,*,#3057,.T.);
#3899=ORIENTED_EDGE('',*,*,#3056,.F.);
#3900=ORIENTED_EDGE('',*,*,#2750,.F.);
#3901=ORIENTED_EDGE('',*,*,#3058,.T.);
#3902=ORIENTED_EDGE('',*,*,#3059,.T.);
#3903=ORIENTED_EDGE('',*,*,#3058,.F.);
#3904=ORIENTED_EDGE('',*,*,#2749,.F.);
#3905=ORIENTED_EDGE('',*,*,#3060,.T.);
#3906=ORIENTED_EDGE('',*,*,#3061,.T.);
#3907=ORIENTED_EDGE('',*,*,#3060,.F.);
#3908=ORIENTED_EDGE('',*,*,#2748,.F.);
#3909=ORIENTED_EDGE('',*,*,#3062,.T.);
#3910=ORIENTED_EDGE('',*,*,#3063,.T.);
#3911=ORIENTED_EDGE('',*,*,#3062,.F.);
#3912=ORIENTED_EDGE('',*,*,#2747,.F.);
#3913=ORIENTED_EDGE('',*,*,#3064,.T.);
#3914=ORIENTED_EDGE('',*,*,#3065,.T.);
#3915=ORIENTED_EDGE('',*,*,#3064,.F.);
#3916=ORIENTED_EDGE('',*,*,#2746,.F.);
#3917=ORIENTED_EDGE('',*,*,#3066,.T.);
#3918=ORIENTED_EDGE('',*,*,#3067,.T.);
#3919=ORIENTED_EDGE('',*,*,#3066,.F.);
#3920=ORIENTED_EDGE('',*,*,#2745,.F.);
#3921=ORIENTED_EDGE('',*,*,#3068,.T.);
#3922=ORIENTED_EDGE('',*,*,#3069,.T.);
#3923=ORIENTED_EDGE('',*,*,#3068,.F.);
#3924=ORIENTED_EDGE('',*,*,#2744,.F.);
#3925=ORIENTED_EDGE('',*,*,#3070,.T.);
#3926=ORIENTED_EDGE('',*,*,#3071,.T.);
#3927=ORIENTED_EDGE('',*,*,#3070,.F.);
#3928=ORIENTED_EDGE('',*,*,#2743,.F.);
#3929=ORIENTED_EDGE('',*,*,#3072,.T.);
#3930=ORIENTED_EDGE('',*,*,#3073,.T.);
#3931=ORIENTED_EDGE('',*,*,#3072,.F.);
#3932=ORIENTED_EDGE('',*,*,#2742,.F.);
#3933=ORIENTED_EDGE('',*,*,#3074,.T.);
#3934=ORIENTED_EDGE('',*,*,#3075,.T.);
#3935=ORIENTED_EDGE('',*,*,#3074,.F.);
#3936=ORIENTED_EDGE('',*,*,#2741,.F.);
#3937=ORIENTED_EDGE('',*,*,#3076,.T.);
#3938=ORIENTED_EDGE('',*,*,#3077,.T.);
#3939=ORIENTED_EDGE('',*,*,#3076,.F.);
#3940=ORIENTED_EDGE('',*,*,#2740,.F.);
#3941=ORIENTED_EDGE('',*,*,#3078,.T.);
#3942=ORIENTED_EDGE('',*,*,#3079,.T.);
#3943=ORIENTED_EDGE('',*,*,#3078,.F.);
#3944=ORIENTED_EDGE('',*,*,#2739,.F.);
#3945=ORIENTED_EDGE('',*,*,#3080,.T.);
#3946=ORIENTED_EDGE('',*,*,#3081,.T.);
#3947=ORIENTED_EDGE('',*,*,#3080,.F.);
#3948=ORIENTED_EDGE('',*,*,#2738,.F.);
#3949=ORIENTED_EDGE('',*,*,#3082,.T.);
#3950=ORIENTED_EDGE('',*,*,#3083,.T.);
#3951=ORIENTED_EDGE('',*,*,#3082,.F.);
#3952=ORIENTED_EDGE('',*,*,#2737,.F.);
#3953=ORIENTED_EDGE('',*,*,#3084,.T.);
#3954=ORIENTED_EDGE('',*,*,#3085,.T.);
#3955=ORIENTED_EDGE('',*,*,#3084,.F.);
#3956=ORIENTED_EDGE('',*,*,#2736,.F.);
#3957=ORIENTED_EDGE('',*,*,#3086,.T.);
#3958=ORIENTED_EDGE('',*,*,#3087,.T.);
#3959=ORIENTED_EDGE('',*,*,#3086,.F.);
#3960=ORIENTED_EDGE('',*,*,#2735,.F.);
#3961=ORIENTED_EDGE('',*,*,#3088,.T.);
#3962=ORIENTED_EDGE('',*,*,#3089,.T.);
#3963=ORIENTED_EDGE('',*,*,#3088,.F.);
#3964=ORIENTED_EDGE('',*,*,#2734,.F.);
#3965=ORIENTED_EDGE('',*,*,#3090,.T.);
#3966=ORIENTED_EDGE('',*,*,#3091,.T.);
#3967=ORIENTED_EDGE('',*,*,#3090,.F.);
#3968=ORIENTED_EDGE('',*,*,#2733,.F.);
#3969=ORIENTED_EDGE('',*,*,#3092,.T.);
#3970=ORIENTED_EDGE('',*,*,#3093,.T.);
#3971=ORIENTED_EDGE('',*,*,#3092,.F.);
#3972=ORIENTED_EDGE('',*,*,#2732,.F.);
#3973=ORIENTED_EDGE('',*,*,#3094,.T.);
#3974=ORIENTED_EDGE('',*,*,#3095,.T.);
#3975=ORIENTED_EDGE('',*,*,#3094,.F.);
#3976=ORIENTED_EDGE('',*,*,#2731,.F.);
#3977=ORIENTED_EDGE('',*,*,#3096,.T.);
#3978=ORIENTED_EDGE('',*,*,#3097,.T.);
#3979=ORIENTED_EDGE('',*,*,#3096,.F.);
#3980=ORIENTED_EDGE('',*,*,#2730,.F.);
#3981=ORIENTED_EDGE('',*,*,#3098,.T.);
#3982=ORIENTED_EDGE('',*,*,#3099,.T.);
#3983=ORIENTED_EDGE('',*,*,#3098,.F.);
#3984=ORIENTED_EDGE('',*,*,#2729,.F.);
#3985=ORIENTED_EDGE('',*,*,#3100,.T.);
#3986=ORIENTED_EDGE('',*,*,#3101,.T.);
#3987=ORIENTED_EDGE('',*,*,#3100,.F.);
#3988=ORIENTED_EDGE('',*,*,#2728,.F.);
#3989=ORIENTED_EDGE('',*,*,#3102,.T.);
#3990=ORIENTED_EDGE('',*,*,#3103,.T.);
#3991=ORIENTED_EDGE('',*,*,#3102,.F.);
#3992=ORIENTED_EDGE('',*,*,#2727,.F.);
#3993=ORIENTED_EDGE('',*,*,#3104,.T.);
#3994=ORIENTED_EDGE('',*,*,#3105,.T.);
#3995=ORIENTED_EDGE('',*,*,#3104,.F.);
#3996=ORIENTED_EDGE('',*,*,#2726,.F.);
#3997=ORIENTED_EDGE('',*,*,#3106,.T.);
#3998=ORIENTED_EDGE('',*,*,#3107,.T.);
#3999=ORIENTED_EDGE('',*,*,#3106,.F.);
#4000=ORIENTED_EDGE('',*,*,#2725,.F.);
#4001=ORIENTED_EDGE('',*,*,#3108,.T.);
#4002=ORIENTED_EDGE('',*,*,#3109,.T.);
#4003=ORIENTED_EDGE('',*,*,#3108,.F.);
#4004=ORIENTED_EDGE('',*,*,#2724,.F.);
#4005=ORIENTED_EDGE('',*,*,#3110,.T.);
#4006=ORIENTED_EDGE('',*,*,#3111,.T.);
#4007=ORIENTED_EDGE('',*,*,#3110,.F.);
#4008=ORIENTED_EDGE('',*,*,#2723,.F.);
#4009=ORIENTED_EDGE('',*,*,#3112,.T.);
#4010=ORIENTED_EDGE('',*,*,#3113,.T.);
#4011=ORIENTED_EDGE('',*,*,#3112,.F.);
#4012=ORIENTED_EDGE('',*,*,#2722,.F.);
#4013=ORIENTED_EDGE('',*,*,#3114,.T.);
#4014=ORIENTED_EDGE('',*,*,#3115,.T.);
#4015=ORIENTED_EDGE('',*,*,#3114,.F.);
#4016=ORIENTED_EDGE('',*,*,#2721,.F.);
#4017=ORIENTED_EDGE('',*,*,#3116,.T.);
#4018=ORIENTED_EDGE('',*,*,#3117,.T.);
#4019=ORIENTED_EDGE('',*,*,#3116,.F.);
#4020=ORIENTED_EDGE('',*,*,#2720,.F.);
#4021=ORIENTED_EDGE('',*,*,#3118,.T.);
#4022=ORIENTED_EDGE('',*,*,#3119,.T.);
#4023=ORIENTED_EDGE('',*,*,#3118,.F.);
#4024=ORIENTED_EDGE('',*,*,#2719,.F.);
#4025=ORIENTED_EDGE('',*,*,#3120,.T.);
#4026=ORIENTED_EDGE('',*,*,#3121,.T.);
#4027=ORIENTED_EDGE('',*,*,#3120,.F.);
#4028=ORIENTED_EDGE('',*,*,#3122,.T.);
#4029=ORIENTED_EDGE('',*,*,#3123,.T.);
#4030=ORIENTED_EDGE('',*,*,#2718,.F.);
#4031=ORIENTED_EDGE('',*,*,#3124,.F.);
#4032=ORIENTED_EDGE('',*,*,#3125,.T.);
#4033=ORIENTED_EDGE('',*,*,#3124,.T.);
#4034=ORIENTED_EDGE('',*,*,#2717,.F.);
#4035=ORIENTED_EDGE('',*,*,#3126,.F.);
#4036=ORIENTED_EDGE('',*,*,#3127,.T.);
#4037=ORIENTED_EDGE('',*,*,#3126,.T.);
#4038=ORIENTED_EDGE('',*,*,#2716,.F.);
#4039=ORIENTED_EDGE('',*,*,#3128,.F.);
#4040=ORIENTED_EDGE('',*,*,#3129,.T.);
#4041=ORIENTED_EDGE('',*,*,#3128,.T.);
#4042=ORIENTED_EDGE('',*,*,#2715,.F.);
#4043=ORIENTED_EDGE('',*,*,#3123,.F.);
#4044=ORIENTED_EDGE('',*,*,#3130,.T.);
#4045=ORIENTED_EDGE('',*,*,#3131,.T.);
#4046=ORIENTED_EDGE('',*,*,#2714,.F.);
#4047=ORIENTED_EDGE('',*,*,#3132,.F.);
#4048=ORIENTED_EDGE('',*,*,#3133,.T.);
#4049=ORIENTED_EDGE('',*,*,#3132,.T.);
#4050=ORIENTED_EDGE('',*,*,#2713,.F.);
#4051=ORIENTED_EDGE('',*,*,#3134,.F.);
#4052=ORIENTED_EDGE('',*,*,#3135,.T.);
#4053=ORIENTED_EDGE('',*,*,#3134,.T.);
#4054=ORIENTED_EDGE('',*,*,#2712,.F.);
#4055=ORIENTED_EDGE('',*,*,#3136,.F.);
#4056=ORIENTED_EDGE('',*,*,#3137,.T.);
#4057=ORIENTED_EDGE('',*,*,#3136,.T.);
#4058=ORIENTED_EDGE('',*,*,#2711,.F.);
#4059=ORIENTED_EDGE('',*,*,#3131,.F.);
#4060=ORIENTED_EDGE('',*,*,#2710,.F.);
#4061=ORIENTED_EDGE('',*,*,#3138,.T.);
#4062=ORIENTED_EDGE('',*,*,#3139,.T.);
#4063=ORIENTED_EDGE('',*,*,#3138,.F.);
#4064=ORIENTED_EDGE('',*,*,#2709,.F.);
#4065=ORIENTED_EDGE('',*,*,#3140,.T.);
#4066=ORIENTED_EDGE('',*,*,#3141,.T.);
#4067=ORIENTED_EDGE('',*,*,#3140,.F.);
#4068=ORIENTED_EDGE('',*,*,#2708,.F.);
#4069=ORIENTED_EDGE('',*,*,#3142,.T.);
#4070=ORIENTED_EDGE('',*,*,#3143,.T.);
#4071=ORIENTED_EDGE('',*,*,#3142,.F.);
#4072=ORIENTED_EDGE('',*,*,#3144,.T.);
#4073=ORIENTED_EDGE('',*,*,#3145,.T.);
#4074=ORIENTED_EDGE('',*,*,#2707,.F.);
#4075=ORIENTED_EDGE('',*,*,#3146,.F.);
#4076=ORIENTED_EDGE('',*,*,#3147,.T.);
#4077=ORIENTED_EDGE('',*,*,#3146,.T.);
#4078=ORIENTED_EDGE('',*,*,#2706,.F.);
#4079=ORIENTED_EDGE('',*,*,#3148,.F.);
#4080=ORIENTED_EDGE('',*,*,#3149,.T.);
#4081=ORIENTED_EDGE('',*,*,#3148,.T.);
#4082=ORIENTED_EDGE('',*,*,#2705,.F.);
#4083=ORIENTED_EDGE('',*,*,#3150,.F.);
#4084=ORIENTED_EDGE('',*,*,#3151,.T.);
#4085=ORIENTED_EDGE('',*,*,#3150,.T.);
#4086=ORIENTED_EDGE('',*,*,#2704,.F.);
#4087=ORIENTED_EDGE('',*,*,#3145,.F.);
#4088=ORIENTED_EDGE('',*,*,#2703,.F.);
#4089=ORIENTED_EDGE('',*,*,#3152,.T.);
#4090=ORIENTED_EDGE('',*,*,#3153,.T.);
#4091=ORIENTED_EDGE('',*,*,#3152,.F.);
#4092=ORIENTED_EDGE('',*,*,#2702,.F.);
#4093=ORIENTED_EDGE('',*,*,#3154,.T.);
#4094=ORIENTED_EDGE('',*,*,#3155,.T.);
#4095=ORIENTED_EDGE('',*,*,#3154,.F.);
#4096=ORIENTED_EDGE('',*,*,#2701,.F.);
#4097=ORIENTED_EDGE('',*,*,#3156,.T.);
#4098=ORIENTED_EDGE('',*,*,#3157,.T.);
#4099=ORIENTED_EDGE('',*,*,#3156,.F.);
#4100=ORIENTED_EDGE('',*,*,#3158,.T.);
#4101=ORIENTED_EDGE('',*,*,#3159,.T.);
#4102=ORIENTED_EDGE('',*,*,#2700,.F.);
#4103=ORIENTED_EDGE('',*,*,#3160,.F.);
#4104=ORIENTED_EDGE('',*,*,#3161,.T.);
#4105=ORIENTED_EDGE('',*,*,#3160,.T.);
#4106=ORIENTED_EDGE('',*,*,#2699,.F.);
#4107=ORIENTED_EDGE('',*,*,#3162,.F.);
#4108=ORIENTED_EDGE('',*,*,#3163,.T.);
#4109=ORIENTED_EDGE('',*,*,#3162,.T.);
#4110=ORIENTED_EDGE('',*,*,#2698,.F.);
#4111=ORIENTED_EDGE('',*,*,#3164,.F.);
#4112=ORIENTED_EDGE('',*,*,#3165,.T.);
#4113=ORIENTED_EDGE('',*,*,#3164,.T.);
#4114=ORIENTED_EDGE('',*,*,#2697,.F.);
#4115=ORIENTED_EDGE('',*,*,#3159,.F.);
#4116=ORIENTED_EDGE('',*,*,#3166,.T.);
#4117=ORIENTED_EDGE('',*,*,#3167,.T.);
#4118=ORIENTED_EDGE('',*,*,#2696,.F.);
#4119=ORIENTED_EDGE('',*,*,#3168,.F.);
#4120=ORIENTED_EDGE('',*,*,#3169,.T.);
#4121=ORIENTED_EDGE('',*,*,#3168,.T.);
#4122=ORIENTED_EDGE('',*,*,#2695,.F.);
#4123=ORIENTED_EDGE('',*,*,#3170,.F.);
#4124=ORIENTED_EDGE('',*,*,#3171,.T.);
#4125=ORIENTED_EDGE('',*,*,#3170,.T.);
#4126=ORIENTED_EDGE('',*,*,#2694,.F.);
#4127=ORIENTED_EDGE('',*,*,#3172,.F.);
#4128=ORIENTED_EDGE('',*,*,#3173,.T.);
#4129=ORIENTED_EDGE('',*,*,#3172,.T.);
#4130=ORIENTED_EDGE('',*,*,#2693,.F.);
#4131=ORIENTED_EDGE('',*,*,#3167,.F.);
#4132=ORIENTED_EDGE('',*,*,#2692,.F.);
#4133=ORIENTED_EDGE('',*,*,#3174,.T.);
#4134=ORIENTED_EDGE('',*,*,#3175,.T.);
#4135=ORIENTED_EDGE('',*,*,#3174,.F.);
#4136=ORIENTED_EDGE('',*,*,#3176,.T.);
#4137=ORIENTED_EDGE('',*,*,#3177,.T.);
#4138=ORIENTED_EDGE('',*,*,#2691,.F.);
#4139=ORIENTED_EDGE('',*,*,#3178,.F.);
#4140=ORIENTED_EDGE('',*,*,#3179,.T.);
#4141=ORIENTED_EDGE('',*,*,#3178,.T.);
#4142=ORIENTED_EDGE('',*,*,#2690,.F.);
#4143=ORIENTED_EDGE('',*,*,#3180,.F.);
#4144=ORIENTED_EDGE('',*,*,#3181,.T.);
#4145=ORIENTED_EDGE('',*,*,#3180,.T.);
#4146=ORIENTED_EDGE('',*,*,#2689,.F.);
#4147=ORIENTED_EDGE('',*,*,#3182,.F.);
#4148=ORIENTED_EDGE('',*,*,#3183,.T.);
#4149=ORIENTED_EDGE('',*,*,#3182,.T.);
#4150=ORIENTED_EDGE('',*,*,#2688,.F.);
#4151=ORIENTED_EDGE('',*,*,#3177,.F.);
#4152=ORIENTED_EDGE('',*,*,#2687,.F.);
#4153=ORIENTED_EDGE('',*,*,#3184,.T.);
#4154=ORIENTED_EDGE('',*,*,#3185,.T.);
#4155=ORIENTED_EDGE('',*,*,#3184,.F.);
#4156=ORIENTED_EDGE('',*,*,#2686,.F.);
#4157=ORIENTED_EDGE('',*,*,#3186,.T.);
#4158=ORIENTED_EDGE('',*,*,#3187,.T.);
#4159=ORIENTED_EDGE('',*,*,#3186,.F.);
#4160=ORIENTED_EDGE('',*,*,#2685,.F.);
#4161=ORIENTED_EDGE('',*,*,#3188,.T.);
#4162=ORIENTED_EDGE('',*,*,#3189,.T.);
#4163=ORIENTED_EDGE('',*,*,#3188,.F.);
#4164=ORIENTED_EDGE('',*,*,#2684,.F.);
#4165=ORIENTED_EDGE('',*,*,#3190,.T.);
#4166=ORIENTED_EDGE('',*,*,#3191,.T.);
#4167=ORIENTED_EDGE('',*,*,#3190,.F.);
#4168=ORIENTED_EDGE('',*,*,#2683,.F.);
#4169=ORIENTED_EDGE('',*,*,#3192,.T.);
#4170=ORIENTED_EDGE('',*,*,#3193,.T.);
#4171=ORIENTED_EDGE('',*,*,#3192,.F.);
#4172=ORIENTED_EDGE('',*,*,#2682,.F.);
#4173=ORIENTED_EDGE('',*,*,#3194,.T.);
#4174=ORIENTED_EDGE('',*,*,#3195,.T.);
#4175=ORIENTED_EDGE('',*,*,#3194,.F.);
#4176=ORIENTED_EDGE('',*,*,#2681,.F.);
#4177=ORIENTED_EDGE('',*,*,#3196,.T.);
#4178=ORIENTED_EDGE('',*,*,#3197,.T.);
#4179=ORIENTED_EDGE('',*,*,#3196,.F.);
#4180=ORIENTED_EDGE('',*,*,#2680,.F.);
#4181=ORIENTED_EDGE('',*,*,#3198,.T.);
#4182=ORIENTED_EDGE('',*,*,#3199,.T.);
#4183=ORIENTED_EDGE('',*,*,#3198,.F.);
#4184=ORIENTED_EDGE('',*,*,#2679,.F.);
#4185=ORIENTED_EDGE('',*,*,#3200,.T.);
#4186=ORIENTED_EDGE('',*,*,#3201,.T.);
#4187=ORIENTED_EDGE('',*,*,#3200,.F.);
#4188=ORIENTED_EDGE('',*,*,#3202,.T.);
#4189=ORIENTED_EDGE('',*,*,#3203,.T.);
#4190=ORIENTED_EDGE('',*,*,#2678,.F.);
#4191=ORIENTED_EDGE('',*,*,#3204,.F.);
#4192=ORIENTED_EDGE('',*,*,#3205,.T.);
#4193=ORIENTED_EDGE('',*,*,#3204,.T.);
#4194=ORIENTED_EDGE('',*,*,#2677,.F.);
#4195=ORIENTED_EDGE('',*,*,#3206,.F.);
#4196=ORIENTED_EDGE('',*,*,#3207,.T.);
#4197=ORIENTED_EDGE('',*,*,#3206,.T.);
#4198=ORIENTED_EDGE('',*,*,#2676,.F.);
#4199=ORIENTED_EDGE('',*,*,#3208,.F.);
#4200=ORIENTED_EDGE('',*,*,#3209,.T.);
#4201=ORIENTED_EDGE('',*,*,#3208,.T.);
#4202=ORIENTED_EDGE('',*,*,#2675,.F.);
#4203=ORIENTED_EDGE('',*,*,#3203,.F.);
#4204=ORIENTED_EDGE('',*,*,#2674,.F.);
#4205=ORIENTED_EDGE('',*,*,#3210,.T.);
#4206=ORIENTED_EDGE('',*,*,#3211,.T.);
#4207=ORIENTED_EDGE('',*,*,#3210,.F.);
#4208=ORIENTED_EDGE('',*,*,#2673,.F.);
#4209=ORIENTED_EDGE('',*,*,#3212,.T.);
#4210=ORIENTED_EDGE('',*,*,#3213,.T.);
#4211=ORIENTED_EDGE('',*,*,#3212,.F.);
#4212=ORIENTED_EDGE('',*,*,#2672,.F.);
#4213=ORIENTED_EDGE('',*,*,#3214,.T.);
#4214=ORIENTED_EDGE('',*,*,#3215,.T.);
#4215=ORIENTED_EDGE('',*,*,#3214,.F.);
#4216=ORIENTED_EDGE('',*,*,#2671,.F.);
#4217=ORIENTED_EDGE('',*,*,#3216,.T.);
#4218=ORIENTED_EDGE('',*,*,#3217,.T.);
#4219=ORIENTED_EDGE('',*,*,#3216,.F.);
#4220=ORIENTED_EDGE('',*,*,#2670,.F.);
#4221=ORIENTED_EDGE('',*,*,#3218,.T.);
#4222=ORIENTED_EDGE('',*,*,#3219,.T.);
#4223=ORIENTED_EDGE('',*,*,#3218,.F.);
#4224=ORIENTED_EDGE('',*,*,#2669,.F.);
#4225=ORIENTED_EDGE('',*,*,#3220,.T.);
#4226=ORIENTED_EDGE('',*,*,#3221,.T.);
#4227=ORIENTED_EDGE('',*,*,#3220,.F.);
#4228=ORIENTED_EDGE('',*,*,#2668,.F.);
#4229=ORIENTED_EDGE('',*,*,#3222,.T.);
#4230=ORIENTED_EDGE('',*,*,#3223,.T.);
#4231=ORIENTED_EDGE('',*,*,#3222,.F.);
#4232=ORIENTED_EDGE('',*,*,#2667,.F.);
#4233=ORIENTED_EDGE('',*,*,#3224,.T.);
#4234=ORIENTED_EDGE('',*,*,#3225,.T.);
#4235=ORIENTED_EDGE('',*,*,#3224,.F.);
#4236=ORIENTED_EDGE('',*,*,#2666,.F.);
#4237=ORIENTED_EDGE('',*,*,#3226,.T.);
#4238=ORIENTED_EDGE('',*,*,#3227,.T.);
#4239=ORIENTED_EDGE('',*,*,#3226,.F.);
#4240=ORIENTED_EDGE('',*,*,#2665,.F.);
#4241=ORIENTED_EDGE('',*,*,#3228,.T.);
#4242=ORIENTED_EDGE('',*,*,#3229,.T.);
#4243=ORIENTED_EDGE('',*,*,#3228,.F.);
#4244=ORIENTED_EDGE('',*,*,#2664,.F.);
#4245=ORIENTED_EDGE('',*,*,#3230,.T.);
#4246=ORIENTED_EDGE('',*,*,#3231,.T.);
#4247=ORIENTED_EDGE('',*,*,#3230,.F.);
#4248=ORIENTED_EDGE('',*,*,#3232,.T.);
#4249=ORIENTED_EDGE('',*,*,#3233,.T.);
#4250=ORIENTED_EDGE('',*,*,#2663,.F.);
#4251=ORIENTED_EDGE('',*,*,#3234,.F.);
#4252=ORIENTED_EDGE('',*,*,#3235,.T.);
#4253=ORIENTED_EDGE('',*,*,#3234,.T.);
#4254=ORIENTED_EDGE('',*,*,#2662,.F.);
#4255=ORIENTED_EDGE('',*,*,#3236,.F.);
#4256=ORIENTED_EDGE('',*,*,#3237,.T.);
#4257=ORIENTED_EDGE('',*,*,#3236,.T.);
#4258=ORIENTED_EDGE('',*,*,#2661,.F.);
#4259=ORIENTED_EDGE('',*,*,#3238,.F.);
#4260=ORIENTED_EDGE('',*,*,#3239,.T.);
#4261=ORIENTED_EDGE('',*,*,#3238,.T.);
#4262=ORIENTED_EDGE('',*,*,#2660,.F.);
#4263=ORIENTED_EDGE('',*,*,#3233,.F.);
#4264=ORIENTED_EDGE('',*,*,#2659,.F.);
#4265=ORIENTED_EDGE('',*,*,#3240,.T.);
#4266=ORIENTED_EDGE('',*,*,#3241,.T.);
#4267=ORIENTED_EDGE('',*,*,#3240,.F.);
#4268=ORIENTED_EDGE('',*,*,#2658,.F.);
#4269=ORIENTED_EDGE('',*,*,#3242,.T.);
#4270=ORIENTED_EDGE('',*,*,#3243,.T.);
#4271=ORIENTED_EDGE('',*,*,#3242,.F.);
#4272=ORIENTED_EDGE('',*,*,#2657,.F.);
#4273=ORIENTED_EDGE('',*,*,#3244,.T.);
#4274=ORIENTED_EDGE('',*,*,#3245,.T.);
#4275=ORIENTED_EDGE('',*,*,#3244,.F.);
#4276=ORIENTED_EDGE('',*,*,#2656,.F.);
#4277=ORIENTED_EDGE('',*,*,#3246,.T.);
#4278=ORIENTED_EDGE('',*,*,#3247,.T.);
#4279=ORIENTED_EDGE('',*,*,#3246,.F.);
#4280=ORIENTED_EDGE('',*,*,#2655,.F.);
#4281=ORIENTED_EDGE('',*,*,#3248,.T.);
#4282=ORIENTED_EDGE('',*,*,#3249,.T.);
#4283=ORIENTED_EDGE('',*,*,#3248,.F.);
#4284=ORIENTED_EDGE('',*,*,#2654,.F.);
#4285=ORIENTED_EDGE('',*,*,#3250,.T.);
#4286=ORIENTED_EDGE('',*,*,#3251,.T.);
#4287=ORIENTED_EDGE('',*,*,#3250,.F.);
#4288=ORIENTED_EDGE('',*,*,#2653,.F.);
#4289=ORIENTED_EDGE('',*,*,#3252,.T.);
#4290=ORIENTED_EDGE('',*,*,#3253,.T.);
#4291=ORIENTED_EDGE('',*,*,#3252,.F.);
#4292=ORIENTED_EDGE('',*,*,#2652,.F.);
#4293=ORIENTED_EDGE('',*,*,#3254,.T.);
#4294=ORIENTED_EDGE('',*,*,#3255,.T.);
#4295=ORIENTED_EDGE('',*,*,#3254,.F.);
#4296=ORIENTED_EDGE('',*,*,#2651,.F.);
#4297=ORIENTED_EDGE('',*,*,#3256,.T.);
#4298=ORIENTED_EDGE('',*,*,#3257,.T.);
#4299=ORIENTED_EDGE('',*,*,#3256,.F.);
#4300=ORIENTED_EDGE('',*,*,#2650,.F.);
#4301=ORIENTED_EDGE('',*,*,#3258,.T.);
#4302=ORIENTED_EDGE('',*,*,#3259,.T.);
#4303=ORIENTED_EDGE('',*,*,#3258,.F.);
#4304=ORIENTED_EDGE('',*,*,#2649,.F.);
#4305=ORIENTED_EDGE('',*,*,#3260,.T.);
#4306=ORIENTED_EDGE('',*,*,#3261,.T.);
#4307=ORIENTED_EDGE('',*,*,#3260,.F.);
#4308=ORIENTED_EDGE('',*,*,#3262,.F.);
#4309=ORIENTED_EDGE('',*,*,#3263,.T.);
#4310=ORIENTED_EDGE('',*,*,#2648,.F.);
#4311=ORIENTED_EDGE('',*,*,#3264,.F.);
#4312=ORIENTED_EDGE('',*,*,#3265,.F.);
#4313=ORIENTED_EDGE('',*,*,#3264,.T.);
#4314=ORIENTED_EDGE('',*,*,#2647,.F.);
#4315=ORIENTED_EDGE('',*,*,#3266,.F.);
#4316=ORIENTED_EDGE('',*,*,#3267,.F.);
#4317=ORIENTED_EDGE('',*,*,#3266,.T.);
#4318=ORIENTED_EDGE('',*,*,#2646,.F.);
#4319=ORIENTED_EDGE('',*,*,#3268,.F.);
#4320=ORIENTED_EDGE('',*,*,#3269,.F.);
#4321=ORIENTED_EDGE('',*,*,#3268,.T.);
#4322=ORIENTED_EDGE('',*,*,#2645,.F.);
#4323=ORIENTED_EDGE('',*,*,#3263,.F.);
#4324=ORIENTED_EDGE('',*,*,#3269,.T.);
#4325=ORIENTED_EDGE('',*,*,#3262,.T.);
#4326=ORIENTED_EDGE('',*,*,#3265,.T.);
#4327=ORIENTED_EDGE('',*,*,#3267,.T.);
#4328=ORIENTED_EDGE('',*,*,#3270,.T.);
#4329=ORIENTED_EDGE('',*,*,#2863,.T.);
#4330=ORIENTED_EDGE('',*,*,#3261,.F.);
#4331=ORIENTED_EDGE('',*,*,#3259,.F.);
#4332=ORIENTED_EDGE('',*,*,#3257,.F.);
#4333=ORIENTED_EDGE('',*,*,#3255,.F.);
#4334=ORIENTED_EDGE('',*,*,#3253,.F.);
#4335=ORIENTED_EDGE('',*,*,#3251,.F.);
#4336=ORIENTED_EDGE('',*,*,#3249,.F.);
#4337=ORIENTED_EDGE('',*,*,#3247,.F.);
#4338=ORIENTED_EDGE('',*,*,#3245,.F.);
#4339=ORIENTED_EDGE('',*,*,#3243,.F.);
#4340=ORIENTED_EDGE('',*,*,#3241,.F.);
#4341=ORIENTED_EDGE('',*,*,#3239,.F.);
#4342=ORIENTED_EDGE('',*,*,#3232,.F.);
#4343=ORIENTED_EDGE('',*,*,#3235,.F.);
#4344=ORIENTED_EDGE('',*,*,#3237,.F.);
#4345=ORIENTED_EDGE('',*,*,#3231,.F.);
#4346=ORIENTED_EDGE('',*,*,#3229,.F.);
#4347=ORIENTED_EDGE('',*,*,#3227,.F.);
#4348=ORIENTED_EDGE('',*,*,#3225,.F.);
#4349=ORIENTED_EDGE('',*,*,#3223,.F.);
#4350=ORIENTED_EDGE('',*,*,#3221,.F.);
#4351=ORIENTED_EDGE('',*,*,#3219,.F.);
#4352=ORIENTED_EDGE('',*,*,#3217,.F.);
#4353=ORIENTED_EDGE('',*,*,#3215,.F.);
#4354=ORIENTED_EDGE('',*,*,#3213,.F.);
#4355=ORIENTED_EDGE('',*,*,#3211,.F.);
#4356=ORIENTED_EDGE('',*,*,#3209,.F.);
#4357=ORIENTED_EDGE('',*,*,#3202,.F.);
#4358=ORIENTED_EDGE('',*,*,#3205,.F.);
#4359=ORIENTED_EDGE('',*,*,#3207,.F.);
#4360=ORIENTED_EDGE('',*,*,#3201,.F.);
#4361=ORIENTED_EDGE('',*,*,#3199,.F.);
#4362=ORIENTED_EDGE('',*,*,#3197,.F.);
#4363=ORIENTED_EDGE('',*,*,#3195,.F.);
#4364=ORIENTED_EDGE('',*,*,#3193,.F.);
#4365=ORIENTED_EDGE('',*,*,#3191,.F.);
#4366=ORIENTED_EDGE('',*,*,#3189,.F.);
#4367=ORIENTED_EDGE('',*,*,#3187,.F.);
#4368=ORIENTED_EDGE('',*,*,#3185,.F.);
#4369=ORIENTED_EDGE('',*,*,#3183,.F.);
#4370=ORIENTED_EDGE('',*,*,#3176,.F.);
#4371=ORIENTED_EDGE('',*,*,#3179,.F.);
#4372=ORIENTED_EDGE('',*,*,#3181,.F.);
#4373=ORIENTED_EDGE('',*,*,#3175,.F.);
#4374=ORIENTED_EDGE('',*,*,#3173,.F.);
#4375=ORIENTED_EDGE('',*,*,#3166,.F.);
#4376=ORIENTED_EDGE('',*,*,#3169,.F.);
#4377=ORIENTED_EDGE('',*,*,#3171,.F.);
#4378=ORIENTED_EDGE('',*,*,#3165,.F.);
#4379=ORIENTED_EDGE('',*,*,#3158,.F.);
#4380=ORIENTED_EDGE('',*,*,#3161,.F.);
#4381=ORIENTED_EDGE('',*,*,#3163,.F.);
#4382=ORIENTED_EDGE('',*,*,#3157,.F.);
#4383=ORIENTED_EDGE('',*,*,#3155,.F.);
#4384=ORIENTED_EDGE('',*,*,#3153,.F.);
#4385=ORIENTED_EDGE('',*,*,#3151,.F.);
#4386=ORIENTED_EDGE('',*,*,#3144,.F.);
#4387=ORIENTED_EDGE('',*,*,#3147,.F.);
#4388=ORIENTED_EDGE('',*,*,#3149,.F.);
#4389=ORIENTED_EDGE('',*,*,#3143,.F.);
#4390=ORIENTED_EDGE('',*,*,#3141,.F.);
#4391=ORIENTED_EDGE('',*,*,#3139,.F.);
#4392=ORIENTED_EDGE('',*,*,#3137,.F.);
#4393=ORIENTED_EDGE('',*,*,#3130,.F.);
#4394=ORIENTED_EDGE('',*,*,#3133,.F.);
#4395=ORIENTED_EDGE('',*,*,#3135,.F.);
#4396=ORIENTED_EDGE('',*,*,#3129,.F.);
#4397=ORIENTED_EDGE('',*,*,#3122,.F.);
#4398=ORIENTED_EDGE('',*,*,#3125,.F.);
#4399=ORIENTED_EDGE('',*,*,#3127,.F.);
#4400=ORIENTED_EDGE('',*,*,#3121,.F.);
#4401=ORIENTED_EDGE('',*,*,#3119,.F.);
#4402=ORIENTED_EDGE('',*,*,#3117,.F.);
#4403=ORIENTED_EDGE('',*,*,#3115,.F.);
#4404=ORIENTED_EDGE('',*,*,#3113,.F.);
#4405=ORIENTED_EDGE('',*,*,#3111,.F.);
#4406=ORIENTED_EDGE('',*,*,#3109,.F.);
#4407=ORIENTED_EDGE('',*,*,#3107,.F.);
#4408=ORIENTED_EDGE('',*,*,#3105,.F.);
#4409=ORIENTED_EDGE('',*,*,#3103,.F.);
#4410=ORIENTED_EDGE('',*,*,#3101,.F.);
#4411=ORIENTED_EDGE('',*,*,#3099,.F.);
#4412=ORIENTED_EDGE('',*,*,#3097,.F.);
#4413=ORIENTED_EDGE('',*,*,#3095,.F.);
#4414=ORIENTED_EDGE('',*,*,#3093,.F.);
#4415=ORIENTED_EDGE('',*,*,#3091,.F.);
#4416=ORIENTED_EDGE('',*,*,#3089,.F.);
#4417=ORIENTED_EDGE('',*,*,#3087,.F.);
#4418=ORIENTED_EDGE('',*,*,#3085,.F.);
#4419=ORIENTED_EDGE('',*,*,#3083,.F.);
#4420=ORIENTED_EDGE('',*,*,#3081,.F.);
#4421=ORIENTED_EDGE('',*,*,#3079,.F.);
#4422=ORIENTED_EDGE('',*,*,#3077,.F.);
#4423=ORIENTED_EDGE('',*,*,#3075,.F.);
#4424=ORIENTED_EDGE('',*,*,#3073,.F.);
#4425=ORIENTED_EDGE('',*,*,#3071,.F.);
#4426=ORIENTED_EDGE('',*,*,#3069,.F.);
#4427=ORIENTED_EDGE('',*,*,#3067,.F.);
#4428=ORIENTED_EDGE('',*,*,#3065,.F.);
#4429=ORIENTED_EDGE('',*,*,#3063,.F.);
#4430=ORIENTED_EDGE('',*,*,#3061,.F.);
#4431=ORIENTED_EDGE('',*,*,#3059,.F.);
#4432=ORIENTED_EDGE('',*,*,#3057,.F.);
#4433=ORIENTED_EDGE('',*,*,#3055,.F.);
#4434=ORIENTED_EDGE('',*,*,#3053,.F.);
#4435=ORIENTED_EDGE('',*,*,#3051,.F.);
#4436=ORIENTED_EDGE('',*,*,#3049,.F.);
#4437=ORIENTED_EDGE('',*,*,#3047,.F.);
#4438=ORIENTED_EDGE('',*,*,#3045,.F.);
#4439=ORIENTED_EDGE('',*,*,#3043,.F.);
#4440=ORIENTED_EDGE('',*,*,#3041,.F.);
#4441=ORIENTED_EDGE('',*,*,#3039,.F.);
#4442=ORIENTED_EDGE('',*,*,#3037,.F.);
#4443=ORIENTED_EDGE('',*,*,#3035,.F.);
#4444=ORIENTED_EDGE('',*,*,#3033,.F.);
#4445=ORIENTED_EDGE('',*,*,#3031,.F.);
#4446=ORIENTED_EDGE('',*,*,#3029,.F.);
#4447=ORIENTED_EDGE('',*,*,#3027,.F.);
#4448=ORIENTED_EDGE('',*,*,#3020,.F.);
#4449=ORIENTED_EDGE('',*,*,#3023,.F.);
#4450=ORIENTED_EDGE('',*,*,#3025,.F.);
#4451=ORIENTED_EDGE('',*,*,#3019,.F.);
#4452=ORIENTED_EDGE('',*,*,#3017,.F.);
#4453=ORIENTED_EDGE('',*,*,#3015,.F.);
#4454=ORIENTED_EDGE('',*,*,#3013,.F.);
#4455=ORIENTED_EDGE('',*,*,#3011,.F.);
#4456=ORIENTED_EDGE('',*,*,#3009,.F.);
#4457=ORIENTED_EDGE('',*,*,#3007,.F.);
#4458=ORIENTED_EDGE('',*,*,#3005,.F.);
#4459=ORIENTED_EDGE('',*,*,#3003,.F.);
#4460=ORIENTED_EDGE('',*,*,#3001,.F.);
#4461=ORIENTED_EDGE('',*,*,#2999,.F.);
#4462=ORIENTED_EDGE('',*,*,#2997,.F.);
#4463=ORIENTED_EDGE('',*,*,#2995,.F.);
#4464=ORIENTED_EDGE('',*,*,#2993,.F.);
#4465=ORIENTED_EDGE('',*,*,#2986,.F.);
#4466=ORIENTED_EDGE('',*,*,#2989,.F.);
#4467=ORIENTED_EDGE('',*,*,#2991,.F.);
#4468=ORIENTED_EDGE('',*,*,#2985,.F.);
#4469=ORIENTED_EDGE('',*,*,#2978,.F.);
#4470=ORIENTED_EDGE('',*,*,#2981,.F.);
#4471=ORIENTED_EDGE('',*,*,#2983,.F.);
#4472=ORIENTED_EDGE('',*,*,#2977,.F.);
#4473=ORIENTED_EDGE('',*,*,#2970,.F.);
#4474=ORIENTED_EDGE('',*,*,#2973,.F.);
#4475=ORIENTED_EDGE('',*,*,#2975,.F.);
#4476=ORIENTED_EDGE('',*,*,#2969,.F.);
#4477=ORIENTED_EDGE('',*,*,#2967,.F.);
#4478=ORIENTED_EDGE('',*,*,#2965,.F.);
#4479=ORIENTED_EDGE('',*,*,#2963,.F.);
#4480=ORIENTED_EDGE('',*,*,#2961,.F.);
#4481=ORIENTED_EDGE('',*,*,#2959,.F.);
#4482=ORIENTED_EDGE('',*,*,#2957,.F.);
#4483=ORIENTED_EDGE('',*,*,#2955,.F.);
#4484=ORIENTED_EDGE('',*,*,#2953,.F.);
#4485=ORIENTED_EDGE('',*,*,#2951,.F.);
#4486=ORIENTED_EDGE('',*,*,#2949,.F.);
#4487=ORIENTED_EDGE('',*,*,#2947,.F.);
#4488=ORIENTED_EDGE('',*,*,#2945,.F.);
#4489=ORIENTED_EDGE('',*,*,#2943,.F.);
#4490=ORIENTED_EDGE('',*,*,#2941,.F.);
#4491=ORIENTED_EDGE('',*,*,#2939,.F.);
#4492=ORIENTED_EDGE('',*,*,#2937,.F.);
#4493=ORIENTED_EDGE('',*,*,#2935,.F.);
#4494=ORIENTED_EDGE('',*,*,#2933,.F.);
#4495=ORIENTED_EDGE('',*,*,#2926,.F.);
#4496=ORIENTED_EDGE('',*,*,#2929,.F.);
#4497=ORIENTED_EDGE('',*,*,#2931,.F.);
#4498=ORIENTED_EDGE('',*,*,#2925,.F.);
#4499=ORIENTED_EDGE('',*,*,#2923,.F.);
#4500=ORIENTED_EDGE('',*,*,#2916,.F.);
#4501=ORIENTED_EDGE('',*,*,#2919,.F.);
#4502=ORIENTED_EDGE('',*,*,#2921,.F.);
#4503=ORIENTED_EDGE('',*,*,#2915,.F.);
#4504=ORIENTED_EDGE('',*,*,#2913,.F.);
#4505=ORIENTED_EDGE('',*,*,#2911,.F.);
#4506=ORIENTED_EDGE('',*,*,#2909,.F.);
#4507=ORIENTED_EDGE('',*,*,#2907,.F.);
#4508=ORIENTED_EDGE('',*,*,#2905,.F.);
#4509=ORIENTED_EDGE('',*,*,#2903,.F.);
#4510=ORIENTED_EDGE('',*,*,#2896,.F.);
#4511=ORIENTED_EDGE('',*,*,#2899,.F.);
#4512=ORIENTED_EDGE('',*,*,#2901,.F.);
#4513=ORIENTED_EDGE('',*,*,#2895,.F.);
#4514=ORIENTED_EDGE('',*,*,#2893,.F.);
#4515=ORIENTED_EDGE('',*,*,#2891,.F.);
#4516=ORIENTED_EDGE('',*,*,#2889,.F.);
#4517=ORIENTED_EDGE('',*,*,#2887,.F.);
#4518=ORIENTED_EDGE('',*,*,#2885,.F.);
#4519=ORIENTED_EDGE('',*,*,#2883,.F.);
#4520=ORIENTED_EDGE('',*,*,#2881,.F.);
#4521=ORIENTED_EDGE('',*,*,#2879,.F.);
#4522=ORIENTED_EDGE('',*,*,#2877,.F.);
#4523=ORIENTED_EDGE('',*,*,#2875,.F.);
#4524=ORIENTED_EDGE('',*,*,#2873,.F.);
#4525=ORIENTED_EDGE('',*,*,#2871,.F.);
#4526=ORIENTED_EDGE('',*,*,#2869,.F.);
#4527=ORIENTED_EDGE('',*,*,#2867,.F.);
#4528=ORIENTED_EDGE('',*,*,#2865,.F.);
#4529=ORIENTED_EDGE('',*,*,#2852,.T.);
#4530=ORIENTED_EDGE('',*,*,#2856,.T.);
#4531=ORIENTED_EDGE('',*,*,#3271,.T.);
#4532=ORIENTED_EDGE('',*,*,#2848,.F.);
#4533=ORIENTED_EDGE('',*,*,#3272,.T.);
#4534=ORIENTED_EDGE('',*,*,#2641,.T.);
#4535=ORIENTED_EDGE('',*,*,#3272,.F.);
#4536=ORIENTED_EDGE('',*,*,#3270,.F.);
#4537=ORIENTED_EDGE('',*,*,#3273,.T.);
#4538=ORIENTED_EDGE('',*,*,#2640,.T.);
#4539=ORIENTED_EDGE('',*,*,#3273,.F.);
#4540=ORIENTED_EDGE('',*,*,#2644,.F.);
#4541=ORIENTED_EDGE('',*,*,#3274,.T.);
#4542=ORIENTED_EDGE('',*,*,#2643,.T.);
#4543=ORIENTED_EDGE('',*,*,#3274,.F.);
#4544=ORIENTED_EDGE('',*,*,#3271,.F.);
#4545=ORIENTED_EDGE('',*,*,#3275,.T.);
#4546=ORIENTED_EDGE('',*,*,#2642,.T.);
#4547=ORIENTED_EDGE('',*,*,#3275,.F.);
#4548=PLANE('',#4847);
#4549=PLANE('',#4850);
#4550=PLANE('',#4853);
#4551=PLANE('',#4855);
#4552=PLANE('',#4995);
#4553=PLANE('',#5000);
#4554=PLANE('',#5004);
#4555=PLANE('',#5005);
#4556=PLANE('',#5012);
#4557=PLANE('',#5013);
#4558=PLANE('',#5046);
#4559=PLANE('',#5047);
#4560=PLANE('',#5048);
#4561=PLANE('',#5049);
#4562=PLANE('',#5062);
#4563=PLANE('',#5063);
#4564=PLANE('',#5064);
#4565=PLANE('',#5065);
#4566=PLANE('',#5068);
#4567=PLANE('',#5069);
#4568=PLANE('',#5070);
#4569=PLANE('',#5071);
#4570=PLANE('',#5108);
#4571=PLANE('',#5109);
#4572=PLANE('',#5110);
#4573=PLANE('',#5111);
#4574=PLANE('',#5112);
#4575=PLANE('',#5113);
#4576=PLANE('',#5114);
#4577=PLANE('',#5115);
#4578=PLANE('',#5116);
#4579=PLANE('',#5117);
#4580=PLANE('',#5118);
#4581=PLANE('',#5119);
#4582=PLANE('',#5146);
#4583=PLANE('',#5147);
#4584=PLANE('',#5148);
#4585=PLANE('',#5149);
#4586=PLANE('',#5244);
#4587=PLANE('',#5245);
#4588=PLANE('',#5246);
#4589=PLANE('',#5247);
#4590=PLANE('',#5248);
#4591=PLANE('',#5249);
#4592=PLANE('',#5250);
#4593=PLANE('',#5251);
#4594=PLANE('',#5258);
#4595=PLANE('',#5259);
#4596=PLANE('',#5260);
#4597=PLANE('',#5261);
#4598=PLANE('',#5268);
#4599=PLANE('',#5269);
#4600=PLANE('',#5270);
#4601=PLANE('',#5271);
#4602=PLANE('',#5272);
#4603=PLANE('',#5273);
#4604=PLANE('',#5274);
#4605=PLANE('',#5275);
#4606=PLANE('',#5278);
#4607=PLANE('',#5279);
#4608=PLANE('',#5280);
#4609=PLANE('',#5281);
#4610=PLANE('',#5300);
#4611=PLANE('',#5301);
#4612=PLANE('',#5302);
#4613=PLANE('',#5303);
#4614=PLANE('',#5326);
#4615=PLANE('',#5327);
#4616=PLANE('',#5328);
#4617=PLANE('',#5329);
#4618=PLANE('',#5352);
#4619=PLANE('',#5353);
#4620=PLANE('',#5354);
#4621=PLANE('',#5355);
#4622=PLANE('',#5356);
#4623=ADVANCED_FACE('',(#1162,#846),#4548,.F.);
#4624=ADVANCED_FACE('',(#1163,#847),#4549,.F.);
#4625=ADVANCED_FACE('',(#1164),#4550,.F.);
#4626=ADVANCED_FACE('',(#1165,#848,#849,#850,#851,#852,#853,#854,#855,#856,
#857,#858,#859,#860,#861,#862,#863,#864,#865,#866,#867,#868,#869,#870,#871,
#872,#873,#874,#875,#876,#877,#878,#879,#880,#881,#882,#883,#884,#885,#886,
#887,#888,#889,#890,#891,#892,#893,#894,#895,#896,#897,#898,#899,#900,#901,
#902,#903,#904,#905,#906,#907,#908,#909,#910,#911,#912,#913,#914,#915,#916,
#917,#918,#919,#920,#921,#922,#923,#924,#925,#926,#927,#928,#929,#930,#931,
#932,#933,#934,#935,#936,#937,#938,#939,#940,#941,#942,#943,#944,#945,#946,
#947,#948,#949,#950,#951,#952,#953,#954,#955,#956,#957,#958,#959,#960,#961,
#962,#963,#964,#965,#966,#967,#968,#969,#970,#971,#972,#973,#974,#975,#976,
#977,#978,#979,#980,#981,#982,#983,#984,#985,#986,#987,#988,#989,#990,#991,
#992,#993,#994,#995,#996,#997,#998,#999,#1000,#1001),#4551,.T.);
#4627=ADVANCED_FACE('',(#1166),#4552,.F.);
#4628=ADVANCED_FACE('',(#1167),#15,.F.);
#4629=ADVANCED_FACE('',(#1168),#4553,.T.);
#4630=ADVANCED_FACE('',(#1169),#16,.T.);
#4631=ADVANCED_FACE('',(#1170,#1002),#4554,.F.);
#4632=ADVANCED_FACE('',(#1171),#4555,.F.);
#4633=ADVANCED_FACE('',(#1172),#17,.F.);
#4634=ADVANCED_FACE('',(#1173),#18,.T.);
#4635=ADVANCED_FACE('',(#1174,#1003),#4556,.F.);
#4636=ADVANCED_FACE('',(#1175),#4557,.F.);
#4637=ADVANCED_FACE('',(#1176),#19,.F.);
#4638=ADVANCED_FACE('',(#1177),#20,.F.);
#4639=ADVANCED_FACE('',(#1178),#21,.F.);
#4640=ADVANCED_FACE('',(#1179),#22,.F.);
#4641=ADVANCED_FACE('',(#1180),#23,.F.);
#4642=ADVANCED_FACE('',(#1181),#24,.F.);
#4643=ADVANCED_FACE('',(#1182),#25,.F.);
#4644=ADVANCED_FACE('',(#1183),#26,.F.);
#4645=ADVANCED_FACE('',(#1184),#27,.F.);
#4646=ADVANCED_FACE('',(#1185),#28,.F.);
#4647=ADVANCED_FACE('',(#1186),#29,.F.);
#4648=ADVANCED_FACE('',(#1187),#30,.F.);
#4649=ADVANCED_FACE('',(#1188),#31,.F.);
#4650=ADVANCED_FACE('',(#1189),#32,.F.);
#4651=ADVANCED_FACE('',(#1190),#33,.F.);
#4652=ADVANCED_FACE('',(#1191),#34,.F.);
#4653=ADVANCED_FACE('',(#1192),#4558,.T.);
#4654=ADVANCED_FACE('',(#1193),#4559,.T.);
#4655=ADVANCED_FACE('',(#1194),#4560,.T.);
#4656=ADVANCED_FACE('',(#1195),#4561,.T.);
#4657=ADVANCED_FACE('',(#1196),#35,.F.);
#4658=ADVANCED_FACE('',(#1197),#36,.F.);
#4659=ADVANCED_FACE('',(#1198),#37,.F.);
#4660=ADVANCED_FACE('',(#1199),#38,.F.);
#4661=ADVANCED_FACE('',(#1200),#39,.F.);
#4662=ADVANCED_FACE('',(#1201),#40,.F.);
#4663=ADVANCED_FACE('',(#1202),#4562,.T.);
#4664=ADVANCED_FACE('',(#1203),#4563,.T.);
#4665=ADVANCED_FACE('',(#1204),#4564,.T.);
#4666=ADVANCED_FACE('',(#1205),#4565,.T.);
#4667=ADVANCED_FACE('',(#1206),#41,.F.);
#4668=ADVANCED_FACE('',(#1207),#4566,.T.);
#4669=ADVANCED_FACE('',(#1208),#4567,.T.);
#4670=ADVANCED_FACE('',(#1209),#4568,.T.);
#4671=ADVANCED_FACE('',(#1210),#4569,.T.);
#4672=ADVANCED_FACE('',(#1211),#42,.F.);
#4673=ADVANCED_FACE('',(#1212),#43,.F.);
#4674=ADVANCED_FACE('',(#1213),#44,.F.);
#4675=ADVANCED_FACE('',(#1214),#45,.F.);
#4676=ADVANCED_FACE('',(#1215),#46,.F.);
#4677=ADVANCED_FACE('',(#1216),#47,.F.);
#4678=ADVANCED_FACE('',(#1217),#48,.F.);
#4679=ADVANCED_FACE('',(#1218),#49,.F.);
#4680=ADVANCED_FACE('',(#1219),#50,.F.);
#4681=ADVANCED_FACE('',(#1220),#51,.F.);
#4682=ADVANCED_FACE('',(#1221),#52,.F.);
#4683=ADVANCED_FACE('',(#1222),#53,.F.);
#4684=ADVANCED_FACE('',(#1223),#54,.F.);
#4685=ADVANCED_FACE('',(#1224),#55,.F.);
#4686=ADVANCED_FACE('',(#1225),#56,.F.);
#4687=ADVANCED_FACE('',(#1226),#57,.F.);
#4688=ADVANCED_FACE('',(#1227),#58,.F.);
#4689=ADVANCED_FACE('',(#1228),#59,.F.);
#4690=ADVANCED_FACE('',(#1229),#4570,.T.);
#4691=ADVANCED_FACE('',(#1230),#4571,.T.);
#4692=ADVANCED_FACE('',(#1231),#4572,.T.);
#4693=ADVANCED_FACE('',(#1232),#4573,.T.);
#4694=ADVANCED_FACE('',(#1233),#4574,.T.);
#4695=ADVANCED_FACE('',(#1234),#4575,.T.);
#4696=ADVANCED_FACE('',(#1235),#4576,.T.);
#4697=ADVANCED_FACE('',(#1236),#4577,.T.);
#4698=ADVANCED_FACE('',(#1237),#4578,.T.);
#4699=ADVANCED_FACE('',(#1238),#4579,.T.);
#4700=ADVANCED_FACE('',(#1239),#4580,.T.);
#4701=ADVANCED_FACE('',(#1240),#4581,.T.);
#4702=ADVANCED_FACE('',(#1241),#60,.F.);
#4703=ADVANCED_FACE('',(#1242),#61,.F.);
#4704=ADVANCED_FACE('',(#1243),#62,.F.);
#4705=ADVANCED_FACE('',(#1244),#63,.F.);
#4706=ADVANCED_FACE('',(#1245),#64,.F.);
#4707=ADVANCED_FACE('',(#1246),#65,.F.);
#4708=ADVANCED_FACE('',(#1247),#66,.F.);
#4709=ADVANCED_FACE('',(#1248),#67,.F.);
#4710=ADVANCED_FACE('',(#1249),#68,.F.);
#4711=ADVANCED_FACE('',(#1250),#69,.F.);
#4712=ADVANCED_FACE('',(#1251),#70,.F.);
#4713=ADVANCED_FACE('',(#1252),#71,.F.);
#4714=ADVANCED_FACE('',(#1253),#72,.F.);
#4715=ADVANCED_FACE('',(#1254),#4582,.T.);
#4716=ADVANCED_FACE('',(#1255),#4583,.T.);
#4717=ADVANCED_FACE('',(#1256),#4584,.T.);
#4718=ADVANCED_FACE('',(#1257),#4585,.T.);
#4719=ADVANCED_FACE('',(#1258),#73,.F.);
#4720=ADVANCED_FACE('',(#1259),#74,.F.);
#4721=ADVANCED_FACE('',(#1260),#75,.F.);
#4722=ADVANCED_FACE('',(#1261),#76,.F.);
#4723=ADVANCED_FACE('',(#1262),#77,.F.);
#4724=ADVANCED_FACE('',(#1263),#78,.F.);
#4725=ADVANCED_FACE('',(#1264),#79,.F.);
#4726=ADVANCED_FACE('',(#1265),#80,.F.);
#4727=ADVANCED_FACE('',(#1266),#81,.F.);
#4728=ADVANCED_FACE('',(#1267),#82,.F.);
#4729=ADVANCED_FACE('',(#1268),#83,.F.);
#4730=ADVANCED_FACE('',(#1269),#84,.F.);
#4731=ADVANCED_FACE('',(#1270),#85,.F.);
#4732=ADVANCED_FACE('',(#1271),#86,.F.);
#4733=ADVANCED_FACE('',(#1272),#87,.F.);
#4734=ADVANCED_FACE('',(#1273),#88,.F.);
#4735=ADVANCED_FACE('',(#1274),#89,.F.);
#4736=ADVANCED_FACE('',(#1275),#90,.F.);
#4737=ADVANCED_FACE('',(#1276),#91,.F.);
#4738=ADVANCED_FACE('',(#1277),#92,.F.);
#4739=ADVANCED_FACE('',(#1278),#93,.F.);
#4740=ADVANCED_FACE('',(#1279),#94,.F.);
#4741=ADVANCED_FACE('',(#1280),#95,.F.);
#4742=ADVANCED_FACE('',(#1281),#96,.F.);
#4743=ADVANCED_FACE('',(#1282),#97,.F.);
#4744=ADVANCED_FACE('',(#1283),#98,.F.);
#4745=ADVANCED_FACE('',(#1284),#99,.F.);
#4746=ADVANCED_FACE('',(#1285),#100,.F.);
#4747=ADVANCED_FACE('',(#1286),#101,.F.);
#4748=ADVANCED_FACE('',(#1287),#102,.F.);
#4749=ADVANCED_FACE('',(#1288),#103,.F.);
#4750=ADVANCED_FACE('',(#1289),#104,.F.);
#4751=ADVANCED_FACE('',(#1290),#105,.F.);
#4752=ADVANCED_FACE('',(#1291),#106,.F.);
#4753=ADVANCED_FACE('',(#1292),#107,.F.);
#4754=ADVANCED_FACE('',(#1293),#108,.F.);
#4755=ADVANCED_FACE('',(#1294),#109,.F.);
#4756=ADVANCED_FACE('',(#1295),#110,.F.);
#4757=ADVANCED_FACE('',(#1296),#111,.F.);
#4758=ADVANCED_FACE('',(#1297),#112,.F.);
#4759=ADVANCED_FACE('',(#1298),#113,.F.);
#4760=ADVANCED_FACE('',(#1299),#114,.F.);
#4761=ADVANCED_FACE('',(#1300),#115,.F.);
#4762=ADVANCED_FACE('',(#1301),#116,.F.);
#4763=ADVANCED_FACE('',(#1302),#117,.F.);
#4764=ADVANCED_FACE('',(#1303),#118,.F.);
#4765=ADVANCED_FACE('',(#1304),#119,.F.);
#4766=ADVANCED_FACE('',(#1305),#4586,.T.);
#4767=ADVANCED_FACE('',(#1306),#4587,.T.);
#4768=ADVANCED_FACE('',(#1307),#4588,.T.);
#4769=ADVANCED_FACE('',(#1308),#4589,.T.);
#4770=ADVANCED_FACE('',(#1309),#4590,.T.);
#4771=ADVANCED_FACE('',(#1310),#4591,.T.);
#4772=ADVANCED_FACE('',(#1311),#4592,.T.);
#4773=ADVANCED_FACE('',(#1312),#4593,.T.);
#4774=ADVANCED_FACE('',(#1313),#120,.F.);
#4775=ADVANCED_FACE('',(#1314),#121,.F.);
#4776=ADVANCED_FACE('',(#1315),#122,.F.);
#4777=ADVANCED_FACE('',(#1316),#4594,.T.);
#4778=ADVANCED_FACE('',(#1317),#4595,.T.);
#4779=ADVANCED_FACE('',(#1318),#4596,.T.);
#4780=ADVANCED_FACE('',(#1319),#4597,.T.);
#4781=ADVANCED_FACE('',(#1320),#123,.F.);
#4782=ADVANCED_FACE('',(#1321),#124,.F.);
#4783=ADVANCED_FACE('',(#1322),#125,.F.);
#4784=ADVANCED_FACE('',(#1323),#4598,.T.);
#4785=ADVANCED_FACE('',(#1324),#4599,.T.);
#4786=ADVANCED_FACE('',(#1325),#4600,.T.);
#4787=ADVANCED_FACE('',(#1326),#4601,.T.);
#4788=ADVANCED_FACE('',(#1327),#4602,.T.);
#4789=ADVANCED_FACE('',(#1328),#4603,.T.);
#4790=ADVANCED_FACE('',(#1329),#4604,.T.);
#4791=ADVANCED_FACE('',(#1330),#4605,.T.);
#4792=ADVANCED_FACE('',(#1331),#126,.F.);
#4793=ADVANCED_FACE('',(#1332),#4606,.T.);
#4794=ADVANCED_FACE('',(#1333),#4607,.T.);
#4795=ADVANCED_FACE('',(#1334),#4608,.T.);
#4796=ADVANCED_FACE('',(#1335),#4609,.T.);
#4797=ADVANCED_FACE('',(#1336),#127,.F.);
#4798=ADVANCED_FACE('',(#1337),#128,.F.);
#4799=ADVANCED_FACE('',(#1338),#129,.F.);
#4800=ADVANCED_FACE('',(#1339),#130,.F.);
#4801=ADVANCED_FACE('',(#1340),#131,.F.);
#4802=ADVANCED_FACE('',(#1341),#132,.F.);
#4803=ADVANCED_FACE('',(#1342),#133,.F.);
#4804=ADVANCED_FACE('',(#1343),#134,.F.);
#4805=ADVANCED_FACE('',(#1344),#135,.F.);
#4806=ADVANCED_FACE('',(#1345),#4610,.T.);
#4807=ADVANCED_FACE('',(#1346),#4611,.T.);
#4808=ADVANCED_FACE('',(#1347),#4612,.T.);
#4809=ADVANCED_FACE('',(#1348),#4613,.T.);
#4810=ADVANCED_FACE('',(#1349),#136,.F.);
#4811=ADVANCED_FACE('',(#1350),#137,.F.);
#4812=ADVANCED_FACE('',(#1351),#138,.F.);
#4813=ADVANCED_FACE('',(#1352),#139,.F.);
#4814=ADVANCED_FACE('',(#1353),#140,.F.);
#4815=ADVANCED_FACE('',(#1354),#141,.F.);
#4816=ADVANCED_FACE('',(#1355),#142,.F.);
#4817=ADVANCED_FACE('',(#1356),#143,.F.);
#4818=ADVANCED_FACE('',(#1357),#144,.F.);
#4819=ADVANCED_FACE('',(#1358),#145,.F.);
#4820=ADVANCED_FACE('',(#1359),#146,.F.);
#4821=ADVANCED_FACE('',(#1360),#4614,.T.);
#4822=ADVANCED_FACE('',(#1361),#4615,.T.);
#4823=ADVANCED_FACE('',(#1362),#4616,.T.);
#4824=ADVANCED_FACE('',(#1363),#4617,.T.);
#4825=ADVANCED_FACE('',(#1364),#147,.F.);
#4826=ADVANCED_FACE('',(#1365),#148,.F.);
#4827=ADVANCED_FACE('',(#1366),#149,.F.);
#4828=ADVANCED_FACE('',(#1367),#150,.F.);
#4829=ADVANCED_FACE('',(#1368),#151,.F.);
#4830=ADVANCED_FACE('',(#1369),#152,.F.);
#4831=ADVANCED_FACE('',(#1370),#153,.F.);
#4832=ADVANCED_FACE('',(#1371),#154,.F.);
#4833=ADVANCED_FACE('',(#1372),#155,.F.);
#4834=ADVANCED_FACE('',(#1373),#156,.F.);
#4835=ADVANCED_FACE('',(#1374),#157,.F.);
#4836=ADVANCED_FACE('',(#1375),#4618,.T.);
#4837=ADVANCED_FACE('',(#1376),#4619,.T.);
#4838=ADVANCED_FACE('',(#1377),#4620,.T.);
#4839=ADVANCED_FACE('',(#1378),#4621,.T.);
#4840=ADVANCED_FACE('',(#1379,#1004,#1005,#1006,#1007,#1008,#1009,#1010,
#1011,#1012,#1013,#1014,#1015,#1016,#1017,#1018,#1019,#1020,#1021,#1022,
#1023,#1024,#1025,#1026,#1027,#1028,#1029,#1030,#1031,#1032,#1033,#1034,
#1035,#1036,#1037,#1038,#1039,#1040,#1041,#1042,#1043,#1044,#1045,#1046,
#1047,#1048,#1049,#1050,#1051,#1052,#1053,#1054,#1055,#1056,#1057,#1058,
#1059,#1060,#1061,#1062,#1063,#1064,#1065,#1066,#1067,#1068,#1069,#1070,
#1071,#1072,#1073,#1074,#1075,#1076,#1077,#1078,#1079,#1080,#1081,#1082,
#1083,#1084,#1085,#1086,#1087,#1088,#1089,#1090,#1091,#1092,#1093,#1094,
#1095,#1096,#1097,#1098,#1099,#1100,#1101,#1102,#1103,#1104,#1105,#1106,
#1107,#1108,#1109,#1110,#1111,#1112,#1113,#1114,#1115,#1116,#1117,#1118,
#1119,#1120,#1121,#1122,#1123,#1124,#1125,#1126,#1127,#1128,#1129,#1130,
#1131,#1132,#1133,#1134,#1135,#1136,#1137,#1138,#1139,#1140,#1141,#1142,
#1143,#1144,#1145,#1146,#1147,#1148,#1149,#1150,#1151,#1152,#1153,#1154,
#1155,#1156,#1157,#1158,#1159,#1160,#1161),#4622,.F.);
#4841=ADVANCED_FACE('',(#1380),#158,.F.);
#4842=ADVANCED_FACE('',(#1381),#159,.T.);
#4843=ADVANCED_FACE('',(#1382),#160,.F.);
#4844=ADVANCED_FACE('',(#1383),#161,.T.);
#4845=CLOSED_SHELL('',(#4623,#4624,#4625,#4626,#4627,#4628,#4629,#4630,
#4631,#4632,#4633,#4634,#4635,#4636,#4637,#4638,#4639,#4640,#4641,#4642,
#4643,#4644,#4645,#4646,#4647,#4648,#4649,#4650,#4651,#4652,#4653,#4654,
#4655,#4656,#4657,#4658,#4659,#4660,#4661,#4662,#4663,#4664,#4665,#4666,
#4667,#4668,#4669,#4670,#4671,#4672,#4673,#4674,#4675,#4676,#4677,#4678,
#4679,#4680,#4681,#4682,#4683,#4684,#4685,#4686,#4687,#4688,#4689,#4690,
#4691,#4692,#4693,#4694,#4695,#4696,#4697,#4698,#4699,#4700,#4701,#4702,
#4703,#4704,#4705,#4706,#4707,#4708,#4709,#4710,#4711,#4712,#4713,#4714,
#4715,#4716,#4717,#4718,#4719,#4720,#4721,#4722,#4723,#4724,#4725,#4726,
#4727,#4728,#4729,#4730,#4731,#4732,#4733,#4734,#4735,#4736,#4737,#4738,
#4739,#4740,#4741,#4742,#4743,#4744,#4745,#4746,#4747,#4748,#4749,#4750,
#4751,#4752,#4753,#4754,#4755,#4756,#4757,#4758,#4759,#4760,#4761,#4762,
#4763,#4764,#4765,#4766,#4767,#4768,#4769,#4770,#4771,#4772,#4773,#4774,
#4775,#4776,#4777,#4778,#4779,#4780,#4781,#4782,#4783,#4784,#4785,#4786,
#4787,#4788,#4789,#4790,#4791,#4792,#4793,#4794,#4795,#4796,#4797,#4798,
#4799,#4800,#4801,#4802,#4803,#4804,#4805,#4806,#4807,#4808,#4809,#4810,
#4811,#4812,#4813,#4814,#4815,#4816,#4817,#4818,#4819,#4820,#4821,#4822,
#4823,#4824,#4825,#4826,#4827,#4828,#4829,#4830,#4831,#4832,#4833,#4834,
#4835,#4836,#4837,#4838,#4839,#4840,#4841,#4842,#4843,#4844));
#4846=AXIS2_PLACEMENT_3D('',#6739,#5363,#5364);
#4847=AXIS2_PLACEMENT_3D('',#6740,#5365,#5366);
#4848=AXIS2_PLACEMENT_3D('',#6742,#5367,#5368);
#4849=AXIS2_PLACEMENT_3D('',#6744,#5369,#5370);
#4850=AXIS2_PLACEMENT_3D('',#6745,#5371,#5372);
#4851=AXIS2_PLACEMENT_3D('',#6747,#5373,#5374);
#4852=AXIS2_PLACEMENT_3D('',#6749,#5375,#5376);
#4853=AXIS2_PLACEMENT_3D('',#6750,#5377,#5378);
#4854=AXIS2_PLACEMENT_3D('',#6752,#5379,#5380);
#4855=AXIS2_PLACEMENT_3D('',#6753,#5381,#5382);
#4856=AXIS2_PLACEMENT_3D('',#6763,#5387,#5388);
#4857=AXIS2_PLACEMENT_3D('',#6765,#5389,#5390);
#4858=AXIS2_PLACEMENT_3D('',#6767,#5391,#5392);
#4859=AXIS2_PLACEMENT_3D('',#6769,#5393,#5394);
#4860=AXIS2_PLACEMENT_3D('',#6771,#5395,#5396);
#4861=AXIS2_PLACEMENT_3D('',#6773,#5397,#5398);
#4862=AXIS2_PLACEMENT_3D('',#6775,#5399,#5400);
#4863=AXIS2_PLACEMENT_3D('',#6777,#5401,#5402);
#4864=AXIS2_PLACEMENT_3D('',#6779,#5403,#5404);
#4865=AXIS2_PLACEMENT_3D('',#6781,#5405,#5406);
#4866=AXIS2_PLACEMENT_3D('',#6783,#5407,#5408);
#4867=AXIS2_PLACEMENT_3D('',#6793,#5413,#5414);
#4868=AXIS2_PLACEMENT_3D('',#6795,#5415,#5416);
#4869=AXIS2_PLACEMENT_3D('',#6797,#5417,#5418);
#4870=AXIS2_PLACEMENT_3D('',#6799,#5419,#5420);
#4871=AXIS2_PLACEMENT_3D('',#6801,#5421,#5422);
#4872=AXIS2_PLACEMENT_3D('',#6803,#5423,#5424);
#4873=AXIS2_PLACEMENT_3D('',#6805,#5425,#5426);
#4874=AXIS2_PLACEMENT_3D('',#6807,#5427,#5428);
#4875=AXIS2_PLACEMENT_3D('',#6809,#5429,#5430);
#4876=AXIS2_PLACEMENT_3D('',#6811,#5431,#5432);
#4877=AXIS2_PLACEMENT_3D('',#6813,#5433,#5434);
#4878=AXIS2_PLACEMENT_3D('',#6823,#5439,#5440);
#4879=AXIS2_PLACEMENT_3D('',#6825,#5441,#5442);
#4880=AXIS2_PLACEMENT_3D('',#6827,#5443,#5444);
#4881=AXIS2_PLACEMENT_3D('',#6829,#5445,#5446);
#4882=AXIS2_PLACEMENT_3D('',#6831,#5447,#5448);
#4883=AXIS2_PLACEMENT_3D('',#6833,#5449,#5450);
#4884=AXIS2_PLACEMENT_3D('',#6835,#5451,#5452);
#4885=AXIS2_PLACEMENT_3D('',#6837,#5453,#5454);
#4886=AXIS2_PLACEMENT_3D('',#6839,#5455,#5456);
#4887=AXIS2_PLACEMENT_3D('',#6849,#5461,#5462);
#4888=AXIS2_PLACEMENT_3D('',#6867,#5471,#5472);
#4889=AXIS2_PLACEMENT_3D('',#6869,#5473,#5474);
#4890=AXIS2_PLACEMENT_3D('',#6871,#5475,#5476);
#4891=AXIS2_PLACEMENT_3D('',#6881,#5481,#5482);
#4892=AXIS2_PLACEMENT_3D('',#6883,#5483,#5484);
#4893=AXIS2_PLACEMENT_3D('',#6885,#5485,#5486);
#4894=AXIS2_PLACEMENT_3D('',#6903,#5495,#5496);
#4895=AXIS2_PLACEMENT_3D('',#6905,#5497,#5498);
#4896=AXIS2_PLACEMENT_3D('',#6907,#5499,#5500);
#4897=AXIS2_PLACEMENT_3D('',#6909,#5501,#5502);
#4898=AXIS2_PLACEMENT_3D('',#6911,#5503,#5504);
#4899=AXIS2_PLACEMENT_3D('',#6913,#5505,#5506);
#4900=AXIS2_PLACEMENT_3D('',#6915,#5507,#5508);
#4901=AXIS2_PLACEMENT_3D('',#6917,#5509,#5510);
#4902=AXIS2_PLACEMENT_3D('',#6919,#5511,#5512);
#4903=AXIS2_PLACEMENT_3D('',#6921,#5513,#5514);
#4904=AXIS2_PLACEMENT_3D('',#6923,#5515,#5516);
#4905=AXIS2_PLACEMENT_3D('',#6925,#5517,#5518);
#4906=AXIS2_PLACEMENT_3D('',#6927,#5519,#5520);
#4907=AXIS2_PLACEMENT_3D('',#6929,#5521,#5522);
#4908=AXIS2_PLACEMENT_3D('',#6931,#5523,#5524);
#4909=AXIS2_PLACEMENT_3D('',#6933,#5525,#5526);
#4910=AXIS2_PLACEMENT_3D('',#6935,#5527,#5528);
#4911=AXIS2_PLACEMENT_3D('',#6937,#5529,#5530);
#4912=AXIS2_PLACEMENT_3D('',#6939,#5531,#5532);
#4913=AXIS2_PLACEMENT_3D('',#6941,#5533,#5534);
#4914=AXIS2_PLACEMENT_3D('',#6943,#5535,#5536);
#4915=AXIS2_PLACEMENT_3D('',#6945,#5537,#5538);
#4916=AXIS2_PLACEMENT_3D('',#6947,#5539,#5540);
#4917=AXIS2_PLACEMENT_3D('',#6949,#5541,#5542);
#4918=AXIS2_PLACEMENT_3D('',#6951,#5543,#5544);
#4919=AXIS2_PLACEMENT_3D('',#6953,#5545,#5546);
#4920=AXIS2_PLACEMENT_3D('',#6955,#5547,#5548);
#4921=AXIS2_PLACEMENT_3D('',#6957,#5549,#5550);
#4922=AXIS2_PLACEMENT_3D('',#6959,#5551,#5552);
#4923=AXIS2_PLACEMENT_3D('',#6961,#5553,#5554);
#4924=AXIS2_PLACEMENT_3D('',#6963,#5555,#5556);
#4925=AXIS2_PLACEMENT_3D('',#6965,#5557,#5558);
#4926=AXIS2_PLACEMENT_3D('',#6967,#5559,#5560);
#4927=AXIS2_PLACEMENT_3D('',#6969,#5561,#5562);
#4928=AXIS2_PLACEMENT_3D('',#6971,#5563,#5564);
#4929=AXIS2_PLACEMENT_3D('',#6973,#5565,#5566);
#4930=AXIS2_PLACEMENT_3D('',#6975,#5567,#5568);
#4931=AXIS2_PLACEMENT_3D('',#6977,#5569,#5570);
#4932=AXIS2_PLACEMENT_3D('',#6979,#5571,#5572);
#4933=AXIS2_PLACEMENT_3D('',#6981,#5573,#5574);
#4934=AXIS2_PLACEMENT_3D('',#6983,#5575,#5576);
#4935=AXIS2_PLACEMENT_3D('',#6985,#5577,#5578);
#4936=AXIS2_PLACEMENT_3D('',#6987,#5579,#5580);
#4937=AXIS2_PLACEMENT_3D('',#6989,#5581,#5582);
#4938=AXIS2_PLACEMENT_3D('',#6991,#5583,#5584);
#4939=AXIS2_PLACEMENT_3D('',#6993,#5585,#5586);
#4940=AXIS2_PLACEMENT_3D('',#6995,#5587,#5588);
#4941=AXIS2_PLACEMENT_3D('',#7005,#5593,#5594);
#4942=AXIS2_PLACEMENT_3D('',#7007,#5595,#5596);
#4943=AXIS2_PLACEMENT_3D('',#7009,#5597,#5598);
#4944=AXIS2_PLACEMENT_3D('',#7011,#5599,#5600);
#4945=AXIS2_PLACEMENT_3D('',#7013,#5601,#5602);
#4946=AXIS2_PLACEMENT_3D('',#7015,#5603,#5604);
#4947=AXIS2_PLACEMENT_3D('',#7017,#5605,#5606);
#4948=AXIS2_PLACEMENT_3D('',#7019,#5607,#5608);
#4949=AXIS2_PLACEMENT_3D('',#7021,#5609,#5610);
#4950=AXIS2_PLACEMENT_3D('',#7023,#5611,#5612);
#4951=AXIS2_PLACEMENT_3D('',#7025,#5613,#5614);
#4952=AXIS2_PLACEMENT_3D('',#7027,#5615,#5616);
#4953=AXIS2_PLACEMENT_3D('',#7029,#5617,#5618);
#4954=AXIS2_PLACEMENT_3D('',#7055,#5631,#5632);
#4955=AXIS2_PLACEMENT_3D('',#7057,#5633,#5634);
#4956=AXIS2_PLACEMENT_3D('',#7059,#5635,#5636);
#4957=AXIS2_PLACEMENT_3D('',#7061,#5637,#5638);
#4958=AXIS2_PLACEMENT_3D('',#7063,#5639,#5640);
#4959=AXIS2_PLACEMENT_3D('',#7065,#5641,#5642);
#4960=AXIS2_PLACEMENT_3D('',#7067,#5643,#5644);
#4961=AXIS2_PLACEMENT_3D('',#7069,#5645,#5646);
#4962=AXIS2_PLACEMENT_3D('',#7071,#5647,#5648);
#4963=AXIS2_PLACEMENT_3D('',#7073,#5649,#5650);
#4964=AXIS2_PLACEMENT_3D('',#7075,#5651,#5652);
#4965=AXIS2_PLACEMENT_3D('',#7077,#5653,#5654);
#4966=AXIS2_PLACEMENT_3D('',#7079,#5655,#5656);
#4967=AXIS2_PLACEMENT_3D('',#7081,#5657,#5658);
#4968=AXIS2_PLACEMENT_3D('',#7083,#5659,#5660);
#4969=AXIS2_PLACEMENT_3D('',#7085,#5661,#5662);
#4970=AXIS2_PLACEMENT_3D('',#7087,#5663,#5664);
#4971=AXIS2_PLACEMENT_3D('',#7089,#5665,#5666);
#4972=AXIS2_PLACEMENT_3D('',#7099,#5671,#5672);
#4973=AXIS2_PLACEMENT_3D('',#7109,#5677,#5678);
#4974=AXIS2_PLACEMENT_3D('',#7111,#5679,#5680);
#4975=AXIS2_PLACEMENT_3D('',#7113,#5681,#5682);
#4976=AXIS2_PLACEMENT_3D('',#7115,#5683,#5684);
#4977=AXIS2_PLACEMENT_3D('',#7117,#5685,#5686);
#4978=AXIS2_PLACEMENT_3D('',#7119,#5687,#5688);
#4979=AXIS2_PLACEMENT_3D('',#7129,#5693,#5694);
#4980=AXIS2_PLACEMENT_3D('',#7131,#5695,#5696);
#4981=AXIS2_PLACEMENT_3D('',#7133,#5697,#5698);
#4982=AXIS2_PLACEMENT_3D('',#7135,#5699,#5700);
#4983=AXIS2_PLACEMENT_3D('',#7137,#5701,#5702);
#4984=AXIS2_PLACEMENT_3D('',#7139,#5703,#5704);
#4985=AXIS2_PLACEMENT_3D('',#7141,#5705,#5706);
#4986=AXIS2_PLACEMENT_3D('',#7143,#5707,#5708);
#4987=AXIS2_PLACEMENT_3D('',#7145,#5709,#5710);
#4988=AXIS2_PLACEMENT_3D('',#7147,#5711,#5712);
#4989=AXIS2_PLACEMENT_3D('',#7149,#5713,#5714);
#4990=AXIS2_PLACEMENT_3D('',#7151,#5715,#5716);
#4991=AXIS2_PLACEMENT_3D('',#7153,#5717,#5718);
#4992=AXIS2_PLACEMENT_3D('',#7155,#5719,#5720);
#4993=AXIS2_PLACEMENT_3D('',#7157,#5721,#5722);
#4994=AXIS2_PLACEMENT_3D('',#7159,#5723,#5724);
#4995=AXIS2_PLACEMENT_3D('',#7160,#5725,#5726);
#4996=AXIS2_PLACEMENT_3D('',#7162,#5727,#5728);
#4997=AXIS2_PLACEMENT_3D('',#7163,#5729,#5730);
#4998=AXIS2_PLACEMENT_3D('',#7165,#5731,#5732);
#4999=AXIS2_PLACEMENT_3D('',#7168,#5734,#5735);
#5000=AXIS2_PLACEMENT_3D('',#7169,#5736,#5737);
#5001=AXIS2_PLACEMENT_3D('',#7178,#5742,#5743);
#5002=AXIS2_PLACEMENT_3D('',#7179,#5744,#5745);
#5003=AXIS2_PLACEMENT_3D('',#7180,#5746,#5747);
#5004=AXIS2_PLACEMENT_3D('',#7181,#5748,#5749);
#5005=AXIS2_PLACEMENT_3D('',#7182,#5750,#5751);
#5006=AXIS2_PLACEMENT_3D('',#7183,#5752,#5753);
#5007=AXIS2_PLACEMENT_3D('',#7185,#5754,#5755);
#5008=AXIS2_PLACEMENT_3D('',#7188,#5757,#5758);
#5009=AXIS2_PLACEMENT_3D('',#7189,#5759,#5760);
#5010=AXIS2_PLACEMENT_3D('',#7191,#5761,#5762);
#5011=AXIS2_PLACEMENT_3D('',#7194,#5764,#5765);
#5012=AXIS2_PLACEMENT_3D('',#7195,#5766,#5767);
#5013=AXIS2_PLACEMENT_3D('',#7196,#5768,#5769);
#5014=AXIS2_PLACEMENT_3D('',#7197,#5770,#5771);
#5015=AXIS2_PLACEMENT_3D('',#7200,#5773,#5774);
#5016=AXIS2_PLACEMENT_3D('',#7201,#5775,#5776);
#5017=AXIS2_PLACEMENT_3D('',#7204,#5778,#5779);
#5018=AXIS2_PLACEMENT_3D('',#7205,#5780,#5781);
#5019=AXIS2_PLACEMENT_3D('',#7208,#5783,#5784);
#5020=AXIS2_PLACEMENT_3D('',#7209,#5785,#5786);
#5021=AXIS2_PLACEMENT_3D('',#7212,#5788,#5789);
#5022=AXIS2_PLACEMENT_3D('',#7213,#5790,#5791);
#5023=AXIS2_PLACEMENT_3D('',#7216,#5793,#5794);
#5024=AXIS2_PLACEMENT_3D('',#7217,#5795,#5796);
#5025=AXIS2_PLACEMENT_3D('',#7220,#5798,#5799);
#5026=AXIS2_PLACEMENT_3D('',#7221,#5800,#5801);
#5027=AXIS2_PLACEMENT_3D('',#7224,#5803,#5804);
#5028=AXIS2_PLACEMENT_3D('',#7225,#5805,#5806);
#5029=AXIS2_PLACEMENT_3D('',#7228,#5808,#5809);
#5030=AXIS2_PLACEMENT_3D('',#7229,#5810,#5811);
#5031=AXIS2_PLACEMENT_3D('',#7232,#5813,#5814);
#5032=AXIS2_PLACEMENT_3D('',#7233,#5815,#5816);
#5033=AXIS2_PLACEMENT_3D('',#7236,#5818,#5819);
#5034=AXIS2_PLACEMENT_3D('',#7237,#5820,#5821);
#5035=AXIS2_PLACEMENT_3D('',#7240,#5823,#5824);
#5036=AXIS2_PLACEMENT_3D('',#7241,#5825,#5826);
#5037=AXIS2_PLACEMENT_3D('',#7244,#5828,#5829);
#5038=AXIS2_PLACEMENT_3D('',#7245,#5830,#5831);
#5039=AXIS2_PLACEMENT_3D('',#7248,#5833,#5834);
#5040=AXIS2_PLACEMENT_3D('',#7249,#5835,#5836);
#5041=AXIS2_PLACEMENT_3D('',#7252,#5838,#5839);
#5042=AXIS2_PLACEMENT_3D('',#7253,#5840,#5841);
#5043=AXIS2_PLACEMENT_3D('',#7256,#5843,#5844);
#5044=AXIS2_PLACEMENT_3D('',#7257,#5845,#5846);
#5045=AXIS2_PLACEMENT_3D('',#7260,#5848,#5849);
#5046=AXIS2_PLACEMENT_3D('',#7261,#5850,#5851);
#5047=AXIS2_PLACEMENT_3D('',#7267,#5855,#5856);
#5048=AXIS2_PLACEMENT_3D('',#7271,#5859,#5860);
#5049=AXIS2_PLACEMENT_3D('',#7275,#5863,#5864);
#5050=AXIS2_PLACEMENT_3D('',#7277,#5866,#5867);
#5051=AXIS2_PLACEMENT_3D('',#7280,#5869,#5870);
#5052=AXIS2_PLACEMENT_3D('',#7281,#5871,#5872);
#5053=AXIS2_PLACEMENT_3D('',#7284,#5874,#5875);
#5054=AXIS2_PLACEMENT_3D('',#7285,#5876,#5877);
#5055=AXIS2_PLACEMENT_3D('',#7288,#5879,#5880);
#5056=AXIS2_PLACEMENT_3D('',#7289,#5881,#5882);
#5057=AXIS2_PLACEMENT_3D('',#7292,#5884,#5885);
#5058=AXIS2_PLACEMENT_3D('',#7293,#5886,#5887);
#5059=AXIS2_PLACEMENT_3D('',#7296,#5889,#5890);
#5060=AXIS2_PLACEMENT_3D('',#7297,#5891,#5892);
#5061=AXIS2_PLACEMENT_3D('',#7300,#5894,#5895);
#5062=AXIS2_PLACEMENT_3D('',#7301,#5896,#5897);
#5063=AXIS2_PLACEMENT_3D('',#7307,#5901,#5902);
#5064=AXIS2_PLACEMENT_3D('',#7311,#5905,#5906);
#5065=AXIS2_PLACEMENT_3D('',#7315,#5909,#5910);
#5066=AXIS2_PLACEMENT_3D('',#7317,#5912,#5913);
#5067=AXIS2_PLACEMENT_3D('',#7320,#5915,#5916);
#5068=AXIS2_PLACEMENT_3D('',#7321,#5917,#5918);
#5069=AXIS2_PLACEMENT_3D('',#7327,#5922,#5923);
#5070=AXIS2_PLACEMENT_3D('',#7331,#5926,#5927);
#5071=AXIS2_PLACEMENT_3D('',#7335,#5930,#5931);
#5072=AXIS2_PLACEMENT_3D('',#7337,#5933,#5934);
#5073=AXIS2_PLACEMENT_3D('',#7340,#5936,#5937);
#5074=AXIS2_PLACEMENT_3D('',#7341,#5938,#5939);
#5075=AXIS2_PLACEMENT_3D('',#7344,#5941,#5942);
#5076=AXIS2_PLACEMENT_3D('',#7345,#5943,#5944);
#5077=AXIS2_PLACEMENT_3D('',#7348,#5946,#5947);
#5078=AXIS2_PLACEMENT_3D('',#7349,#5948,#5949);
#5079=AXIS2_PLACEMENT_3D('',#7352,#5951,#5952);
#5080=AXIS2_PLACEMENT_3D('',#7353,#5953,#5954);
#5081=AXIS2_PLACEMENT_3D('',#7356,#5956,#5957);
#5082=AXIS2_PLACEMENT_3D('',#7357,#5958,#5959);
#5083=AXIS2_PLACEMENT_3D('',#7360,#5961,#5962);
#5084=AXIS2_PLACEMENT_3D('',#7361,#5963,#5964);
#5085=AXIS2_PLACEMENT_3D('',#7364,#5966,#5967);
#5086=AXIS2_PLACEMENT_3D('',#7365,#5968,#5969);
#5087=AXIS2_PLACEMENT_3D('',#7368,#5971,#5972);
#5088=AXIS2_PLACEMENT_3D('',#7369,#5973,#5974);
#5089=AXIS2_PLACEMENT_3D('',#7372,#5976,#5977);
#5090=AXIS2_PLACEMENT_3D('',#7373,#5978,#5979);
#5091=AXIS2_PLACEMENT_3D('',#7376,#5981,#5982);
#5092=AXIS2_PLACEMENT_3D('',#7377,#5983,#5984);
#5093=AXIS2_PLACEMENT_3D('',#7380,#5986,#5987);
#5094=AXIS2_PLACEMENT_3D('',#7381,#5988,#5989);
#5095=AXIS2_PLACEMENT_3D('',#7384,#5991,#5992);
#5096=AXIS2_PLACEMENT_3D('',#7385,#5993,#5994);
#5097=AXIS2_PLACEMENT_3D('',#7388,#5996,#5997);
#5098=AXIS2_PLACEMENT_3D('',#7389,#5998,#5999);
#5099=AXIS2_PLACEMENT_3D('',#7392,#6001,#6002);
#5100=AXIS2_PLACEMENT_3D('',#7393,#6003,#6004);
#5101=AXIS2_PLACEMENT_3D('',#7396,#6006,#6007);
#5102=AXIS2_PLACEMENT_3D('',#7397,#6008,#6009);
#5103=AXIS2_PLACEMENT_3D('',#7400,#6011,#6012);
#5104=AXIS2_PLACEMENT_3D('',#7401,#6013,#6014);
#5105=AXIS2_PLACEMENT_3D('',#7404,#6016,#6017);
#5106=AXIS2_PLACEMENT_3D('',#7405,#6018,#6019);
#5107=AXIS2_PLACEMENT_3D('',#7408,#6021,#6022);
#5108=AXIS2_PLACEMENT_3D('',#7409,#6023,#6024);
#5109=AXIS2_PLACEMENT_3D('',#7415,#6028,#6029);
#5110=AXIS2_PLACEMENT_3D('',#7419,#6032,#6033);
#5111=AXIS2_PLACEMENT_3D('',#7423,#6036,#6037);
#5112=AXIS2_PLACEMENT_3D('',#7425,#6039,#6040);
#5113=AXIS2_PLACEMENT_3D('',#7431,#6044,#6045);
#5114=AXIS2_PLACEMENT_3D('',#7435,#6048,#6049);
#5115=AXIS2_PLACEMENT_3D('',#7439,#6052,#6053);
#5116=AXIS2_PLACEMENT_3D('',#7441,#6055,#6056);
#5117=AXIS2_PLACEMENT_3D('',#7447,#6060,#6061);
#5118=AXIS2_PLACEMENT_3D('',#7451,#6064,#6065);
#5119=AXIS2_PLACEMENT_3D('',#7455,#6068,#6069);
#5120=AXIS2_PLACEMENT_3D('',#7457,#6071,#6072);
#5121=AXIS2_PLACEMENT_3D('',#7460,#6074,#6075);
#5122=AXIS2_PLACEMENT_3D('',#7461,#6076,#6077);
#5123=AXIS2_PLACEMENT_3D('',#7464,#6079,#6080);
#5124=AXIS2_PLACEMENT_3D('',#7465,#6081,#6082);
#5125=AXIS2_PLACEMENT_3D('',#7468,#6084,#6085);
#5126=AXIS2_PLACEMENT_3D('',#7469,#6086,#6087);
#5127=AXIS2_PLACEMENT_3D('',#7472,#6089,#6090);
#5128=AXIS2_PLACEMENT_3D('',#7473,#6091,#6092);
#5129=AXIS2_PLACEMENT_3D('',#7476,#6094,#6095);
#5130=AXIS2_PLACEMENT_3D('',#7477,#6096,#6097);
#5131=AXIS2_PLACEMENT_3D('',#7480,#6099,#6100);
#5132=AXIS2_PLACEMENT_3D('',#7481,#6101,#6102);
#5133=AXIS2_PLACEMENT_3D('',#7484,#6104,#6105);
#5134=AXIS2_PLACEMENT_3D('',#7485,#6106,#6107);
#5135=AXIS2_PLACEMENT_3D('',#7488,#6109,#6110);
#5136=AXIS2_PLACEMENT_3D('',#7489,#6111,#6112);
#5137=AXIS2_PLACEMENT_3D('',#7492,#6114,#6115);
#5138=AXIS2_PLACEMENT_3D('',#7493,#6116,#6117);
#5139=AXIS2_PLACEMENT_3D('',#7496,#6119,#6120);
#5140=AXIS2_PLACEMENT_3D('',#7497,#6121,#6122);
#5141=AXIS2_PLACEMENT_3D('',#7500,#6124,#6125);
#5142=AXIS2_PLACEMENT_3D('',#7501,#6126,#6127);
#5143=AXIS2_PLACEMENT_3D('',#7504,#6129,#6130);
#5144=AXIS2_PLACEMENT_3D('',#7505,#6131,#6132);
#5145=AXIS2_PLACEMENT_3D('',#7508,#6134,#6135);
#5146=AXIS2_PLACEMENT_3D('',#7509,#6136,#6137);
#5147=AXIS2_PLACEMENT_3D('',#7515,#6141,#6142);
#5148=AXIS2_PLACEMENT_3D('',#7519,#6145,#6146);
#5149=AXIS2_PLACEMENT_3D('',#7523,#6149,#6150);
#5150=AXIS2_PLACEMENT_3D('',#7525,#6152,#6153);
#5151=AXIS2_PLACEMENT_3D('',#7528,#6155,#6156);
#5152=AXIS2_PLACEMENT_3D('',#7529,#6157,#6158);
#5153=AXIS2_PLACEMENT_3D('',#7532,#6160,#6161);
#5154=AXIS2_PLACEMENT_3D('',#7533,#6162,#6163);
#5155=AXIS2_PLACEMENT_3D('',#7536,#6165,#6166);
#5156=AXIS2_PLACEMENT_3D('',#7537,#6167,#6168);
#5157=AXIS2_PLACEMENT_3D('',#7540,#6170,#6171);
#5158=AXIS2_PLACEMENT_3D('',#7541,#6172,#6173);
#5159=AXIS2_PLACEMENT_3D('',#7544,#6175,#6176);
#5160=AXIS2_PLACEMENT_3D('',#7545,#6177,#6178);
#5161=AXIS2_PLACEMENT_3D('',#7548,#6180,#6181);
#5162=AXIS2_PLACEMENT_3D('',#7549,#6182,#6183);
#5163=AXIS2_PLACEMENT_3D('',#7552,#6185,#6186);
#5164=AXIS2_PLACEMENT_3D('',#7553,#6187,#6188);
#5165=AXIS2_PLACEMENT_3D('',#7556,#6190,#6191);
#5166=AXIS2_PLACEMENT_3D('',#7557,#6192,#6193);
#5167=AXIS2_PLACEMENT_3D('',#7560,#6195,#6196);
#5168=AXIS2_PLACEMENT_3D('',#7561,#6197,#6198);
#5169=AXIS2_PLACEMENT_3D('',#7564,#6200,#6201);
#5170=AXIS2_PLACEMENT_3D('',#7565,#6202,#6203);
#5171=AXIS2_PLACEMENT_3D('',#7568,#6205,#6206);
#5172=AXIS2_PLACEMENT_3D('',#7569,#6207,#6208);
#5173=AXIS2_PLACEMENT_3D('',#7572,#6210,#6211);
#5174=AXIS2_PLACEMENT_3D('',#7573,#6212,#6213);
#5175=AXIS2_PLACEMENT_3D('',#7576,#6215,#6216);
#5176=AXIS2_PLACEMENT_3D('',#7577,#6217,#6218);
#5177=AXIS2_PLACEMENT_3D('',#7580,#6220,#6221);
#5178=AXIS2_PLACEMENT_3D('',#7581,#6222,#6223);
#5179=AXIS2_PLACEMENT_3D('',#7584,#6225,#6226);
#5180=AXIS2_PLACEMENT_3D('',#7585,#6227,#6228);
#5181=AXIS2_PLACEMENT_3D('',#7588,#6230,#6231);
#5182=AXIS2_PLACEMENT_3D('',#7589,#6232,#6233);
#5183=AXIS2_PLACEMENT_3D('',#7592,#6235,#6236);
#5184=AXIS2_PLACEMENT_3D('',#7593,#6237,#6238);
#5185=AXIS2_PLACEMENT_3D('',#7596,#6240,#6241);
#5186=AXIS2_PLACEMENT_3D('',#7597,#6242,#6243);
#5187=AXIS2_PLACEMENT_3D('',#7600,#6245,#6246);
#5188=AXIS2_PLACEMENT_3D('',#7601,#6247,#6248);
#5189=AXIS2_PLACEMENT_3D('',#7604,#6250,#6251);
#5190=AXIS2_PLACEMENT_3D('',#7605,#6252,#6253);
#5191=AXIS2_PLACEMENT_3D('',#7608,#6255,#6256);
#5192=AXIS2_PLACEMENT_3D('',#7609,#6257,#6258);
#5193=AXIS2_PLACEMENT_3D('',#7612,#6260,#6261);
#5194=AXIS2_PLACEMENT_3D('',#7613,#6262,#6263);
#5195=AXIS2_PLACEMENT_3D('',#7616,#6265,#6266);
#5196=AXIS2_PLACEMENT_3D('',#7617,#6267,#6268);
#5197=AXIS2_PLACEMENT_3D('',#7620,#6270,#6271);
#5198=AXIS2_PLACEMENT_3D('',#7621,#6272,#6273);
#5199=AXIS2_PLACEMENT_3D('',#7624,#6275,#6276);
#5200=AXIS2_PLACEMENT_3D('',#7625,#6277,#6278);
#5201=AXIS2_PLACEMENT_3D('',#7628,#6280,#6281);
#5202=AXIS2_PLACEMENT_3D('',#7629,#6282,#6283);
#5203=AXIS2_PLACEMENT_3D('',#7632,#6285,#6286);
#5204=AXIS2_PLACEMENT_3D('',#7633,#6287,#6288);
#5205=AXIS2_PLACEMENT_3D('',#7636,#6290,#6291);
#5206=AXIS2_PLACEMENT_3D('',#7637,#6292,#6293);
#5207=AXIS2_PLACEMENT_3D('',#7640,#6295,#6296);
#5208=AXIS2_PLACEMENT_3D('',#7641,#6297,#6298);
#5209=AXIS2_PLACEMENT_3D('',#7644,#6300,#6301);
#5210=AXIS2_PLACEMENT_3D('',#7645,#6302,#6303);
#5211=AXIS2_PLACEMENT_3D('',#7648,#6305,#6306);
#5212=AXIS2_PLACEMENT_3D('',#7649,#6307,#6308);
#5213=AXIS2_PLACEMENT_3D('',#7652,#6310,#6311);
#5214=AXIS2_PLACEMENT_3D('',#7653,#6312,#6313);
#5215=AXIS2_PLACEMENT_3D('',#7656,#6315,#6316);
#5216=AXIS2_PLACEMENT_3D('',#7657,#6317,#6318);
#5217=AXIS2_PLACEMENT_3D('',#7660,#6320,#6321);
#5218=AXIS2_PLACEMENT_3D('',#7661,#6322,#6323);
#5219=AXIS2_PLACEMENT_3D('',#7664,#6325,#6326);
#5220=AXIS2_PLACEMENT_3D('',#7665,#6327,#6328);
#5221=AXIS2_PLACEMENT_3D('',#7668,#6330,#6331);
#5222=AXIS2_PLACEMENT_3D('',#7669,#6332,#6333);
#5223=AXIS2_PLACEMENT_3D('',#7672,#6335,#6336);
#5224=AXIS2_PLACEMENT_3D('',#7673,#6337,#6338);
#5225=AXIS2_PLACEMENT_3D('',#7676,#6340,#6341);
#5226=AXIS2_PLACEMENT_3D('',#7677,#6342,#6343);
#5227=AXIS2_PLACEMENT_3D('',#7680,#6345,#6346);
#5228=AXIS2_PLACEMENT_3D('',#7681,#6347,#6348);
#5229=AXIS2_PLACEMENT_3D('',#7684,#6350,#6351);
#5230=AXIS2_PLACEMENT_3D('',#7685,#6352,#6353);
#5231=AXIS2_PLACEMENT_3D('',#7688,#6355,#6356);
#5232=AXIS2_PLACEMENT_3D('',#7689,#6357,#6358);
#5233=AXIS2_PLACEMENT_3D('',#7692,#6360,#6361);
#5234=AXIS2_PLACEMENT_3D('',#7693,#6362,#6363);
#5235=AXIS2_PLACEMENT_3D('',#7696,#6365,#6366);
#5236=AXIS2_PLACEMENT_3D('',#7697,#6367,#6368);
#5237=AXIS2_PLACEMENT_3D('',#7700,#6370,#6371);
#5238=AXIS2_PLACEMENT_3D('',#7701,#6372,#6373);
#5239=AXIS2_PLACEMENT_3D('',#7704,#6375,#6376);
#5240=AXIS2_PLACEMENT_3D('',#7705,#6377,#6378);
#5241=AXIS2_PLACEMENT_3D('',#7708,#6380,#6381);
#5242=AXIS2_PLACEMENT_3D('',#7709,#6382,#6383);
#5243=AXIS2_PLACEMENT_3D('',#7712,#6385,#6386);
#5244=AXIS2_PLACEMENT_3D('',#7713,#6387,#6388);
#5245=AXIS2_PLACEMENT_3D('',#7719,#6392,#6393);
#5246=AXIS2_PLACEMENT_3D('',#7723,#6396,#6397);
#5247=AXIS2_PLACEMENT_3D('',#7727,#6400,#6401);
#5248=AXIS2_PLACEMENT_3D('',#7729,#6403,#6404);
#5249=AXIS2_PLACEMENT_3D('',#7735,#6408,#6409);
#5250=AXIS2_PLACEMENT_3D('',#7739,#6412,#6413);
#5251=AXIS2_PLACEMENT_3D('',#7743,#6416,#6417);
#5252=AXIS2_PLACEMENT_3D('',#7745,#6419,#6420);
#5253=AXIS2_PLACEMENT_3D('',#7748,#6422,#6423);
#5254=AXIS2_PLACEMENT_3D('',#7749,#6424,#6425);
#5255=AXIS2_PLACEMENT_3D('',#7752,#6427,#6428);
#5256=AXIS2_PLACEMENT_3D('',#7753,#6429,#6430);
#5257=AXIS2_PLACEMENT_3D('',#7756,#6432,#6433);
#5258=AXIS2_PLACEMENT_3D('',#7757,#6434,#6435);
#5259=AXIS2_PLACEMENT_3D('',#7763,#6439,#6440);
#5260=AXIS2_PLACEMENT_3D('',#7767,#6443,#6444);
#5261=AXIS2_PLACEMENT_3D('',#7771,#6447,#6448);
#5262=AXIS2_PLACEMENT_3D('',#7773,#6450,#6451);
#5263=AXIS2_PLACEMENT_3D('',#7776,#6453,#6454);
#5264=AXIS2_PLACEMENT_3D('',#7777,#6455,#6456);
#5265=AXIS2_PLACEMENT_3D('',#7780,#6458,#6459);
#5266=AXIS2_PLACEMENT_3D('',#7781,#6460,#6461);
#5267=AXIS2_PLACEMENT_3D('',#7784,#6463,#6464);
#5268=AXIS2_PLACEMENT_3D('',#7785,#6465,#6466);
#5269=AXIS2_PLACEMENT_3D('',#7791,#6470,#6471);
#5270=AXIS2_PLACEMENT_3D('',#7795,#6474,#6475);
#5271=AXIS2_PLACEMENT_3D('',#7799,#6478,#6479);
#5272=AXIS2_PLACEMENT_3D('',#7801,#6481,#6482);
#5273=AXIS2_PLACEMENT_3D('',#7807,#6486,#6487);
#5274=AXIS2_PLACEMENT_3D('',#7811,#6490,#6491);
#5275=AXIS2_PLACEMENT_3D('',#7815,#6494,#6495);
#5276=AXIS2_PLACEMENT_3D('',#7817,#6497,#6498);
#5277=AXIS2_PLACEMENT_3D('',#7820,#6500,#6501);
#5278=AXIS2_PLACEMENT_3D('',#7821,#6502,#6503);
#5279=AXIS2_PLACEMENT_3D('',#7827,#6507,#6508);
#5280=AXIS2_PLACEMENT_3D('',#7831,#6511,#6512);
#5281=AXIS2_PLACEMENT_3D('',#7835,#6515,#6516);
#5282=AXIS2_PLACEMENT_3D('',#7837,#6518,#6519);
#5283=AXIS2_PLACEMENT_3D('',#7840,#6521,#6522);
#5284=AXIS2_PLACEMENT_3D('',#7841,#6523,#6524);
#5285=AXIS2_PLACEMENT_3D('',#7844,#6526,#6527);
#5286=AXIS2_PLACEMENT_3D('',#7845,#6528,#6529);
#5287=AXIS2_PLACEMENT_3D('',#7848,#6531,#6532);
#5288=AXIS2_PLACEMENT_3D('',#7849,#6533,#6534);
#5289=AXIS2_PLACEMENT_3D('',#7852,#6536,#6537);
#5290=AXIS2_PLACEMENT_3D('',#7853,#6538,#6539);
#5291=AXIS2_PLACEMENT_3D('',#7856,#6541,#6542);
#5292=AXIS2_PLACEMENT_3D('',#7857,#6543,#6544);
#5293=AXIS2_PLACEMENT_3D('',#7860,#6546,#6547);
#5294=AXIS2_PLACEMENT_3D('',#7861,#6548,#6549);
#5295=AXIS2_PLACEMENT_3D('',#7864,#6551,#6552);
#5296=AXIS2_PLACEMENT_3D('',#7865,#6553,#6554);
#5297=AXIS2_PLACEMENT_3D('',#7868,#6556,#6557);
#5298=AXIS2_PLACEMENT_3D('',#7869,#6558,#6559);
#5299=AXIS2_PLACEMENT_3D('',#7872,#6561,#6562);
#5300=AXIS2_PLACEMENT_3D('',#7873,#6563,#6564);
#5301=AXIS2_PLACEMENT_3D('',#7879,#6568,#6569);
#5302=AXIS2_PLACEMENT_3D('',#7883,#6572,#6573);
#5303=AXIS2_PLACEMENT_3D('',#7887,#6576,#6577);
#5304=AXIS2_PLACEMENT_3D('',#7889,#6579,#6580);
#5305=AXIS2_PLACEMENT_3D('',#7892,#6582,#6583);
#5306=AXIS2_PLACEMENT_3D('',#7893,#6584,#6585);
#5307=AXIS2_PLACEMENT_3D('',#7896,#6587,#6588);
#5308=AXIS2_PLACEMENT_3D('',#7897,#6589,#6590);
#5309=AXIS2_PLACEMENT_3D('',#7900,#6592,#6593);
#5310=AXIS2_PLACEMENT_3D('',#7901,#6594,#6595);
#5311=AXIS2_PLACEMENT_3D('',#7904,#6597,#6598);
#5312=AXIS2_PLACEMENT_3D('',#7905,#6599,#6600);
#5313=AXIS2_PLACEMENT_3D('',#7908,#6602,#6603);
#5314=AXIS2_PLACEMENT_3D('',#7909,#6604,#6605);
#5315=AXIS2_PLACEMENT_3D('',#7912,#6607,#6608);
#5316=AXIS2_PLACEMENT_3D('',#7913,#6609,#6610);
#5317=AXIS2_PLACEMENT_3D('',#7916,#6612,#6613);
#5318=AXIS2_PLACEMENT_3D('',#7917,#6614,#6615);
#5319=AXIS2_PLACEMENT_3D('',#7920,#6617,#6618);
#5320=AXIS2_PLACEMENT_3D('',#7921,#6619,#6620);
#5321=AXIS2_PLACEMENT_3D('',#7924,#6622,#6623);
#5322=AXIS2_PLACEMENT_3D('',#7925,#6624,#6625);
#5323=AXIS2_PLACEMENT_3D('',#7928,#6627,#6628);
#5324=AXIS2_PLACEMENT_3D('',#7929,#6629,#6630);
#5325=AXIS2_PLACEMENT_3D('',#7932,#6632,#6633);
#5326=AXIS2_PLACEMENT_3D('',#7933,#6634,#6635);
#5327=AXIS2_PLACEMENT_3D('',#7939,#6639,#6640);
#5328=AXIS2_PLACEMENT_3D('',#7943,#6643,#6644);
#5329=AXIS2_PLACEMENT_3D('',#7947,#6647,#6648);
#5330=AXIS2_PLACEMENT_3D('',#7949,#6650,#6651);
#5331=AXIS2_PLACEMENT_3D('',#7952,#6653,#6654);
#5332=AXIS2_PLACEMENT_3D('',#7953,#6655,#6656);
#5333=AXIS2_PLACEMENT_3D('',#7956,#6658,#6659);
#5334=AXIS2_PLACEMENT_3D('',#7957,#6660,#6661);
#5335=AXIS2_PLACEMENT_3D('',#7960,#6663,#6664);
#5336=AXIS2_PLACEMENT_3D('',#7961,#6665,#6666);
#5337=AXIS2_PLACEMENT_3D('',#7964,#6668,#6669);
#5338=AXIS2_PLACEMENT_3D('',#7965,#6670,#6671);
#5339=AXIS2_PLACEMENT_3D('',#7968,#6673,#6674);
#5340=AXIS2_PLACEMENT_3D('',#7969,#6675,#6676);
#5341=AXIS2_PLACEMENT_3D('',#7972,#6678,#6679);
#5342=AXIS2_PLACEMENT_3D('',#7973,#6680,#6681);
#5343=AXIS2_PLACEMENT_3D('',#7976,#6683,#6684);
#5344=AXIS2_PLACEMENT_3D('',#7977,#6685,#6686);
#5345=AXIS2_PLACEMENT_3D('',#7980,#6688,#6689);
#5346=AXIS2_PLACEMENT_3D('',#7981,#6690,#6691);
#5347=AXIS2_PLACEMENT_3D('',#7984,#6693,#6694);
#5348=AXIS2_PLACEMENT_3D('',#7985,#6695,#6696);
#5349=AXIS2_PLACEMENT_3D('',#7988,#6698,#6699);
#5350=AXIS2_PLACEMENT_3D('',#7989,#6700,#6701);
#5351=AXIS2_PLACEMENT_3D('',#7992,#6703,#6704);
#5352=AXIS2_PLACEMENT_3D('',#7993,#6705,#6706);
#5353=AXIS2_PLACEMENT_3D('',#7999,#6710,#6711);
#5354=AXIS2_PLACEMENT_3D('',#8003,#6714,#6715);
#5355=AXIS2_PLACEMENT_3D('',#8007,#6718,#6719);
#5356=AXIS2_PLACEMENT_3D('',#8009,#6721,#6722);
#5357=AXIS2_PLACEMENT_3D('',#8011,#6723,#6724);
#5358=AXIS2_PLACEMENT_3D('',#8013,#6725,#6726);
#5359=AXIS2_PLACEMENT_3D('',#8014,#6727,#6728);
#5360=AXIS2_PLACEMENT_3D('',#8016,#6730,#6731);
#5361=AXIS2_PLACEMENT_3D('',#8018,#6733,#6734);
#5362=AXIS2_PLACEMENT_3D('',#8020,#6736,#6737);
#5363=DIRECTION('axis',(0.,0.,1.));
#5364=DIRECTION('refdir',(1.,0.,0.));
#5365=DIRECTION('center_axis',(0.,0.,1.));
#5366=DIRECTION('ref_axis',(-1.,0.,0.));
#5367=DIRECTION('center_axis',(0.,0.,1.));
#5368=DIRECTION('ref_axis',(-1.,0.,0.));
#5369=DIRECTION('center_axis',(0.,0.,-1.));
#5370=DIRECTION('ref_axis',(-1.,0.,0.));
#5371=DIRECTION('center_axis',(0.,0.,1.));
#5372=DIRECTION('ref_axis',(-1.,0.,0.));
#5373=DIRECTION('center_axis',(0.,0.,1.));
#5374=DIRECTION('ref_axis',(-1.,0.,0.));
#5375=DIRECTION('center_axis',(0.,0.,-1.));
#5376=DIRECTION('ref_axis',(-1.,0.,0.));
#5377=DIRECTION('center_axis',(0.,0.,1.));
#5378=DIRECTION('ref_axis',(1.,0.,0.));
#5379=DIRECTION('center_axis',(0.,0.,-1.));
#5380=DIRECTION('ref_axis',(-1.,0.,0.));
#5381=DIRECTION('center_axis',(0.,0.,1.));
#5382=DIRECTION('ref_axis',(1.,0.,0.));
#5383=DIRECTION('',(1.,0.,0.));
#5384=DIRECTION('',(0.,1.,0.));
#5385=DIRECTION('',(-1.,-3.85185988877447E-33,0.));
#5386=DIRECTION('',(0.,-1.,0.));
#5387=DIRECTION('center_axis',(0.,0.,-1.));
#5388=DIRECTION('ref_axis',(1.,0.,0.));
#5389=DIRECTION('center_axis',(0.,0.,-1.));
#5390=DIRECTION('ref_axis',(1.,0.,0.));
#5391=DIRECTION('center_axis',(0.,0.,-1.));
#5392=DIRECTION('ref_axis',(1.,0.,0.));
#5393=DIRECTION('center_axis',(0.,0.,-1.));
#5394=DIRECTION('ref_axis',(1.,0.,0.));
#5395=DIRECTION('center_axis',(0.,0.,-1.));
#5396=DIRECTION('ref_axis',(1.,0.,0.));
#5397=DIRECTION('center_axis',(0.,0.,-1.));
#5398=DIRECTION('ref_axis',(1.,0.,0.));
#5399=DIRECTION('center_axis',(0.,0.,-1.));
#5400=DIRECTION('ref_axis',(1.,0.,0.));
#5401=DIRECTION('center_axis',(0.,0.,-1.));
#5402=DIRECTION('ref_axis',(1.,0.,0.));
#5403=DIRECTION('center_axis',(0.,0.,-1.));
#5404=DIRECTION('ref_axis',(1.,0.,0.));
#5405=DIRECTION('center_axis',(0.,0.,-1.));
#5406=DIRECTION('ref_axis',(-0.500000000000007,-0.866025403784434,0.));
#5407=DIRECTION('center_axis',(0.,0.,-1.));
#5408=DIRECTION('ref_axis',(-0.993238357741944,-0.116092914125224,0.));
#5409=DIRECTION('',(-1.,0.,0.));
#5410=DIRECTION('',(0.,1.,0.));
#5411=DIRECTION('',(1.,0.,0.));
#5412=DIRECTION('',(0.,-1.,0.));
#5413=DIRECTION('center_axis',(0.,0.,-1.));
#5414=DIRECTION('ref_axis',(1.,0.,0.));
#5415=DIRECTION('center_axis',(0.,0.,-1.));
#5416=DIRECTION('ref_axis',(0.973044870579821,0.230615870742451,0.));
#5417=DIRECTION('center_axis',(0.,0.,-1.));
#5418=DIRECTION('ref_axis',(-0.98883082622513,0.149042266176165,0.));
#5419=DIRECTION('center_axis',(0.,0.,-1.));
#5420=DIRECTION('ref_axis',(0.866025403784438,0.500000000000002,0.));
#5421=DIRECTION('center_axis',(0.,0.,-1.));
#5422=DIRECTION('ref_axis',(0.365341024366395,0.930873748644204,0.));
#5423=DIRECTION('center_axis',(0.,0.,-1.));
#5424=DIRECTION('ref_axis',(-0.222520933956314,0.974927912181824,0.));
#5425=DIRECTION('center_axis',(0.,0.,-1.));
#5426=DIRECTION('ref_axis',(0.89363264032341,0.448799180200468,0.));
#5427=DIRECTION('center_axis',(0.,0.,-1.));
#5428=DIRECTION('ref_axis',(1.,0.,0.));
#5429=DIRECTION('center_axis',(0.,0.,-1.));
#5430=DIRECTION('ref_axis',(0.597158591702777,0.80212319275505,0.));
#5431=DIRECTION('center_axis',(0.,0.,-1.));
#5432=DIRECTION('ref_axis',(-0.900968867902417,0.433883739117563,0.));
#5433=DIRECTION('center_axis',(0.,0.,-1.));
#5434=DIRECTION('ref_axis',(0.766044443118975,0.642787609686542,0.));
#5435=DIRECTION('',(1.,0.,0.));
#5436=DIRECTION('',(0.,-1.,0.));
#5437=DIRECTION('',(-1.,0.,0.));
#5438=DIRECTION('',(0.,1.,0.));
#5439=DIRECTION('center_axis',(0.,0.,-1.));
#5440=DIRECTION('ref_axis',(0.707106781186552,0.707106781186543,0.));
#5441=DIRECTION('center_axis',(0.,0.,-1.));
#5442=DIRECTION('ref_axis',(-0.0581448289104744,0.998308158271268,0.));
#5443=DIRECTION('center_axis',(0.,0.,-1.));
#5444=DIRECTION('ref_axis',(-0.686241637868735,0.727373641573047,0.));
#5445=DIRECTION('center_axis',(0.,0.,-1.));
#5446=DIRECTION('ref_axis',(-0.939692620785907,0.342020143325673,0.));
#5447=DIRECTION('center_axis',(0.,0.,-1.));
#5448=DIRECTION('ref_axis',(-0.222520933956314,-0.974927912181824,0.));
#5449=DIRECTION('center_axis',(0.,0.,-1.));
#5450=DIRECTION('ref_axis',(-0.835487811412933,-0.549508978070812,0.));
#5451=DIRECTION('center_axis',(0.,0.,-1.));
#5452=DIRECTION('ref_axis',(0.0747300935864238,0.99720379718118,0.));
#5453=DIRECTION('center_axis',(0.,0.,-1.));
#5454=DIRECTION('ref_axis',(1.,0.,0.));
#5455=DIRECTION('center_axis',(0.,0.,-1.));
#5456=DIRECTION('ref_axis',(-0.900968867902417,-0.433883739117563,0.));
#5457=DIRECTION('',(-1.,0.,0.));
#5458=DIRECTION('',(0.,1.,0.));
#5459=DIRECTION('',(1.,0.,0.));
#5460=DIRECTION('',(0.,-1.,0.));
#5461=DIRECTION('center_axis',(0.,0.,-1.));
#5462=DIRECTION('ref_axis',(1.,0.,0.));
#5463=DIRECTION('',(1.,0.,0.));
#5464=DIRECTION('',(0.,-1.,0.));
#5465=DIRECTION('',(-1.,0.,0.));
#5466=DIRECTION('',(0.,1.,0.));
#5467=DIRECTION('',(-1.,0.,0.));
#5468=DIRECTION('',(0.,1.,0.));
#5469=DIRECTION('',(1.,0.,0.));
#5470=DIRECTION('',(0.,-1.,0.));
#5471=DIRECTION('center_axis',(0.,0.,-1.));
#5472=DIRECTION('ref_axis',(0.965925826289065,0.258819045102531,0.));
#5473=DIRECTION('center_axis',(0.,0.,-1.));
#5474=DIRECTION('ref_axis',(-0.258819045102522,-0.965925826289068,0.));
#5475=DIRECTION('center_axis',(0.,0.,-1.));
#5476=DIRECTION('ref_axis',(-0.707106781186552,0.707106781186543,0.));
#5477=DIRECTION('',(-1.,0.,0.));
#5478=DIRECTION('',(0.,1.,0.));
#5479=DIRECTION('',(1.,0.,0.));
#5480=DIRECTION('',(0.,-1.,0.));
#5481=DIRECTION('center_axis',(0.,0.,-1.));
#5482=DIRECTION('ref_axis',(0.59715859170278,-0.802123192755048,0.));
#5483=DIRECTION('center_axis',(0.,0.,-1.));
#5484=DIRECTION('ref_axis',(-0.98883082622513,-0.149042266176165,0.));
#5485=DIRECTION('center_axis',(0.,0.,-1.));
#5486=DIRECTION('ref_axis',(0.,1.,0.));
#5487=DIRECTION('',(-1.,0.,0.));
#5488=DIRECTION('',(0.,1.,0.));
#5489=DIRECTION('',(1.,0.,0.));
#5490=DIRECTION('',(0.,-1.,0.));
#5491=DIRECTION('',(-1.,0.,0.));
#5492=DIRECTION('',(0.,1.,0.));
#5493=DIRECTION('',(1.,0.,0.));
#5494=DIRECTION('',(0.,-1.,0.));
#5495=DIRECTION('center_axis',(0.,0.,-1.));
#5496=DIRECTION('ref_axis',(0.25881904510252,0.965925826289069,0.));
#5497=DIRECTION('center_axis',(0.,0.,-1.));
#5498=DIRECTION('ref_axis',(1.,0.,0.));
#5499=DIRECTION('center_axis',(0.,0.,-1.));
#5500=DIRECTION('ref_axis',(-0.500000000000007,-0.866025403784434,0.));
#5501=DIRECTION('center_axis',(0.,0.,-1.));
#5502=DIRECTION('ref_axis',(0.826238774316003,0.563320058063611,0.));
#5503=DIRECTION('center_axis',(0.,0.,-1.));
#5504=DIRECTION('ref_axis',(0.396079766039153,-0.918216106880276,0.));
#5505=DIRECTION('center_axis',(0.,0.,-1.));
#5506=DIRECTION('ref_axis',(1.,0.,0.));
#5507=DIRECTION('center_axis',(0.,0.,-1.));
#5508=DIRECTION('ref_axis',(1.,0.,0.));
#5509=DIRECTION('center_axis',(0.,0.,-1.));
#5510=DIRECTION('ref_axis',(1.,0.,0.));
#5511=DIRECTION('center_axis',(0.,0.,-1.));
#5512=DIRECTION('ref_axis',(1.,0.,0.));
#5513=DIRECTION('center_axis',(0.,0.,-1.));
#5514=DIRECTION('ref_axis',(1.,0.,0.));
#5515=DIRECTION('center_axis',(0.,0.,-1.));
#5516=DIRECTION('ref_axis',(1.,0.,0.));
#5517=DIRECTION('center_axis',(0.,0.,-1.));
#5518=DIRECTION('ref_axis',(1.,0.,0.));
#5519=DIRECTION('center_axis',(0.,0.,-1.));
#5520=DIRECTION('ref_axis',(1.,0.,0.));
#5521=DIRECTION('center_axis',(0.,0.,-1.));
#5522=DIRECTION('ref_axis',(1.,0.,0.));
#5523=DIRECTION('center_axis',(0.,0.,-1.));
#5524=DIRECTION('ref_axis',(1.,0.,0.));
#5525=DIRECTION('center_axis',(0.,0.,-1.));
#5526=DIRECTION('ref_axis',(1.,0.,0.));
#5527=DIRECTION('center_axis',(0.,0.,-1.));
#5528=DIRECTION('ref_axis',(1.,0.,0.));
#5529=DIRECTION('center_axis',(0.,0.,-1.));
#5530=DIRECTION('ref_axis',(1.,0.,0.));
#5531=DIRECTION('center_axis',(0.,0.,-1.));
#5532=DIRECTION('ref_axis',(1.,0.,0.));
#5533=DIRECTION('center_axis',(0.,0.,-1.));
#5534=DIRECTION('ref_axis',(1.,0.,0.));
#5535=DIRECTION('center_axis',(0.,0.,-1.));
#5536=DIRECTION('ref_axis',(1.,0.,0.));
#5537=DIRECTION('center_axis',(0.,0.,-1.));
#5538=DIRECTION('ref_axis',(1.,0.,0.));
#5539=DIRECTION('center_axis',(0.,0.,-1.));
#5540=DIRECTION('ref_axis',(1.,0.,0.));
#5541=DIRECTION('center_axis',(0.,0.,-1.));
#5542=DIRECTION('ref_axis',(1.,0.,0.));
#5543=DIRECTION('center_axis',(0.,0.,-1.));
#5544=DIRECTION('ref_axis',(1.,0.,0.));
#5545=DIRECTION('center_axis',(0.,0.,-1.));
#5546=DIRECTION('ref_axis',(1.,0.,0.));
#5547=DIRECTION('center_axis',(0.,0.,-1.));
#5548=DIRECTION('ref_axis',(1.,0.,0.));
#5549=DIRECTION('center_axis',(0.,0.,-1.));
#5550=DIRECTION('ref_axis',(1.,0.,0.));
#5551=DIRECTION('center_axis',(0.,0.,-1.));
#5552=DIRECTION('ref_axis',(1.,0.,0.));
#5553=DIRECTION('center_axis',(0.,0.,-1.));
#5554=DIRECTION('ref_axis',(1.,0.,0.));
#5555=DIRECTION('center_axis',(0.,0.,-1.));
#5556=DIRECTION('ref_axis',(1.,0.,0.));
#5557=DIRECTION('center_axis',(0.,0.,-1.));
#5558=DIRECTION('ref_axis',(1.,0.,0.));
#5559=DIRECTION('center_axis',(0.,0.,-1.));
#5560=DIRECTION('ref_axis',(1.,0.,0.));
#5561=DIRECTION('center_axis',(0.,0.,-1.));
#5562=DIRECTION('ref_axis',(1.,0.,0.));
#5563=DIRECTION('center_axis',(0.,0.,-1.));
#5564=DIRECTION('ref_axis',(1.,0.,0.));
#5565=DIRECTION('center_axis',(0.,0.,-1.));
#5566=DIRECTION('ref_axis',(1.,0.,0.));
#5567=DIRECTION('center_axis',(0.,0.,-1.));
#5568=DIRECTION('ref_axis',(1.,0.,0.));
#5569=DIRECTION('center_axis',(0.,0.,-1.));
#5570=DIRECTION('ref_axis',(1.,0.,0.));
#5571=DIRECTION('center_axis',(0.,0.,-1.));
#5572=DIRECTION('ref_axis',(1.,0.,0.));
#5573=DIRECTION('center_axis',(0.,0.,-1.));
#5574=DIRECTION('ref_axis',(1.,0.,0.));
#5575=DIRECTION('center_axis',(0.,0.,-1.));
#5576=DIRECTION('ref_axis',(1.,0.,0.));
#5577=DIRECTION('center_axis',(0.,0.,-1.));
#5578=DIRECTION('ref_axis',(1.,0.,0.));
#5579=DIRECTION('center_axis',(0.,0.,-1.));
#5580=DIRECTION('ref_axis',(1.,0.,0.));
#5581=DIRECTION('center_axis',(0.,0.,-1.));
#5582=DIRECTION('ref_axis',(1.,0.,0.));
#5583=DIRECTION('center_axis',(0.,0.,-1.));
#5584=DIRECTION('ref_axis',(1.,0.,0.));
#5585=DIRECTION('center_axis',(0.,0.,-1.));
#5586=DIRECTION('ref_axis',(1.,0.,0.));
#5587=DIRECTION('center_axis',(0.,0.,-1.));
#5588=DIRECTION('ref_axis',(1.,0.,0.));
#5589=DIRECTION('',(0.,1.,0.));
#5590=DIRECTION('',(1.,0.,0.));
#5591=DIRECTION('',(0.,-1.,0.));
#5592=DIRECTION('',(-1.,0.,0.));
#5593=DIRECTION('center_axis',(0.,0.,-1.));
#5594=DIRECTION('ref_axis',(1.,0.,0.));
#5595=DIRECTION('center_axis',(0.,0.,-1.));
#5596=DIRECTION('ref_axis',(1.,0.,0.));
#5597=DIRECTION('center_axis',(0.,0.,-1.));
#5598=DIRECTION('ref_axis',(1.,0.,0.));
#5599=DIRECTION('center_axis',(0.,0.,-1.));
#5600=DIRECTION('ref_axis',(1.,0.,0.));
#5601=DIRECTION('center_axis',(0.,0.,-1.));
#5602=DIRECTION('ref_axis',(1.,0.,0.));
#5603=DIRECTION('center_axis',(0.,0.,-1.));
#5604=DIRECTION('ref_axis',(1.,0.,0.));
#5605=DIRECTION('center_axis',(0.,0.,-1.));
#5606=DIRECTION('ref_axis',(1.,0.,0.));
#5607=DIRECTION('center_axis',(0.,0.,-1.));
#5608=DIRECTION('ref_axis',(1.,0.,0.));
#5609=DIRECTION('center_axis',(0.,0.,-1.));
#5610=DIRECTION('ref_axis',(1.,0.,0.));
#5611=DIRECTION('center_axis',(0.,0.,-1.));
#5612=DIRECTION('ref_axis',(0.365341024366399,-0.930873748644203,0.));
#5613=DIRECTION('center_axis',(0.,0.,-1.));
#5614=DIRECTION('ref_axis',(1.,0.,0.));
#5615=DIRECTION('center_axis',(0.,0.,-1.));
#5616=DIRECTION('ref_axis',(-0.939692620785908,-0.342020143325671,0.));
#5617=DIRECTION('center_axis',(0.,0.,-1.));
#5618=DIRECTION('ref_axis',(0.173648177666929,-0.984807753012208,0.));
#5619=DIRECTION('',(-1.,0.,0.));
#5620=DIRECTION('',(0.,1.,0.));
#5621=DIRECTION('',(1.,0.,0.));
#5622=DIRECTION('',(0.,-1.,0.));
#5623=DIRECTION('',(-1.,0.,0.));
#5624=DIRECTION('',(0.,1.,0.));
#5625=DIRECTION('',(1.,0.,0.));
#5626=DIRECTION('',(0.,-1.,0.));
#5627=DIRECTION('',(-1.,0.,0.));
#5628=DIRECTION('',(0.,1.,0.));
#5629=DIRECTION('',(1.,0.,0.));
#5630=DIRECTION('',(0.,-1.,0.));
#5631=DIRECTION('center_axis',(0.,0.,-1.));
#5632=DIRECTION('ref_axis',(1.,0.,0.));
#5633=DIRECTION('center_axis',(0.,0.,-1.));
#5634=DIRECTION('ref_axis',(-0.500000000000006,0.866025403784435,0.));
#5635=DIRECTION('center_axis',(0.,0.,-1.));
#5636=DIRECTION('ref_axis',(-0.993238357741944,0.116092914125224,0.));
#5637=DIRECTION('center_axis',(0.,0.,-1.));
#5638=DIRECTION('ref_axis',(0.173648177666929,0.984807753012208,0.));
#5639=DIRECTION('center_axis',(0.,0.,-1.));
#5640=DIRECTION('ref_axis',(0.0747300935864282,-0.99720379718118,0.));
#5641=DIRECTION('center_axis',(0.,0.,-1.));
#5642=DIRECTION('ref_axis',(0.500000000000006,0.866025403784435,0.));
#5643=DIRECTION('center_axis',(0.,0.,-1.));
#5644=DIRECTION('ref_axis',(0.62348980185873,0.781831482468032,0.));
#5645=DIRECTION('center_axis',(0.,0.,-1.));
#5646=DIRECTION('ref_axis',(-0.0581448289104788,-0.998308158271268,0.));
#5647=DIRECTION('center_axis',(0.,0.,-1.));
#5648=DIRECTION('ref_axis',(-0.500000000000007,0.866025403784434,0.));
#5649=DIRECTION('center_axis',(0.,0.,-1.));
#5650=DIRECTION('ref_axis',(-0.500000000000007,-0.866025403784434,0.));
#5651=DIRECTION('center_axis',(0.,0.,-1.));
#5652=DIRECTION('ref_axis',(-0.965925826289066,-0.25881904510253,0.));
#5653=DIRECTION('center_axis',(0.,0.,-1.));
#5654=DIRECTION('ref_axis',(-0.286803232711085,-0.95798951231549,0.));
#5655=DIRECTION('center_axis',(0.,0.,-1.));
#5656=DIRECTION('ref_axis',(-0.707106781186552,-0.707106781186543,0.));
#5657=DIRECTION('center_axis',(0.,0.,-1.));
#5658=DIRECTION('ref_axis',(-0.686241637868733,-0.727373641573049,0.));
#5659=DIRECTION('center_axis',(0.,0.,-1.));
#5660=DIRECTION('ref_axis',(-0.25881904510252,0.965925826289069,0.));
#5661=DIRECTION('center_axis',(0.,0.,-1.));
#5662=DIRECTION('ref_axis',(-0.965925826289065,0.258819045102531,0.));
#5663=DIRECTION('center_axis',(0.,0.,-1.));
#5664=DIRECTION('ref_axis',(1.,0.,0.));
#5665=DIRECTION('center_axis',(0.,0.,-1.));
#5666=DIRECTION('ref_axis',(1.,0.,0.));
#5667=DIRECTION('',(-1.,0.,0.));
#5668=DIRECTION('',(0.,1.,0.));
#5669=DIRECTION('',(1.,0.,0.));
#5670=DIRECTION('',(0.,-1.,0.));
#5671=DIRECTION('center_axis',(0.,0.,-1.));
#5672=DIRECTION('ref_axis',(1.,0.,0.));
#5673=DIRECTION('',(0.,1.,0.));
#5674=DIRECTION('',(1.,0.,0.));
#5675=DIRECTION('',(0.,-1.,0.));
#5676=DIRECTION('',(-1.,0.,0.));
#5677=DIRECTION('center_axis',(0.,0.,-1.));
#5678=DIRECTION('ref_axis',(-0.733051871829834,0.680172737770911,0.));
#5679=DIRECTION('center_axis',(0.,0.,-1.));
#5680=DIRECTION('ref_axis',(-0.733051871829834,-0.680172737770911,0.));
#5681=DIRECTION('center_axis',(0.,0.,-1.));
#5682=DIRECTION('ref_axis',(0.955572805786136,0.294755174410919,0.));
#5683=DIRECTION('center_axis',(0.,0.,-1.));
#5684=DIRECTION('ref_axis',(-1.,0.,0.));
#5685=DIRECTION('center_axis',(0.,0.,-1.));
#5686=DIRECTION('ref_axis',(-0.500000000000006,0.866025403784435,0.));
#5687=DIRECTION('center_axis',(0.,0.,-1.));
#5688=DIRECTION('ref_axis',(1.,0.,0.));
#5689=DIRECTION('',(-1.,0.,0.));
#5690=DIRECTION('',(0.,1.,0.));
#5691=DIRECTION('',(1.,0.,0.));
#5692=DIRECTION('',(0.,-1.,0.));
#5693=DIRECTION('center_axis',(0.,0.,-1.));
#5694=DIRECTION('ref_axis',(0.396079766039153,0.918216106880276,0.));
#5695=DIRECTION('center_axis',(0.,0.,-1.));
#5696=DIRECTION('ref_axis',(1.,0.,0.));
#5697=DIRECTION('center_axis',(0.,0.,-1.));
#5698=DIRECTION('ref_axis',(-0.866025403784438,0.500000000000002,0.));
#5699=DIRECTION('center_axis',(0.,0.,-1.));
#5700=DIRECTION('ref_axis',(-0.866025403784439,-0.5,0.));
#5701=DIRECTION('center_axis',(0.,0.,-1.));
#5702=DIRECTION('ref_axis',(-0.835487811412933,0.549508978070812,0.));
#5703=DIRECTION('center_axis',(0.,0.,-1.));
#5704=DIRECTION('ref_axis',(1.,0.,0.));
#5705=DIRECTION('center_axis',(0.,0.,-1.));
#5706=DIRECTION('ref_axis',(-0.286803232711087,0.95798951231549,0.));
#5707=DIRECTION('center_axis',(0.,0.,-1.));
#5708=DIRECTION('ref_axis',(1.,0.,0.));
#5709=DIRECTION('center_axis',(0.,0.,-1.));
#5710=DIRECTION('ref_axis',(1.,0.,0.));
#5711=DIRECTION('center_axis',(0.,0.,-1.));
#5712=DIRECTION('ref_axis',(1.,0.,0.));
#5713=DIRECTION('center_axis',(0.,0.,-1.));
#5714=DIRECTION('ref_axis',(1.,0.,0.));
#5715=DIRECTION('center_axis',(0.,0.,-1.));
#5716=DIRECTION('ref_axis',(1.,0.,0.));
#5717=DIRECTION('center_axis',(0.,0.,-1.));
#5718=DIRECTION('ref_axis',(1.,0.,0.));
#5719=DIRECTION('center_axis',(0.,0.,-1.));
#5720=DIRECTION('ref_axis',(1.,0.,0.));
#5721=DIRECTION('center_axis',(0.,0.,-1.));
#5722=DIRECTION('ref_axis',(1.,0.,0.));
#5723=DIRECTION('center_axis',(0.,0.,-1.));
#5724=DIRECTION('ref_axis',(1.,0.,0.));
#5725=DIRECTION('center_axis',(0.,0.,1.));
#5726=DIRECTION('ref_axis',(1.,0.,0.));
#5727=DIRECTION('center_axis',(0.,0.,-1.));
#5728=DIRECTION('ref_axis',(-1.,0.,0.));
#5729=DIRECTION('center_axis',(0.,0.,-1.));
#5730=DIRECTION('ref_axis',(1.,0.,0.));
#5731=DIRECTION('center_axis',(0.,0.,1.));
#5732=DIRECTION('ref_axis',(1.,0.,0.));
#5733=DIRECTION('',(0.,0.,1.));
#5734=DIRECTION('center_axis',(0.,0.,-1.));
#5735=DIRECTION('ref_axis',(1.,0.,0.));
#5736=DIRECTION('center_axis',(1.,0.,0.));
#5737=DIRECTION('ref_axis',(0.,-1.,0.));
#5738=DIRECTION('',(0.,1.,0.));
#5739=DIRECTION('',(0.,0.,-1.));
#5740=DIRECTION('',(0.,-1.,0.));
#5741=DIRECTION('',(0.,0.,-1.));
#5742=DIRECTION('center_axis',(0.,0.,-1.));
#5743=DIRECTION('ref_axis',(-1.,-1.22464679914735E-16,0.));
#5744=DIRECTION('center_axis',(0.,0.,1.));
#5745=DIRECTION('ref_axis',(1.,0.,0.));
#5746=DIRECTION('center_axis',(0.,0.,-1.));
#5747=DIRECTION('ref_axis',(1.,0.,0.));
#5748=DIRECTION('center_axis',(0.,0.,1.));
#5749=DIRECTION('ref_axis',(1.,0.,0.));
#5750=DIRECTION('center_axis',(0.,0.,1.));
#5751=DIRECTION('ref_axis',(1.,0.,0.));
#5752=DIRECTION('center_axis',(0.,0.,-1.));
#5753=DIRECTION('ref_axis',(1.,0.,0.));
#5754=DIRECTION('center_axis',(0.,0.,1.));
#5755=DIRECTION('ref_axis',(1.,0.,0.));
#5756=DIRECTION('',(0.,0.,1.));
#5757=DIRECTION('center_axis',(0.,0.,-1.));
#5758=DIRECTION('ref_axis',(1.,0.,0.));
#5759=DIRECTION('center_axis',(0.,0.,-1.));
#5760=DIRECTION('ref_axis',(1.,0.,0.));
#5761=DIRECTION('center_axis',(0.,0.,-1.));
#5762=DIRECTION('ref_axis',(1.,0.,0.));
#5763=DIRECTION('',(0.,0.,1.));
#5764=DIRECTION('center_axis',(0.,0.,1.));
#5765=DIRECTION('ref_axis',(1.,0.,0.));
#5766=DIRECTION('center_axis',(0.,0.,1.));
#5767=DIRECTION('ref_axis',(1.,0.,0.));
#5768=DIRECTION('center_axis',(0.,0.,1.));
#5769=DIRECTION('ref_axis',(1.,0.,0.));
#5770=DIRECTION('center_axis',(0.,0.,1.));
#5771=DIRECTION('ref_axis',(1.,0.,0.));
#5772=DIRECTION('',(0.,0.,-1.));
#5773=DIRECTION('center_axis',(0.,0.,-1.));
#5774=DIRECTION('ref_axis',(1.,0.,0.));
#5775=DIRECTION('center_axis',(0.,0.,1.));
#5776=DIRECTION('ref_axis',(1.,0.,0.));
#5777=DIRECTION('',(0.,0.,-1.));
#5778=DIRECTION('center_axis',(0.,0.,-1.));
#5779=DIRECTION('ref_axis',(1.,0.,0.));
#5780=DIRECTION('center_axis',(0.,0.,1.));
#5781=DIRECTION('ref_axis',(1.,0.,0.));
#5782=DIRECTION('',(0.,0.,-1.));
#5783=DIRECTION('center_axis',(0.,0.,-1.));
#5784=DIRECTION('ref_axis',(1.,0.,0.));
#5785=DIRECTION('center_axis',(0.,0.,1.));
#5786=DIRECTION('ref_axis',(1.,0.,0.));
#5787=DIRECTION('',(0.,0.,-1.));
#5788=DIRECTION('center_axis',(0.,0.,-1.));
#5789=DIRECTION('ref_axis',(1.,0.,0.));
#5790=DIRECTION('center_axis',(0.,0.,1.));
#5791=DIRECTION('ref_axis',(1.,0.,0.));
#5792=DIRECTION('',(0.,0.,-1.));
#5793=DIRECTION('center_axis',(0.,0.,-1.));
#5794=DIRECTION('ref_axis',(1.,0.,0.));
#5795=DIRECTION('center_axis',(0.,0.,1.));
#5796=DIRECTION('ref_axis',(1.,0.,0.));
#5797=DIRECTION('',(0.,0.,-1.));
#5798=DIRECTION('center_axis',(0.,0.,-1.));
#5799=DIRECTION('ref_axis',(1.,0.,0.));
#5800=DIRECTION('center_axis',(0.,0.,1.));
#5801=DIRECTION('ref_axis',(1.,0.,0.));
#5802=DIRECTION('',(0.,0.,-1.));
#5803=DIRECTION('center_axis',(0.,0.,-1.));
#5804=DIRECTION('ref_axis',(1.,0.,0.));
#5805=DIRECTION('center_axis',(0.,0.,1.));
#5806=DIRECTION('ref_axis',(1.,0.,0.));
#5807=DIRECTION('',(0.,0.,-1.));
#5808=DIRECTION('center_axis',(0.,0.,-1.));
#5809=DIRECTION('ref_axis',(1.,0.,0.));
#5810=DIRECTION('center_axis',(0.,0.,1.));
#5811=DIRECTION('ref_axis',(1.,0.,0.));
#5812=DIRECTION('',(0.,0.,-1.));
#5813=DIRECTION('center_axis',(0.,0.,-1.));
#5814=DIRECTION('ref_axis',(1.,0.,0.));
#5815=DIRECTION('center_axis',(0.,0.,1.));
#5816=DIRECTION('ref_axis',(-0.286803232711087,0.95798951231549,0.));
#5817=DIRECTION('',(0.,0.,-1.));
#5818=DIRECTION('center_axis',(0.,0.,-1.));
#5819=DIRECTION('ref_axis',(-0.286803232711087,0.95798951231549,0.));
#5820=DIRECTION('center_axis',(0.,0.,1.));
#5821=DIRECTION('ref_axis',(1.,0.,0.));
#5822=DIRECTION('',(0.,0.,-1.));
#5823=DIRECTION('center_axis',(0.,0.,-1.));
#5824=DIRECTION('ref_axis',(1.,0.,0.));
#5825=DIRECTION('center_axis',(0.,0.,1.));
#5826=DIRECTION('ref_axis',(-0.835487811412933,0.549508978070812,0.));
#5827=DIRECTION('',(0.,0.,-1.));
#5828=DIRECTION('center_axis',(0.,0.,-1.));
#5829=DIRECTION('ref_axis',(-0.835487811412933,0.549508978070812,0.));
#5830=DIRECTION('center_axis',(0.,0.,1.));
#5831=DIRECTION('ref_axis',(-0.866025403784439,-0.5,0.));
#5832=DIRECTION('',(0.,0.,-1.));
#5833=DIRECTION('center_axis',(0.,0.,-1.));
#5834=DIRECTION('ref_axis',(-0.866025403784439,-0.5,0.));
#5835=DIRECTION('center_axis',(0.,0.,1.));
#5836=DIRECTION('ref_axis',(-0.866025403784438,0.500000000000002,0.));
#5837=DIRECTION('',(0.,0.,-1.));
#5838=DIRECTION('center_axis',(0.,0.,-1.));
#5839=DIRECTION('ref_axis',(-0.866025403784438,0.500000000000002,0.));
#5840=DIRECTION('center_axis',(0.,0.,1.));
#5841=DIRECTION('ref_axis',(1.,0.,0.));
#5842=DIRECTION('',(0.,0.,-1.));
#5843=DIRECTION('center_axis',(0.,0.,-1.));
#5844=DIRECTION('ref_axis',(1.,0.,0.));
#5845=DIRECTION('center_axis',(0.,0.,1.));
#5846=DIRECTION('ref_axis',(0.396079766039153,0.918216106880276,0.));
#5847=DIRECTION('',(0.,0.,-1.));
#5848=DIRECTION('center_axis',(0.,0.,-1.));
#5849=DIRECTION('ref_axis',(0.396079766039153,0.918216106880276,0.));
#5850=DIRECTION('center_axis',(-1.,0.,0.));
#5851=DIRECTION('ref_axis',(0.,-1.,0.));
#5852=DIRECTION('',(0.,-1.,0.));
#5853=DIRECTION('',(0.,0.,1.));
#5854=DIRECTION('',(0.,0.,1.));
#5855=DIRECTION('center_axis',(0.,-1.,0.));
#5856=DIRECTION('ref_axis',(1.,0.,0.));
#5857=DIRECTION('',(1.,0.,0.));
#5858=DIRECTION('',(0.,0.,1.));
#5859=DIRECTION('center_axis',(1.,0.,0.));
#5860=DIRECTION('ref_axis',(0.,1.,0.));
#5861=DIRECTION('',(0.,1.,0.));
#5862=DIRECTION('',(0.,0.,1.));
#5863=DIRECTION('center_axis',(0.,1.,0.));
#5864=DIRECTION('ref_axis',(-1.,0.,0.));
#5865=DIRECTION('',(-1.,0.,0.));
#5866=DIRECTION('center_axis',(0.,0.,1.));
#5867=DIRECTION('ref_axis',(1.,0.,0.));
#5868=DIRECTION('',(0.,0.,-1.));
#5869=DIRECTION('center_axis',(0.,0.,-1.));
#5870=DIRECTION('ref_axis',(1.,0.,0.));
#5871=DIRECTION('center_axis',(0.,0.,1.));
#5872=DIRECTION('ref_axis',(-0.500000000000006,0.866025403784435,0.));
#5873=DIRECTION('',(0.,0.,-1.));
#5874=DIRECTION('center_axis',(0.,0.,-1.));
#5875=DIRECTION('ref_axis',(-0.500000000000006,0.866025403784435,0.));
#5876=DIRECTION('center_axis',(0.,0.,1.));
#5877=DIRECTION('ref_axis',(-1.,0.,0.));
#5878=DIRECTION('',(0.,0.,-1.));
#5879=DIRECTION('center_axis',(0.,0.,-1.));
#5880=DIRECTION('ref_axis',(-1.,0.,0.));
#5881=DIRECTION('center_axis',(0.,0.,1.));
#5882=DIRECTION('ref_axis',(0.955572805786136,0.294755174410919,0.));
#5883=DIRECTION('',(0.,0.,-1.));
#5884=DIRECTION('center_axis',(0.,0.,-1.));
#5885=DIRECTION('ref_axis',(0.955572805786136,0.294755174410919,0.));
#5886=DIRECTION('center_axis',(0.,0.,1.));
#5887=DIRECTION('ref_axis',(-0.733051871829834,-0.680172737770911,0.));
#5888=DIRECTION('',(0.,0.,-1.));
#5889=DIRECTION('center_axis',(0.,0.,-1.));
#5890=DIRECTION('ref_axis',(-0.733051871829834,-0.680172737770911,0.));
#5891=DIRECTION('center_axis',(0.,0.,1.));
#5892=DIRECTION('ref_axis',(-0.733051871829834,0.680172737770911,0.));
#5893=DIRECTION('',(0.,0.,-1.));
#5894=DIRECTION('center_axis',(0.,0.,-1.));
#5895=DIRECTION('ref_axis',(-0.733051871829834,0.680172737770911,0.));
#5896=DIRECTION('center_axis',(0.,1.,0.));
#5897=DIRECTION('ref_axis',(-1.,0.,0.));
#5898=DIRECTION('',(-1.,0.,0.));
#5899=DIRECTION('',(0.,0.,1.));
#5900=DIRECTION('',(0.,0.,1.));
#5901=DIRECTION('center_axis',(-1.,0.,0.));
#5902=DIRECTION('ref_axis',(0.,-1.,0.));
#5903=DIRECTION('',(0.,-1.,0.));
#5904=DIRECTION('',(0.,0.,1.));
#5905=DIRECTION('center_axis',(0.,-1.,0.));
#5906=DIRECTION('ref_axis',(1.,0.,0.));
#5907=DIRECTION('',(1.,0.,0.));
#5908=DIRECTION('',(0.,0.,1.));
#5909=DIRECTION('center_axis',(1.,0.,0.));
#5910=DIRECTION('ref_axis',(0.,1.,0.));
#5911=DIRECTION('',(0.,1.,0.));
#5912=DIRECTION('center_axis',(0.,0.,1.));
#5913=DIRECTION('ref_axis',(1.,0.,0.));
#5914=DIRECTION('',(0.,0.,-1.));
#5915=DIRECTION('center_axis',(0.,0.,-1.));
#5916=DIRECTION('ref_axis',(1.,0.,0.));
#5917=DIRECTION('center_axis',(-1.,0.,0.));
#5918=DIRECTION('ref_axis',(0.,-1.,0.));
#5919=DIRECTION('',(0.,-1.,0.));
#5920=DIRECTION('',(0.,0.,1.));
#5921=DIRECTION('',(0.,0.,1.));
#5922=DIRECTION('center_axis',(0.,-1.,0.));
#5923=DIRECTION('ref_axis',(1.,0.,0.));
#5924=DIRECTION('',(1.,0.,0.));
#5925=DIRECTION('',(0.,0.,1.));
#5926=DIRECTION('center_axis',(1.,0.,0.));
#5927=DIRECTION('ref_axis',(0.,1.,0.));
#5928=DIRECTION('',(0.,1.,0.));
#5929=DIRECTION('',(0.,0.,1.));
#5930=DIRECTION('center_axis',(0.,1.,0.));
#5931=DIRECTION('ref_axis',(-1.,0.,0.));
#5932=DIRECTION('',(-1.,0.,0.));
#5933=DIRECTION('center_axis',(0.,0.,1.));
#5934=DIRECTION('ref_axis',(1.,0.,0.));
#5935=DIRECTION('',(0.,0.,-1.));
#5936=DIRECTION('center_axis',(0.,0.,-1.));
#5937=DIRECTION('ref_axis',(1.,0.,0.));
#5938=DIRECTION('center_axis',(0.,0.,1.));
#5939=DIRECTION('ref_axis',(1.,0.,0.));
#5940=DIRECTION('',(0.,0.,-1.));
#5941=DIRECTION('center_axis',(0.,0.,-1.));
#5942=DIRECTION('ref_axis',(1.,0.,0.));
#5943=DIRECTION('center_axis',(0.,0.,1.));
#5944=DIRECTION('ref_axis',(-0.965925826289065,0.258819045102531,0.));
#5945=DIRECTION('',(0.,0.,-1.));
#5946=DIRECTION('center_axis',(0.,0.,-1.));
#5947=DIRECTION('ref_axis',(-0.965925826289065,0.258819045102531,0.));
#5948=DIRECTION('center_axis',(0.,0.,1.));
#5949=DIRECTION('ref_axis',(-0.25881904510252,0.965925826289069,0.));
#5950=DIRECTION('',(0.,0.,-1.));
#5951=DIRECTION('center_axis',(0.,0.,-1.));
#5952=DIRECTION('ref_axis',(-0.25881904510252,0.965925826289069,0.));
#5953=DIRECTION('center_axis',(0.,0.,1.));
#5954=DIRECTION('ref_axis',(-0.686241637868733,-0.727373641573049,0.));
#5955=DIRECTION('',(0.,0.,-1.));
#5956=DIRECTION('center_axis',(0.,0.,-1.));
#5957=DIRECTION('ref_axis',(-0.686241637868733,-0.727373641573049,0.));
#5958=DIRECTION('center_axis',(0.,0.,1.));
#5959=DIRECTION('ref_axis',(-0.707106781186552,-0.707106781186543,0.));
#5960=DIRECTION('',(0.,0.,-1.));
#5961=DIRECTION('center_axis',(0.,0.,-1.));
#5962=DIRECTION('ref_axis',(-0.707106781186552,-0.707106781186543,0.));
#5963=DIRECTION('center_axis',(0.,0.,1.));
#5964=DIRECTION('ref_axis',(-0.286803232711085,-0.95798951231549,0.));
#5965=DIRECTION('',(0.,0.,-1.));
#5966=DIRECTION('center_axis',(0.,0.,-1.));
#5967=DIRECTION('ref_axis',(-0.286803232711085,-0.95798951231549,0.));
#5968=DIRECTION('center_axis',(0.,0.,1.));
#5969=DIRECTION('ref_axis',(-0.965925826289066,-0.25881904510253,0.));
#5970=DIRECTION('',(0.,0.,-1.));
#5971=DIRECTION('center_axis',(0.,0.,-1.));
#5972=DIRECTION('ref_axis',(-0.965925826289066,-0.25881904510253,0.));
#5973=DIRECTION('center_axis',(0.,0.,1.));
#5974=DIRECTION('ref_axis',(-0.500000000000007,-0.866025403784434,0.));
#5975=DIRECTION('',(0.,0.,-1.));
#5976=DIRECTION('center_axis',(0.,0.,-1.));
#5977=DIRECTION('ref_axis',(-0.500000000000007,-0.866025403784434,0.));
#5978=DIRECTION('center_axis',(0.,0.,1.));
#5979=DIRECTION('ref_axis',(-0.500000000000007,0.866025403784434,0.));
#5980=DIRECTION('',(0.,0.,-1.));
#5981=DIRECTION('center_axis',(0.,0.,-1.));
#5982=DIRECTION('ref_axis',(-0.500000000000007,0.866025403784434,0.));
#5983=DIRECTION('center_axis',(0.,0.,1.));
#5984=DIRECTION('ref_axis',(-0.0581448289104788,-0.998308158271268,0.));
#5985=DIRECTION('',(0.,0.,-1.));
#5986=DIRECTION('center_axis',(0.,0.,-1.));
#5987=DIRECTION('ref_axis',(-0.0581448289104788,-0.998308158271268,0.));
#5988=DIRECTION('center_axis',(0.,0.,1.));
#5989=DIRECTION('ref_axis',(0.62348980185873,0.781831482468032,0.));
#5990=DIRECTION('',(0.,0.,-1.));
#5991=DIRECTION('center_axis',(0.,0.,-1.));
#5992=DIRECTION('ref_axis',(0.62348980185873,0.781831482468032,0.));
#5993=DIRECTION('center_axis',(0.,0.,1.));
#5994=DIRECTION('ref_axis',(0.500000000000006,0.866025403784435,0.));
#5995=DIRECTION('',(0.,0.,-1.));
#5996=DIRECTION('center_axis',(0.,0.,-1.));
#5997=DIRECTION('ref_axis',(0.500000000000006,0.866025403784435,0.));
#5998=DIRECTION('center_axis',(0.,0.,1.));
#5999=DIRECTION('ref_axis',(0.0747300935864282,-0.99720379718118,0.));
#6000=DIRECTION('',(0.,0.,-1.));
#6001=DIRECTION('center_axis',(0.,0.,-1.));
#6002=DIRECTION('ref_axis',(0.0747300935864282,-0.99720379718118,0.));
#6003=DIRECTION('center_axis',(0.,0.,1.));
#6004=DIRECTION('ref_axis',(0.173648177666929,0.984807753012208,0.));
#6005=DIRECTION('',(0.,0.,-1.));
#6006=DIRECTION('center_axis',(0.,0.,-1.));
#6007=DIRECTION('ref_axis',(0.173648177666929,0.984807753012208,0.));
#6008=DIRECTION('center_axis',(0.,0.,1.));
#6009=DIRECTION('ref_axis',(-0.993238357741944,0.116092914125224,0.));
#6010=DIRECTION('',(0.,0.,-1.));
#6011=DIRECTION('center_axis',(0.,0.,-1.));
#6012=DIRECTION('ref_axis',(-0.993238357741944,0.116092914125224,0.));
#6013=DIRECTION('center_axis',(0.,0.,1.));
#6014=DIRECTION('ref_axis',(-0.500000000000006,0.866025403784435,0.));
#6015=DIRECTION('',(0.,0.,-1.));
#6016=DIRECTION('center_axis',(0.,0.,-1.));
#6017=DIRECTION('ref_axis',(-0.500000000000006,0.866025403784435,0.));
#6018=DIRECTION('center_axis',(0.,0.,1.));
#6019=DIRECTION('ref_axis',(1.,0.,0.));
#6020=DIRECTION('',(0.,0.,-1.));
#6021=DIRECTION('center_axis',(0.,0.,-1.));
#6022=DIRECTION('ref_axis',(1.,0.,0.));
#6023=DIRECTION('center_axis',(-1.,0.,0.));
#6024=DIRECTION('ref_axis',(0.,-1.,0.));
#6025=DIRECTION('',(0.,-1.,0.));
#6026=DIRECTION('',(0.,0.,1.));
#6027=DIRECTION('',(0.,0.,1.));
#6028=DIRECTION('center_axis',(0.,-1.,0.));
#6029=DIRECTION('ref_axis',(1.,0.,0.));
#6030=DIRECTION('',(1.,0.,0.));
#6031=DIRECTION('',(0.,0.,1.));
#6032=DIRECTION('center_axis',(1.,0.,0.));
#6033=DIRECTION('ref_axis',(0.,1.,0.));
#6034=DIRECTION('',(0.,1.,0.));
#6035=DIRECTION('',(0.,0.,1.));
#6036=DIRECTION('center_axis',(0.,1.,0.));
#6037=DIRECTION('ref_axis',(-1.,0.,0.));
#6038=DIRECTION('',(-1.,0.,0.));
#6039=DIRECTION('center_axis',(-1.,0.,0.));
#6040=DIRECTION('ref_axis',(0.,-1.,0.));
#6041=DIRECTION('',(0.,-1.,0.));
#6042=DIRECTION('',(0.,0.,1.));
#6043=DIRECTION('',(0.,0.,1.));
#6044=DIRECTION('center_axis',(0.,-1.,0.));
#6045=DIRECTION('ref_axis',(1.,0.,0.));
#6046=DIRECTION('',(1.,0.,0.));
#6047=DIRECTION('',(0.,0.,1.));
#6048=DIRECTION('center_axis',(1.,0.,0.));
#6049=DIRECTION('ref_axis',(0.,1.,0.));
#6050=DIRECTION('',(0.,1.,0.));
#6051=DIRECTION('',(0.,0.,1.));
#6052=DIRECTION('center_axis',(0.,1.,0.));
#6053=DIRECTION('ref_axis',(-1.,0.,0.));
#6054=DIRECTION('',(-1.,0.,0.));
#6055=DIRECTION('center_axis',(-1.,0.,0.));
#6056=DIRECTION('ref_axis',(0.,-1.,0.));
#6057=DIRECTION('',(0.,-1.,0.));
#6058=DIRECTION('',(0.,0.,1.));
#6059=DIRECTION('',(0.,0.,1.));
#6060=DIRECTION('center_axis',(0.,-1.,0.));
#6061=DIRECTION('ref_axis',(1.,0.,0.));
#6062=DIRECTION('',(1.,0.,0.));
#6063=DIRECTION('',(0.,0.,1.));
#6064=DIRECTION('center_axis',(1.,0.,0.));
#6065=DIRECTION('ref_axis',(0.,1.,0.));
#6066=DIRECTION('',(0.,1.,0.));
#6067=DIRECTION('',(0.,0.,1.));
#6068=DIRECTION('center_axis',(0.,1.,0.));
#6069=DIRECTION('ref_axis',(-1.,0.,0.));
#6070=DIRECTION('',(-1.,0.,0.));
#6071=DIRECTION('center_axis',(0.,0.,1.));
#6072=DIRECTION('ref_axis',(0.173648177666929,-0.984807753012208,0.));
#6073=DIRECTION('',(0.,0.,-1.));
#6074=DIRECTION('center_axis',(0.,0.,-1.));
#6075=DIRECTION('ref_axis',(0.173648177666929,-0.984807753012208,0.));
#6076=DIRECTION('center_axis',(0.,0.,1.));
#6077=DIRECTION('ref_axis',(-0.939692620785908,-0.342020143325671,0.));
#6078=DIRECTION('',(0.,0.,-1.));
#6079=DIRECTION('center_axis',(0.,0.,-1.));
#6080=DIRECTION('ref_axis',(-0.939692620785908,-0.342020143325671,0.));
#6081=DIRECTION('center_axis',(0.,0.,1.));
#6082=DIRECTION('ref_axis',(1.,0.,0.));
#6083=DIRECTION('',(0.,0.,-1.));
#6084=DIRECTION('center_axis',(0.,0.,-1.));
#6085=DIRECTION('ref_axis',(1.,0.,0.));
#6086=DIRECTION('center_axis',(0.,0.,1.));
#6087=DIRECTION('ref_axis',(0.365341024366399,-0.930873748644203,0.));
#6088=DIRECTION('',(0.,0.,-1.));
#6089=DIRECTION('center_axis',(0.,0.,-1.));
#6090=DIRECTION('ref_axis',(0.365341024366399,-0.930873748644203,0.));
#6091=DIRECTION('center_axis',(0.,0.,1.));
#6092=DIRECTION('ref_axis',(1.,0.,0.));
#6093=DIRECTION('',(0.,0.,-1.));
#6094=DIRECTION('center_axis',(0.,0.,-1.));
#6095=DIRECTION('ref_axis',(1.,0.,0.));
#6096=DIRECTION('center_axis',(0.,0.,1.));
#6097=DIRECTION('ref_axis',(1.,0.,0.));
#6098=DIRECTION('',(0.,0.,-1.));
#6099=DIRECTION('center_axis',(0.,0.,-1.));
#6100=DIRECTION('ref_axis',(1.,0.,0.));
#6101=DIRECTION('center_axis',(0.,0.,1.));
#6102=DIRECTION('ref_axis',(1.,0.,0.));
#6103=DIRECTION('',(0.,0.,-1.));
#6104=DIRECTION('center_axis',(0.,0.,-1.));
#6105=DIRECTION('ref_axis',(1.,0.,0.));
#6106=DIRECTION('center_axis',(0.,0.,1.));
#6107=DIRECTION('ref_axis',(1.,0.,0.));
#6108=DIRECTION('',(0.,0.,-1.));
#6109=DIRECTION('center_axis',(0.,0.,-1.));
#6110=DIRECTION('ref_axis',(1.,0.,0.));
#6111=DIRECTION('center_axis',(0.,0.,1.));
#6112=DIRECTION('ref_axis',(1.,0.,0.));
#6113=DIRECTION('',(0.,0.,-1.));
#6114=DIRECTION('center_axis',(0.,0.,-1.));
#6115=DIRECTION('ref_axis',(1.,0.,0.));
#6116=DIRECTION('center_axis',(0.,0.,1.));
#6117=DIRECTION('ref_axis',(1.,0.,0.));
#6118=DIRECTION('',(0.,0.,-1.));
#6119=DIRECTION('center_axis',(0.,0.,-1.));
#6120=DIRECTION('ref_axis',(1.,0.,0.));
#6121=DIRECTION('center_axis',(0.,0.,1.));
#6122=DIRECTION('ref_axis',(1.,0.,0.));
#6123=DIRECTION('',(0.,0.,-1.));
#6124=DIRECTION('center_axis',(0.,0.,-1.));
#6125=DIRECTION('ref_axis',(1.,0.,0.));
#6126=DIRECTION('center_axis',(0.,0.,1.));
#6127=DIRECTION('ref_axis',(1.,0.,0.));
#6128=DIRECTION('',(0.,0.,-1.));
#6129=DIRECTION('center_axis',(0.,0.,-1.));
#6130=DIRECTION('ref_axis',(1.,0.,0.));
#6131=DIRECTION('center_axis',(0.,0.,1.));
#6132=DIRECTION('ref_axis',(1.,0.,0.));
#6133=DIRECTION('',(0.,0.,-1.));
#6134=DIRECTION('center_axis',(0.,0.,-1.));
#6135=DIRECTION('ref_axis',(1.,0.,0.));
#6136=DIRECTION('center_axis',(0.,1.,0.));
#6137=DIRECTION('ref_axis',(-1.,0.,0.));
#6138=DIRECTION('',(-1.,0.,0.));
#6139=DIRECTION('',(0.,0.,1.));
#6140=DIRECTION('',(0.,0.,1.));
#6141=DIRECTION('center_axis',(-1.,0.,0.));
#6142=DIRECTION('ref_axis',(0.,-1.,0.));
#6143=DIRECTION('',(0.,-1.,0.));
#6144=DIRECTION('',(0.,0.,1.));
#6145=DIRECTION('center_axis',(0.,-1.,0.));
#6146=DIRECTION('ref_axis',(1.,0.,0.));
#6147=DIRECTION('',(1.,0.,0.));
#6148=DIRECTION('',(0.,0.,1.));
#6149=DIRECTION('center_axis',(1.,0.,0.));
#6150=DIRECTION('ref_axis',(0.,1.,0.));
#6151=DIRECTION('',(0.,1.,0.));
#6152=DIRECTION('center_axis',(0.,0.,1.));
#6153=DIRECTION('ref_axis',(1.,0.,0.));
#6154=DIRECTION('',(0.,0.,-1.));
#6155=DIRECTION('center_axis',(0.,0.,-1.));
#6156=DIRECTION('ref_axis',(1.,0.,0.));
#6157=DIRECTION('center_axis',(0.,0.,1.));
#6158=DIRECTION('ref_axis',(1.,0.,0.));
#6159=DIRECTION('',(0.,0.,-1.));
#6160=DIRECTION('center_axis',(0.,0.,-1.));
#6161=DIRECTION('ref_axis',(1.,0.,0.));
#6162=DIRECTION('center_axis',(0.,0.,1.));
#6163=DIRECTION('ref_axis',(1.,0.,0.));
#6164=DIRECTION('',(0.,0.,-1.));
#6165=DIRECTION('center_axis',(0.,0.,-1.));
#6166=DIRECTION('ref_axis',(1.,0.,0.));
#6167=DIRECTION('center_axis',(0.,0.,1.));
#6168=DIRECTION('ref_axis',(1.,0.,0.));
#6169=DIRECTION('',(0.,0.,-1.));
#6170=DIRECTION('center_axis',(0.,0.,-1.));
#6171=DIRECTION('ref_axis',(1.,0.,0.));
#6172=DIRECTION('center_axis',(0.,0.,1.));
#6173=DIRECTION('ref_axis',(1.,0.,0.));
#6174=DIRECTION('',(0.,0.,-1.));
#6175=DIRECTION('center_axis',(0.,0.,-1.));
#6176=DIRECTION('ref_axis',(1.,0.,0.));
#6177=DIRECTION('center_axis',(0.,0.,1.));
#6178=DIRECTION('ref_axis',(1.,0.,0.));
#6179=DIRECTION('',(0.,0.,-1.));
#6180=DIRECTION('center_axis',(0.,0.,-1.));
#6181=DIRECTION('ref_axis',(1.,0.,0.));
#6182=DIRECTION('center_axis',(0.,0.,1.));
#6183=DIRECTION('ref_axis',(1.,0.,0.));
#6184=DIRECTION('',(0.,0.,-1.));
#6185=DIRECTION('center_axis',(0.,0.,-1.));
#6186=DIRECTION('ref_axis',(1.,0.,0.));
#6187=DIRECTION('center_axis',(0.,0.,1.));
#6188=DIRECTION('ref_axis',(1.,0.,0.));
#6189=DIRECTION('',(0.,0.,-1.));
#6190=DIRECTION('center_axis',(0.,0.,-1.));
#6191=DIRECTION('ref_axis',(1.,0.,0.));
#6192=DIRECTION('center_axis',(0.,0.,1.));
#6193=DIRECTION('ref_axis',(1.,0.,0.));
#6194=DIRECTION('',(0.,0.,-1.));
#6195=DIRECTION('center_axis',(0.,0.,-1.));
#6196=DIRECTION('ref_axis',(1.,0.,0.));
#6197=DIRECTION('center_axis',(0.,0.,1.));
#6198=DIRECTION('ref_axis',(1.,0.,0.));
#6199=DIRECTION('',(0.,0.,-1.));
#6200=DIRECTION('center_axis',(0.,0.,-1.));
#6201=DIRECTION('ref_axis',(1.,0.,0.));
#6202=DIRECTION('center_axis',(0.,0.,1.));
#6203=DIRECTION('ref_axis',(1.,0.,0.));
#6204=DIRECTION('',(0.,0.,-1.));
#6205=DIRECTION('center_axis',(0.,0.,-1.));
#6206=DIRECTION('ref_axis',(1.,0.,0.));
#6207=DIRECTION('center_axis',(0.,0.,1.));
#6208=DIRECTION('ref_axis',(1.,0.,0.));
#6209=DIRECTION('',(0.,0.,-1.));
#6210=DIRECTION('center_axis',(0.,0.,-1.));
#6211=DIRECTION('ref_axis',(1.,0.,0.));
#6212=DIRECTION('center_axis',(0.,0.,1.));
#6213=DIRECTION('ref_axis',(1.,0.,0.));
#6214=DIRECTION('',(0.,0.,-1.));
#6215=DIRECTION('center_axis',(0.,0.,-1.));
#6216=DIRECTION('ref_axis',(1.,0.,0.));
#6217=DIRECTION('center_axis',(0.,0.,1.));
#6218=DIRECTION('ref_axis',(1.,0.,0.));
#6219=DIRECTION('',(0.,0.,-1.));
#6220=DIRECTION('center_axis',(0.,0.,-1.));
#6221=DIRECTION('ref_axis',(1.,0.,0.));
#6222=DIRECTION('center_axis',(0.,0.,1.));
#6223=DIRECTION('ref_axis',(1.,0.,0.));
#6224=DIRECTION('',(0.,0.,-1.));
#6225=DIRECTION('center_axis',(0.,0.,-1.));
#6226=DIRECTION('ref_axis',(1.,0.,0.));
#6227=DIRECTION('center_axis',(0.,0.,1.));
#6228=DIRECTION('ref_axis',(1.,0.,0.));
#6229=DIRECTION('',(0.,0.,-1.));
#6230=DIRECTION('center_axis',(0.,0.,-1.));
#6231=DIRECTION('ref_axis',(1.,0.,0.));
#6232=DIRECTION('center_axis',(0.,0.,1.));
#6233=DIRECTION('ref_axis',(1.,0.,0.));
#6234=DIRECTION('',(0.,0.,-1.));
#6235=DIRECTION('center_axis',(0.,0.,-1.));
#6236=DIRECTION('ref_axis',(1.,0.,0.));
#6237=DIRECTION('center_axis',(0.,0.,1.));
#6238=DIRECTION('ref_axis',(1.,0.,0.));
#6239=DIRECTION('',(0.,0.,-1.));
#6240=DIRECTION('center_axis',(0.,0.,-1.));
#6241=DIRECTION('ref_axis',(1.,0.,0.));
#6242=DIRECTION('center_axis',(0.,0.,1.));
#6243=DIRECTION('ref_axis',(1.,0.,0.));
#6244=DIRECTION('',(0.,0.,-1.));
#6245=DIRECTION('center_axis',(0.,0.,-1.));
#6246=DIRECTION('ref_axis',(1.,0.,0.));
#6247=DIRECTION('center_axis',(0.,0.,1.));
#6248=DIRECTION('ref_axis',(1.,0.,0.));
#6249=DIRECTION('',(0.,0.,-1.));
#6250=DIRECTION('center_axis',(0.,0.,-1.));
#6251=DIRECTION('ref_axis',(1.,0.,0.));
#6252=DIRECTION('center_axis',(0.,0.,1.));
#6253=DIRECTION('ref_axis',(1.,0.,0.));
#6254=DIRECTION('',(0.,0.,-1.));
#6255=DIRECTION('center_axis',(0.,0.,-1.));
#6256=DIRECTION('ref_axis',(1.,0.,0.));
#6257=DIRECTION('center_axis',(0.,0.,1.));
#6258=DIRECTION('ref_axis',(1.,0.,0.));
#6259=DIRECTION('',(0.,0.,-1.));
#6260=DIRECTION('center_axis',(0.,0.,-1.));
#6261=DIRECTION('ref_axis',(1.,0.,0.));
#6262=DIRECTION('center_axis',(0.,0.,1.));
#6263=DIRECTION('ref_axis',(1.,0.,0.));
#6264=DIRECTION('',(0.,0.,-1.));
#6265=DIRECTION('center_axis',(0.,0.,-1.));
#6266=DIRECTION('ref_axis',(1.,0.,0.));
#6267=DIRECTION('center_axis',(0.,0.,1.));
#6268=DIRECTION('ref_axis',(1.,0.,0.));
#6269=DIRECTION('',(0.,0.,-1.));
#6270=DIRECTION('center_axis',(0.,0.,-1.));
#6271=DIRECTION('ref_axis',(1.,0.,0.));
#6272=DIRECTION('center_axis',(0.,0.,1.));
#6273=DIRECTION('ref_axis',(1.,0.,0.));
#6274=DIRECTION('',(0.,0.,-1.));
#6275=DIRECTION('center_axis',(0.,0.,-1.));
#6276=DIRECTION('ref_axis',(1.,0.,0.));
#6277=DIRECTION('center_axis',(0.,0.,1.));
#6278=DIRECTION('ref_axis',(1.,0.,0.));
#6279=DIRECTION('',(0.,0.,-1.));
#6280=DIRECTION('center_axis',(0.,0.,-1.));
#6281=DIRECTION('ref_axis',(1.,0.,0.));
#6282=DIRECTION('center_axis',(0.,0.,1.));
#6283=DIRECTION('ref_axis',(1.,0.,0.));
#6284=DIRECTION('',(0.,0.,-1.));
#6285=DIRECTION('center_axis',(0.,0.,-1.));
#6286=DIRECTION('ref_axis',(1.,0.,0.));
#6287=DIRECTION('center_axis',(0.,0.,1.));
#6288=DIRECTION('ref_axis',(1.,0.,0.));
#6289=DIRECTION('',(0.,0.,-1.));
#6290=DIRECTION('center_axis',(0.,0.,-1.));
#6291=DIRECTION('ref_axis',(1.,0.,0.));
#6292=DIRECTION('center_axis',(0.,0.,1.));
#6293=DIRECTION('ref_axis',(1.,0.,0.));
#6294=DIRECTION('',(0.,0.,-1.));
#6295=DIRECTION('center_axis',(0.,0.,-1.));
#6296=DIRECTION('ref_axis',(1.,0.,0.));
#6297=DIRECTION('center_axis',(0.,0.,1.));
#6298=DIRECTION('ref_axis',(1.,0.,0.));
#6299=DIRECTION('',(0.,0.,-1.));
#6300=DIRECTION('center_axis',(0.,0.,-1.));
#6301=DIRECTION('ref_axis',(1.,0.,0.));
#6302=DIRECTION('center_axis',(0.,0.,1.));
#6303=DIRECTION('ref_axis',(1.,0.,0.));
#6304=DIRECTION('',(0.,0.,-1.));
#6305=DIRECTION('center_axis',(0.,0.,-1.));
#6306=DIRECTION('ref_axis',(1.,0.,0.));
#6307=DIRECTION('center_axis',(0.,0.,1.));
#6308=DIRECTION('ref_axis',(1.,0.,0.));
#6309=DIRECTION('',(0.,0.,-1.));
#6310=DIRECTION('center_axis',(0.,0.,-1.));
#6311=DIRECTION('ref_axis',(1.,0.,0.));
#6312=DIRECTION('center_axis',(0.,0.,1.));
#6313=DIRECTION('ref_axis',(1.,0.,0.));
#6314=DIRECTION('',(0.,0.,-1.));
#6315=DIRECTION('center_axis',(0.,0.,-1.));
#6316=DIRECTION('ref_axis',(1.,0.,0.));
#6317=DIRECTION('center_axis',(0.,0.,1.));
#6318=DIRECTION('ref_axis',(1.,0.,0.));
#6319=DIRECTION('',(0.,0.,-1.));
#6320=DIRECTION('center_axis',(0.,0.,-1.));
#6321=DIRECTION('ref_axis',(1.,0.,0.));
#6322=DIRECTION('center_axis',(0.,0.,1.));
#6323=DIRECTION('ref_axis',(1.,0.,0.));
#6324=DIRECTION('',(0.,0.,-1.));
#6325=DIRECTION('center_axis',(0.,0.,-1.));
#6326=DIRECTION('ref_axis',(1.,0.,0.));
#6327=DIRECTION('center_axis',(0.,0.,1.));
#6328=DIRECTION('ref_axis',(1.,0.,0.));
#6329=DIRECTION('',(0.,0.,-1.));
#6330=DIRECTION('center_axis',(0.,0.,-1.));
#6331=DIRECTION('ref_axis',(1.,0.,0.));
#6332=DIRECTION('center_axis',(0.,0.,1.));
#6333=DIRECTION('ref_axis',(1.,0.,0.));
#6334=DIRECTION('',(0.,0.,-1.));
#6335=DIRECTION('center_axis',(0.,0.,-1.));
#6336=DIRECTION('ref_axis',(1.,0.,0.));
#6337=DIRECTION('center_axis',(0.,0.,1.));
#6338=DIRECTION('ref_axis',(1.,0.,0.));
#6339=DIRECTION('',(0.,0.,-1.));
#6340=DIRECTION('center_axis',(0.,0.,-1.));
#6341=DIRECTION('ref_axis',(1.,0.,0.));
#6342=DIRECTION('center_axis',(0.,0.,1.));
#6343=DIRECTION('ref_axis',(1.,0.,0.));
#6344=DIRECTION('',(0.,0.,-1.));
#6345=DIRECTION('center_axis',(0.,0.,-1.));
#6346=DIRECTION('ref_axis',(1.,0.,0.));
#6347=DIRECTION('center_axis',(0.,0.,1.));
#6348=DIRECTION('ref_axis',(1.,0.,0.));
#6349=DIRECTION('',(0.,0.,-1.));
#6350=DIRECTION('center_axis',(0.,0.,-1.));
#6351=DIRECTION('ref_axis',(1.,0.,0.));
#6352=DIRECTION('center_axis',(0.,0.,1.));
#6353=DIRECTION('ref_axis',(1.,0.,0.));
#6354=DIRECTION('',(0.,0.,-1.));
#6355=DIRECTION('center_axis',(0.,0.,-1.));
#6356=DIRECTION('ref_axis',(1.,0.,0.));
#6357=DIRECTION('center_axis',(0.,0.,1.));
#6358=DIRECTION('ref_axis',(1.,0.,0.));
#6359=DIRECTION('',(0.,0.,-1.));
#6360=DIRECTION('center_axis',(0.,0.,-1.));
#6361=DIRECTION('ref_axis',(1.,0.,0.));
#6362=DIRECTION('center_axis',(0.,0.,1.));
#6363=DIRECTION('ref_axis',(0.396079766039153,-0.918216106880276,0.));
#6364=DIRECTION('',(0.,0.,-1.));
#6365=DIRECTION('center_axis',(0.,0.,-1.));
#6366=DIRECTION('ref_axis',(0.396079766039153,-0.918216106880276,0.));
#6367=DIRECTION('center_axis',(0.,0.,1.));
#6368=DIRECTION('ref_axis',(0.826238774316003,0.563320058063611,0.));
#6369=DIRECTION('',(0.,0.,-1.));
#6370=DIRECTION('center_axis',(0.,0.,-1.));
#6371=DIRECTION('ref_axis',(0.826238774316003,0.563320058063611,0.));
#6372=DIRECTION('center_axis',(0.,0.,1.));
#6373=DIRECTION('ref_axis',(-0.500000000000007,-0.866025403784434,0.));
#6374=DIRECTION('',(0.,0.,-1.));
#6375=DIRECTION('center_axis',(0.,0.,-1.));
#6376=DIRECTION('ref_axis',(-0.500000000000007,-0.866025403784434,0.));
#6377=DIRECTION('center_axis',(0.,0.,1.));
#6378=DIRECTION('ref_axis',(1.,0.,0.));
#6379=DIRECTION('',(0.,0.,-1.));
#6380=DIRECTION('center_axis',(0.,0.,-1.));
#6381=DIRECTION('ref_axis',(1.,0.,0.));
#6382=DIRECTION('center_axis',(0.,0.,1.));
#6383=DIRECTION('ref_axis',(0.25881904510252,0.965925826289069,0.));
#6384=DIRECTION('',(0.,0.,-1.));
#6385=DIRECTION('center_axis',(0.,0.,-1.));
#6386=DIRECTION('ref_axis',(0.25881904510252,0.965925826289069,0.));
#6387=DIRECTION('center_axis',(-1.,0.,0.));
#6388=DIRECTION('ref_axis',(0.,-1.,0.));
#6389=DIRECTION('',(0.,-1.,0.));
#6390=DIRECTION('',(0.,0.,1.));
#6391=DIRECTION('',(0.,0.,1.));
#6392=DIRECTION('center_axis',(0.,-1.,0.));
#6393=DIRECTION('ref_axis',(1.,0.,0.));
#6394=DIRECTION('',(1.,0.,0.));
#6395=DIRECTION('',(0.,0.,1.));
#6396=DIRECTION('center_axis',(1.,0.,0.));
#6397=DIRECTION('ref_axis',(0.,1.,0.));
#6398=DIRECTION('',(0.,1.,0.));
#6399=DIRECTION('',(0.,0.,1.));
#6400=DIRECTION('center_axis',(0.,1.,0.));
#6401=DIRECTION('ref_axis',(-1.,0.,0.));
#6402=DIRECTION('',(-1.,0.,0.));
#6403=DIRECTION('center_axis',(-1.,0.,0.));
#6404=DIRECTION('ref_axis',(0.,-1.,0.));
#6405=DIRECTION('',(0.,-1.,0.));
#6406=DIRECTION('',(0.,0.,1.));
#6407=DIRECTION('',(0.,0.,1.));
#6408=DIRECTION('center_axis',(0.,-1.,0.));
#6409=DIRECTION('ref_axis',(1.,0.,0.));
#6410=DIRECTION('',(1.,0.,0.));
#6411=DIRECTION('',(0.,0.,1.));
#6412=DIRECTION('center_axis',(1.,0.,0.));
#6413=DIRECTION('ref_axis',(0.,1.,0.));
#6414=DIRECTION('',(0.,1.,0.));
#6415=DIRECTION('',(0.,0.,1.));
#6416=DIRECTION('center_axis',(0.,1.,0.));
#6417=DIRECTION('ref_axis',(-1.,0.,0.));
#6418=DIRECTION('',(-1.,0.,0.));
#6419=DIRECTION('center_axis',(0.,0.,1.));
#6420=DIRECTION('ref_axis',(0.,1.,0.));
#6421=DIRECTION('',(0.,0.,-1.));
#6422=DIRECTION('center_axis',(0.,0.,-1.));
#6423=DIRECTION('ref_axis',(0.,1.,0.));
#6424=DIRECTION('center_axis',(0.,0.,1.));
#6425=DIRECTION('ref_axis',(-0.98883082622513,-0.149042266176165,0.));
#6426=DIRECTION('',(0.,0.,-1.));
#6427=DIRECTION('center_axis',(0.,0.,-1.));
#6428=DIRECTION('ref_axis',(-0.98883082622513,-0.149042266176165,0.));
#6429=DIRECTION('center_axis',(0.,0.,1.));
#6430=DIRECTION('ref_axis',(0.59715859170278,-0.802123192755048,0.));
#6431=DIRECTION('',(0.,0.,-1.));
#6432=DIRECTION('center_axis',(0.,0.,-1.));
#6433=DIRECTION('ref_axis',(0.59715859170278,-0.802123192755048,0.));
#6434=DIRECTION('center_axis',(-1.,0.,0.));
#6435=DIRECTION('ref_axis',(0.,-1.,0.));
#6436=DIRECTION('',(0.,-1.,0.));
#6437=DIRECTION('',(0.,0.,1.));
#6438=DIRECTION('',(0.,0.,1.));
#6439=DIRECTION('center_axis',(0.,-1.,0.));
#6440=DIRECTION('ref_axis',(1.,0.,0.));
#6441=DIRECTION('',(1.,0.,0.));
#6442=DIRECTION('',(0.,0.,1.));
#6443=DIRECTION('center_axis',(1.,0.,0.));
#6444=DIRECTION('ref_axis',(0.,1.,0.));
#6445=DIRECTION('',(0.,1.,0.));
#6446=DIRECTION('',(0.,0.,1.));
#6447=DIRECTION('center_axis',(0.,1.,0.));
#6448=DIRECTION('ref_axis',(-1.,0.,0.));
#6449=DIRECTION('',(-1.,0.,0.));
#6450=DIRECTION('center_axis',(0.,0.,1.));
#6451=DIRECTION('ref_axis',(-0.707106781186552,0.707106781186543,0.));
#6452=DIRECTION('',(0.,0.,-1.));
#6453=DIRECTION('center_axis',(0.,0.,-1.));
#6454=DIRECTION('ref_axis',(-0.707106781186552,0.707106781186543,0.));
#6455=DIRECTION('center_axis',(0.,0.,1.));
#6456=DIRECTION('ref_axis',(-0.258819045102522,-0.965925826289068,0.));
#6457=DIRECTION('',(0.,0.,-1.));
#6458=DIRECTION('center_axis',(0.,0.,-1.));
#6459=DIRECTION('ref_axis',(-0.258819045102522,-0.965925826289068,0.));
#6460=DIRECTION('center_axis',(0.,0.,1.));
#6461=DIRECTION('ref_axis',(0.965925826289065,0.258819045102531,0.));
#6462=DIRECTION('',(0.,0.,-1.));
#6463=DIRECTION('center_axis',(0.,0.,-1.));
#6464=DIRECTION('ref_axis',(0.965925826289065,0.258819045102531,0.));
#6465=DIRECTION('center_axis',(-1.,0.,0.));
#6466=DIRECTION('ref_axis',(0.,-1.,0.));
#6467=DIRECTION('',(0.,-1.,0.));
#6468=DIRECTION('',(0.,0.,1.));
#6469=DIRECTION('',(0.,0.,1.));
#6470=DIRECTION('center_axis',(0.,-1.,0.));
#6471=DIRECTION('ref_axis',(1.,0.,0.));
#6472=DIRECTION('',(1.,0.,0.));
#6473=DIRECTION('',(0.,0.,1.));
#6474=DIRECTION('center_axis',(1.,0.,0.));
#6475=DIRECTION('ref_axis',(0.,1.,0.));
#6476=DIRECTION('',(0.,1.,0.));
#6477=DIRECTION('',(0.,0.,1.));
#6478=DIRECTION('center_axis',(0.,1.,0.));
#6479=DIRECTION('ref_axis',(-1.,0.,0.));
#6480=DIRECTION('',(-1.,0.,0.));
#6481=DIRECTION('center_axis',(1.,0.,0.));
#6482=DIRECTION('ref_axis',(0.,1.,0.));
#6483=DIRECTION('',(0.,1.,0.));
#6484=DIRECTION('',(0.,0.,1.));
#6485=DIRECTION('',(0.,0.,1.));
#6486=DIRECTION('center_axis',(0.,1.,0.));
#6487=DIRECTION('ref_axis',(-1.,0.,0.));
#6488=DIRECTION('',(-1.,0.,0.));
#6489=DIRECTION('',(0.,0.,1.));
#6490=DIRECTION('center_axis',(-1.,0.,0.));
#6491=DIRECTION('ref_axis',(0.,-1.,0.));
#6492=DIRECTION('',(0.,-1.,0.));
#6493=DIRECTION('',(0.,0.,1.));
#6494=DIRECTION('center_axis',(0.,-1.,0.));
#6495=DIRECTION('ref_axis',(1.,0.,0.));
#6496=DIRECTION('',(1.,0.,0.));
#6497=DIRECTION('center_axis',(0.,0.,1.));
#6498=DIRECTION('ref_axis',(1.,0.,0.));
#6499=DIRECTION('',(0.,0.,-1.));
#6500=DIRECTION('center_axis',(0.,0.,-1.));
#6501=DIRECTION('ref_axis',(1.,0.,0.));
#6502=DIRECTION('center_axis',(-1.,0.,0.));
#6503=DIRECTION('ref_axis',(0.,-1.,0.));
#6504=DIRECTION('',(0.,-1.,0.));
#6505=DIRECTION('',(0.,0.,1.));
#6506=DIRECTION('',(0.,0.,1.));
#6507=DIRECTION('center_axis',(0.,-1.,0.));
#6508=DIRECTION('ref_axis',(1.,0.,0.));
#6509=DIRECTION('',(1.,0.,0.));
#6510=DIRECTION('',(0.,0.,1.));
#6511=DIRECTION('center_axis',(1.,0.,0.));
#6512=DIRECTION('ref_axis',(0.,1.,0.));
#6513=DIRECTION('',(0.,1.,0.));
#6514=DIRECTION('',(0.,0.,1.));
#6515=DIRECTION('center_axis',(0.,1.,0.));
#6516=DIRECTION('ref_axis',(-1.,0.,0.));
#6517=DIRECTION('',(-1.,0.,0.));
#6518=DIRECTION('center_axis',(0.,0.,1.));
#6519=DIRECTION('ref_axis',(-0.900968867902417,-0.433883739117563,0.));
#6520=DIRECTION('',(0.,0.,-1.));
#6521=DIRECTION('center_axis',(0.,0.,-1.));
#6522=DIRECTION('ref_axis',(-0.900968867902417,-0.433883739117563,0.));
#6523=DIRECTION('center_axis',(0.,0.,1.));
#6524=DIRECTION('ref_axis',(1.,0.,0.));
#6525=DIRECTION('',(0.,0.,-1.));
#6526=DIRECTION('center_axis',(0.,0.,-1.));
#6527=DIRECTION('ref_axis',(1.,0.,0.));
#6528=DIRECTION('center_axis',(0.,0.,1.));
#6529=DIRECTION('ref_axis',(0.0747300935864238,0.99720379718118,0.));
#6530=DIRECTION('',(0.,0.,-1.));
#6531=DIRECTION('center_axis',(0.,0.,-1.));
#6532=DIRECTION('ref_axis',(0.0747300935864238,0.99720379718118,0.));
#6533=DIRECTION('center_axis',(0.,0.,1.));
#6534=DIRECTION('ref_axis',(-0.835487811412933,-0.549508978070812,0.));
#6535=DIRECTION('',(0.,0.,-1.));
#6536=DIRECTION('center_axis',(0.,0.,-1.));
#6537=DIRECTION('ref_axis',(-0.835487811412933,-0.549508978070812,0.));
#6538=DIRECTION('center_axis',(0.,0.,1.));
#6539=DIRECTION('ref_axis',(-0.222520933956314,-0.974927912181824,0.));
#6540=DIRECTION('',(0.,0.,-1.));
#6541=DIRECTION('center_axis',(0.,0.,-1.));
#6542=DIRECTION('ref_axis',(-0.222520933956314,-0.974927912181824,0.));
#6543=DIRECTION('center_axis',(0.,0.,1.));
#6544=DIRECTION('ref_axis',(-0.939692620785907,0.342020143325673,0.));
#6545=DIRECTION('',(0.,0.,-1.));
#6546=DIRECTION('center_axis',(0.,0.,-1.));
#6547=DIRECTION('ref_axis',(-0.939692620785907,0.342020143325673,0.));
#6548=DIRECTION('center_axis',(0.,0.,1.));
#6549=DIRECTION('ref_axis',(-0.686241637868735,0.727373641573047,0.));
#6550=DIRECTION('',(0.,0.,-1.));
#6551=DIRECTION('center_axis',(0.,0.,-1.));
#6552=DIRECTION('ref_axis',(-0.686241637868735,0.727373641573047,0.));
#6553=DIRECTION('center_axis',(0.,0.,1.));
#6554=DIRECTION('ref_axis',(-0.0581448289104744,0.998308158271268,0.));
#6555=DIRECTION('',(0.,0.,-1.));
#6556=DIRECTION('center_axis',(0.,0.,-1.));
#6557=DIRECTION('ref_axis',(-0.0581448289104744,0.998308158271268,0.));
#6558=DIRECTION('center_axis',(0.,0.,1.));
#6559=DIRECTION('ref_axis',(0.707106781186552,0.707106781186543,0.));
#6560=DIRECTION('',(0.,0.,-1.));
#6561=DIRECTION('center_axis',(0.,0.,-1.));
#6562=DIRECTION('ref_axis',(0.707106781186552,0.707106781186543,0.));
#6563=DIRECTION('center_axis',(1.,0.,0.));
#6564=DIRECTION('ref_axis',(0.,1.,0.));
#6565=DIRECTION('',(0.,1.,0.));
#6566=DIRECTION('',(0.,0.,1.));
#6567=DIRECTION('',(0.,0.,1.));
#6568=DIRECTION('center_axis',(0.,1.,0.));
#6569=DIRECTION('ref_axis',(-1.,0.,0.));
#6570=DIRECTION('',(-1.,0.,0.));
#6571=DIRECTION('',(0.,0.,1.));
#6572=DIRECTION('center_axis',(-1.,0.,0.));
#6573=DIRECTION('ref_axis',(0.,-1.,0.));
#6574=DIRECTION('',(0.,-1.,0.));
#6575=DIRECTION('',(0.,0.,1.));
#6576=DIRECTION('center_axis',(0.,-1.,0.));
#6577=DIRECTION('ref_axis',(1.,0.,0.));
#6578=DIRECTION('',(1.,0.,0.));
#6579=DIRECTION('center_axis',(0.,0.,1.));
#6580=DIRECTION('ref_axis',(0.766044443118975,0.642787609686542,0.));
#6581=DIRECTION('',(0.,0.,-1.));
#6582=DIRECTION('center_axis',(0.,0.,-1.));
#6583=DIRECTION('ref_axis',(0.766044443118975,0.642787609686542,0.));
#6584=DIRECTION('center_axis',(0.,0.,1.));
#6585=DIRECTION('ref_axis',(-0.900968867902417,0.433883739117563,0.));
#6586=DIRECTION('',(0.,0.,-1.));
#6587=DIRECTION('center_axis',(0.,0.,-1.));
#6588=DIRECTION('ref_axis',(-0.900968867902417,0.433883739117563,0.));
#6589=DIRECTION('center_axis',(0.,0.,1.));
#6590=DIRECTION('ref_axis',(0.597158591702777,0.80212319275505,0.));
#6591=DIRECTION('',(0.,0.,-1.));
#6592=DIRECTION('center_axis',(0.,0.,-1.));
#6593=DIRECTION('ref_axis',(0.597158591702777,0.80212319275505,0.));
#6594=DIRECTION('center_axis',(0.,0.,1.));
#6595=DIRECTION('ref_axis',(1.,0.,0.));
#6596=DIRECTION('',(0.,0.,-1.));
#6597=DIRECTION('center_axis',(0.,0.,-1.));
#6598=DIRECTION('ref_axis',(1.,0.,0.));
#6599=DIRECTION('center_axis',(0.,0.,1.));
#6600=DIRECTION('ref_axis',(0.89363264032341,0.448799180200468,0.));
#6601=DIRECTION('',(0.,0.,-1.));
#6602=DIRECTION('center_axis',(0.,0.,-1.));
#6603=DIRECTION('ref_axis',(0.89363264032341,0.448799180200468,0.));
#6604=DIRECTION('center_axis',(0.,0.,1.));
#6605=DIRECTION('ref_axis',(-0.222520933956314,0.974927912181824,0.));
#6606=DIRECTION('',(0.,0.,-1.));
#6607=DIRECTION('center_axis',(0.,0.,-1.));
#6608=DIRECTION('ref_axis',(-0.222520933956314,0.974927912181824,0.));
#6609=DIRECTION('center_axis',(0.,0.,1.));
#6610=DIRECTION('ref_axis',(0.365341024366395,0.930873748644204,0.));
#6611=DIRECTION('',(0.,0.,-1.));
#6612=DIRECTION('center_axis',(0.,0.,-1.));
#6613=DIRECTION('ref_axis',(0.365341024366395,0.930873748644204,0.));
#6614=DIRECTION('center_axis',(0.,0.,1.));
#6615=DIRECTION('ref_axis',(0.866025403784438,0.500000000000002,0.));
#6616=DIRECTION('',(0.,0.,-1.));
#6617=DIRECTION('center_axis',(0.,0.,-1.));
#6618=DIRECTION('ref_axis',(0.866025403784438,0.500000000000002,0.));
#6619=DIRECTION('center_axis',(0.,0.,1.));
#6620=DIRECTION('ref_axis',(-0.98883082622513,0.149042266176165,0.));
#6621=DIRECTION('',(0.,0.,-1.));
#6622=DIRECTION('center_axis',(0.,0.,-1.));
#6623=DIRECTION('ref_axis',(-0.98883082622513,0.149042266176165,0.));
#6624=DIRECTION('center_axis',(0.,0.,1.));
#6625=DIRECTION('ref_axis',(0.973044870579821,0.230615870742451,0.));
#6626=DIRECTION('',(0.,0.,-1.));
#6627=DIRECTION('center_axis',(0.,0.,-1.));
#6628=DIRECTION('ref_axis',(0.973044870579821,0.230615870742451,0.));
#6629=DIRECTION('center_axis',(0.,0.,1.));
#6630=DIRECTION('ref_axis',(1.,0.,0.));
#6631=DIRECTION('',(0.,0.,-1.));
#6632=DIRECTION('center_axis',(0.,0.,-1.));
#6633=DIRECTION('ref_axis',(1.,0.,0.));
#6634=DIRECTION('center_axis',(-1.,0.,0.));
#6635=DIRECTION('ref_axis',(0.,-1.,0.));
#6636=DIRECTION('',(0.,-1.,0.));
#6637=DIRECTION('',(0.,0.,1.));
#6638=DIRECTION('',(0.,0.,1.));
#6639=DIRECTION('center_axis',(0.,-1.,0.));
#6640=DIRECTION('ref_axis',(1.,0.,0.));
#6641=DIRECTION('',(1.,0.,0.));
#6642=DIRECTION('',(0.,0.,1.));
#6643=DIRECTION('center_axis',(1.,0.,0.));
#6644=DIRECTION('ref_axis',(0.,1.,0.));
#6645=DIRECTION('',(0.,1.,0.));
#6646=DIRECTION('',(0.,0.,1.));
#6647=DIRECTION('center_axis',(0.,1.,0.));
#6648=DIRECTION('ref_axis',(-1.,0.,0.));
#6649=DIRECTION('',(-1.,0.,0.));
#6650=DIRECTION('center_axis',(0.,0.,1.));
#6651=DIRECTION('ref_axis',(-0.993238357741944,-0.116092914125224,0.));
#6652=DIRECTION('',(0.,0.,-1.));
#6653=DIRECTION('center_axis',(0.,0.,-1.));
#6654=DIRECTION('ref_axis',(-0.993238357741944,-0.116092914125224,0.));
#6655=DIRECTION('center_axis',(0.,0.,1.));
#6656=DIRECTION('ref_axis',(-0.500000000000007,-0.866025403784434,0.));
#6657=DIRECTION('',(0.,0.,-1.));
#6658=DIRECTION('center_axis',(0.,0.,-1.));
#6659=DIRECTION('ref_axis',(-0.500000000000007,-0.866025403784434,0.));
#6660=DIRECTION('center_axis',(0.,0.,1.));
#6661=DIRECTION('ref_axis',(1.,0.,0.));
#6662=DIRECTION('',(0.,0.,-1.));
#6663=DIRECTION('center_axis',(0.,0.,-1.));
#6664=DIRECTION('ref_axis',(1.,0.,0.));
#6665=DIRECTION('center_axis',(0.,0.,1.));
#6666=DIRECTION('ref_axis',(1.,0.,0.));
#6667=DIRECTION('',(0.,0.,-1.));
#6668=DIRECTION('center_axis',(0.,0.,-1.));
#6669=DIRECTION('ref_axis',(1.,0.,0.));
#6670=DIRECTION('center_axis',(0.,0.,1.));
#6671=DIRECTION('ref_axis',(1.,0.,0.));
#6672=DIRECTION('',(0.,0.,-1.));
#6673=DIRECTION('center_axis',(0.,0.,-1.));
#6674=DIRECTION('ref_axis',(1.,0.,0.));
#6675=DIRECTION('center_axis',(0.,0.,1.));
#6676=DIRECTION('ref_axis',(1.,0.,0.));
#6677=DIRECTION('',(0.,0.,-1.));
#6678=DIRECTION('center_axis',(0.,0.,-1.));
#6679=DIRECTION('ref_axis',(1.,0.,0.));
#6680=DIRECTION('center_axis',(0.,0.,1.));
#6681=DIRECTION('ref_axis',(1.,0.,0.));
#6682=DIRECTION('',(0.,0.,-1.));
#6683=DIRECTION('center_axis',(0.,0.,-1.));
#6684=DIRECTION('ref_axis',(1.,0.,0.));
#6685=DIRECTION('center_axis',(0.,0.,1.));
#6686=DIRECTION('ref_axis',(1.,0.,0.));
#6687=DIRECTION('',(0.,0.,-1.));
#6688=DIRECTION('center_axis',(0.,0.,-1.));
#6689=DIRECTION('ref_axis',(1.,0.,0.));
#6690=DIRECTION('center_axis',(0.,0.,1.));
#6691=DIRECTION('ref_axis',(1.,0.,0.));
#6692=DIRECTION('',(0.,0.,-1.));
#6693=DIRECTION('center_axis',(0.,0.,-1.));
#6694=DIRECTION('ref_axis',(1.,0.,0.));
#6695=DIRECTION('center_axis',(0.,0.,1.));
#6696=DIRECTION('ref_axis',(1.,0.,0.));
#6697=DIRECTION('',(0.,0.,-1.));
#6698=DIRECTION('center_axis',(0.,0.,-1.));
#6699=DIRECTION('ref_axis',(1.,0.,0.));
#6700=DIRECTION('center_axis',(0.,0.,1.));
#6701=DIRECTION('ref_axis',(1.,0.,0.));
#6702=DIRECTION('',(0.,0.,-1.));
#6703=DIRECTION('center_axis',(0.,0.,-1.));
#6704=DIRECTION('ref_axis',(1.,0.,0.));
#6705=DIRECTION('center_axis',(-1.,0.,0.));
#6706=DIRECTION('ref_axis',(0.,-1.,0.));
#6707=DIRECTION('',(0.,1.,0.));
#6708=DIRECTION('',(0.,0.,1.));
#6709=DIRECTION('',(0.,0.,1.));
#6710=DIRECTION('center_axis',(-3.85185988877447E-33,1.,0.));
#6711=DIRECTION('ref_axis',(-1.,-3.85185988877447E-33,0.));
#6712=DIRECTION('',(1.,3.85185988877447E-33,0.));
#6713=DIRECTION('',(0.,0.,1.));
#6714=DIRECTION('center_axis',(1.,0.,0.));
#6715=DIRECTION('ref_axis',(0.,1.,0.));
#6716=DIRECTION('',(0.,-1.,0.));
#6717=DIRECTION('',(0.,0.,1.));
#6718=DIRECTION('center_axis',(0.,-1.,0.));
#6719=DIRECTION('ref_axis',(1.,0.,0.));
#6720=DIRECTION('',(-1.,0.,0.));
#6721=DIRECTION('center_axis',(0.,0.,1.));
#6722=DIRECTION('ref_axis',(1.,0.,0.));
#6723=DIRECTION('center_axis',(0.,0.,1.));
#6724=DIRECTION('ref_axis',(-1.,0.,0.));
#6725=DIRECTION('center_axis',(0.,0.,1.));
#6726=DIRECTION('ref_axis',(-1.,0.,0.));
#6727=DIRECTION('center_axis',(0.,0.,1.));
#6728=DIRECTION('ref_axis',(-1.,0.,0.));
#6729=DIRECTION('',(0.,0.,-1.));
#6730=DIRECTION('center_axis',(0.,0.,1.));
#6731=DIRECTION('ref_axis',(-1.,0.,0.));
#6732=DIRECTION('',(0.,0.,-1.));
#6733=DIRECTION('center_axis',(0.,0.,1.));
#6734=DIRECTION('ref_axis',(-1.,0.,0.));
#6735=DIRECTION('',(0.,0.,-1.));
#6736=DIRECTION('center_axis',(0.,0.,1.));
#6737=DIRECTION('ref_axis',(-1.,0.,0.));
#6738=DIRECTION('',(0.,0.,-1.));
#6739=CARTESIAN_POINT('',(0.,0.,0.));
#6740=CARTESIAN_POINT('Origin',(12.5000001862645,-27.0000004023314,-4.5));
#6741=CARTESIAN_POINT('',(14.0000002086163,-27.0000004023314,-4.5));
#6742=CARTESIAN_POINT('Origin',(12.5000001862645,-27.0000004023314,-4.5));
#6743=CARTESIAN_POINT('',(13.3750001862645,-27.0000004023314,-4.5));
#6744=CARTESIAN_POINT('Origin',(12.5000001862645,-27.0000004023314,-4.5));
#6745=CARTESIAN_POINT('Origin',(35.0000005215406,-82.0000012218952,-4.5));
#6746=CARTESIAN_POINT('',(36.5000005215406,-82.0000012218952,-4.5));
#6747=CARTESIAN_POINT('Origin',(35.0000005215406,-82.0000012218952,-4.5));
#6748=CARTESIAN_POINT('',(35.8750005215406,-82.0000012218952,-4.5));
#6749=CARTESIAN_POINT('Origin',(35.0000005215406,-82.0000012218952,-4.5));
#6750=CARTESIAN_POINT('Origin',(28.,-60.0000008940697,0.));
#6751=CARTESIAN_POINT('',(35.8750005215406,-82.0000012218952,0.));
#6752=CARTESIAN_POINT('Origin',(35.0000005215406,-82.0000012218952,0.));
#6753=CARTESIAN_POINT('Origin',(28.,-60.0000008940697,2.));
#6754=CARTESIAN_POINT('',(0.,-120.,2.));
#6755=CARTESIAN_POINT('',(56.,-120.,2.));
#6756=CARTESIAN_POINT('',(56.,-120.,2.));
#6757=CARTESIAN_POINT('',(56.,0.,2.));
#6758=CARTESIAN_POINT('',(56.,2.1570415377137E-31,2.));
#6759=CARTESIAN_POINT('',(0.,0.,2.));
#6760=CARTESIAN_POINT('',(0.,0.,2.));
#6761=CARTESIAN_POINT('',(0.,-120.,2.));
#6762=CARTESIAN_POINT('',(11.5090555822774,-114.832865198738,2.));
#6763=CARTESIAN_POINT('Origin',(12.0090555822774,-114.832865198738,2.));
#6764=CARTESIAN_POINT('',(17.0000002607703,-116.000001519918,2.));
#6765=CARTESIAN_POINT('Origin',(17.5000002607703,-116.000001519918,2.));
#6766=CARTESIAN_POINT('',(22.4909449392632,-114.832865198738,2.));
#6767=CARTESIAN_POINT('Origin',(22.9909449392632,-114.832865198738,2.));
#6768=CARTESIAN_POINT('',(27.0324553991783,-111.533264708228,2.));
#6769=CARTESIAN_POINT('Origin',(27.5324553991783,-111.533264708228,2.));
#6770=CARTESIAN_POINT('',(29.839263223669,-106.671730949128,2.));
#6771=CARTESIAN_POINT('Origin',(30.339263223669,-106.671730949128,2.));
#6772=CARTESIAN_POINT('',(30.4260458408323,-101.088867274035,2.));
#6773=CARTESIAN_POINT('Origin',(30.9260458408323,-101.088867274035,2.));
#6774=CARTESIAN_POINT('',(28.6913432054079,-95.7500015310943,2.));
#6775=CARTESIAN_POINT('Origin',(29.1913432054079,-95.7500015310943,2.));
#6776=CARTESIAN_POINT('',(24.9351011623394,-91.5782721093349,2.));
#6777=CARTESIAN_POINT('Origin',(25.4351011623394,-91.5782721093349,2.));
#6778=CARTESIAN_POINT('',(19.210664066656,-95.3332054910925,2.));
#6779=CARTESIAN_POINT('Origin',(19.710664066656,-95.3332054910925,2.));
#6780=CARTESIAN_POINT('',(24.2451907827012,-105.816988821752,2.));
#6781=CARTESIAN_POINT('Origin',(23.9951907827012,-106.250001523644,2.));
#6782=CARTESIAN_POINT('',(19.3316879512165,-113.864196176939,2.));
#6783=CARTESIAN_POINT('Origin',(18.8350687723455,-113.922242634001,2.));
#6784=CARTESIAN_POINT('',(48.0000005364418,-38.0000004544854,2.));
#6785=CARTESIAN_POINT('',(38.0000005364418,-38.0000004544854,2.));
#6786=CARTESIAN_POINT('',(48.0000005364418,-38.0000004544854,2.));
#6787=CARTESIAN_POINT('',(38.0000005364418,-30.5000004544854,2.));
#6788=CARTESIAN_POINT('',(38.0000005364418,-38.0000004544854,2.));
#6789=CARTESIAN_POINT('',(48.0000005364418,-30.5000004544854,2.));
#6790=CARTESIAN_POINT('',(38.0000005364418,-30.5000004544854,2.));
#6791=CARTESIAN_POINT('',(48.0000005364418,-30.5000004544854,2.));
#6792=CARTESIAN_POINT('',(22.1611908297318,-92.2232261703079,2.));
#6793=CARTESIAN_POINT('Origin',(22.6611908297318,-92.2232261703079,2.));
#6794=CARTESIAN_POINT('',(14.3613953136606,-91.425293458322,2.));
#6795=CARTESIAN_POINT('Origin',(14.8479177489505,-91.3099855229508,2.));
#6796=CARTESIAN_POINT('',(16.876598678672,-109.990753849778,2.));
#6797=CARTESIAN_POINT('Origin',(16.3821832655595,-109.91623271669,2.));
#6798=CARTESIAN_POINT('',(12.3169875626034,-94.5227601978692,2.));
#6799=CARTESIAN_POINT('Origin',(12.7500002644956,-94.2727601978692,2.));
#6800=CARTESIAN_POINT('',(10.3357766406911,-100.225380721665,2.));
#6801=CARTESIAN_POINT('Origin',(10.5184471528743,-99.7599438473431,2.));
#6802=CARTESIAN_POINT('',(10.2993013936486,-104.656372486474,2.));
#6803=CARTESIAN_POINT('Origin',(10.1880409266704,-104.168908530383,2.));
#6804=CARTESIAN_POINT('',(11.8919933716471,-92.4476257604081,2.));
#6805=CARTESIAN_POINT('Origin',(12.3388096918088,-92.2232261703079,2.));
#6806=CARTESIAN_POINT('',(17.0000002607703,-91.0000015348196,2.));
#6807=CARTESIAN_POINT('Origin',(17.5000002607703,-91.0000015348196,2.));
#6808=CARTESIAN_POINT('',(7.97700425421219,-96.0337393236137,2.));
#6809=CARTESIAN_POINT('Origin',(8.27558355006358,-95.6326777272361,2.));
#6810=CARTESIAN_POINT('',(14.6963566545725,-109.474209899483,2.));
#6811=CARTESIAN_POINT('Origin',(14.2458722206213,-109.257268029924,2.));
#6812=CARTESIAN_POINT('',(9.72492053260477,-94.0118842420515,2.));
#6813=CARTESIAN_POINT('Origin',(10.1079427541643,-93.6904904372082,2.));
#6814=CARTESIAN_POINT('',(38.0000005364418,-75.5000006780028,2.));
#6815=CARTESIAN_POINT('',(48.0000005364418,-75.5000006780028,2.));
#6816=CARTESIAN_POINT('',(38.0000005364418,-75.5000006780028,2.));
#6817=CARTESIAN_POINT('',(48.0000005364418,-83.0000006780028,2.));
#6818=CARTESIAN_POINT('',(48.0000005364418,-75.5000006780028,2.));
#6819=CARTESIAN_POINT('',(38.0000005364418,-83.0000006780028,2.));
#6820=CARTESIAN_POINT('',(48.0000005364418,-83.0000006780028,2.));
#6821=CARTESIAN_POINT('',(38.0000005364418,-83.0000006780028,2.));
#6822=CARTESIAN_POINT('',(10.4289324541732,-96.1360405019584,2.));
#6823=CARTESIAN_POINT('Origin',(10.7824858447665,-95.7824871113652,2.));
#6824=CARTESIAN_POINT('',(6.04852886254394,-103.667821138542,2.));
#6825=CARTESIAN_POINT('Origin',(6.0194564480887,-103.168667059406,2.));
#6826=CARTESIAN_POINT('',(9.47832420703398,-110.755467178533,2.));
#6827=CARTESIAN_POINT('Origin',(9.13520338809961,-110.391780357747,2.));
#6828=CARTESIAN_POINT('',(14.0366149254663,-113.477476731069,2.));
#6829=CARTESIAN_POINT('Origin',(13.5667686150734,-113.306466659406,2.));
#6830=CARTESIAN_POINT('',(24.9232200618484,-103.681444574293,2.));
#6831=CARTESIAN_POINT('Origin',(24.8119595948702,-104.168908530383,2.));
#6832=CARTESIAN_POINT('',(24.2370974101969,-111.833356863358,2.));
#6833=CARTESIAN_POINT('Origin',(23.8193535044904,-112.108111352393,2.));
#6834=CARTESIAN_POINT('',(9.98360674254799,-102.438127724618,2.));
#6835=CARTESIAN_POINT('Origin',(10.0209717893412,-101.939525826028,2.));
#6836=CARTESIAN_POINT('',(17.0000002607703,-93.0000015348196,2.));
#6837=CARTESIAN_POINT('Origin',(17.5000002607703,-93.0000015348196,2.));
#6838=CARTESIAN_POINT('',(21.2046127348705,-109.040326160366,2.));
#6839=CARTESIAN_POINT('Origin',(20.7541283009193,-109.257268029924,2.));
#6840=CARTESIAN_POINT('',(48.0000005364418,-53.0000006780028,2.));
#6841=CARTESIAN_POINT('',(38.0000005364418,-53.0000006780028,2.));
#6842=CARTESIAN_POINT('',(48.0000005364418,-53.0000006780028,2.));
#6843=CARTESIAN_POINT('',(38.0000005364418,-45.5000006780028,2.));
#6844=CARTESIAN_POINT('',(38.0000005364418,-53.0000006780028,2.));
#6845=CARTESIAN_POINT('',(48.0000005364418,-45.5000006780028,2.));
#6846=CARTESIAN_POINT('',(38.0000005364418,-45.5000006780028,2.));
#6847=CARTESIAN_POINT('',(48.0000005364418,-45.5000006780028,2.));
#6848=CARTESIAN_POINT('',(21.2249006920504,-96.303210726155,2.));
#6849=CARTESIAN_POINT('Origin',(21.7249006920504,-96.303210726155,2.));
#6850=CARTESIAN_POINT('',(22.9999995306134,-75.5000006780028,2.));
#6851=CARTESIAN_POINT('',(32.9999995306134,-75.5000006780028,2.));
#6852=CARTESIAN_POINT('',(22.9999995306134,-75.5000006780028,2.));
#6853=CARTESIAN_POINT('',(32.9999995306134,-83.0000006780028,2.));
#6854=CARTESIAN_POINT('',(32.9999995306134,-75.5000006780028,2.));
#6855=CARTESIAN_POINT('',(22.9999995306134,-83.0000006780028,2.));
#6856=CARTESIAN_POINT('',(32.9999995306134,-83.0000006780028,2.));
#6857=CARTESIAN_POINT('',(22.9999995306134,-83.0000006780028,2.));
#6858=CARTESIAN_POINT('',(32.9999995306134,-67.9999993182719,2.));
#6859=CARTESIAN_POINT('',(22.9999995306134,-67.9999993182719,2.));
#6860=CARTESIAN_POINT('',(32.9999995306134,-67.9999993182719,2.));
#6861=CARTESIAN_POINT('',(22.9999995306134,-60.4999993182719,2.));
#6862=CARTESIAN_POINT('',(22.9999995306134,-67.9999993182719,2.));
#6863=CARTESIAN_POINT('',(32.9999995306134,-60.4999993182719,2.));
#6864=CARTESIAN_POINT('',(22.9999995306134,-60.4999993182719,2.));
#6865=CARTESIAN_POINT('',(32.9999995306134,-60.4999993182719,2.));
#6866=CARTESIAN_POINT('',(14.5582564210802,-93.4531157073708,2.));
#6867=CARTESIAN_POINT('Origin',(15.0412193342247,-93.3237061848196,2.));
#6868=CARTESIAN_POINT('',(26.805705125871,-104.47581954077,2.));
#6869=CARTESIAN_POINT('Origin',(26.6762956033198,-104.958782453915,2.));
#6870=CARTESIAN_POINT('',(11.1360392353597,-109.571069333966,2.));
#6871=CARTESIAN_POINT('Origin',(10.7824858447665,-109.217515943373,2.));
#6872=CARTESIAN_POINT('',(18.000000089407,-38.0000004544854,2.));
#6873=CARTESIAN_POINT('',(8.00000008940697,-38.0000004544854,2.));
#6874=CARTESIAN_POINT('',(18.000000089407,-38.0000004544854,2.));
#6875=CARTESIAN_POINT('',(8.00000008940697,-30.5000004544854,2.));
#6876=CARTESIAN_POINT('',(8.00000008940697,-38.0000004544854,2.));
#6877=CARTESIAN_POINT('',(18.000000089407,-30.5000004544854,2.));
#6878=CARTESIAN_POINT('',(8.00000008940697,-30.5000004544854,2.));
#6879=CARTESIAN_POINT('',(18.000000089407,-30.5000004544854,2.));
#6880=CARTESIAN_POINT('',(26.4258376756257,-95.2316161308586,2.));
#6881=CARTESIAN_POINT('Origin',(26.7244169714771,-95.6326777272362,2.));
#6882=CARTESIAN_POINT('',(19.1122326690937,-109.841711583602,2.));
#6883=CARTESIAN_POINT('Origin',(18.6178172559812,-109.91623271669,2.));
#6884=CARTESIAN_POINT('',(8.00000026822088,-103.000001527369,2.));
#6885=CARTESIAN_POINT('Origin',(8.00000026822088,-102.500001527369,2.));
#6886=CARTESIAN_POINT('',(48.0000005364418,-68.0000004544854,2.));
#6887=CARTESIAN_POINT('',(38.0000005364418,-68.0000004544854,2.));
#6888=CARTESIAN_POINT('',(48.0000005364418,-68.0000004544854,2.));
#6889=CARTESIAN_POINT('',(38.0000005364418,-60.5000004544854,2.));
#6890=CARTESIAN_POINT('',(38.0000005364418,-68.0000004544854,2.));
#6891=CARTESIAN_POINT('',(48.0000005364418,-60.5000004544854,2.));
#6892=CARTESIAN_POINT('',(38.0000005364418,-60.5000004544854,2.));
#6893=CARTESIAN_POINT('',(48.0000005364418,-60.5000004544854,2.));
#6894=CARTESIAN_POINT('',(46.0000001937151,-25.0000001937151,2.));
#6895=CARTESIAN_POINT('',(13.0000001937151,-25.0000001937151,2.));
#6896=CARTESIAN_POINT('',(46.0000001937151,-25.0000001937151,2.));
#6897=CARTESIAN_POINT('',(13.0000001937151,-13.0000001937151,2.));
#6898=CARTESIAN_POINT('',(13.0000001937151,-25.0000001937151,2.));
#6899=CARTESIAN_POINT('',(46.0000001937151,-13.0000001937151,2.));
#6900=CARTESIAN_POINT('',(13.0000001937151,-13.0000001937151,2.));
#6901=CARTESIAN_POINT('',(46.0000001937151,-13.0000001937151,2.));
#6902=CARTESIAN_POINT('',(8.1942953956696,-100.524183513968,2.));
#6903=CARTESIAN_POINT('Origin',(8.32370491822086,-100.041220600823,2.));
#6904=CARTESIAN_POINT('',(17.0000002607703,-101.00000153482,2.));
#6905=CARTESIAN_POINT('Origin',(17.5000002607703,-101.00000153482,2.));
#6906=CARTESIAN_POINT('',(27.709292397839,-107.816988821752,2.));
#6907=CARTESIAN_POINT('Origin',(27.459292397839,-108.250001523644,2.));
#6908=CARTESIAN_POINT('',(12.8619804423322,-96.5848707551868,2.));
#6909=CARTESIAN_POINT('Origin',(13.2750998294902,-96.303210726155,2.));
#6910=CARTESIAN_POINT('',(27.8614456000327,-97.4859761674296,2.));
#6911=CARTESIAN_POINT('Origin',(28.0594854830522,-97.9450842208697,2.));
#6912=CARTESIAN_POINT('',(23.7175146767742,-95.7824871113652,2.));
#6913=CARTESIAN_POINT('Origin',(24.2175146767742,-95.7824871113652,2.));
#6914=CARTESIAN_POINT('',(15.1188894750274,-107.66831093469,2.));
#6915=CARTESIAN_POINT('Origin',(15.6188894750274,-107.66831093469,2.));
#6916=CARTESIAN_POINT('',(12.2368605464083,-99.7500015310943,2.));
#6917=CARTESIAN_POINT('Origin',(12.7368605464083,-99.7500015310943,2.));
#6918=CARTESIAN_POINT('',(15.2500002644956,-105.531090434162,2.));
#6919=CARTESIAN_POINT('Origin',(15.7500002644956,-105.531090434162,2.));
#6920=CARTESIAN_POINT('',(15.1188894750274,-97.3316921200477,2.));
#6921=CARTESIAN_POINT('Origin',(15.6188894750274,-97.3316921200477,2.));
#6922=CARTESIAN_POINT('',(13.4646684122835,-106.713245958816,2.));
#6923=CARTESIAN_POINT('Origin',(13.9646684122835,-106.713245958816,2.));
#6924=CARTESIAN_POINT('',(18.750000257045,-99.4689126205758,2.));
#6925=CARTESIAN_POINT('Origin',(19.2500002570451,-99.4689126205758,2.));
#6926=CARTESIAN_POINT('',(36.0000006705523,-95.0000014156103,2.));
#6927=CARTESIAN_POINT('Origin',(40.0000006705523,-95.0000014156103,2.));
#6928=CARTESIAN_POINT('',(18.2990383599946,-103.250001523644,2.));
#6929=CARTESIAN_POINT('Origin',(18.7990383599946,-103.250001523644,2.));
#6930=CARTESIAN_POINT('',(21.750000257045,-94.2727601978692,2.));
#6931=CARTESIAN_POINT('Origin',(22.250000257045,-94.2727601978692,2.));
#6932=CARTESIAN_POINT('',(13.4646684122835,-98.2867570959221,2.));
#6933=CARTESIAN_POINT('Origin',(13.9646684122835,-98.2867570959221,2.));
#6934=CARTESIAN_POINT('',(22.4164428950001,-103.455066503243,2.));
#6935=CARTESIAN_POINT('Origin',(22.9164428950001,-103.455066503243,2.));
#6936=CARTESIAN_POINT('',(15.2500002644956,-99.4689126205758,2.));
#6937=CARTESIAN_POINT('Origin',(15.7500002644956,-99.4689126205758,2.));
#6938=CARTESIAN_POINT('',(18.8811110465133,-97.3316921200477,2.));
#6939=CARTESIAN_POINT('Origin',(19.3811110465133,-97.3316921200477,2.));
#6940=CARTESIAN_POINT('',(17.0000002607703,-108.000001519918,2.));
#6941=CARTESIAN_POINT('Origin',(17.5000002607703,-108.000001519918,2.));
#6942=CARTESIAN_POINT('',(20.5000002533198,-102.500001527369,2.));
#6943=CARTESIAN_POINT('Origin',(21.0000002533198,-102.500001527369,2.));
#6944=CARTESIAN_POINT('',(25.2272415902701,-97.7500015310943,2.));
#6945=CARTESIAN_POINT('Origin',(25.7272415902701,-97.7500015310943,2.));
#6946=CARTESIAN_POINT('',(22.4164428950001,-101.544936551495,2.));
#6947=CARTESIAN_POINT('Origin',(22.9164428950001,-101.544936551495,2.));
#6948=CARTESIAN_POINT('',(20.0310891675635,-100.750001531094,2.));
#6949=CARTESIAN_POINT('Origin',(20.5310891675635,-100.750001531094,2.));
#6950=CARTESIAN_POINT('',(3.57395468070838,-103.911135780704,2.));
#6951=CARTESIAN_POINT('Origin',(4.07395468070838,-103.911135780704,2.));
#6952=CARTESIAN_POINT('',(19.806808085261,-89.2950089247504,2.));
#6953=CARTESIAN_POINT('Origin',(20.306808085261,-89.2950089247504,2.));
#6954=CARTESIAN_POINT('',(11.5090555822774,-90.1671378560004,2.));
#6955=CARTESIAN_POINT('Origin',(12.0090555822774,-90.1671378560004,2.));
#6956=CARTESIAN_POINT('',(6.96754512236236,-93.4667383465098,2.));
#6957=CARTESIAN_POINT('Origin',(7.46754512236237,-93.4667383465098,2.));
#6958=CARTESIAN_POINT('',(3.5739546807084,-101.088867274034,2.));
#6959=CARTESIAN_POINT('Origin',(4.0739546807084,-101.088867274034,2.));
#6960=CARTESIAN_POINT('',(4.16073729787168,-106.671730949128,2.));
#6961=CARTESIAN_POINT('Origin',(4.66073729787168,-106.671730949128,2.));
#6962=CARTESIAN_POINT('',(5.30865731613279,-109.250001523644,2.));
#6963=CARTESIAN_POINT('Origin',(5.80865731613279,-109.250001523644,2.));
#6964=CARTESIAN_POINT('',(4.16073729787167,-98.3282721056096,2.));
#6965=CARTESIAN_POINT('Origin',(4.66073729787167,-98.3282721056096,2.));
#6966=CARTESIAN_POINT('',(14.1931924362796,-89.2950089247504,2.));
#6967=CARTESIAN_POINT('Origin',(14.6931924362796,-89.2950089247504,2.));
#6968=CARTESIAN_POINT('',(5.30865731613279,-95.7500015310943,2.));
#6969=CARTESIAN_POINT('Origin',(5.80865731613279,-95.7500015310943,2.));
#6970=CARTESIAN_POINT('',(6.96754512236234,-111.533264708228,2.));
#6971=CARTESIAN_POINT('Origin',(7.46754512236235,-111.533264708228,2.));
#6972=CARTESIAN_POINT('',(17.0000002607703,-89.0000015348196,2.));
#6973=CARTESIAN_POINT('Origin',(17.5000002607703,-89.0000015348196,2.));
#6974=CARTESIAN_POINT('',(9.06489935920126,-91.5782721093349,2.));
#6975=CARTESIAN_POINT('Origin',(9.56489935920127,-91.5782721093349,2.));
#6976=CARTESIAN_POINT('',(18.750000257045,-105.531090434162,2.));
#6977=CARTESIAN_POINT('Origin',(19.2500002570451,-105.531090434162,2.));
#6978=CARTESIAN_POINT('',(17.0000002607703,-106.000001519918,2.));
#6979=CARTESIAN_POINT('Origin',(17.5000002607703,-106.000001519918,2.));
#6980=CARTESIAN_POINT('',(20.0310891675635,-104.250001523644,2.));
#6981=CARTESIAN_POINT('Origin',(20.5310891675635,-104.250001523644,2.));
#6982=CARTESIAN_POINT('',(13.9689113539771,-100.750001531094,2.));
#6983=CARTESIAN_POINT('Origin',(14.4689113539772,-100.750001531094,2.));
#6984=CARTESIAN_POINT('',(20.5353321092572,-98.2867570959221,2.));
#6985=CARTESIAN_POINT('Origin',(21.0353321092572,-98.2867570959221,2.));
#6986=CARTESIAN_POINT('',(20.5353321092572,-106.713245958816,2.));
#6987=CARTESIAN_POINT('Origin',(21.0353321092572,-106.713245958816,2.));
#6988=CARTESIAN_POINT('',(21.7631399751324,-105.250001523644,2.));
#6989=CARTESIAN_POINT('Origin',(22.2631399751324,-105.250001523644,2.));
#6990=CARTESIAN_POINT('',(11.5835576265405,-103.455066503243,2.));
#6991=CARTESIAN_POINT('Origin',(12.0835576265405,-103.455066503243,2.));
#6992=CARTESIAN_POINT('',(15.700962161546,-103.250001523644,2.));
#6993=CARTESIAN_POINT('Origin',(16.200962161546,-103.250001523644,2.));
#6994=CARTESIAN_POINT('',(21.7631399751324,-99.7500015310943,2.));
#6995=CARTESIAN_POINT('Origin',(22.2631399751324,-99.7500015310943,2.));
#6996=CARTESIAN_POINT('',(35.0000005215406,-117.000001743436,2.));
#6997=CARTESIAN_POINT('',(35.0000005215406,-106.000001743436,2.));
#6998=CARTESIAN_POINT('',(35.0000005215406,-106.000001743436,2.));
#6999=CARTESIAN_POINT('',(53.0000005215406,-106.000001743436,2.));
#7000=CARTESIAN_POINT('',(53.0000005215406,-106.000001743436,2.));
#7001=CARTESIAN_POINT('',(53.0000005215406,-117.000001743436,2.));
#7002=CARTESIAN_POINT('',(53.0000005215406,-117.000001743436,2.));
#7003=CARTESIAN_POINT('',(35.0000005215406,-117.000001743436,2.));
#7004=CARTESIAN_POINT('',(18.2990383599946,-101.750001531094,2.));
#7005=CARTESIAN_POINT('Origin',(18.7990383599946,-101.750001531094,2.));
#7006=CARTESIAN_POINT('',(17.0000002607703,-104.000001519918,2.));
#7007=CARTESIAN_POINT('Origin',(17.5000002607703,-104.000001519918,2.));
#7008=CARTESIAN_POINT('',(15.700962161546,-101.750001531094,2.));
#7009=CARTESIAN_POINT('Origin',(16.200962161546,-101.750001531094,2.));
#7010=CARTESIAN_POINT('',(12.2368605464083,-105.250001523644,2.));
#7011=CARTESIAN_POINT('Origin',(12.7368605464083,-105.250001523644,2.));
#7012=CARTESIAN_POINT('',(19.4587811873159,-93.3237061848196,2.));
#7013=CARTESIAN_POINT('Origin',(19.9587811873159,-93.3237061848196,2.));
#7014=CARTESIAN_POINT('',(13.9689113539771,-104.250001523644,2.));
#7015=CARTESIAN_POINT('Origin',(14.4689113539772,-104.250001523644,2.));
#7016=CARTESIAN_POINT('',(11.5835576265405,-101.544936551495,2.));
#7017=CARTESIAN_POINT('Origin',(12.0835576265405,-101.544936551495,2.));
#7018=CARTESIAN_POINT('',(13.5000002682209,-102.500001527369,2.));
#7019=CARTESIAN_POINT('Origin',(14.0000002682209,-102.500001527369,2.));
#7020=CARTESIAN_POINT('',(18.8811110465133,-107.66831093469,2.));
#7021=CARTESIAN_POINT('Origin',(19.3811110465133,-107.66831093469,2.));
#7022=CARTESIAN_POINT('',(24.2988828564831,-99.2945069730209,2.));
#7023=CARTESIAN_POINT('Origin',(24.4815533686663,-99.7599438473431,2.));
#7024=CARTESIAN_POINT('',(26.5000002533198,-102.500001527369,2.));
#7025=CARTESIAN_POINT('Origin',(27.0000002533198,-102.500001527369,2.));
#7026=CARTESIAN_POINT('',(21.9030782168602,-113.135456587743,2.));
#7027=CARTESIAN_POINT('Origin',(21.4332319064673,-113.306466659406,2.));
#7028=CARTESIAN_POINT('',(28.7384653242399,-100.010643608987,2.));
#7029=CARTESIAN_POINT('Origin',(28.8252894130733,-100.503047485493,2.));
#7030=CARTESIAN_POINT('',(32.9999995306134,-53.0000006780028,2.));
#7031=CARTESIAN_POINT('',(22.9999995306134,-53.0000006780028,2.));
#7032=CARTESIAN_POINT('',(32.9999995306134,-53.0000006780028,2.));
#7033=CARTESIAN_POINT('',(22.9999995306134,-45.5000006780028,2.));
#7034=CARTESIAN_POINT('',(22.9999995306134,-53.0000006780028,2.));
#7035=CARTESIAN_POINT('',(32.9999995306134,-45.5000006780028,2.));
#7036=CARTESIAN_POINT('',(22.9999995306134,-45.5000006780028,2.));
#7037=CARTESIAN_POINT('',(32.9999995306134,-45.5000006780028,2.));
#7038=CARTESIAN_POINT('',(18.000000089407,-83.0000006780028,2.));
#7039=CARTESIAN_POINT('',(8.00000008940697,-83.0000006780028,2.));
#7040=CARTESIAN_POINT('',(18.000000089407,-83.0000006780028,2.));
#7041=CARTESIAN_POINT('',(8.00000008940697,-75.5000006780028,2.));
#7042=CARTESIAN_POINT('',(8.00000008940697,-83.0000006780028,2.));
#7043=CARTESIAN_POINT('',(18.000000089407,-75.5000006780028,2.));
#7044=CARTESIAN_POINT('',(8.00000008940697,-75.5000006780028,2.));
#7045=CARTESIAN_POINT('',(18.000000089407,-75.5000006780028,2.));
#7046=CARTESIAN_POINT('',(5.00000007450581,-5.00000007450581,2.));
#7047=CARTESIAN_POINT('',(4.00000005960464,-5.00000007450581,2.));
#7048=CARTESIAN_POINT('',(5.00000007450581,-5.00000007450581,2.));
#7049=CARTESIAN_POINT('',(4.00000005960464,-4.00000005960464,2.));
#7050=CARTESIAN_POINT('',(4.00000005960464,-5.00000007450581,2.));
#7051=CARTESIAN_POINT('',(5.00000007450581,-4.00000005960464,2.));
#7052=CARTESIAN_POINT('',(4.00000005960464,-4.00000005960464,2.));
#7053=CARTESIAN_POINT('',(5.00000007450581,-4.00000005960464,2.));
#7054=CARTESIAN_POINT('',(17.0000002607703,-99.0000015348196,2.));
#7055=CARTESIAN_POINT('Origin',(17.5000002607703,-99.0000015348196,2.));
#7056=CARTESIAN_POINT('',(7.79070812370167,-108.683014225536,2.));
#7057=CARTESIAN_POINT('Origin',(7.54070812370166,-108.250001523644,2.));
#7058=CARTESIAN_POINT('',(16.6615509280661,-113.980289091064,2.));
#7059=CARTESIAN_POINT('Origin',(16.1649317491951,-113.922242634001,2.));
#7060=CARTESIAN_POINT('',(6.08788701963384,-100.995451361999,2.));
#7061=CARTESIAN_POINT('Origin',(6.17471110846731,-100.503047485493,2.));
#7062=CARTESIAN_POINT('',(24.9416636854062,-101.440923927437,2.));
#7063=CARTESIAN_POINT('Origin',(24.9790287321995,-101.939525826028,2.));
#7064=CARTESIAN_POINT('',(9.02275893127053,-98.1830142329865,2.));
#7065=CARTESIAN_POINT('Origin',(9.27275893127053,-97.7500015310943,2.));
#7066=CARTESIAN_POINT('',(11.3245192471558,-98.2147437593079,2.));
#7067=CARTESIAN_POINT('Origin',(11.6362641480852,-97.8238280180739,2.));
#7068=CARTESIAN_POINT('',(29.0096164879072,-102.669512980271,2.));
#7069=CARTESIAN_POINT('Origin',(28.9805440734519,-103.168667059406,2.));
#7070=CARTESIAN_POINT('',(11.2548097388394,-106.683014225536,2.));
#7071=CARTESIAN_POINT('Origin',(11.0048097388394,-106.250001523644,2.));
#7072=CARTESIAN_POINT('',(25.9772415902701,-106.816988821752,2.));
#7073=CARTESIAN_POINT('Origin',(25.7272415902701,-107.250001523644,2.));
#7074=CARTESIAN_POINT('',(20.4417441004605,-111.546887347367,2.));
#7075=CARTESIAN_POINT('Origin',(19.9587811873159,-111.676296869918,2.));
#7076=CARTESIAN_POINT('',(28.6602812616164,-105.319243945252,2.));
#7077=CARTESIAN_POINT('Origin',(28.5168796452609,-105.79823870141,2.));
#7078=CARTESIAN_POINT('',(24.5710680673674,-108.86396255278,2.));
#7079=CARTESIAN_POINT('Origin',(24.2175146767742,-109.217515943373,2.));
#7080=CARTESIAN_POINT('',(26.2079179523754,-110.02809353696,2.));
#7081=CARTESIAN_POINT('Origin',(25.864797133441,-110.391780357747,2.));
#7082=CARTESIAN_POINT('',(8.45311444077212,-105.441745367059,2.));
#7083=CARTESIAN_POINT('Origin',(8.32370491822086,-104.958782453915,2.));
#7084=CARTESIAN_POINT('',(15.5241822473693,-111.80570639247,2.));
#7085=CARTESIAN_POINT('Origin',(15.0412193342247,-111.676296869918,2.));
#7086=CARTESIAN_POINT('',(17.0000002607703,-95.0000015348196,2.));
#7087=CARTESIAN_POINT('Origin',(17.5000002607703,-95.0000015348196,2.));
#7088=CARTESIAN_POINT('',(22.8637363734555,-97.8238280180739,2.));
#7089=CARTESIAN_POINT('Origin',(23.3637363734555,-97.8238280180739,2.));
#7090=CARTESIAN_POINT('',(18.000000089407,-53.0000006780028,2.));
#7091=CARTESIAN_POINT('',(8.00000008940697,-53.0000006780028,2.));
#7092=CARTESIAN_POINT('',(18.000000089407,-53.0000006780028,2.));
#7093=CARTESIAN_POINT('',(8.00000008940697,-45.5000006780028,2.));
#7094=CARTESIAN_POINT('',(8.00000008940697,-53.0000006780028,2.));
#7095=CARTESIAN_POINT('',(18.000000089407,-45.5000006780028,2.));
#7096=CARTESIAN_POINT('',(8.00000008940697,-45.5000006780028,2.));
#7097=CARTESIAN_POINT('',(18.000000089407,-45.5000006780028,2.));
#7098=CARTESIAN_POINT('',(19.6520827725902,-91.3099855229508,2.));
#7099=CARTESIAN_POINT('Origin',(20.1520827725902,-91.3099855229508,2.));
#7100=CARTESIAN_POINT('',(8.00000008940697,-68.0000004544854,2.));
#7101=CARTESIAN_POINT('',(8.00000008940697,-60.5000004544854,2.));
#7102=CARTESIAN_POINT('',(8.00000008940697,-68.0000004544854,2.));
#7103=CARTESIAN_POINT('',(18.000000089407,-60.5000004544854,2.));
#7104=CARTESIAN_POINT('',(8.00000008940697,-60.5000004544854,2.));
#7105=CARTESIAN_POINT('',(18.000000089407,-68.0000004544854,2.));
#7106=CARTESIAN_POINT('',(18.000000089407,-60.5000004544854,2.));
#7107=CARTESIAN_POINT('',(18.000000089407,-68.0000004544854,2.));
#7108=CARTESIAN_POINT('',(12.765230668471,-108.337976929517,2.));
#7109=CARTESIAN_POINT('Origin',(12.3987047325561,-107.997890560631,2.));
#7110=CARTESIAN_POINT('',(22.9678217248995,-107.657804191746,2.));
#7111=CARTESIAN_POINT('Origin',(22.6012957889845,-107.997890560631,2.));
#7112=CARTESIAN_POINT('',(14.8115500519916,-95.480583078298,2.));
#7113=CARTESIAN_POINT('Origin',(15.2893364548846,-95.3332054910925,2.));
#7114=CARTESIAN_POINT('',(18.0000002607703,-112.000001519918,2.));
#7115=CARTESIAN_POINT('Origin',(17.5000002607703,-112.000001519918,2.));
#7116=CARTESIAN_POINT('',(9.52275893127053,-107.683014225536,2.));
#7117=CARTESIAN_POINT('Origin',(9.27275893127053,-107.250001523644,2.));
#7118=CARTESIAN_POINT('',(24.3920577673764,-93.6904904372082,2.));
#7119=CARTESIAN_POINT('Origin',(24.8920577673764,-93.6904904372082,2.));
#7120=CARTESIAN_POINT('',(32.9999995306134,-37.9999993182719,2.));
#7121=CARTESIAN_POINT('',(22.9999995306134,-37.9999993182719,2.));
#7122=CARTESIAN_POINT('',(32.9999995306134,-37.9999993182719,2.));
#7123=CARTESIAN_POINT('',(22.9999995306134,-30.4999993182719,2.));
#7124=CARTESIAN_POINT('',(22.9999995306134,-37.9999993182719,2.));
#7125=CARTESIAN_POINT('',(32.9999995306134,-30.4999993182719,2.));
#7126=CARTESIAN_POINT('',(22.9999995306134,-30.4999993182719,2.));
#7127=CARTESIAN_POINT('',(32.9999995306134,-30.4999993182719,2.));
#7128=CARTESIAN_POINT('',(6.74247515546882,-98.4041922743099,2.));
#7129=CARTESIAN_POINT('Origin',(6.9405150384884,-97.9450842208697,2.));
#7130=CARTESIAN_POINT('',(17.0000002607703,-97.0000015348196,2.));
#7131=CARTESIAN_POINT('Origin',(17.5000002607703,-97.0000015348196,2.));
#7132=CARTESIAN_POINT('',(13.1830129663878,-110.977242856869,2.));
#7133=CARTESIAN_POINT('Origin',(12.7500002644956,-110.727242856869,2.));
#7134=CARTESIAN_POINT('',(22.6830129589373,-110.477242856869,2.));
#7135=CARTESIAN_POINT('Origin',(22.250000257045,-110.727242856869,2.));
#7136=CARTESIAN_POINT('',(11.5983909227567,-112.382865841428,2.));
#7137=CARTESIAN_POINT('Origin',(11.1806470170502,-112.108111352393,2.));
#7138=CARTESIAN_POINT('',(26.1762956033198,-100.041220600823,2.));
#7139=CARTESIAN_POINT('Origin',(26.6762956033198,-100.041220600823,2.));
#7140=CARTESIAN_POINT('',(6.62652249263531,-106.277233457567,2.));
#7141=CARTESIAN_POINT('Origin',(6.48312087627977,-105.79823870141,2.));
#7142=CARTESIAN_POINT('',(22.4909449392632,-90.1671378560003,2.));
#7143=CARTESIAN_POINT('Origin',(22.9909449392632,-90.1671378560003,2.));
#7144=CARTESIAN_POINT('',(27.0324553991783,-93.4667383465099,2.));
#7145=CARTESIAN_POINT('Origin',(27.5324553991783,-93.4667383465099,2.));
#7146=CARTESIAN_POINT('',(29.839263223669,-98.3282721056096,2.));
#7147=CARTESIAN_POINT('Origin',(30.339263223669,-98.3282721056096,2.));
#7148=CARTESIAN_POINT('',(30.4260458408322,-103.911135780704,2.));
#7149=CARTESIAN_POINT('Origin',(30.9260458408322,-103.911135780704,2.));
#7150=CARTESIAN_POINT('',(28.6913432054078,-109.250001523644,2.));
#7151=CARTESIAN_POINT('Origin',(29.1913432054078,-109.250001523644,2.));
#7152=CARTESIAN_POINT('',(24.9351011623394,-113.421730945403,2.));
#7153=CARTESIAN_POINT('Origin',(25.4351011623394,-113.421730945403,2.));
#7154=CARTESIAN_POINT('',(19.806808085261,-115.704994129988,2.));
#7155=CARTESIAN_POINT('Origin',(20.306808085261,-115.704994129988,2.));
#7156=CARTESIAN_POINT('',(14.1931924362796,-115.704994129988,2.));
#7157=CARTESIAN_POINT('Origin',(14.6931924362796,-115.704994129988,2.));
#7158=CARTESIAN_POINT('',(9.06489935920127,-113.421730945403,2.));
#7159=CARTESIAN_POINT('Origin',(9.56489935920128,-113.421730945403,2.));
#7160=CARTESIAN_POINT('Origin',(28.,-60.0000008940697,0.));
#7161=CARTESIAN_POINT('',(13.3750001862645,-27.0000004023314,0.));
#7162=CARTESIAN_POINT('Origin',(12.5000001862645,-27.0000004023314,0.));
#7163=CARTESIAN_POINT('Origin',(52.0000007748604,-101.000001505017,0.));
#7164=CARTESIAN_POINT('',(51.1250007748604,-101.000001505017,-4.5));
#7165=CARTESIAN_POINT('Origin',(52.0000007748604,-101.000001505017,-4.5));
#7166=CARTESIAN_POINT('',(51.1250007748604,-101.000001505017,0.));
#7167=CARTESIAN_POINT('',(51.1250007748604,-101.000001505017,0.));
#7168=CARTESIAN_POINT('Origin',(52.0000007748604,-101.000001505017,0.));
#7169=CARTESIAN_POINT('Origin',(53.5000000372529,-98.0419614862704,0.));
#7170=CARTESIAN_POINT('',(53.5000000372529,-103.958041523764,0.));
#7171=CARTESIAN_POINT('',(53.5000000372529,-98.0419614862704,0.));
#7172=CARTESIAN_POINT('',(53.5000000372529,-79.02098119017,0.));
#7173=CARTESIAN_POINT('',(53.5000000372529,-103.958041523764,-4.5));
#7174=CARTESIAN_POINT('',(53.5000000372529,-103.958041523764,0.));
#7175=CARTESIAN_POINT('',(53.5000000372529,-98.0419614862704,-4.5));
#7176=CARTESIAN_POINT('',(53.5000000372529,-2.5000000372529,-4.5));
#7177=CARTESIAN_POINT('',(53.5000000372529,-98.0419614862704,0.));
#7178=CARTESIAN_POINT('Origin',(53.0000007897615,-101.000001505017,0.));
#7179=CARTESIAN_POINT('Origin',(53.0000007897615,-101.000001505017,0.));
#7180=CARTESIAN_POINT('Origin',(53.0000007897615,-101.000001505017,-4.5));
#7181=CARTESIAN_POINT('Origin',(51.7500004135072,-101.000001505017,-4.5));
#7182=CARTESIAN_POINT('Origin',(28.,-60.0000008940697,0.));
#7183=CARTESIAN_POINT('Origin',(47.9999999441206,-5.49999994412065,0.));
#7184=CARTESIAN_POINT('',(47.1249999441206,-5.49999994412065,-4.5));
#7185=CARTESIAN_POINT('Origin',(47.9999999441206,-5.49999994412065,-4.5));
#7186=CARTESIAN_POINT('',(47.1249999441206,-5.49999994412065,0.));
#7187=CARTESIAN_POINT('',(47.1249999441206,-5.49999994412065,0.));
#7188=CARTESIAN_POINT('Origin',(47.9999999441206,-5.49999994412065,0.));
#7189=CARTESIAN_POINT('Origin',(47.9999999441206,-5.49999994412065,0.));
#7190=CARTESIAN_POINT('',(46.4999999441206,-5.49999994412065,-4.5));
#7191=CARTESIAN_POINT('Origin',(47.9999999441206,-5.49999994412065,-4.5));
#7192=CARTESIAN_POINT('',(46.4999999441206,-5.49999994412065,0.));
#7193=CARTESIAN_POINT('',(46.4999999441206,-5.49999994412065,0.));
#7194=CARTESIAN_POINT('Origin',(47.9999999441206,-5.49999994412065,0.));
#7195=CARTESIAN_POINT('Origin',(47.9999999441206,-5.49999994412065,-4.5));
#7196=CARTESIAN_POINT('Origin',(28.,-60.0000008940697,0.));
#7197=CARTESIAN_POINT('Origin',(9.56489935920128,-113.421730945403,0.));
#7198=CARTESIAN_POINT('',(9.06489935920127,-113.421730945403,0.));
#7199=CARTESIAN_POINT('',(9.06489935920127,-113.421730945403,0.));
#7200=CARTESIAN_POINT('Origin',(9.56489935920128,-113.421730945403,0.));
#7201=CARTESIAN_POINT('Origin',(14.6931924362796,-115.704994129988,0.));
#7202=CARTESIAN_POINT('',(14.1931924362796,-115.704994129988,0.));
#7203=CARTESIAN_POINT('',(14.1931924362796,-115.704994129988,0.));
#7204=CARTESIAN_POINT('Origin',(14.6931924362796,-115.704994129988,0.));
#7205=CARTESIAN_POINT('Origin',(20.306808085261,-115.704994129988,0.));
#7206=CARTESIAN_POINT('',(19.806808085261,-115.704994129988,0.));
#7207=CARTESIAN_POINT('',(19.806808085261,-115.704994129988,0.));
#7208=CARTESIAN_POINT('Origin',(20.306808085261,-115.704994129988,0.));
#7209=CARTESIAN_POINT('Origin',(25.4351011623394,-113.421730945403,0.));
#7210=CARTESIAN_POINT('',(24.9351011623394,-113.421730945403,0.));
#7211=CARTESIAN_POINT('',(24.9351011623394,-113.421730945403,0.));
#7212=CARTESIAN_POINT('Origin',(25.4351011623394,-113.421730945403,0.));
#7213=CARTESIAN_POINT('Origin',(29.1913432054078,-109.250001523644,0.));
#7214=CARTESIAN_POINT('',(28.6913432054078,-109.250001523644,0.));
#7215=CARTESIAN_POINT('',(28.6913432054078,-109.250001523644,0.));
#7216=CARTESIAN_POINT('Origin',(29.1913432054078,-109.250001523644,0.));
#7217=CARTESIAN_POINT('Origin',(30.9260458408322,-103.911135780704,0.));
#7218=CARTESIAN_POINT('',(30.4260458408322,-103.911135780704,0.));
#7219=CARTESIAN_POINT('',(30.4260458408322,-103.911135780704,0.));
#7220=CARTESIAN_POINT('Origin',(30.9260458408322,-103.911135780704,0.));
#7221=CARTESIAN_POINT('Origin',(30.339263223669,-98.3282721056096,0.));
#7222=CARTESIAN_POINT('',(29.839263223669,-98.3282721056096,0.));
#7223=CARTESIAN_POINT('',(29.839263223669,-98.3282721056096,0.));
#7224=CARTESIAN_POINT('Origin',(30.339263223669,-98.3282721056096,0.));
#7225=CARTESIAN_POINT('Origin',(27.5324553991783,-93.4667383465099,0.));
#7226=CARTESIAN_POINT('',(27.0324553991783,-93.4667383465099,0.));
#7227=CARTESIAN_POINT('',(27.0324553991783,-93.4667383465099,0.));
#7228=CARTESIAN_POINT('Origin',(27.5324553991783,-93.4667383465099,0.));
#7229=CARTESIAN_POINT('Origin',(22.9909449392632,-90.1671378560003,0.));
#7230=CARTESIAN_POINT('',(22.4909449392632,-90.1671378560003,0.));
#7231=CARTESIAN_POINT('',(22.4909449392632,-90.1671378560003,0.));
#7232=CARTESIAN_POINT('Origin',(22.9909449392632,-90.1671378560003,0.));
#7233=CARTESIAN_POINT('Origin',(6.48312087627977,-105.79823870141,0.));
#7234=CARTESIAN_POINT('',(6.62652249263531,-106.277233457567,0.));
#7235=CARTESIAN_POINT('',(6.62652249263531,-106.277233457567,0.));
#7236=CARTESIAN_POINT('Origin',(6.48312087627977,-105.79823870141,0.));
#7237=CARTESIAN_POINT('Origin',(26.6762956033198,-100.041220600823,0.));
#7238=CARTESIAN_POINT('',(26.1762956033198,-100.041220600823,0.));
#7239=CARTESIAN_POINT('',(26.1762956033198,-100.041220600823,0.));
#7240=CARTESIAN_POINT('Origin',(26.6762956033198,-100.041220600823,0.));
#7241=CARTESIAN_POINT('Origin',(11.1806470170502,-112.108111352393,0.));
#7242=CARTESIAN_POINT('',(11.5983909227567,-112.382865841428,0.));
#7243=CARTESIAN_POINT('',(11.5983909227567,-112.382865841428,0.));
#7244=CARTESIAN_POINT('Origin',(11.1806470170502,-112.108111352393,0.));
#7245=CARTESIAN_POINT('Origin',(22.250000257045,-110.727242856869,0.));
#7246=CARTESIAN_POINT('',(22.6830129589373,-110.477242856869,0.));
#7247=CARTESIAN_POINT('',(22.6830129589373,-110.477242856869,0.));
#7248=CARTESIAN_POINT('Origin',(22.250000257045,-110.727242856869,0.));
#7249=CARTESIAN_POINT('Origin',(12.7500002644956,-110.727242856869,0.));
#7250=CARTESIAN_POINT('',(13.1830129663878,-110.977242856869,0.));
#7251=CARTESIAN_POINT('',(13.1830129663878,-110.977242856869,0.));
#7252=CARTESIAN_POINT('Origin',(12.7500002644956,-110.727242856869,0.));
#7253=CARTESIAN_POINT('Origin',(17.5000002607703,-97.0000015348196,0.));
#7254=CARTESIAN_POINT('',(17.0000002607703,-97.0000015348196,0.));
#7255=CARTESIAN_POINT('',(17.0000002607703,-97.0000015348196,0.));
#7256=CARTESIAN_POINT('Origin',(17.5000002607703,-97.0000015348196,0.));
#7257=CARTESIAN_POINT('Origin',(6.9405150384884,-97.9450842208697,0.));
#7258=CARTESIAN_POINT('',(6.74247515546882,-98.4041922743099,0.));
#7259=CARTESIAN_POINT('',(6.74247515546882,-98.4041922743099,0.));
#7260=CARTESIAN_POINT('Origin',(6.9405150384884,-97.9450842208697,0.));
#7261=CARTESIAN_POINT('Origin',(32.9999995306134,-30.4999993182719,0.));
#7262=CARTESIAN_POINT('',(32.9999995306134,-30.4999993182719,0.));
#7263=CARTESIAN_POINT('',(32.9999995306134,-37.9999993182719,0.));
#7264=CARTESIAN_POINT('',(32.9999995306134,-30.4999993182719,0.));
#7265=CARTESIAN_POINT('',(32.9999995306134,-37.9999993182719,0.));
#7266=CARTESIAN_POINT('',(32.9999995306134,-30.4999993182719,0.));
#7267=CARTESIAN_POINT('Origin',(22.9999995306134,-30.4999993182719,0.));
#7268=CARTESIAN_POINT('',(22.9999995306134,-30.4999993182719,0.));
#7269=CARTESIAN_POINT('',(22.9999995306134,-30.4999993182719,0.));
#7270=CARTESIAN_POINT('',(22.9999995306134,-30.4999993182719,0.));
#7271=CARTESIAN_POINT('Origin',(22.9999995306134,-37.9999993182719,0.));
#7272=CARTESIAN_POINT('',(22.9999995306134,-37.9999993182719,0.));
#7273=CARTESIAN_POINT('',(22.9999995306134,-37.9999993182719,0.));
#7274=CARTESIAN_POINT('',(22.9999995306134,-37.9999993182719,0.));
#7275=CARTESIAN_POINT('Origin',(32.9999995306134,-37.9999993182719,0.));
#7276=CARTESIAN_POINT('',(32.9999995306134,-37.9999993182719,0.));
#7277=CARTESIAN_POINT('Origin',(24.8920577673764,-93.6904904372082,0.));
#7278=CARTESIAN_POINT('',(24.3920577673764,-93.6904904372082,0.));
#7279=CARTESIAN_POINT('',(24.3920577673764,-93.6904904372082,0.));
#7280=CARTESIAN_POINT('Origin',(24.8920577673764,-93.6904904372082,0.));
#7281=CARTESIAN_POINT('Origin',(9.27275893127053,-107.250001523644,0.));
#7282=CARTESIAN_POINT('',(9.52275893127053,-107.683014225536,0.));
#7283=CARTESIAN_POINT('',(9.52275893127053,-107.683014225536,0.));
#7284=CARTESIAN_POINT('Origin',(9.27275893127053,-107.250001523644,0.));
#7285=CARTESIAN_POINT('Origin',(17.5000002607703,-112.000001519918,0.));
#7286=CARTESIAN_POINT('',(18.0000002607703,-112.000001519918,0.));
#7287=CARTESIAN_POINT('',(18.0000002607703,-112.000001519918,0.));
#7288=CARTESIAN_POINT('Origin',(17.5000002607703,-112.000001519918,0.));
#7289=CARTESIAN_POINT('Origin',(15.2893364548846,-95.3332054910925,0.));
#7290=CARTESIAN_POINT('',(14.8115500519916,-95.480583078298,0.));
#7291=CARTESIAN_POINT('',(14.8115500519916,-95.480583078298,0.));
#7292=CARTESIAN_POINT('Origin',(15.2893364548846,-95.3332054910925,0.));
#7293=CARTESIAN_POINT('Origin',(22.6012957889845,-107.997890560631,0.));
#7294=CARTESIAN_POINT('',(22.9678217248995,-107.657804191746,0.));
#7295=CARTESIAN_POINT('',(22.9678217248995,-107.657804191746,0.));
#7296=CARTESIAN_POINT('Origin',(22.6012957889845,-107.997890560631,0.));
#7297=CARTESIAN_POINT('Origin',(12.3987047325561,-107.997890560631,0.));
#7298=CARTESIAN_POINT('',(12.765230668471,-108.337976929517,0.));
#7299=CARTESIAN_POINT('',(12.765230668471,-108.337976929517,0.));
#7300=CARTESIAN_POINT('Origin',(12.3987047325561,-107.997890560631,0.));
#7301=CARTESIAN_POINT('Origin',(18.000000089407,-68.0000004544854,0.));
#7302=CARTESIAN_POINT('',(18.000000089407,-68.0000004544854,0.));
#7303=CARTESIAN_POINT('',(8.00000008940697,-68.0000004544854,0.));
#7304=CARTESIAN_POINT('',(18.000000089407,-68.0000004544854,0.));
#7305=CARTESIAN_POINT('',(8.00000008940697,-68.0000004544854,0.));
#7306=CARTESIAN_POINT('',(18.000000089407,-68.0000004544854,0.));
#7307=CARTESIAN_POINT('Origin',(18.000000089407,-60.5000004544854,0.));
#7308=CARTESIAN_POINT('',(18.000000089407,-60.5000004544854,0.));
#7309=CARTESIAN_POINT('',(18.000000089407,-60.5000004544854,0.));
#7310=CARTESIAN_POINT('',(18.000000089407,-60.5000004544854,0.));
#7311=CARTESIAN_POINT('Origin',(8.00000008940697,-60.5000004544854,0.));
#7312=CARTESIAN_POINT('',(8.00000008940697,-60.5000004544854,0.));
#7313=CARTESIAN_POINT('',(8.00000008940697,-60.5000004544854,0.));
#7314=CARTESIAN_POINT('',(8.00000008940697,-60.5000004544854,0.));
#7315=CARTESIAN_POINT('Origin',(8.00000008940697,-68.0000004544854,0.));
#7316=CARTESIAN_POINT('',(8.00000008940697,-68.0000004544854,0.));
#7317=CARTESIAN_POINT('Origin',(20.1520827725902,-91.3099855229508,0.));
#7318=CARTESIAN_POINT('',(19.6520827725902,-91.3099855229508,0.));
#7319=CARTESIAN_POINT('',(19.6520827725902,-91.3099855229508,0.));
#7320=CARTESIAN_POINT('Origin',(20.1520827725902,-91.3099855229508,0.));
#7321=CARTESIAN_POINT('Origin',(18.000000089407,-45.5000006780028,0.));
#7322=CARTESIAN_POINT('',(18.000000089407,-45.5000006780028,0.));
#7323=CARTESIAN_POINT('',(18.000000089407,-53.0000006780028,0.));
#7324=CARTESIAN_POINT('',(18.000000089407,-45.5000006780028,0.));
#7325=CARTESIAN_POINT('',(18.000000089407,-53.0000006780028,0.));
#7326=CARTESIAN_POINT('',(18.000000089407,-45.5000006780028,0.));
#7327=CARTESIAN_POINT('Origin',(8.00000008940697,-45.5000006780028,0.));
#7328=CARTESIAN_POINT('',(8.00000008940697,-45.5000006780028,0.));
#7329=CARTESIAN_POINT('',(8.00000008940697,-45.5000006780028,0.));
#7330=CARTESIAN_POINT('',(8.00000008940697,-45.5000006780028,0.));
#7331=CARTESIAN_POINT('Origin',(8.00000008940697,-53.0000006780028,0.));
#7332=CARTESIAN_POINT('',(8.00000008940697,-53.0000006780028,0.));
#7333=CARTESIAN_POINT('',(8.00000008940697,-53.0000006780028,0.));
#7334=CARTESIAN_POINT('',(8.00000008940697,-53.0000006780028,0.));
#7335=CARTESIAN_POINT('Origin',(18.000000089407,-53.0000006780028,0.));
#7336=CARTESIAN_POINT('',(18.000000089407,-53.0000006780028,0.));
#7337=CARTESIAN_POINT('Origin',(23.3637363734555,-97.8238280180739,0.));
#7338=CARTESIAN_POINT('',(22.8637363734555,-97.8238280180739,0.));
#7339=CARTESIAN_POINT('',(22.8637363734555,-97.8238280180739,0.));
#7340=CARTESIAN_POINT('Origin',(23.3637363734555,-97.8238280180739,0.));
#7341=CARTESIAN_POINT('Origin',(17.5000002607703,-95.0000015348196,0.));
#7342=CARTESIAN_POINT('',(17.0000002607703,-95.0000015348196,0.));
#7343=CARTESIAN_POINT('',(17.0000002607703,-95.0000015348196,0.));
#7344=CARTESIAN_POINT('Origin',(17.5000002607703,-95.0000015348196,0.));
#7345=CARTESIAN_POINT('Origin',(15.0412193342247,-111.676296869918,0.));
#7346=CARTESIAN_POINT('',(15.5241822473693,-111.80570639247,0.));
#7347=CARTESIAN_POINT('',(15.5241822473693,-111.80570639247,0.));
#7348=CARTESIAN_POINT('Origin',(15.0412193342247,-111.676296869918,0.));
#7349=CARTESIAN_POINT('Origin',(8.32370491822086,-104.958782453915,0.));
#7350=CARTESIAN_POINT('',(8.45311444077212,-105.441745367059,0.));
#7351=CARTESIAN_POINT('',(8.45311444077212,-105.441745367059,0.));
#7352=CARTESIAN_POINT('Origin',(8.32370491822086,-104.958782453915,0.));
#7353=CARTESIAN_POINT('Origin',(25.864797133441,-110.391780357747,0.));
#7354=CARTESIAN_POINT('',(26.2079179523754,-110.02809353696,0.));
#7355=CARTESIAN_POINT('',(26.2079179523754,-110.02809353696,0.));
#7356=CARTESIAN_POINT('Origin',(25.864797133441,-110.391780357747,0.));
#7357=CARTESIAN_POINT('Origin',(24.2175146767742,-109.217515943373,0.));
#7358=CARTESIAN_POINT('',(24.5710680673674,-108.86396255278,0.));
#7359=CARTESIAN_POINT('',(24.5710680673674,-108.86396255278,0.));
#7360=CARTESIAN_POINT('Origin',(24.2175146767742,-109.217515943373,0.));
#7361=CARTESIAN_POINT('Origin',(28.5168796452609,-105.79823870141,0.));
#7362=CARTESIAN_POINT('',(28.6602812616164,-105.319243945252,0.));
#7363=CARTESIAN_POINT('',(28.6602812616164,-105.319243945252,0.));
#7364=CARTESIAN_POINT('Origin',(28.5168796452609,-105.79823870141,0.));
#7365=CARTESIAN_POINT('Origin',(19.9587811873159,-111.676296869918,0.));
#7366=CARTESIAN_POINT('',(20.4417441004605,-111.546887347367,0.));
#7367=CARTESIAN_POINT('',(20.4417441004605,-111.546887347367,0.));
#7368=CARTESIAN_POINT('Origin',(19.9587811873159,-111.676296869918,0.));
#7369=CARTESIAN_POINT('Origin',(25.7272415902701,-107.250001523644,0.));
#7370=CARTESIAN_POINT('',(25.9772415902701,-106.816988821752,0.));
#7371=CARTESIAN_POINT('',(25.9772415902701,-106.816988821752,0.));
#7372=CARTESIAN_POINT('Origin',(25.7272415902701,-107.250001523644,0.));
#7373=CARTESIAN_POINT('Origin',(11.0048097388394,-106.250001523644,0.));
#7374=CARTESIAN_POINT('',(11.2548097388394,-106.683014225536,0.));
#7375=CARTESIAN_POINT('',(11.2548097388394,-106.683014225536,0.));
#7376=CARTESIAN_POINT('Origin',(11.0048097388394,-106.250001523644,0.));
#7377=CARTESIAN_POINT('Origin',(28.9805440734519,-103.168667059406,0.));
#7378=CARTESIAN_POINT('',(29.0096164879072,-102.669512980271,0.));
#7379=CARTESIAN_POINT('',(29.0096164879072,-102.669512980271,0.));
#7380=CARTESIAN_POINT('Origin',(28.9805440734519,-103.168667059406,0.));
#7381=CARTESIAN_POINT('Origin',(11.6362641480852,-97.8238280180739,0.));
#7382=CARTESIAN_POINT('',(11.3245192471558,-98.2147437593079,0.));
#7383=CARTESIAN_POINT('',(11.3245192471558,-98.2147437593079,0.));
#7384=CARTESIAN_POINT('Origin',(11.6362641480852,-97.8238280180739,0.));
#7385=CARTESIAN_POINT('Origin',(9.27275893127053,-97.7500015310943,0.));
#7386=CARTESIAN_POINT('',(9.02275893127053,-98.1830142329865,0.));
#7387=CARTESIAN_POINT('',(9.02275893127053,-98.1830142329865,0.));
#7388=CARTESIAN_POINT('Origin',(9.27275893127053,-97.7500015310943,0.));
#7389=CARTESIAN_POINT('Origin',(24.9790287321995,-101.939525826028,0.));
#7390=CARTESIAN_POINT('',(24.9416636854062,-101.440923927437,0.));
#7391=CARTESIAN_POINT('',(24.9416636854062,-101.440923927437,0.));
#7392=CARTESIAN_POINT('Origin',(24.9790287321995,-101.939525826028,0.));
#7393=CARTESIAN_POINT('Origin',(6.17471110846731,-100.503047485493,0.));
#7394=CARTESIAN_POINT('',(6.08788701963384,-100.995451361999,0.));
#7395=CARTESIAN_POINT('',(6.08788701963384,-100.995451361999,0.));
#7396=CARTESIAN_POINT('Origin',(6.17471110846731,-100.503047485493,0.));
#7397=CARTESIAN_POINT('Origin',(16.1649317491951,-113.922242634001,0.));
#7398=CARTESIAN_POINT('',(16.6615509280661,-113.980289091064,0.));
#7399=CARTESIAN_POINT('',(16.6615509280661,-113.980289091064,0.));
#7400=CARTESIAN_POINT('Origin',(16.1649317491951,-113.922242634001,0.));
#7401=CARTESIAN_POINT('Origin',(7.54070812370166,-108.250001523644,0.));
#7402=CARTESIAN_POINT('',(7.79070812370167,-108.683014225536,0.));
#7403=CARTESIAN_POINT('',(7.79070812370167,-108.683014225536,0.));
#7404=CARTESIAN_POINT('Origin',(7.54070812370166,-108.250001523644,0.));
#7405=CARTESIAN_POINT('Origin',(17.5000002607703,-99.0000015348196,0.));
#7406=CARTESIAN_POINT('',(17.0000002607703,-99.0000015348196,0.));
#7407=CARTESIAN_POINT('',(17.0000002607703,-99.0000015348196,0.));
#7408=CARTESIAN_POINT('Origin',(17.5000002607703,-99.0000015348196,0.));
#7409=CARTESIAN_POINT('Origin',(5.00000007450581,-4.00000005960464,0.));
#7410=CARTESIAN_POINT('',(5.00000007450581,-4.00000005960464,0.));
#7411=CARTESIAN_POINT('',(5.00000007450581,-5.00000007450581,0.));
#7412=CARTESIAN_POINT('',(5.00000007450581,-4.00000005960464,0.));
#7413=CARTESIAN_POINT('',(5.00000007450581,-5.00000007450581,0.));
#7414=CARTESIAN_POINT('',(5.00000007450581,-4.00000005960464,0.));
#7415=CARTESIAN_POINT('Origin',(4.00000005960464,-4.00000005960464,0.));
#7416=CARTESIAN_POINT('',(4.00000005960464,-4.00000005960464,0.));
#7417=CARTESIAN_POINT('',(4.00000005960464,-4.00000005960464,0.));
#7418=CARTESIAN_POINT('',(4.00000005960464,-4.00000005960464,0.));
#7419=CARTESIAN_POINT('Origin',(4.00000005960464,-5.00000007450581,0.));
#7420=CARTESIAN_POINT('',(4.00000005960464,-5.00000007450581,0.));
#7421=CARTESIAN_POINT('',(4.00000005960464,-5.00000007450581,0.));
#7422=CARTESIAN_POINT('',(4.00000005960464,-5.00000007450581,0.));
#7423=CARTESIAN_POINT('Origin',(5.00000007450581,-5.00000007450581,0.));
#7424=CARTESIAN_POINT('',(5.00000007450581,-5.00000007450581,0.));
#7425=CARTESIAN_POINT('Origin',(18.000000089407,-75.5000006780028,0.));
#7426=CARTESIAN_POINT('',(18.000000089407,-75.5000006780028,0.));
#7427=CARTESIAN_POINT('',(18.000000089407,-83.0000006780028,0.));
#7428=CARTESIAN_POINT('',(18.000000089407,-75.5000006780028,0.));
#7429=CARTESIAN_POINT('',(18.000000089407,-83.0000006780028,0.));
#7430=CARTESIAN_POINT('',(18.000000089407,-75.5000006780028,0.));
#7431=CARTESIAN_POINT('Origin',(8.00000008940697,-75.5000006780028,0.));
#7432=CARTESIAN_POINT('',(8.00000008940697,-75.5000006780028,0.));
#7433=CARTESIAN_POINT('',(8.00000008940697,-75.5000006780028,0.));
#7434=CARTESIAN_POINT('',(8.00000008940697,-75.5000006780028,0.));
#7435=CARTESIAN_POINT('Origin',(8.00000008940697,-83.0000006780028,0.));
#7436=CARTESIAN_POINT('',(8.00000008940697,-83.0000006780028,0.));
#7437=CARTESIAN_POINT('',(8.00000008940697,-83.0000006780028,0.));
#7438=CARTESIAN_POINT('',(8.00000008940697,-83.0000006780028,0.));
#7439=CARTESIAN_POINT('Origin',(18.000000089407,-83.0000006780028,0.));
#7440=CARTESIAN_POINT('',(18.000000089407,-83.0000006780028,0.));
#7441=CARTESIAN_POINT('Origin',(32.9999995306134,-45.5000006780028,0.));
#7442=CARTESIAN_POINT('',(32.9999995306134,-45.5000006780028,0.));
#7443=CARTESIAN_POINT('',(32.9999995306134,-53.0000006780028,0.));
#7444=CARTESIAN_POINT('',(32.9999995306134,-45.5000006780028,0.));
#7445=CARTESIAN_POINT('',(32.9999995306134,-53.0000006780028,0.));
#7446=CARTESIAN_POINT('',(32.9999995306134,-45.5000006780028,0.));
#7447=CARTESIAN_POINT('Origin',(22.9999995306134,-45.5000006780028,0.));
#7448=CARTESIAN_POINT('',(22.9999995306134,-45.5000006780028,0.));
#7449=CARTESIAN_POINT('',(22.9999995306134,-45.5000006780028,0.));
#7450=CARTESIAN_POINT('',(22.9999995306134,-45.5000006780028,0.));
#7451=CARTESIAN_POINT('Origin',(22.9999995306134,-53.0000006780028,0.));
#7452=CARTESIAN_POINT('',(22.9999995306134,-53.0000006780028,0.));
#7453=CARTESIAN_POINT('',(22.9999995306134,-53.0000006780028,0.));
#7454=CARTESIAN_POINT('',(22.9999995306134,-53.0000006780028,0.));
#7455=CARTESIAN_POINT('Origin',(32.9999995306134,-53.0000006780028,0.));
#7456=CARTESIAN_POINT('',(32.9999995306134,-53.0000006780028,0.));
#7457=CARTESIAN_POINT('Origin',(28.8252894130733,-100.503047485493,0.));
#7458=CARTESIAN_POINT('',(28.7384653242399,-100.010643608987,0.));
#7459=CARTESIAN_POINT('',(28.7384653242399,-100.010643608987,0.));
#7460=CARTESIAN_POINT('Origin',(28.8252894130733,-100.503047485493,0.));
#7461=CARTESIAN_POINT('Origin',(21.4332319064673,-113.306466659406,0.));
#7462=CARTESIAN_POINT('',(21.9030782168602,-113.135456587743,0.));
#7463=CARTESIAN_POINT('',(21.9030782168602,-113.135456587743,0.));
#7464=CARTESIAN_POINT('Origin',(21.4332319064673,-113.306466659406,0.));
#7465=CARTESIAN_POINT('Origin',(27.0000002533198,-102.500001527369,0.));
#7466=CARTESIAN_POINT('',(26.5000002533198,-102.500001527369,0.));
#7467=CARTESIAN_POINT('',(26.5000002533198,-102.500001527369,0.));
#7468=CARTESIAN_POINT('Origin',(27.0000002533198,-102.500001527369,0.));
#7469=CARTESIAN_POINT('Origin',(24.4815533686663,-99.7599438473431,0.));
#7470=CARTESIAN_POINT('',(24.2988828564831,-99.2945069730209,0.));
#7471=CARTESIAN_POINT('',(24.2988828564831,-99.2945069730209,0.));
#7472=CARTESIAN_POINT('Origin',(24.4815533686663,-99.7599438473431,0.));
#7473=CARTESIAN_POINT('Origin',(19.3811110465133,-107.66831093469,0.));
#7474=CARTESIAN_POINT('',(18.8811110465133,-107.66831093469,0.));
#7475=CARTESIAN_POINT('',(18.8811110465133,-107.66831093469,0.));
#7476=CARTESIAN_POINT('Origin',(19.3811110465133,-107.66831093469,0.));
#7477=CARTESIAN_POINT('Origin',(14.0000002682209,-102.500001527369,0.));
#7478=CARTESIAN_POINT('',(13.5000002682209,-102.500001527369,0.));
#7479=CARTESIAN_POINT('',(13.5000002682209,-102.500001527369,0.));
#7480=CARTESIAN_POINT('Origin',(14.0000002682209,-102.500001527369,0.));
#7481=CARTESIAN_POINT('Origin',(12.0835576265405,-101.544936551495,0.));
#7482=CARTESIAN_POINT('',(11.5835576265405,-101.544936551495,0.));
#7483=CARTESIAN_POINT('',(11.5835576265405,-101.544936551495,0.));
#7484=CARTESIAN_POINT('Origin',(12.0835576265405,-101.544936551495,0.));
#7485=CARTESIAN_POINT('Origin',(14.4689113539772,-104.250001523644,0.));
#7486=CARTESIAN_POINT('',(13.9689113539771,-104.250001523644,0.));
#7487=CARTESIAN_POINT('',(13.9689113539771,-104.250001523644,0.));
#7488=CARTESIAN_POINT('Origin',(14.4689113539772,-104.250001523644,0.));
#7489=CARTESIAN_POINT('Origin',(19.9587811873159,-93.3237061848196,0.));
#7490=CARTESIAN_POINT('',(19.4587811873159,-93.3237061848196,0.));
#7491=CARTESIAN_POINT('',(19.4587811873159,-93.3237061848196,0.));
#7492=CARTESIAN_POINT('Origin',(19.9587811873159,-93.3237061848196,0.));
#7493=CARTESIAN_POINT('Origin',(12.7368605464083,-105.250001523644,0.));
#7494=CARTESIAN_POINT('',(12.2368605464083,-105.250001523644,0.));
#7495=CARTESIAN_POINT('',(12.2368605464083,-105.250001523644,0.));
#7496=CARTESIAN_POINT('Origin',(12.7368605464083,-105.250001523644,0.));
#7497=CARTESIAN_POINT('Origin',(16.200962161546,-101.750001531094,0.));
#7498=CARTESIAN_POINT('',(15.700962161546,-101.750001531094,0.));
#7499=CARTESIAN_POINT('',(15.700962161546,-101.750001531094,0.));
#7500=CARTESIAN_POINT('Origin',(16.200962161546,-101.750001531094,0.));
#7501=CARTESIAN_POINT('Origin',(17.5000002607703,-104.000001519918,0.));
#7502=CARTESIAN_POINT('',(17.0000002607703,-104.000001519918,0.));
#7503=CARTESIAN_POINT('',(17.0000002607703,-104.000001519918,0.));
#7504=CARTESIAN_POINT('Origin',(17.5000002607703,-104.000001519918,0.));
#7505=CARTESIAN_POINT('Origin',(18.7990383599946,-101.750001531094,0.));
#7506=CARTESIAN_POINT('',(18.2990383599946,-101.750001531094,0.));
#7507=CARTESIAN_POINT('',(18.2990383599946,-101.750001531094,0.));
#7508=CARTESIAN_POINT('Origin',(18.7990383599946,-101.750001531094,0.));
#7509=CARTESIAN_POINT('Origin',(53.0000005215406,-117.000001743436,0.));
#7510=CARTESIAN_POINT('',(53.0000005215406,-117.000001743436,0.));
#7511=CARTESIAN_POINT('',(35.0000005215406,-117.000001743436,0.));
#7512=CARTESIAN_POINT('',(35.0000005215406,-117.000001743436,0.));
#7513=CARTESIAN_POINT('',(35.0000005215406,-117.000001743436,0.));
#7514=CARTESIAN_POINT('',(53.0000005215406,-117.000001743436,0.));
#7515=CARTESIAN_POINT('Origin',(53.0000005215406,-106.000001743436,0.));
#7516=CARTESIAN_POINT('',(53.0000005215406,-106.000001743436,0.));
#7517=CARTESIAN_POINT('',(53.0000005215406,-117.000001743436,0.));
#7518=CARTESIAN_POINT('',(53.0000005215406,-106.000001743436,0.));
#7519=CARTESIAN_POINT('Origin',(35.0000005215406,-106.000001743436,0.));
#7520=CARTESIAN_POINT('',(35.0000005215406,-106.000001743436,0.));
#7521=CARTESIAN_POINT('',(53.0000005215406,-106.000001743436,0.));
#7522=CARTESIAN_POINT('',(35.0000005215406,-106.000001743436,0.));
#7523=CARTESIAN_POINT('Origin',(35.0000005215406,-117.000001743436,0.));
#7524=CARTESIAN_POINT('',(35.0000005215406,-106.000001743436,0.));
#7525=CARTESIAN_POINT('Origin',(22.2631399751324,-99.7500015310943,0.));
#7526=CARTESIAN_POINT('',(21.7631399751324,-99.7500015310943,0.));
#7527=CARTESIAN_POINT('',(21.7631399751324,-99.7500015310943,0.));
#7528=CARTESIAN_POINT('Origin',(22.2631399751324,-99.7500015310943,0.));
#7529=CARTESIAN_POINT('Origin',(16.200962161546,-103.250001523644,0.));
#7530=CARTESIAN_POINT('',(15.700962161546,-103.250001523644,0.));
#7531=CARTESIAN_POINT('',(15.700962161546,-103.250001523644,0.));
#7532=CARTESIAN_POINT('Origin',(16.200962161546,-103.250001523644,0.));
#7533=CARTESIAN_POINT('Origin',(12.0835576265405,-103.455066503243,0.));
#7534=CARTESIAN_POINT('',(11.5835576265405,-103.455066503243,0.));
#7535=CARTESIAN_POINT('',(11.5835576265405,-103.455066503243,0.));
#7536=CARTESIAN_POINT('Origin',(12.0835576265405,-103.455066503243,0.));
#7537=CARTESIAN_POINT('Origin',(22.2631399751324,-105.250001523644,0.));
#7538=CARTESIAN_POINT('',(21.7631399751324,-105.250001523644,0.));
#7539=CARTESIAN_POINT('',(21.7631399751324,-105.250001523644,0.));
#7540=CARTESIAN_POINT('Origin',(22.2631399751324,-105.250001523644,0.));
#7541=CARTESIAN_POINT('Origin',(21.0353321092572,-106.713245958816,0.));
#7542=CARTESIAN_POINT('',(20.5353321092572,-106.713245958816,0.));
#7543=CARTESIAN_POINT('',(20.5353321092572,-106.713245958816,0.));
#7544=CARTESIAN_POINT('Origin',(21.0353321092572,-106.713245958816,0.));
#7545=CARTESIAN_POINT('Origin',(21.0353321092572,-98.2867570959221,0.));
#7546=CARTESIAN_POINT('',(20.5353321092572,-98.2867570959221,0.));
#7547=CARTESIAN_POINT('',(20.5353321092572,-98.2867570959221,0.));
#7548=CARTESIAN_POINT('Origin',(21.0353321092572,-98.2867570959221,0.));
#7549=CARTESIAN_POINT('Origin',(14.4689113539772,-100.750001531094,0.));
#7550=CARTESIAN_POINT('',(13.9689113539771,-100.750001531094,0.));
#7551=CARTESIAN_POINT('',(13.9689113539771,-100.750001531094,0.));
#7552=CARTESIAN_POINT('Origin',(14.4689113539772,-100.750001531094,0.));
#7553=CARTESIAN_POINT('Origin',(20.5310891675635,-104.250001523644,0.));
#7554=CARTESIAN_POINT('',(20.0310891675635,-104.250001523644,0.));
#7555=CARTESIAN_POINT('',(20.0310891675635,-104.250001523644,0.));
#7556=CARTESIAN_POINT('Origin',(20.5310891675635,-104.250001523644,0.));
#7557=CARTESIAN_POINT('Origin',(17.5000002607703,-106.000001519918,0.));
#7558=CARTESIAN_POINT('',(17.0000002607703,-106.000001519918,0.));
#7559=CARTESIAN_POINT('',(17.0000002607703,-106.000001519918,0.));
#7560=CARTESIAN_POINT('Origin',(17.5000002607703,-106.000001519918,0.));
#7561=CARTESIAN_POINT('Origin',(19.2500002570451,-105.531090434162,0.));
#7562=CARTESIAN_POINT('',(18.750000257045,-105.531090434162,0.));
#7563=CARTESIAN_POINT('',(18.750000257045,-105.531090434162,0.));
#7564=CARTESIAN_POINT('Origin',(19.2500002570451,-105.531090434162,0.));
#7565=CARTESIAN_POINT('Origin',(9.56489935920127,-91.5782721093349,0.));
#7566=CARTESIAN_POINT('',(9.06489935920126,-91.5782721093349,0.));
#7567=CARTESIAN_POINT('',(9.06489935920126,-91.5782721093349,0.));
#7568=CARTESIAN_POINT('Origin',(9.56489935920127,-91.5782721093349,0.));
#7569=CARTESIAN_POINT('Origin',(17.5000002607703,-89.0000015348196,0.));
#7570=CARTESIAN_POINT('',(17.0000002607703,-89.0000015348196,0.));
#7571=CARTESIAN_POINT('',(17.0000002607703,-89.0000015348196,0.));
#7572=CARTESIAN_POINT('Origin',(17.5000002607703,-89.0000015348196,0.));
#7573=CARTESIAN_POINT('Origin',(7.46754512236235,-111.533264708228,0.));
#7574=CARTESIAN_POINT('',(6.96754512236234,-111.533264708228,0.));
#7575=CARTESIAN_POINT('',(6.96754512236234,-111.533264708228,0.));
#7576=CARTESIAN_POINT('Origin',(7.46754512236235,-111.533264708228,0.));
#7577=CARTESIAN_POINT('Origin',(5.80865731613279,-95.7500015310943,0.));
#7578=CARTESIAN_POINT('',(5.30865731613279,-95.7500015310943,0.));
#7579=CARTESIAN_POINT('',(5.30865731613279,-95.7500015310943,0.));
#7580=CARTESIAN_POINT('Origin',(5.80865731613279,-95.7500015310943,0.));
#7581=CARTESIAN_POINT('Origin',(14.6931924362796,-89.2950089247504,0.));
#7582=CARTESIAN_POINT('',(14.1931924362796,-89.2950089247504,0.));
#7583=CARTESIAN_POINT('',(14.1931924362796,-89.2950089247504,0.));
#7584=CARTESIAN_POINT('Origin',(14.6931924362796,-89.2950089247504,0.));
#7585=CARTESIAN_POINT('Origin',(4.66073729787167,-98.3282721056096,0.));
#7586=CARTESIAN_POINT('',(4.16073729787167,-98.3282721056096,0.));
#7587=CARTESIAN_POINT('',(4.16073729787167,-98.3282721056096,0.));
#7588=CARTESIAN_POINT('Origin',(4.66073729787167,-98.3282721056096,0.));
#7589=CARTESIAN_POINT('Origin',(5.80865731613279,-109.250001523644,0.));
#7590=CARTESIAN_POINT('',(5.30865731613279,-109.250001523644,0.));
#7591=CARTESIAN_POINT('',(5.30865731613279,-109.250001523644,0.));
#7592=CARTESIAN_POINT('Origin',(5.80865731613279,-109.250001523644,0.));
#7593=CARTESIAN_POINT('Origin',(4.66073729787168,-106.671730949128,0.));
#7594=CARTESIAN_POINT('',(4.16073729787168,-106.671730949128,0.));
#7595=CARTESIAN_POINT('',(4.16073729787168,-106.671730949128,0.));
#7596=CARTESIAN_POINT('Origin',(4.66073729787168,-106.671730949128,0.));
#7597=CARTESIAN_POINT('Origin',(4.0739546807084,-101.088867274034,0.));
#7598=CARTESIAN_POINT('',(3.5739546807084,-101.088867274034,0.));
#7599=CARTESIAN_POINT('',(3.5739546807084,-101.088867274034,0.));
#7600=CARTESIAN_POINT('Origin',(4.0739546807084,-101.088867274034,0.));
#7601=CARTESIAN_POINT('Origin',(7.46754512236237,-93.4667383465098,0.));
#7602=CARTESIAN_POINT('',(6.96754512236236,-93.4667383465098,0.));
#7603=CARTESIAN_POINT('',(6.96754512236236,-93.4667383465098,0.));
#7604=CARTESIAN_POINT('Origin',(7.46754512236237,-93.4667383465098,0.));
#7605=CARTESIAN_POINT('Origin',(12.0090555822774,-90.1671378560004,0.));
#7606=CARTESIAN_POINT('',(11.5090555822774,-90.1671378560004,0.));
#7607=CARTESIAN_POINT('',(11.5090555822774,-90.1671378560004,0.));
#7608=CARTESIAN_POINT('Origin',(12.0090555822774,-90.1671378560004,0.));
#7609=CARTESIAN_POINT('Origin',(20.306808085261,-89.2950089247504,0.));
#7610=CARTESIAN_POINT('',(19.806808085261,-89.2950089247504,0.));
#7611=CARTESIAN_POINT('',(19.806808085261,-89.2950089247504,0.));
#7612=CARTESIAN_POINT('Origin',(20.306808085261,-89.2950089247504,0.));
#7613=CARTESIAN_POINT('Origin',(4.07395468070838,-103.911135780704,0.));
#7614=CARTESIAN_POINT('',(3.57395468070838,-103.911135780704,0.));
#7615=CARTESIAN_POINT('',(3.57395468070838,-103.911135780704,0.));
#7616=CARTESIAN_POINT('Origin',(4.07395468070838,-103.911135780704,0.));
#7617=CARTESIAN_POINT('Origin',(20.5310891675635,-100.750001531094,0.));
#7618=CARTESIAN_POINT('',(20.0310891675635,-100.750001531094,0.));
#7619=CARTESIAN_POINT('',(20.0310891675635,-100.750001531094,0.));
#7620=CARTESIAN_POINT('Origin',(20.5310891675635,-100.750001531094,0.));
#7621=CARTESIAN_POINT('Origin',(22.9164428950001,-101.544936551495,0.));
#7622=CARTESIAN_POINT('',(22.4164428950001,-101.544936551495,0.));
#7623=CARTESIAN_POINT('',(22.4164428950001,-101.544936551495,0.));
#7624=CARTESIAN_POINT('Origin',(22.9164428950001,-101.544936551495,0.));
#7625=CARTESIAN_POINT('Origin',(25.7272415902701,-97.7500015310943,0.));
#7626=CARTESIAN_POINT('',(25.2272415902701,-97.7500015310943,0.));
#7627=CARTESIAN_POINT('',(25.2272415902701,-97.7500015310943,0.));
#7628=CARTESIAN_POINT('Origin',(25.7272415902701,-97.7500015310943,0.));
#7629=CARTESIAN_POINT('Origin',(21.0000002533198,-102.500001527369,0.));
#7630=CARTESIAN_POINT('',(20.5000002533198,-102.500001527369,0.));
#7631=CARTESIAN_POINT('',(20.5000002533198,-102.500001527369,0.));
#7632=CARTESIAN_POINT('Origin',(21.0000002533198,-102.500001527369,0.));
#7633=CARTESIAN_POINT('Origin',(17.5000002607703,-108.000001519918,0.));
#7634=CARTESIAN_POINT('',(17.0000002607703,-108.000001519918,0.));
#7635=CARTESIAN_POINT('',(17.0000002607703,-108.000001519918,0.));
#7636=CARTESIAN_POINT('Origin',(17.5000002607703,-108.000001519918,0.));
#7637=CARTESIAN_POINT('Origin',(19.3811110465133,-97.3316921200477,0.));
#7638=CARTESIAN_POINT('',(18.8811110465133,-97.3316921200477,0.));
#7639=CARTESIAN_POINT('',(18.8811110465133,-97.3316921200477,0.));
#7640=CARTESIAN_POINT('Origin',(19.3811110465133,-97.3316921200477,0.));
#7641=CARTESIAN_POINT('Origin',(15.7500002644956,-99.4689126205758,0.));
#7642=CARTESIAN_POINT('',(15.2500002644956,-99.4689126205758,0.));
#7643=CARTESIAN_POINT('',(15.2500002644956,-99.4689126205758,0.));
#7644=CARTESIAN_POINT('Origin',(15.7500002644956,-99.4689126205758,0.));
#7645=CARTESIAN_POINT('Origin',(22.9164428950001,-103.455066503243,0.));
#7646=CARTESIAN_POINT('',(22.4164428950001,-103.455066503243,0.));
#7647=CARTESIAN_POINT('',(22.4164428950001,-103.455066503243,0.));
#7648=CARTESIAN_POINT('Origin',(22.9164428950001,-103.455066503243,0.));
#7649=CARTESIAN_POINT('Origin',(13.9646684122835,-98.2867570959221,0.));
#7650=CARTESIAN_POINT('',(13.4646684122835,-98.2867570959221,0.));
#7651=CARTESIAN_POINT('',(13.4646684122835,-98.2867570959221,0.));
#7652=CARTESIAN_POINT('Origin',(13.9646684122835,-98.2867570959221,0.));
#7653=CARTESIAN_POINT('Origin',(22.250000257045,-94.2727601978692,0.));
#7654=CARTESIAN_POINT('',(21.750000257045,-94.2727601978692,0.));
#7655=CARTESIAN_POINT('',(21.750000257045,-94.2727601978692,0.));
#7656=CARTESIAN_POINT('Origin',(22.250000257045,-94.2727601978692,0.));
#7657=CARTESIAN_POINT('Origin',(18.7990383599946,-103.250001523644,0.));
#7658=CARTESIAN_POINT('',(18.2990383599946,-103.250001523644,0.));
#7659=CARTESIAN_POINT('',(18.2990383599946,-103.250001523644,0.));
#7660=CARTESIAN_POINT('Origin',(18.7990383599946,-103.250001523644,0.));
#7661=CARTESIAN_POINT('Origin',(40.0000006705523,-95.0000014156103,0.));
#7662=CARTESIAN_POINT('',(36.0000006705523,-95.0000014156103,0.));
#7663=CARTESIAN_POINT('',(36.0000006705523,-95.0000014156103,0.));
#7664=CARTESIAN_POINT('Origin',(40.0000006705523,-95.0000014156103,0.));
#7665=CARTESIAN_POINT('Origin',(19.2500002570451,-99.4689126205758,0.));
#7666=CARTESIAN_POINT('',(18.750000257045,-99.4689126205758,0.));
#7667=CARTESIAN_POINT('',(18.750000257045,-99.4689126205758,0.));
#7668=CARTESIAN_POINT('Origin',(19.2500002570451,-99.4689126205758,0.));
#7669=CARTESIAN_POINT('Origin',(13.9646684122835,-106.713245958816,0.));
#7670=CARTESIAN_POINT('',(13.4646684122835,-106.713245958816,0.));
#7671=CARTESIAN_POINT('',(13.4646684122835,-106.713245958816,0.));
#7672=CARTESIAN_POINT('Origin',(13.9646684122835,-106.713245958816,0.));
#7673=CARTESIAN_POINT('Origin',(15.6188894750274,-97.3316921200477,0.));
#7674=CARTESIAN_POINT('',(15.1188894750274,-97.3316921200477,0.));
#7675=CARTESIAN_POINT('',(15.1188894750274,-97.3316921200477,0.));
#7676=CARTESIAN_POINT('Origin',(15.6188894750274,-97.3316921200477,0.));
#7677=CARTESIAN_POINT('Origin',(15.7500002644956,-105.531090434162,0.));
#7678=CARTESIAN_POINT('',(15.2500002644956,-105.531090434162,0.));
#7679=CARTESIAN_POINT('',(15.2500002644956,-105.531090434162,0.));
#7680=CARTESIAN_POINT('Origin',(15.7500002644956,-105.531090434162,0.));
#7681=CARTESIAN_POINT('Origin',(12.7368605464083,-99.7500015310943,0.));
#7682=CARTESIAN_POINT('',(12.2368605464083,-99.7500015310943,0.));
#7683=CARTESIAN_POINT('',(12.2368605464083,-99.7500015310943,0.));
#7684=CARTESIAN_POINT('Origin',(12.7368605464083,-99.7500015310943,0.));
#7685=CARTESIAN_POINT('Origin',(15.6188894750274,-107.66831093469,0.));
#7686=CARTESIAN_POINT('',(15.1188894750274,-107.66831093469,0.));
#7687=CARTESIAN_POINT('',(15.1188894750274,-107.66831093469,0.));
#7688=CARTESIAN_POINT('Origin',(15.6188894750274,-107.66831093469,0.));
#7689=CARTESIAN_POINT('Origin',(24.2175146767742,-95.7824871113652,0.));
#7690=CARTESIAN_POINT('',(23.7175146767742,-95.7824871113652,0.));
#7691=CARTESIAN_POINT('',(23.7175146767742,-95.7824871113652,0.));
#7692=CARTESIAN_POINT('Origin',(24.2175146767742,-95.7824871113652,0.));
#7693=CARTESIAN_POINT('Origin',(28.0594854830522,-97.9450842208697,0.));
#7694=CARTESIAN_POINT('',(27.8614456000327,-97.4859761674296,0.));
#7695=CARTESIAN_POINT('',(27.8614456000327,-97.4859761674296,0.));
#7696=CARTESIAN_POINT('Origin',(28.0594854830522,-97.9450842208697,0.));
#7697=CARTESIAN_POINT('Origin',(13.2750998294902,-96.303210726155,0.));
#7698=CARTESIAN_POINT('',(12.8619804423322,-96.5848707551868,0.));
#7699=CARTESIAN_POINT('',(12.8619804423322,-96.5848707551868,0.));
#7700=CARTESIAN_POINT('Origin',(13.2750998294902,-96.303210726155,0.));
#7701=CARTESIAN_POINT('Origin',(27.459292397839,-108.250001523644,0.));
#7702=CARTESIAN_POINT('',(27.709292397839,-107.816988821752,0.));
#7703=CARTESIAN_POINT('',(27.709292397839,-107.816988821752,0.));
#7704=CARTESIAN_POINT('Origin',(27.459292397839,-108.250001523644,0.));
#7705=CARTESIAN_POINT('Origin',(17.5000002607703,-101.00000153482,0.));
#7706=CARTESIAN_POINT('',(17.0000002607703,-101.00000153482,0.));
#7707=CARTESIAN_POINT('',(17.0000002607703,-101.00000153482,0.));
#7708=CARTESIAN_POINT('Origin',(17.5000002607703,-101.00000153482,0.));
#7709=CARTESIAN_POINT('Origin',(8.32370491822086,-100.041220600823,0.));
#7710=CARTESIAN_POINT('',(8.1942953956696,-100.524183513968,0.));
#7711=CARTESIAN_POINT('',(8.1942953956696,-100.524183513968,0.));
#7712=CARTESIAN_POINT('Origin',(8.32370491822086,-100.041220600823,0.));
#7713=CARTESIAN_POINT('Origin',(46.0000001937151,-13.0000001937151,0.));
#7714=CARTESIAN_POINT('',(46.0000001937151,-13.0000001937151,0.));
#7715=CARTESIAN_POINT('',(46.0000001937151,-25.0000001937151,0.));
#7716=CARTESIAN_POINT('',(46.0000001937151,-13.0000001937151,0.));
#7717=CARTESIAN_POINT('',(46.0000001937151,-25.0000001937151,0.));
#7718=CARTESIAN_POINT('',(46.0000001937151,-13.0000001937151,0.));
#7719=CARTESIAN_POINT('Origin',(13.0000001937151,-13.0000001937151,0.));
#7720=CARTESIAN_POINT('',(13.0000001937151,-13.0000001937151,0.));
#7721=CARTESIAN_POINT('',(13.0000001937151,-13.0000001937151,0.));
#7722=CARTESIAN_POINT('',(13.0000001937151,-13.0000001937151,0.));
#7723=CARTESIAN_POINT('Origin',(13.0000001937151,-25.0000001937151,0.));
#7724=CARTESIAN_POINT('',(13.0000001937151,-25.0000001937151,0.));
#7725=CARTESIAN_POINT('',(13.0000001937151,-25.0000001937151,0.));
#7726=CARTESIAN_POINT('',(13.0000001937151,-25.0000001937151,0.));
#7727=CARTESIAN_POINT('Origin',(46.0000001937151,-25.0000001937151,0.));
#7728=CARTESIAN_POINT('',(46.0000001937151,-25.0000001937151,0.));
#7729=CARTESIAN_POINT('Origin',(48.0000005364418,-60.5000004544854,0.));
#7730=CARTESIAN_POINT('',(48.0000005364418,-60.5000004544854,0.));
#7731=CARTESIAN_POINT('',(48.0000005364418,-68.0000004544854,0.));
#7732=CARTESIAN_POINT('',(48.0000005364418,-60.5000004544854,0.));
#7733=CARTESIAN_POINT('',(48.0000005364418,-68.0000004544854,0.));
#7734=CARTESIAN_POINT('',(48.0000005364418,-60.5000004544854,0.));
#7735=CARTESIAN_POINT('Origin',(38.0000005364418,-60.5000004544854,0.));
#7736=CARTESIAN_POINT('',(38.0000005364418,-60.5000004544854,0.));
#7737=CARTESIAN_POINT('',(38.0000005364418,-60.5000004544854,0.));
#7738=CARTESIAN_POINT('',(38.0000005364418,-60.5000004544854,0.));
#7739=CARTESIAN_POINT('Origin',(38.0000005364418,-68.0000004544854,0.));
#7740=CARTESIAN_POINT('',(38.0000005364418,-68.0000004544854,0.));
#7741=CARTESIAN_POINT('',(38.0000005364418,-68.0000004544854,0.));
#7742=CARTESIAN_POINT('',(38.0000005364418,-68.0000004544854,0.));
#7743=CARTESIAN_POINT('Origin',(48.0000005364418,-68.0000004544854,0.));
#7744=CARTESIAN_POINT('',(48.0000005364418,-68.0000004544854,0.));
#7745=CARTESIAN_POINT('Origin',(8.00000026822088,-102.500001527369,0.));
#7746=CARTESIAN_POINT('',(8.00000026822088,-103.000001527369,0.));
#7747=CARTESIAN_POINT('',(8.00000026822088,-103.000001527369,0.));
#7748=CARTESIAN_POINT('Origin',(8.00000026822088,-102.500001527369,0.));
#7749=CARTESIAN_POINT('Origin',(18.6178172559812,-109.91623271669,0.));
#7750=CARTESIAN_POINT('',(19.1122326690937,-109.841711583602,0.));
#7751=CARTESIAN_POINT('',(19.1122326690937,-109.841711583602,0.));
#7752=CARTESIAN_POINT('Origin',(18.6178172559812,-109.91623271669,0.));
#7753=CARTESIAN_POINT('Origin',(26.7244169714771,-95.6326777272362,0.));
#7754=CARTESIAN_POINT('',(26.4258376756257,-95.2316161308586,0.));
#7755=CARTESIAN_POINT('',(26.4258376756257,-95.2316161308586,0.));
#7756=CARTESIAN_POINT('Origin',(26.7244169714771,-95.6326777272362,0.));
#7757=CARTESIAN_POINT('Origin',(18.000000089407,-30.5000004544854,0.));
#7758=CARTESIAN_POINT('',(18.000000089407,-30.5000004544854,0.));
#7759=CARTESIAN_POINT('',(18.000000089407,-38.0000004544854,0.));
#7760=CARTESIAN_POINT('',(18.000000089407,-30.5000004544854,0.));
#7761=CARTESIAN_POINT('',(18.000000089407,-38.0000004544854,0.));
#7762=CARTESIAN_POINT('',(18.000000089407,-30.5000004544854,0.));
#7763=CARTESIAN_POINT('Origin',(8.00000008940697,-30.5000004544854,0.));
#7764=CARTESIAN_POINT('',(8.00000008940697,-30.5000004544854,0.));
#7765=CARTESIAN_POINT('',(8.00000008940697,-30.5000004544854,0.));
#7766=CARTESIAN_POINT('',(8.00000008940697,-30.5000004544854,0.));
#7767=CARTESIAN_POINT('Origin',(8.00000008940697,-38.0000004544854,0.));
#7768=CARTESIAN_POINT('',(8.00000008940697,-38.0000004544854,0.));
#7769=CARTESIAN_POINT('',(8.00000008940697,-38.0000004544854,0.));
#7770=CARTESIAN_POINT('',(8.00000008940697,-38.0000004544854,0.));
#7771=CARTESIAN_POINT('Origin',(18.000000089407,-38.0000004544854,0.));
#7772=CARTESIAN_POINT('',(18.000000089407,-38.0000004544854,0.));
#7773=CARTESIAN_POINT('Origin',(10.7824858447665,-109.217515943373,0.));
#7774=CARTESIAN_POINT('',(11.1360392353597,-109.571069333966,0.));
#7775=CARTESIAN_POINT('',(11.1360392353597,-109.571069333966,0.));
#7776=CARTESIAN_POINT('Origin',(10.7824858447665,-109.217515943373,0.));
#7777=CARTESIAN_POINT('Origin',(26.6762956033198,-104.958782453915,0.));
#7778=CARTESIAN_POINT('',(26.805705125871,-104.47581954077,0.));
#7779=CARTESIAN_POINT('',(26.805705125871,-104.47581954077,0.));
#7780=CARTESIAN_POINT('Origin',(26.6762956033198,-104.958782453915,0.));
#7781=CARTESIAN_POINT('Origin',(15.0412193342247,-93.3237061848196,0.));
#7782=CARTESIAN_POINT('',(14.5582564210802,-93.4531157073708,0.));
#7783=CARTESIAN_POINT('',(14.5582564210802,-93.4531157073708,0.));
#7784=CARTESIAN_POINT('Origin',(15.0412193342247,-93.3237061848196,0.));
#7785=CARTESIAN_POINT('Origin',(32.9999995306134,-60.4999993182719,0.));
#7786=CARTESIAN_POINT('',(32.9999995306134,-60.4999993182719,0.));
#7787=CARTESIAN_POINT('',(32.9999995306134,-67.9999993182719,0.));
#7788=CARTESIAN_POINT('',(32.9999995306134,-60.4999993182719,0.));
#7789=CARTESIAN_POINT('',(32.9999995306134,-67.9999993182719,0.));
#7790=CARTESIAN_POINT('',(32.9999995306134,-60.4999993182719,0.));
#7791=CARTESIAN_POINT('Origin',(22.9999995306134,-60.4999993182719,0.));
#7792=CARTESIAN_POINT('',(22.9999995306134,-60.4999993182719,0.));
#7793=CARTESIAN_POINT('',(22.9999995306134,-60.4999993182719,0.));
#7794=CARTESIAN_POINT('',(22.9999995306134,-60.4999993182719,0.));
#7795=CARTESIAN_POINT('Origin',(22.9999995306134,-67.9999993182719,0.));
#7796=CARTESIAN_POINT('',(22.9999995306134,-67.9999993182719,0.));
#7797=CARTESIAN_POINT('',(22.9999995306134,-67.9999993182719,0.));
#7798=CARTESIAN_POINT('',(22.9999995306134,-67.9999993182719,0.));
#7799=CARTESIAN_POINT('Origin',(32.9999995306134,-67.9999993182719,0.));
#7800=CARTESIAN_POINT('',(32.9999995306134,-67.9999993182719,0.));
#7801=CARTESIAN_POINT('Origin',(22.9999995306134,-83.0000006780028,0.));
#7802=CARTESIAN_POINT('',(22.9999995306134,-83.0000006780028,0.));
#7803=CARTESIAN_POINT('',(22.9999995306134,-75.5000006780028,0.));
#7804=CARTESIAN_POINT('',(22.9999995306134,-83.0000006780028,0.));
#7805=CARTESIAN_POINT('',(22.9999995306134,-75.5000006780028,0.));
#7806=CARTESIAN_POINT('',(22.9999995306134,-83.0000006780028,0.));
#7807=CARTESIAN_POINT('Origin',(32.9999995306134,-83.0000006780028,0.));
#7808=CARTESIAN_POINT('',(32.9999995306134,-83.0000006780028,0.));
#7809=CARTESIAN_POINT('',(32.9999995306134,-83.0000006780028,0.));
#7810=CARTESIAN_POINT('',(32.9999995306134,-83.0000006780028,0.));
#7811=CARTESIAN_POINT('Origin',(32.9999995306134,-75.5000006780028,0.));
#7812=CARTESIAN_POINT('',(32.9999995306134,-75.5000006780028,0.));
#7813=CARTESIAN_POINT('',(32.9999995306134,-75.5000006780028,0.));
#7814=CARTESIAN_POINT('',(32.9999995306134,-75.5000006780028,0.));
#7815=CARTESIAN_POINT('Origin',(22.9999995306134,-75.5000006780028,0.));
#7816=CARTESIAN_POINT('',(22.9999995306134,-75.5000006780028,0.));
#7817=CARTESIAN_POINT('Origin',(21.7249006920504,-96.303210726155,0.));
#7818=CARTESIAN_POINT('',(21.2249006920504,-96.303210726155,0.));
#7819=CARTESIAN_POINT('',(21.2249006920504,-96.303210726155,0.));
#7820=CARTESIAN_POINT('Origin',(21.7249006920504,-96.303210726155,0.));
#7821=CARTESIAN_POINT('Origin',(48.0000005364418,-45.5000006780028,0.));
#7822=CARTESIAN_POINT('',(48.0000005364418,-45.5000006780028,0.));
#7823=CARTESIAN_POINT('',(48.0000005364418,-53.0000006780028,0.));
#7824=CARTESIAN_POINT('',(48.0000005364418,-45.5000006780028,0.));
#7825=CARTESIAN_POINT('',(48.0000005364418,-53.0000006780028,0.));
#7826=CARTESIAN_POINT('',(48.0000005364418,-45.5000006780028,0.));
#7827=CARTESIAN_POINT('Origin',(38.0000005364418,-45.5000006780028,0.));
#7828=CARTESIAN_POINT('',(38.0000005364418,-45.5000006780028,0.));
#7829=CARTESIAN_POINT('',(38.0000005364418,-45.5000006780028,0.));
#7830=CARTESIAN_POINT('',(38.0000005364418,-45.5000006780028,0.));
#7831=CARTESIAN_POINT('Origin',(38.0000005364418,-53.0000006780028,0.));
#7832=CARTESIAN_POINT('',(38.0000005364418,-53.0000006780028,0.));
#7833=CARTESIAN_POINT('',(38.0000005364418,-53.0000006780028,0.));
#7834=CARTESIAN_POINT('',(38.0000005364418,-53.0000006780028,0.));
#7835=CARTESIAN_POINT('Origin',(48.0000005364418,-53.0000006780028,0.));
#7836=CARTESIAN_POINT('',(48.0000005364418,-53.0000006780028,0.));
#7837=CARTESIAN_POINT('Origin',(20.7541283009193,-109.257268029924,0.));
#7838=CARTESIAN_POINT('',(21.2046127348705,-109.040326160366,0.));
#7839=CARTESIAN_POINT('',(21.2046127348705,-109.040326160366,0.));
#7840=CARTESIAN_POINT('Origin',(20.7541283009193,-109.257268029924,0.));
#7841=CARTESIAN_POINT('Origin',(17.5000002607703,-93.0000015348196,0.));
#7842=CARTESIAN_POINT('',(17.0000002607703,-93.0000015348196,0.));
#7843=CARTESIAN_POINT('',(17.0000002607703,-93.0000015348196,0.));
#7844=CARTESIAN_POINT('Origin',(17.5000002607703,-93.0000015348196,0.));
#7845=CARTESIAN_POINT('Origin',(10.0209717893412,-101.939525826028,0.));
#7846=CARTESIAN_POINT('',(9.98360674254799,-102.438127724618,0.));
#7847=CARTESIAN_POINT('',(9.98360674254799,-102.438127724618,0.));
#7848=CARTESIAN_POINT('Origin',(10.0209717893412,-101.939525826028,0.));
#7849=CARTESIAN_POINT('Origin',(23.8193535044904,-112.108111352393,0.));
#7850=CARTESIAN_POINT('',(24.2370974101969,-111.833356863358,0.));
#7851=CARTESIAN_POINT('',(24.2370974101969,-111.833356863358,0.));
#7852=CARTESIAN_POINT('Origin',(23.8193535044904,-112.108111352393,0.));
#7853=CARTESIAN_POINT('Origin',(24.8119595948702,-104.168908530383,0.));
#7854=CARTESIAN_POINT('',(24.9232200618484,-103.681444574293,0.));
#7855=CARTESIAN_POINT('',(24.9232200618484,-103.681444574293,0.));
#7856=CARTESIAN_POINT('Origin',(24.8119595948702,-104.168908530383,0.));
#7857=CARTESIAN_POINT('Origin',(13.5667686150734,-113.306466659406,0.));
#7858=CARTESIAN_POINT('',(14.0366149254663,-113.477476731069,0.));
#7859=CARTESIAN_POINT('',(14.0366149254663,-113.477476731069,0.));
#7860=CARTESIAN_POINT('Origin',(13.5667686150734,-113.306466659406,0.));
#7861=CARTESIAN_POINT('Origin',(9.13520338809961,-110.391780357747,0.));
#7862=CARTESIAN_POINT('',(9.47832420703398,-110.755467178533,0.));
#7863=CARTESIAN_POINT('',(9.47832420703398,-110.755467178533,0.));
#7864=CARTESIAN_POINT('Origin',(9.13520338809961,-110.391780357747,0.));
#7865=CARTESIAN_POINT('Origin',(6.0194564480887,-103.168667059406,0.));
#7866=CARTESIAN_POINT('',(6.04852886254394,-103.667821138542,0.));
#7867=CARTESIAN_POINT('',(6.04852886254394,-103.667821138542,0.));
#7868=CARTESIAN_POINT('Origin',(6.0194564480887,-103.168667059406,0.));
#7869=CARTESIAN_POINT('Origin',(10.7824858447665,-95.7824871113652,0.));
#7870=CARTESIAN_POINT('',(10.4289324541732,-96.1360405019584,0.));
#7871=CARTESIAN_POINT('',(10.4289324541732,-96.1360405019584,0.));
#7872=CARTESIAN_POINT('Origin',(10.7824858447665,-95.7824871113652,0.));
#7873=CARTESIAN_POINT('Origin',(38.0000005364418,-83.0000006780028,0.));
#7874=CARTESIAN_POINT('',(38.0000005364418,-83.0000006780028,0.));
#7875=CARTESIAN_POINT('',(38.0000005364418,-75.5000006780028,0.));
#7876=CARTESIAN_POINT('',(38.0000005364418,-83.0000006780028,0.));
#7877=CARTESIAN_POINT('',(38.0000005364418,-75.5000006780028,0.));
#7878=CARTESIAN_POINT('',(38.0000005364418,-83.0000006780028,0.));
#7879=CARTESIAN_POINT('Origin',(48.0000005364418,-83.0000006780028,0.));
#7880=CARTESIAN_POINT('',(48.0000005364418,-83.0000006780028,0.));
#7881=CARTESIAN_POINT('',(48.0000005364418,-83.0000006780028,0.));
#7882=CARTESIAN_POINT('',(48.0000005364418,-83.0000006780028,0.));
#7883=CARTESIAN_POINT('Origin',(48.0000005364418,-75.5000006780028,0.));
#7884=CARTESIAN_POINT('',(48.0000005364418,-75.5000006780028,0.));
#7885=CARTESIAN_POINT('',(48.0000005364418,-75.5000006780028,0.));
#7886=CARTESIAN_POINT('',(48.0000005364418,-75.5000006780028,0.));
#7887=CARTESIAN_POINT('Origin',(38.0000005364418,-75.5000006780028,0.));
#7888=CARTESIAN_POINT('',(38.0000005364418,-75.5000006780028,0.));
#7889=CARTESIAN_POINT('Origin',(10.1079427541643,-93.6904904372082,0.));
#7890=CARTESIAN_POINT('',(9.72492053260477,-94.0118842420515,0.));
#7891=CARTESIAN_POINT('',(9.72492053260477,-94.0118842420515,0.));
#7892=CARTESIAN_POINT('Origin',(10.1079427541643,-93.6904904372082,0.));
#7893=CARTESIAN_POINT('Origin',(14.2458722206213,-109.257268029924,0.));
#7894=CARTESIAN_POINT('',(14.6963566545725,-109.474209899483,0.));
#7895=CARTESIAN_POINT('',(14.6963566545725,-109.474209899483,0.));
#7896=CARTESIAN_POINT('Origin',(14.2458722206213,-109.257268029924,0.));
#7897=CARTESIAN_POINT('Origin',(8.27558355006358,-95.6326777272361,0.));
#7898=CARTESIAN_POINT('',(7.97700425421219,-96.0337393236137,0.));
#7899=CARTESIAN_POINT('',(7.97700425421219,-96.0337393236137,0.));
#7900=CARTESIAN_POINT('Origin',(8.27558355006358,-95.6326777272361,0.));
#7901=CARTESIAN_POINT('Origin',(17.5000002607703,-91.0000015348196,0.));
#7902=CARTESIAN_POINT('',(17.0000002607703,-91.0000015348196,0.));
#7903=CARTESIAN_POINT('',(17.0000002607703,-91.0000015348196,0.));
#7904=CARTESIAN_POINT('Origin',(17.5000002607703,-91.0000015348196,0.));
#7905=CARTESIAN_POINT('Origin',(12.3388096918088,-92.2232261703079,0.));
#7906=CARTESIAN_POINT('',(11.8919933716471,-92.4476257604081,0.));
#7907=CARTESIAN_POINT('',(11.8919933716471,-92.4476257604081,0.));
#7908=CARTESIAN_POINT('Origin',(12.3388096918088,-92.2232261703079,0.));
#7909=CARTESIAN_POINT('Origin',(10.1880409266704,-104.168908530383,0.));
#7910=CARTESIAN_POINT('',(10.2993013936486,-104.656372486474,0.));
#7911=CARTESIAN_POINT('',(10.2993013936486,-104.656372486474,0.));
#7912=CARTESIAN_POINT('Origin',(10.1880409266704,-104.168908530383,0.));
#7913=CARTESIAN_POINT('Origin',(10.5184471528743,-99.7599438473431,0.));
#7914=CARTESIAN_POINT('',(10.3357766406911,-100.225380721665,0.));
#7915=CARTESIAN_POINT('',(10.3357766406911,-100.225380721665,0.));
#7916=CARTESIAN_POINT('Origin',(10.5184471528743,-99.7599438473431,0.));
#7917=CARTESIAN_POINT('Origin',(12.7500002644956,-94.2727601978692,0.));
#7918=CARTESIAN_POINT('',(12.3169875626034,-94.5227601978692,0.));
#7919=CARTESIAN_POINT('',(12.3169875626034,-94.5227601978692,0.));
#7920=CARTESIAN_POINT('Origin',(12.7500002644956,-94.2727601978692,0.));
#7921=CARTESIAN_POINT('Origin',(16.3821832655595,-109.91623271669,0.));
#7922=CARTESIAN_POINT('',(16.876598678672,-109.990753849778,0.));
#7923=CARTESIAN_POINT('',(16.876598678672,-109.990753849778,0.));
#7924=CARTESIAN_POINT('Origin',(16.3821832655595,-109.91623271669,0.));
#7925=CARTESIAN_POINT('Origin',(14.8479177489505,-91.3099855229508,0.));
#7926=CARTESIAN_POINT('',(14.3613953136606,-91.425293458322,0.));
#7927=CARTESIAN_POINT('',(14.3613953136606,-91.425293458322,0.));
#7928=CARTESIAN_POINT('Origin',(14.8479177489505,-91.3099855229508,0.));
#7929=CARTESIAN_POINT('Origin',(22.6611908297318,-92.2232261703079,0.));
#7930=CARTESIAN_POINT('',(22.1611908297318,-92.2232261703079,0.));
#7931=CARTESIAN_POINT('',(22.1611908297318,-92.2232261703079,0.));
#7932=CARTESIAN_POINT('Origin',(22.6611908297318,-92.2232261703079,0.));
#7933=CARTESIAN_POINT('Origin',(48.0000005364418,-30.5000004544854,0.));
#7934=CARTESIAN_POINT('',(48.0000005364418,-30.5000004544854,0.));
#7935=CARTESIAN_POINT('',(48.0000005364418,-38.0000004544854,0.));
#7936=CARTESIAN_POINT('',(48.0000005364418,-30.5000004544854,0.));
#7937=CARTESIAN_POINT('',(48.0000005364418,-38.0000004544854,0.));
#7938=CARTESIAN_POINT('',(48.0000005364418,-30.5000004544854,0.));
#7939=CARTESIAN_POINT('Origin',(38.0000005364418,-30.5000004544854,0.));
#7940=CARTESIAN_POINT('',(38.0000005364418,-30.5000004544854,0.));
#7941=CARTESIAN_POINT('',(38.0000005364418,-30.5000004544854,0.));
#7942=CARTESIAN_POINT('',(38.0000005364418,-30.5000004544854,0.));
#7943=CARTESIAN_POINT('Origin',(38.0000005364418,-38.0000004544854,0.));
#7944=CARTESIAN_POINT('',(38.0000005364418,-38.0000004544854,0.));
#7945=CARTESIAN_POINT('',(38.0000005364418,-38.0000004544854,0.));
#7946=CARTESIAN_POINT('',(38.0000005364418,-38.0000004544854,0.));
#7947=CARTESIAN_POINT('Origin',(48.0000005364418,-38.0000004544854,0.));
#7948=CARTESIAN_POINT('',(48.0000005364418,-38.0000004544854,0.));
#7949=CARTESIAN_POINT('Origin',(18.8350687723455,-113.922242634001,0.));
#7950=CARTESIAN_POINT('',(19.3316879512165,-113.864196176939,0.));
#7951=CARTESIAN_POINT('',(19.3316879512165,-113.864196176939,0.));
#7952=CARTESIAN_POINT('Origin',(18.8350687723455,-113.922242634001,0.));
#7953=CARTESIAN_POINT('Origin',(23.9951907827012,-106.250001523644,0.));
#7954=CARTESIAN_POINT('',(24.2451907827012,-105.816988821752,0.));
#7955=CARTESIAN_POINT('',(24.2451907827012,-105.816988821752,0.));
#7956=CARTESIAN_POINT('Origin',(23.9951907827012,-106.250001523644,0.));
#7957=CARTESIAN_POINT('Origin',(19.710664066656,-95.3332054910925,0.));
#7958=CARTESIAN_POINT('',(19.210664066656,-95.3332054910925,0.));
#7959=CARTESIAN_POINT('',(19.210664066656,-95.3332054910925,0.));
#7960=CARTESIAN_POINT('Origin',(19.710664066656,-95.3332054910925,0.));
#7961=CARTESIAN_POINT('Origin',(25.4351011623394,-91.5782721093349,0.));
#7962=CARTESIAN_POINT('',(24.9351011623394,-91.5782721093349,0.));
#7963=CARTESIAN_POINT('',(24.9351011623394,-91.5782721093349,0.));
#7964=CARTESIAN_POINT('Origin',(25.4351011623394,-91.5782721093349,0.));
#7965=CARTESIAN_POINT('Origin',(29.1913432054079,-95.7500015310943,0.));
#7966=CARTESIAN_POINT('',(28.6913432054079,-95.7500015310943,0.));
#7967=CARTESIAN_POINT('',(28.6913432054079,-95.7500015310943,0.));
#7968=CARTESIAN_POINT('Origin',(29.1913432054079,-95.7500015310943,0.));
#7969=CARTESIAN_POINT('Origin',(30.9260458408323,-101.088867274035,0.));
#7970=CARTESIAN_POINT('',(30.4260458408323,-101.088867274035,0.));
#7971=CARTESIAN_POINT('',(30.4260458408323,-101.088867274035,0.));
#7972=CARTESIAN_POINT('Origin',(30.9260458408323,-101.088867274035,0.));
#7973=CARTESIAN_POINT('Origin',(30.339263223669,-106.671730949128,0.));
#7974=CARTESIAN_POINT('',(29.839263223669,-106.671730949128,0.));
#7975=CARTESIAN_POINT('',(29.839263223669,-106.671730949128,0.));
#7976=CARTESIAN_POINT('Origin',(30.339263223669,-106.671730949128,0.));
#7977=CARTESIAN_POINT('Origin',(27.5324553991783,-111.533264708228,0.));
#7978=CARTESIAN_POINT('',(27.0324553991783,-111.533264708228,0.));
#7979=CARTESIAN_POINT('',(27.0324553991783,-111.533264708228,0.));
#7980=CARTESIAN_POINT('Origin',(27.5324553991783,-111.533264708228,0.));
#7981=CARTESIAN_POINT('Origin',(22.9909449392632,-114.832865198738,0.));
#7982=CARTESIAN_POINT('',(22.4909449392632,-114.832865198738,0.));
#7983=CARTESIAN_POINT('',(22.4909449392632,-114.832865198738,0.));
#7984=CARTESIAN_POINT('Origin',(22.9909449392632,-114.832865198738,0.));
#7985=CARTESIAN_POINT('Origin',(17.5000002607703,-116.000001519918,0.));
#7986=CARTESIAN_POINT('',(17.0000002607703,-116.000001519918,0.));
#7987=CARTESIAN_POINT('',(17.0000002607703,-116.000001519918,0.));
#7988=CARTESIAN_POINT('Origin',(17.5000002607703,-116.000001519918,0.));
#7989=CARTESIAN_POINT('Origin',(12.0090555822774,-114.832865198738,0.));
#7990=CARTESIAN_POINT('',(11.5090555822774,-114.832865198738,0.));
#7991=CARTESIAN_POINT('',(11.5090555822774,-114.832865198738,0.));
#7992=CARTESIAN_POINT('Origin',(12.0090555822774,-114.832865198738,0.));
#7993=CARTESIAN_POINT('Origin',(0.,0.,0.));
#7994=CARTESIAN_POINT('',(0.,-120.,0.));
#7995=CARTESIAN_POINT('',(0.,0.,0.));
#7996=CARTESIAN_POINT('',(0.,-120.,0.));
#7997=CARTESIAN_POINT('',(0.,-120.,0.));
#7998=CARTESIAN_POINT('',(0.,0.,0.));
#7999=CARTESIAN_POINT('Origin',(56.,2.1570415377137E-31,0.));
#8000=CARTESIAN_POINT('',(56.,2.1570415377137E-31,0.));
#8001=CARTESIAN_POINT('',(0.,0.,0.));
#8002=CARTESIAN_POINT('',(56.,2.1570415377137E-31,0.));
#8003=CARTESIAN_POINT('Origin',(56.,-120.,0.));
#8004=CARTESIAN_POINT('',(56.,-120.,0.));
#8005=CARTESIAN_POINT('',(56.,2.1570415377137E-31,0.));
#8006=CARTESIAN_POINT('',(56.,-120.,0.));
#8007=CARTESIAN_POINT('Origin',(0.,-120.,0.));
#8008=CARTESIAN_POINT('',(56.,-120.,0.));
#8009=CARTESIAN_POINT('Origin',(28.,-60.0000008940697,0.));
#8010=CARTESIAN_POINT('',(14.0000002086163,-27.0000004023314,0.));
#8011=CARTESIAN_POINT('Origin',(12.5000001862645,-27.0000004023314,0.));
#8012=CARTESIAN_POINT('',(36.5000005215406,-82.0000012218952,0.));
#8013=CARTESIAN_POINT('Origin',(35.0000005215406,-82.0000012218952,0.));
#8014=CARTESIAN_POINT('Origin',(12.5000001862645,-27.0000004023314,-12.));
#8015=CARTESIAN_POINT('',(13.3750001862645,-27.0000004023314,-12.));
#8016=CARTESIAN_POINT('Origin',(12.5000001862645,-27.0000004023314,-12.));
#8017=CARTESIAN_POINT('',(14.0000002086163,-27.0000004023314,-12.));
#8018=CARTESIAN_POINT('Origin',(35.0000005215406,-82.0000012218952,-12.));
#8019=CARTESIAN_POINT('',(35.8750005215406,-82.0000012218952,-12.));
#8020=CARTESIAN_POINT('Origin',(35.0000005215406,-82.0000012218952,-12.));
#8021=CARTESIAN_POINT('',(36.5000005215406,-82.0000012218952,-12.));
#8022=UNCERTAINTY_MEASURE_WITH_UNIT(LENGTH_MEASURE(0.01),#8026,
'DISTANCE_ACCURACY_VALUE',
'Maximum model space distance between geometric entities at asserted c
onnectivities');
#8023=UNCERTAINTY_MEASURE_WITH_UNIT(LENGTH_MEASURE(0.01),#8026,
'DISTANCE_ACCURACY_VALUE',
'Maximum model space distance between geometric entities at asserted c
onnectivities');
#8024=(
GEOMETRIC_REPRESENTATION_CONTEXT(3)
GLOBAL_UNCERTAINTY_ASSIGNED_CONTEXT((#8022))
GLOBAL_UNIT_ASSIGNED_CONTEXT((#8026,#8027,#8028))
REPRESENTATION_CONTEXT('','3D')
);
#8025=(
GEOMETRIC_REPRESENTATION_CONTEXT(3)
GLOBAL_UNCERTAINTY_ASSIGNED_CONTEXT((#8023))
GLOBAL_UNIT_ASSIGNED_CONTEXT((#8026,#8027,#8028))
REPRESENTATION_CONTEXT('','3D')
);
#8026=(
LENGTH_UNIT()
NAMED_UNIT(*)
SI_UNIT(.MILLI.,.METRE.)
);
#8027=(
NAMED_UNIT(*)
PLANE_ANGLE_UNIT()
SI_UNIT($,.RADIAN.)
);
#8028=(
NAMED_UNIT(*)
SI_UNIT($,.STERADIAN.)
SOLID_ANGLE_UNIT()
);
#8029=SHAPE_DEFINITION_REPRESENTATION(#8030,#8031);
#8030=PRODUCT_DEFINITION_SHAPE('',$,#8033);
#8031=SHAPE_REPRESENTATION('',(#4846),#8024);
#8032=PRODUCT_DEFINITION_CONTEXT('part definition',#8037,'design');
#8033=PRODUCT_DEFINITION('2026-04-19-06-02-20-391','PCB',#8034,#8032);
#8034=PRODUCT_DEFINITION_FORMATION('',$,#8039);
#8035=PRODUCT_RELATED_PRODUCT_CATEGORY('PCB','PCB',(#8039));
#8036=APPLICATION_PROTOCOL_DEFINITION('international standard',
'automotive_design',2009,#8037);
#8037=APPLICATION_CONTEXT(
'Core Data for Automotive Mechanical Design Process');
#8038=PRODUCT_CONTEXT('part definition',#8037,'mechanical');
#8039=PRODUCT('2026-04-19-06-02-20-391','PCB',
'KiCad electronic assembly',(#8038));
#8040=PRESENTATION_STYLE_ASSIGNMENT((#8041));
#8041=SURFACE_STYLE_USAGE(.BOTH.,#8042);
#8042=SURFACE_SIDE_STYLE('',(#8043));
#8043=SURFACE_STYLE_FILL_AREA(#8044);
#8044=FILL_AREA_STYLE('Steel - Satin',(#8045));
#8045=FILL_AREA_STYLE_COLOUR('Steel - Satin',#8046);
#8046=COLOUR_RGB('Steel - Satin',0.627450980392157,0.627450980392157,0.627450980392157);
ENDSEC;
END-ISO-10303-21;
