ISO-10303-21;
HEADER;
FILE_DESCRIPTION(('KiCad electronic assembly'),'2;1');
FILE_NAME('.step','2026-05-11T03:08:11',('Pcbnew'),('Kicad'),
  'Open CASCADE STEP processor 7.9','KiCad to STEP converter','Unknown'
  );
FILE_SCHEMA(('AUTOMOTIVE_DESIGN { 1 0 10303 214 1 1 1 1 }'));
ENDSEC;
DATA;
#1 = APPLICATION_PROTOCOL_DEFINITION('international standard',
  'automotive_design',2000,#2);
#2 = APPLICATION_CONTEXT(
  'core data for automotive mechanical design processes');
#3 = SHAPE_DEFINITION_REPRESENTATION(#4,#10);
#4 = PRODUCT_DEFINITION_SHAPE('','',#5);
#5 = PRODUCT_DEFINITION('design','',#6,#9);
#6 = PRODUCT_DEFINITION_FORMATION('','',#7);
#7 = PRODUCT('.step 1','.step 1','',(#8));
#8 = PRODUCT_CONTEXT('',#2,'mechanical');
#9 = PRODUCT_DEFINITION_CONTEXT('part definition',#2,'design');
#10 = SHAPE_REPRESENTATION('',(#11,#15,#19,#23,#27,#31,#35,#39,#43,#47,
    #51,#55,#59,#63,#67,#71,#75,#79,#83,#87,#91,#95,#99,#103,#107,#111),
  #115);
#11 = AXIS2_PLACEMENT_3D('',#12,#13,#14);
#12 = CARTESIAN_POINT('',(0.,0.,0.));
#13 = DIRECTION('',(0.,0.,1.));
#14 = DIRECTION('',(1.,0.,-0.));
#15 = AXIS2_PLACEMENT_3D('',#16,#17,#18);
#16 = CARTESIAN_POINT('',(166.5,-99.,1.595));
#17 = DIRECTION('',(0.,0.,1.));
#18 = DIRECTION('',(1.,0.,0.));
#19 = AXIS2_PLACEMENT_3D('',#20,#21,#22);
#20 = CARTESIAN_POINT('',(165.94,-92.75,1.595));
#21 = DIRECTION('',(0.,0.,1.));
#22 = DIRECTION('',(1.,0.,0.));
#23 = AXIS2_PLACEMENT_3D('',#24,#25,#26);
#24 = CARTESIAN_POINT('',(135.44,-122.75,1.595));
#25 = DIRECTION('',(0.,0.,1.));
#26 = DIRECTION('',(1.,0.,0.));
#27 = AXIS2_PLACEMENT_3D('',#28,#29,#30);
#28 = CARTESIAN_POINT('',(165.69,-122.75,1.595));
#29 = DIRECTION('',(0.,0.,1.));
#30 = DIRECTION('',(1.,0.,0.));
#31 = AXIS2_PLACEMENT_3D('',#32,#33,#34);
#32 = CARTESIAN_POINT('',(151.5,-99.,1.595));
#33 = DIRECTION('',(0.,0.,1.));
#34 = DIRECTION('',(1.,0.,0.));
#35 = AXIS2_PLACEMENT_3D('',#36,#37,#38);
#36 = CARTESIAN_POINT('',(166.5,-129.,1.595));
#37 = DIRECTION('',(0.,0.,1.));
#38 = DIRECTION('',(1.,0.,0.));
#39 = AXIS2_PLACEMENT_3D('',#40,#41,#42);
#40 = CARTESIAN_POINT('',(150.94,-92.75,1.595));
#41 = DIRECTION('',(0.,0.,1.));
#42 = DIRECTION('',(1.,0.,0.));
#43 = AXIS2_PLACEMENT_3D('',#44,#45,#46);
#44 = CARTESIAN_POINT('',(151.5,-84.,1.595));
#45 = DIRECTION('',(0.,0.,1.));
#46 = DIRECTION('',(1.,0.,0.));
#47 = AXIS2_PLACEMENT_3D('',#48,#49,#50);
#48 = CARTESIAN_POINT('',(151.5,-129.,1.595));
#49 = DIRECTION('',(0.,0.,1.));
#50 = DIRECTION('',(1.,0.,0.));
#51 = AXIS2_PLACEMENT_3D('',#52,#53,#54);
#52 = CARTESIAN_POINT('',(136.5,-99.,1.595));
#53 = DIRECTION('',(0.,0.,1.));
#54 = DIRECTION('',(1.,0.,0.));
#55 = AXIS2_PLACEMENT_3D('',#56,#57,#58);
#56 = CARTESIAN_POINT('',(151.5,-114.,1.595));
#57 = DIRECTION('',(0.,0.,1.));
#58 = DIRECTION('',(1.,0.,0.));
#59 = AXIS2_PLACEMENT_3D('',#60,#61,#62);
#60 = CARTESIAN_POINT('',(136.5,-84.,1.595));
#61 = DIRECTION('',(0.,0.,1.));
#62 = DIRECTION('',(1.,0.,0.));
#63 = AXIS2_PLACEMENT_3D('',#64,#65,#66);
#64 = CARTESIAN_POINT('',(135.94,-107.75,1.595));
#65 = DIRECTION('',(0.,0.,1.));
#66 = DIRECTION('',(1.,0.,0.));
#67 = AXIS2_PLACEMENT_3D('',#68,#69,#70);
#68 = CARTESIAN_POINT('',(166.5,-114.,1.595));
#69 = DIRECTION('',(0.,0.,1.));
#70 = DIRECTION('',(1.,0.,0.));
#71 = AXIS2_PLACEMENT_3D('',#72,#73,#74);
#72 = CARTESIAN_POINT('',(135.88,-92.75,1.595));
#73 = DIRECTION('',(0.,0.,1.));
#74 = DIRECTION('',(1.,0.,0.));
#75 = AXIS2_PLACEMENT_3D('',#76,#77,#78);
#76 = CARTESIAN_POINT('',(165.88,-107.75,1.595));
#77 = DIRECTION('',(0.,0.,1.));
#78 = DIRECTION('',(1.,0.,0.));
#79 = AXIS2_PLACEMENT_3D('',#80,#81,#82);
#80 = CARTESIAN_POINT('',(150.88,-137.75,1.595));
#81 = DIRECTION('',(0.,0.,1.));
#82 = DIRECTION('',(1.,0.,0.));
#83 = AXIS2_PLACEMENT_3D('',#84,#85,#86);
#84 = CARTESIAN_POINT('',(151.,-107.75,1.595));
#85 = DIRECTION('',(0.,0.,1.));
#86 = DIRECTION('',(1.,0.,0.));
#87 = AXIS2_PLACEMENT_3D('',#88,#89,#90);
#88 = CARTESIAN_POINT('',(150.88,-122.75,1.595));
#89 = DIRECTION('',(0.,0.,1.));
#90 = DIRECTION('',(1.,0.,0.));
#91 = AXIS2_PLACEMENT_3D('',#92,#93,#94);
#92 = CARTESIAN_POINT('',(135.88,-138.,1.595));
#93 = DIRECTION('',(0.,0.,1.));
#94 = DIRECTION('',(1.,0.,0.));
#95 = AXIS2_PLACEMENT_3D('',#96,#97,#98);
#96 = CARTESIAN_POINT('',(136.5,-129.,1.595));
#97 = DIRECTION('',(0.,0.,1.));
#98 = DIRECTION('',(1.,0.,0.));
#99 = AXIS2_PLACEMENT_3D('',#100,#101,#102);
#100 = CARTESIAN_POINT('',(166.5,-84.,1.595));
#101 = DIRECTION('',(0.,0.,1.));
#102 = DIRECTION('',(1.,0.,0.));
#103 = AXIS2_PLACEMENT_3D('',#104,#105,#106);
#104 = CARTESIAN_POINT('',(136.5,-114.,1.595));
#105 = DIRECTION('',(0.,0.,1.));
#106 = DIRECTION('',(1.,0.,0.));
#107 = AXIS2_PLACEMENT_3D('',#108,#109,#110);
#108 = CARTESIAN_POINT('',(165.69,-137.75,1.595));
#109 = DIRECTION('',(0.,0.,1.));
#110 = DIRECTION('',(1.,0.,0.));
#111 = AXIS2_PLACEMENT_3D('',#112,#113,#114);
#112 = CARTESIAN_POINT('',(0.,0.,0.));
#113 = DIRECTION('',(0.,0.,1.));
#114 = DIRECTION('',(1.,0.,-0.));
#115 = ( GEOMETRIC_REPRESENTATION_CONTEXT(3) 
GLOBAL_UNCERTAINTY_ASSIGNED_CONTEXT((#119)) GLOBAL_UNIT_ASSIGNED_CONTEXT
((#116,#117,#118)) REPRESENTATION_CONTEXT('Context #1',
  '3D Context with UNIT and UNCERTAINTY') );
#116 = ( LENGTH_UNIT() NAMED_UNIT(*) SI_UNIT(.MILLI.,.METRE.) );
#117 = ( NAMED_UNIT(*) PLANE_ANGLE_UNIT() SI_UNIT($,.RADIAN.) );
#118 = ( NAMED_UNIT(*) SI_UNIT($,.STERADIAN.) SOLID_ANGLE_UNIT() );
#119 = UNCERTAINTY_MEASURE_WITH_UNIT(LENGTH_MEASURE(1.E-07),#116,
  'distance_accuracy_value','confusion accuracy');
#120 = PRODUCT_RELATED_PRODUCT_CATEGORY('part',$,(#7));
#121 = SHAPE_DEFINITION_REPRESENTATION(#122,#128);
#122 = PRODUCT_DEFINITION_SHAPE('','',#123);
#123 = PRODUCT_DEFINITION('design','',#124,#127);
#124 = PRODUCT_DEFINITION_FORMATION('','',#125);
#125 = PRODUCT('SW_PUSH_6mm_H5mm','SW_PUSH_6mm_H5mm','',(#126));
#126 = PRODUCT_CONTEXT('',#2,'mechanical');
#127 = PRODUCT_DEFINITION_CONTEXT('part definition',#2,'design');
#128 = ADVANCED_BREP_SHAPE_REPRESENTATION('',(#11,#129),#3358);
#129 = MANIFOLD_SOLID_BREP('',#130);
#130 = CLOSED_SHELL('',(#131,#148,#173,#296,#327,#352,#377,#401,#425,
    #450,#475,#492,#517,#542,#567,#592,#623,#648,#673,#761,#849,#874,
    #899,#916,#925,#951,#960,#969,#1013,#1163,#1187,#1330,#1480,#1630,
    #1647,#1797,#1821,#1964,#2114,#2264,#2281,#2290,#2307,#2324,#2341,
    #2358,#2380,#2397,#2414,#2431,#2448,#2460,#2477,#2494,#2511,#2528,
    #2545,#2562,#2579,#2596,#2608,#2630,#2647,#2664,#2681,#2698,#2710,
    #2727,#2744,#2761,#2778,#2795,#2812,#2829,#2846,#2858,#2880,#2897,
    #2914,#2931,#2948,#2960,#2977,#2994,#3011,#3028,#3045,#3062,#3079,
    #3096,#3108,#3130,#3147,#3164,#3181,#3198,#3210,#3227,#3244,#3261,
    #3278,#3295,#3312,#3329,#3346));
#131 = ADVANCED_FACE('',(#132),#143,.F.);
#132 = FACE_BOUND('',#133,.T.);
#133 = EDGE_LOOP('',(#134));
#134 = ORIENTED_EDGE('',*,*,#135,.T.);
#135 = EDGE_CURVE('',#136,#136,#138,.T.);
#136 = VERTEX_POINT('',#137);
#137 = CARTESIAN_POINT('',(1.65,-4.25,4.1));
#138 = CIRCLE('',#139,0.5);
#139 = AXIS2_PLACEMENT_3D('',#140,#141,#142);
#140 = CARTESIAN_POINT('',(1.15,-4.25,4.1));
#141 = DIRECTION('',(0.,0.,1.));
#142 = DIRECTION('',(1.,0.,-0.));
#143 = PLANE('',#144);
#144 = AXIS2_PLACEMENT_3D('',#145,#146,#147);
#145 = CARTESIAN_POINT('',(1.65,-4.25,4.1));
#146 = DIRECTION('',(0.,0.,-1.));
#147 = DIRECTION('',(-1.,0.,0.));
#148 = ADVANCED_FACE('',(#149),#168,.T.);
#149 = FACE_BOUND('',#150,.T.);
#150 = EDGE_LOOP('',(#151,#159,#160,#161));
#151 = ORIENTED_EDGE('',*,*,#152,.T.);
#152 = EDGE_CURVE('',#153,#136,#155,.T.);
#153 = VERTEX_POINT('',#154);
#154 = CARTESIAN_POINT('',(1.65,-4.25,3.6));
#155 = LINE('',#156,#157);
#156 = CARTESIAN_POINT('',(1.65,-4.25,3.5));
#157 = VECTOR('',#158,1.);
#158 = DIRECTION('',(0.,0.,1.));
#159 = ORIENTED_EDGE('',*,*,#135,.F.);
#160 = ORIENTED_EDGE('',*,*,#152,.F.);
#161 = ORIENTED_EDGE('',*,*,#162,.F.);
#162 = EDGE_CURVE('',#153,#153,#163,.T.);
#163 = CIRCLE('',#164,0.5);
#164 = AXIS2_PLACEMENT_3D('',#165,#166,#167);
#165 = CARTESIAN_POINT('',(1.15,-4.25,3.6));
#166 = DIRECTION('',(0.,0.,-1.));
#167 = DIRECTION('',(1.,0.,0.));
#168 = CYLINDRICAL_SURFACE('',#169,0.5);
#169 = AXIS2_PLACEMENT_3D('',#170,#171,#172);
#170 = CARTESIAN_POINT('',(1.15,-4.25,3.5));
#171 = DIRECTION('',(-0.,-0.,-1.));
#172 = DIRECTION('',(1.,0.,0.));
#173 = ADVANCED_FACE('',(#174,#244,#255,#266,#277,#288),#291,.F.);
#174 = FACE_BOUND('',#175,.F.);
#175 = EDGE_LOOP('',(#176,#186,#195,#203,#212,#220,#229,#237));
#176 = ORIENTED_EDGE('',*,*,#177,.F.);
#177 = EDGE_CURVE('',#178,#180,#182,.T.);
#178 = VERTEX_POINT('',#179);
#179 = CARTESIAN_POINT('',(0.45,-5.25,3.6));
#180 = VERTEX_POINT('',#181);
#181 = CARTESIAN_POINT('',(5.85,-5.25,3.6));
#182 = LINE('',#183,#184);
#183 = CARTESIAN_POINT('',(0.15,-5.25,3.6));
#184 = VECTOR('',#185,1.);
#185 = DIRECTION('',(1.,0.,0.));
#186 = ORIENTED_EDGE('',*,*,#187,.T.);
#187 = EDGE_CURVE('',#178,#188,#190,.T.);
#188 = VERTEX_POINT('',#189);
#189 = CARTESIAN_POINT('',(0.15,-4.95,3.6));
#190 = CIRCLE('',#191,0.3);
#191 = AXIS2_PLACEMENT_3D('',#192,#193,#194);
#192 = CARTESIAN_POINT('',(0.45,-4.95,3.6));
#193 = DIRECTION('',(-0.,-0.,-1.));
#194 = DIRECTION('',(0.,-1.,0.));
#195 = ORIENTED_EDGE('',*,*,#196,.F.);
#196 = EDGE_CURVE('',#197,#188,#199,.T.);
#197 = VERTEX_POINT('',#198);
#198 = CARTESIAN_POINT('',(0.15,0.45,3.6));
#199 = LINE('',#200,#201);
#200 = CARTESIAN_POINT('',(0.15,0.75,3.6));
#201 = VECTOR('',#202,1.);
#202 = DIRECTION('',(0.,-1.,0.));
#203 = ORIENTED_EDGE('',*,*,#204,.F.);
#204 = EDGE_CURVE('',#205,#197,#207,.T.);
#205 = VERTEX_POINT('',#206);
#206 = CARTESIAN_POINT('',(0.45,0.75,3.6));
#207 = CIRCLE('',#208,0.3);
#208 = AXIS2_PLACEMENT_3D('',#209,#210,#211);
#209 = CARTESIAN_POINT('',(0.45,0.45,3.6));
#210 = DIRECTION('',(-0.,0.,1.));
#211 = DIRECTION('',(0.,-1.,0.));
#212 = ORIENTED_EDGE('',*,*,#213,.F.);
#213 = EDGE_CURVE('',#214,#205,#216,.T.);
#214 = VERTEX_POINT('',#215);
#215 = CARTESIAN_POINT('',(5.85,0.75,3.6));
#216 = LINE('',#217,#218);
#217 = CARTESIAN_POINT('',(6.15,0.75,3.6));
#218 = VECTOR('',#219,1.);
#219 = DIRECTION('',(-1.,0.,0.));
#220 = ORIENTED_EDGE('',*,*,#221,.F.);
#221 = EDGE_CURVE('',#222,#214,#224,.T.);
#222 = VERTEX_POINT('',#223);
#223 = CARTESIAN_POINT('',(6.15,0.45,3.6));
#224 = CIRCLE('',#225,0.3);
#225 = AXIS2_PLACEMENT_3D('',#226,#227,#228);
#226 = CARTESIAN_POINT('',(5.85,0.45,3.6));
#227 = DIRECTION('',(-0.,0.,1.));
#228 = DIRECTION('',(0.,-1.,0.));
#229 = ORIENTED_EDGE('',*,*,#230,.F.);
#230 = EDGE_CURVE('',#231,#222,#233,.T.);
#231 = VERTEX_POINT('',#232);
#232 = CARTESIAN_POINT('',(6.15,-4.95,3.6));
#233 = LINE('',#234,#235);
#234 = CARTESIAN_POINT('',(6.15,-5.25,3.6));
#235 = VECTOR('',#236,1.);
#236 = DIRECTION('',(0.,1.,0.));
#237 = ORIENTED_EDGE('',*,*,#238,.F.);
#238 = EDGE_CURVE('',#180,#231,#239,.T.);
#239 = CIRCLE('',#240,0.3);
#240 = AXIS2_PLACEMENT_3D('',#241,#242,#243);
#241 = CARTESIAN_POINT('',(5.85,-4.95,3.6));
#242 = DIRECTION('',(-0.,0.,1.));
#243 = DIRECTION('',(0.,-1.,0.));
#244 = FACE_BOUND('',#245,.F.);
#245 = EDGE_LOOP('',(#246));
#246 = ORIENTED_EDGE('',*,*,#247,.F.);
#247 = EDGE_CURVE('',#248,#248,#250,.T.);
#248 = VERTEX_POINT('',#249);
#249 = CARTESIAN_POINT('',(5.65,-4.25,3.6));
#250 = CIRCLE('',#251,0.5);
#251 = AXIS2_PLACEMENT_3D('',#252,#253,#254);
#252 = CARTESIAN_POINT('',(5.15,-4.25,3.6));
#253 = DIRECTION('',(0.,0.,-1.));
#254 = DIRECTION('',(1.,0.,0.));
#255 = FACE_BOUND('',#256,.F.);
#256 = EDGE_LOOP('',(#257));
#257 = ORIENTED_EDGE('',*,*,#258,.F.);
#258 = EDGE_CURVE('',#259,#259,#261,.T.);
#259 = VERTEX_POINT('',#260);
#260 = CARTESIAN_POINT('',(4.9,-2.25,3.6));
#261 = CIRCLE('',#262,1.75);
#262 = AXIS2_PLACEMENT_3D('',#263,#264,#265);
#263 = CARTESIAN_POINT('',(3.15,-2.25,3.6));
#264 = DIRECTION('',(0.,0.,-1.));
#265 = DIRECTION('',(1.,0.,0.));
#266 = FACE_BOUND('',#267,.F.);
#267 = EDGE_LOOP('',(#268));
#268 = ORIENTED_EDGE('',*,*,#269,.F.);
#269 = EDGE_CURVE('',#270,#270,#272,.T.);
#270 = VERTEX_POINT('',#271);
#271 = CARTESIAN_POINT('',(1.65,-0.25,3.6));
#272 = CIRCLE('',#273,0.5);
#273 = AXIS2_PLACEMENT_3D('',#274,#275,#276);
#274 = CARTESIAN_POINT('',(1.15,-0.25,3.6));
#275 = DIRECTION('',(0.,0.,-1.));
#276 = DIRECTION('',(1.,0.,0.));
#277 = FACE_BOUND('',#278,.F.);
#278 = EDGE_LOOP('',(#279));
#279 = ORIENTED_EDGE('',*,*,#280,.F.);
#280 = EDGE_CURVE('',#281,#281,#283,.T.);
#281 = VERTEX_POINT('',#282);
#282 = CARTESIAN_POINT('',(5.65,-0.25,3.6));
#283 = CIRCLE('',#284,0.5);
#284 = AXIS2_PLACEMENT_3D('',#285,#286,#287);
#285 = CARTESIAN_POINT('',(5.15,-0.25,3.6));
#286 = DIRECTION('',(0.,0.,-1.));
#287 = DIRECTION('',(1.,0.,0.));
#288 = FACE_BOUND('',#289,.F.);
#289 = EDGE_LOOP('',(#290));
#290 = ORIENTED_EDGE('',*,*,#162,.F.);
#291 = PLANE('',#292);
#292 = AXIS2_PLACEMENT_3D('',#293,#294,#295);
#293 = CARTESIAN_POINT('',(0.15,-5.25,3.6));
#294 = DIRECTION('',(0.,0.,-1.));
#295 = DIRECTION('',(-1.,0.,0.));
#296 = ADVANCED_FACE('',(#297),#322,.F.);
#297 = FACE_BOUND('',#298,.F.);
#298 = EDGE_LOOP('',(#299,#309,#315,#316));
#299 = ORIENTED_EDGE('',*,*,#300,.F.);
#300 = EDGE_CURVE('',#301,#303,#305,.T.);
#301 = VERTEX_POINT('',#302);
#302 = CARTESIAN_POINT('',(0.45,-5.25,3.5));
#303 = VERTEX_POINT('',#304);
#304 = CARTESIAN_POINT('',(5.85,-5.25,3.5));
#305 = LINE('',#306,#307);
#306 = CARTESIAN_POINT('',(0.15,-5.25,3.5));
#307 = VECTOR('',#308,1.);
#308 = DIRECTION('',(1.,0.,0.));
#309 = ORIENTED_EDGE('',*,*,#310,.T.);
#310 = EDGE_CURVE('',#301,#178,#311,.T.);
#311 = LINE('',#312,#313);
#312 = CARTESIAN_POINT('',(0.45,-5.25,3.5));
#313 = VECTOR('',#314,1.);
#314 = DIRECTION('',(0.,0.,1.));
#315 = ORIENTED_EDGE('',*,*,#177,.T.);
#316 = ORIENTED_EDGE('',*,*,#317,.F.);
#317 = EDGE_CURVE('',#303,#180,#318,.T.);
#318 = LINE('',#319,#320);
#319 = CARTESIAN_POINT('',(5.85,-5.25,3.5));
#320 = VECTOR('',#321,1.);
#321 = DIRECTION('',(0.,0.,1.));
#322 = PLANE('',#323);
#323 = AXIS2_PLACEMENT_3D('',#324,#325,#326);
#324 = CARTESIAN_POINT('',(0.15,-5.25,3.5));
#325 = DIRECTION('',(0.,1.,0.));
#326 = DIRECTION('',(1.,0.,0.));
#327 = ADVANCED_FACE('',(#328),#347,.T.);
#328 = FACE_BOUND('',#329,.T.);
#329 = EDGE_LOOP('',(#330,#331,#332,#340));
#330 = ORIENTED_EDGE('',*,*,#310,.T.);
#331 = ORIENTED_EDGE('',*,*,#187,.T.);
#332 = ORIENTED_EDGE('',*,*,#333,.F.);
#333 = EDGE_CURVE('',#334,#188,#336,.T.);
#334 = VERTEX_POINT('',#335);
#335 = CARTESIAN_POINT('',(0.15,-4.95,3.5));
#336 = LINE('',#337,#338);
#337 = CARTESIAN_POINT('',(0.15,-4.95,3.5));
#338 = VECTOR('',#339,1.);
#339 = DIRECTION('',(0.,0.,1.));
#340 = ORIENTED_EDGE('',*,*,#341,.F.);
#341 = EDGE_CURVE('',#301,#334,#342,.T.);
#342 = CIRCLE('',#343,0.3);
#343 = AXIS2_PLACEMENT_3D('',#344,#345,#346);
#344 = CARTESIAN_POINT('',(0.45,-4.95,3.5));
#345 = DIRECTION('',(-0.,-0.,-1.));
#346 = DIRECTION('',(0.,-1.,0.));
#347 = CYLINDRICAL_SURFACE('',#348,0.3);
#348 = AXIS2_PLACEMENT_3D('',#349,#350,#351);
#349 = CARTESIAN_POINT('',(0.45,-4.95,3.5));
#350 = DIRECTION('',(0.,0.,1.));
#351 = DIRECTION('',(0.,-1.,0.));
#352 = ADVANCED_FACE('',(#353),#372,.T.);
#353 = FACE_BOUND('',#354,.T.);
#354 = EDGE_LOOP('',(#355,#364,#370,#371));
#355 = ORIENTED_EDGE('',*,*,#356,.T.);
#356 = EDGE_CURVE('',#303,#357,#359,.T.);
#357 = VERTEX_POINT('',#358);
#358 = CARTESIAN_POINT('',(6.15,-4.95,3.5));
#359 = CIRCLE('',#360,0.3);
#360 = AXIS2_PLACEMENT_3D('',#361,#362,#363);
#361 = CARTESIAN_POINT('',(5.85,-4.95,3.5));
#362 = DIRECTION('',(-0.,0.,1.));
#363 = DIRECTION('',(0.,-1.,0.));
#364 = ORIENTED_EDGE('',*,*,#365,.T.);
#365 = EDGE_CURVE('',#357,#231,#366,.T.);
#366 = LINE('',#367,#368);
#367 = CARTESIAN_POINT('',(6.15,-4.95,3.5));
#368 = VECTOR('',#369,1.);
#369 = DIRECTION('',(0.,0.,1.));
#370 = ORIENTED_EDGE('',*,*,#238,.F.);
#371 = ORIENTED_EDGE('',*,*,#317,.F.);
#372 = CYLINDRICAL_SURFACE('',#373,0.3);
#373 = AXIS2_PLACEMENT_3D('',#374,#375,#376);
#374 = CARTESIAN_POINT('',(5.85,-4.95,3.5));
#375 = DIRECTION('',(0.,0.,1.));
#376 = DIRECTION('',(0.,-1.,0.));
#377 = ADVANCED_FACE('',(#378),#396,.F.);
#378 = FACE_BOUND('',#379,.F.);
#379 = EDGE_LOOP('',(#380,#388,#394,#395));
#380 = ORIENTED_EDGE('',*,*,#381,.F.);
#381 = EDGE_CURVE('',#382,#334,#384,.T.);
#382 = VERTEX_POINT('',#383);
#383 = CARTESIAN_POINT('',(0.15,0.45,3.5));
#384 = LINE('',#385,#386);
#385 = CARTESIAN_POINT('',(0.15,0.75,3.5));
#386 = VECTOR('',#387,1.);
#387 = DIRECTION('',(0.,-1.,0.));
#388 = ORIENTED_EDGE('',*,*,#389,.T.);
#389 = EDGE_CURVE('',#382,#197,#390,.T.);
#390 = LINE('',#391,#392);
#391 = CARTESIAN_POINT('',(0.15,0.45,3.5));
#392 = VECTOR('',#393,1.);
#393 = DIRECTION('',(0.,0.,1.));
#394 = ORIENTED_EDGE('',*,*,#196,.T.);
#395 = ORIENTED_EDGE('',*,*,#333,.F.);
#396 = PLANE('',#397);
#397 = AXIS2_PLACEMENT_3D('',#398,#399,#400);
#398 = CARTESIAN_POINT('',(0.15,0.75,3.5));
#399 = DIRECTION('',(1.,0.,0.));
#400 = DIRECTION('',(0.,-1.,0.));
#401 = ADVANCED_FACE('',(#402),#420,.F.);
#402 = FACE_BOUND('',#403,.F.);
#403 = EDGE_LOOP('',(#404,#412,#413,#414));
#404 = ORIENTED_EDGE('',*,*,#405,.F.);
#405 = EDGE_CURVE('',#357,#406,#408,.T.);
#406 = VERTEX_POINT('',#407);
#407 = CARTESIAN_POINT('',(6.15,0.45,3.5));
#408 = LINE('',#409,#410);
#409 = CARTESIAN_POINT('',(6.15,-5.25,3.5));
#410 = VECTOR('',#411,1.);
#411 = DIRECTION('',(0.,1.,0.));
#412 = ORIENTED_EDGE('',*,*,#365,.T.);
#413 = ORIENTED_EDGE('',*,*,#230,.T.);
#414 = ORIENTED_EDGE('',*,*,#415,.F.);
#415 = EDGE_CURVE('',#406,#222,#416,.T.);
#416 = LINE('',#417,#418);
#417 = CARTESIAN_POINT('',(6.15,0.45,3.5));
#418 = VECTOR('',#419,1.);
#419 = DIRECTION('',(0.,0.,1.));
#420 = PLANE('',#421);
#421 = AXIS2_PLACEMENT_3D('',#422,#423,#424);
#422 = CARTESIAN_POINT('',(6.15,-5.25,3.5));
#423 = DIRECTION('',(-1.,0.,0.));
#424 = DIRECTION('',(0.,1.,0.));
#425 = ADVANCED_FACE('',(#426),#445,.T.);
#426 = FACE_BOUND('',#427,.T.);
#427 = EDGE_LOOP('',(#428,#437,#438,#439));
#428 = ORIENTED_EDGE('',*,*,#429,.T.);
#429 = EDGE_CURVE('',#430,#382,#432,.T.);
#430 = VERTEX_POINT('',#431);
#431 = CARTESIAN_POINT('',(0.45,0.75,3.5));
#432 = CIRCLE('',#433,0.3);
#433 = AXIS2_PLACEMENT_3D('',#434,#435,#436);
#434 = CARTESIAN_POINT('',(0.45,0.45,3.5));
#435 = DIRECTION('',(-0.,0.,1.));
#436 = DIRECTION('',(0.,-1.,0.));
#437 = ORIENTED_EDGE('',*,*,#389,.T.);
#438 = ORIENTED_EDGE('',*,*,#204,.F.);
#439 = ORIENTED_EDGE('',*,*,#440,.F.);
#440 = EDGE_CURVE('',#430,#205,#441,.T.);
#441 = LINE('',#442,#443);
#442 = CARTESIAN_POINT('',(0.45,0.75,3.5));
#443 = VECTOR('',#444,1.);
#444 = DIRECTION('',(0.,0.,1.));
#445 = CYLINDRICAL_SURFACE('',#446,0.3);
#446 = AXIS2_PLACEMENT_3D('',#447,#448,#449);
#447 = CARTESIAN_POINT('',(0.45,0.45,3.5));
#448 = DIRECTION('',(0.,0.,1.));
#449 = DIRECTION('',(0.,1.,0.));
#450 = ADVANCED_FACE('',(#451),#470,.T.);
#451 = FACE_BOUND('',#452,.T.);
#452 = EDGE_LOOP('',(#453,#462,#468,#469));
#453 = ORIENTED_EDGE('',*,*,#454,.T.);
#454 = EDGE_CURVE('',#406,#455,#457,.T.);
#455 = VERTEX_POINT('',#456);
#456 = CARTESIAN_POINT('',(5.85,0.75,3.5));
#457 = CIRCLE('',#458,0.3);
#458 = AXIS2_PLACEMENT_3D('',#459,#460,#461);
#459 = CARTESIAN_POINT('',(5.85,0.45,3.5));
#460 = DIRECTION('',(-0.,0.,1.));
#461 = DIRECTION('',(0.,-1.,0.));
#462 = ORIENTED_EDGE('',*,*,#463,.T.);
#463 = EDGE_CURVE('',#455,#214,#464,.T.);
#464 = LINE('',#465,#466);
#465 = CARTESIAN_POINT('',(5.85,0.75,3.5));
#466 = VECTOR('',#467,1.);
#467 = DIRECTION('',(0.,0.,1.));
#468 = ORIENTED_EDGE('',*,*,#221,.F.);
#469 = ORIENTED_EDGE('',*,*,#415,.F.);
#470 = CYLINDRICAL_SURFACE('',#471,0.3);
#471 = AXIS2_PLACEMENT_3D('',#472,#473,#474);
#472 = CARTESIAN_POINT('',(5.85,0.45,3.5));
#473 = DIRECTION('',(0.,0.,1.));
#474 = DIRECTION('',(1.,0.,-0.));
#475 = ADVANCED_FACE('',(#476),#487,.F.);
#476 = FACE_BOUND('',#477,.F.);
#477 = EDGE_LOOP('',(#478,#484,#485,#486));
#478 = ORIENTED_EDGE('',*,*,#479,.F.);
#479 = EDGE_CURVE('',#455,#430,#480,.T.);
#480 = LINE('',#481,#482);
#481 = CARTESIAN_POINT('',(6.15,0.75,3.5));
#482 = VECTOR('',#483,1.);
#483 = DIRECTION('',(-1.,0.,0.));
#484 = ORIENTED_EDGE('',*,*,#463,.T.);
#485 = ORIENTED_EDGE('',*,*,#213,.T.);
#486 = ORIENTED_EDGE('',*,*,#440,.F.);
#487 = PLANE('',#488);
#488 = AXIS2_PLACEMENT_3D('',#489,#490,#491);
#489 = CARTESIAN_POINT('',(6.15,0.75,3.5));
#490 = DIRECTION('',(0.,-1.,0.));
#491 = DIRECTION('',(-1.,0.,0.));
#492 = ADVANCED_FACE('',(#493),#512,.T.);
#493 = FACE_BOUND('',#494,.T.);
#494 = EDGE_LOOP('',(#495,#503,#510,#511));
#495 = ORIENTED_EDGE('',*,*,#496,.T.);
#496 = EDGE_CURVE('',#248,#497,#499,.T.);
#497 = VERTEX_POINT('',#498);
#498 = CARTESIAN_POINT('',(5.65,-4.25,4.1));
#499 = LINE('',#500,#501);
#500 = CARTESIAN_POINT('',(5.65,-4.25,3.5));
#501 = VECTOR('',#502,1.);
#502 = DIRECTION('',(0.,0.,1.));
#503 = ORIENTED_EDGE('',*,*,#504,.F.);
#504 = EDGE_CURVE('',#497,#497,#505,.T.);
#505 = CIRCLE('',#506,0.5);
#506 = AXIS2_PLACEMENT_3D('',#507,#508,#509);
#507 = CARTESIAN_POINT('',(5.15,-4.25,4.1));
#508 = DIRECTION('',(0.,0.,1.));
#509 = DIRECTION('',(1.,0.,-0.));
#510 = ORIENTED_EDGE('',*,*,#496,.F.);
#511 = ORIENTED_EDGE('',*,*,#247,.F.);
#512 = CYLINDRICAL_SURFACE('',#513,0.5);
#513 = AXIS2_PLACEMENT_3D('',#514,#515,#516);
#514 = CARTESIAN_POINT('',(5.15,-4.25,3.5));
#515 = DIRECTION('',(-0.,-0.,-1.));
#516 = DIRECTION('',(1.,0.,0.));
#517 = ADVANCED_FACE('',(#518),#537,.T.);
#518 = FACE_BOUND('',#519,.T.);
#519 = EDGE_LOOP('',(#520,#528,#535,#536));
#520 = ORIENTED_EDGE('',*,*,#521,.T.);
#521 = EDGE_CURVE('',#259,#522,#524,.T.);
#522 = VERTEX_POINT('',#523);
#523 = CARTESIAN_POINT('',(4.9,-2.25,4.9));
#524 = LINE('',#525,#526);
#525 = CARTESIAN_POINT('',(4.9,-2.25,3.5));
#526 = VECTOR('',#527,1.);
#527 = DIRECTION('',(0.,0.,1.));
#528 = ORIENTED_EDGE('',*,*,#529,.F.);
#529 = EDGE_CURVE('',#522,#522,#530,.T.);
#530 = CIRCLE('',#531,1.75);
#531 = AXIS2_PLACEMENT_3D('',#532,#533,#534);
#532 = CARTESIAN_POINT('',(3.15,-2.25,4.9));
#533 = DIRECTION('',(0.,0.,1.));
#534 = DIRECTION('',(1.,0.,-0.));
#535 = ORIENTED_EDGE('',*,*,#521,.F.);
#536 = ORIENTED_EDGE('',*,*,#258,.F.);
#537 = CYLINDRICAL_SURFACE('',#538,1.75);
#538 = AXIS2_PLACEMENT_3D('',#539,#540,#541);
#539 = CARTESIAN_POINT('',(3.15,-2.25,3.5));
#540 = DIRECTION('',(-0.,-0.,-1.));
#541 = DIRECTION('',(1.,0.,0.));
#542 = ADVANCED_FACE('',(#543),#562,.T.);
#543 = FACE_BOUND('',#544,.T.);
#544 = EDGE_LOOP('',(#545,#553,#560,#561));
#545 = ORIENTED_EDGE('',*,*,#546,.T.);
#546 = EDGE_CURVE('',#270,#547,#549,.T.);
#547 = VERTEX_POINT('',#548);
#548 = CARTESIAN_POINT('',(1.65,-0.25,4.1));
#549 = LINE('',#550,#551);
#550 = CARTESIAN_POINT('',(1.65,-0.25,3.5));
#551 = VECTOR('',#552,1.);
#552 = DIRECTION('',(0.,0.,1.));
#553 = ORIENTED_EDGE('',*,*,#554,.F.);
#554 = EDGE_CURVE('',#547,#547,#555,.T.);
#555 = CIRCLE('',#556,0.5);
#556 = AXIS2_PLACEMENT_3D('',#557,#558,#559);
#557 = CARTESIAN_POINT('',(1.15,-0.25,4.1));
#558 = DIRECTION('',(0.,0.,1.));
#559 = DIRECTION('',(1.,0.,-0.));
#560 = ORIENTED_EDGE('',*,*,#546,.F.);
#561 = ORIENTED_EDGE('',*,*,#269,.F.);
#562 = CYLINDRICAL_SURFACE('',#563,0.5);
#563 = AXIS2_PLACEMENT_3D('',#564,#565,#566);
#564 = CARTESIAN_POINT('',(1.15,-0.25,3.5));
#565 = DIRECTION('',(-0.,-0.,-1.));
#566 = DIRECTION('',(1.,0.,0.));
#567 = ADVANCED_FACE('',(#568),#587,.T.);
#568 = FACE_BOUND('',#569,.T.);
#569 = EDGE_LOOP('',(#570,#578,#585,#586));
#570 = ORIENTED_EDGE('',*,*,#571,.T.);
#571 = EDGE_CURVE('',#281,#572,#574,.T.);
#572 = VERTEX_POINT('',#573);
#573 = CARTESIAN_POINT('',(5.65,-0.25,4.1));
#574 = LINE('',#575,#576);
#575 = CARTESIAN_POINT('',(5.65,-0.25,3.5));
#576 = VECTOR('',#577,1.);
#577 = DIRECTION('',(0.,0.,1.));
#578 = ORIENTED_EDGE('',*,*,#579,.F.);
#579 = EDGE_CURVE('',#572,#572,#580,.T.);
#580 = CIRCLE('',#581,0.5);
#581 = AXIS2_PLACEMENT_3D('',#582,#583,#584);
#582 = CARTESIAN_POINT('',(5.15,-0.25,4.1));
#583 = DIRECTION('',(0.,0.,1.));
#584 = DIRECTION('',(1.,0.,-0.));
#585 = ORIENTED_EDGE('',*,*,#571,.F.);
#586 = ORIENTED_EDGE('',*,*,#280,.F.);
#587 = CYLINDRICAL_SURFACE('',#588,0.5);
#588 = AXIS2_PLACEMENT_3D('',#589,#590,#591);
#589 = CARTESIAN_POINT('',(5.15,-0.25,3.5));
#590 = DIRECTION('',(-0.,-0.,-1.));
#591 = DIRECTION('',(1.,0.,0.));
#592 = ADVANCED_FACE('',(#593),#618,.F.);
#593 = FACE_BOUND('',#594,.F.);
#594 = EDGE_LOOP('',(#595,#605,#611,#612));
#595 = ORIENTED_EDGE('',*,*,#596,.F.);
#596 = EDGE_CURVE('',#597,#599,#601,.T.);
#597 = VERTEX_POINT('',#598);
#598 = CARTESIAN_POINT('',(0.45,-5.25,0.));
#599 = VERTEX_POINT('',#600);
#600 = CARTESIAN_POINT('',(5.85,-5.25,0.));
#601 = LINE('',#602,#603);
#602 = CARTESIAN_POINT('',(0.15,-5.25,0.));
#603 = VECTOR('',#604,1.);
#604 = DIRECTION('',(1.,0.,0.));
#605 = ORIENTED_EDGE('',*,*,#606,.T.);
#606 = EDGE_CURVE('',#597,#301,#607,.T.);
#607 = LINE('',#608,#609);
#608 = CARTESIAN_POINT('',(0.45,-5.25,0.));
#609 = VECTOR('',#610,1.);
#610 = DIRECTION('',(0.,0.,1.));
#611 = ORIENTED_EDGE('',*,*,#300,.T.);
#612 = ORIENTED_EDGE('',*,*,#613,.F.);
#613 = EDGE_CURVE('',#599,#303,#614,.T.);
#614 = LINE('',#615,#616);
#615 = CARTESIAN_POINT('',(5.85,-5.25,0.));
#616 = VECTOR('',#617,1.);
#617 = DIRECTION('',(0.,0.,1.));
#618 = PLANE('',#619);
#619 = AXIS2_PLACEMENT_3D('',#620,#621,#622);
#620 = CARTESIAN_POINT('',(0.15,-5.25,0.));
#621 = DIRECTION('',(0.,1.,0.));
#622 = DIRECTION('',(1.,0.,0.));
#623 = ADVANCED_FACE('',(#624),#643,.T.);
#624 = FACE_BOUND('',#625,.T.);
#625 = EDGE_LOOP('',(#626,#627,#628,#636));
#626 = ORIENTED_EDGE('',*,*,#606,.T.);
#627 = ORIENTED_EDGE('',*,*,#341,.T.);
#628 = ORIENTED_EDGE('',*,*,#629,.F.);
#629 = EDGE_CURVE('',#630,#334,#632,.T.);
#630 = VERTEX_POINT('',#631);
#631 = CARTESIAN_POINT('',(0.15,-4.95,0.));
#632 = LINE('',#633,#634);
#633 = CARTESIAN_POINT('',(0.15,-4.95,0.));
#634 = VECTOR('',#635,1.);
#635 = DIRECTION('',(0.,0.,1.));
#636 = ORIENTED_EDGE('',*,*,#637,.F.);
#637 = EDGE_CURVE('',#597,#630,#638,.T.);
#638 = CIRCLE('',#639,0.3);
#639 = AXIS2_PLACEMENT_3D('',#640,#641,#642);
#640 = CARTESIAN_POINT('',(0.45,-4.95,0.));
#641 = DIRECTION('',(-0.,-0.,-1.));
#642 = DIRECTION('',(0.,-1.,0.));
#643 = CYLINDRICAL_SURFACE('',#644,0.3);
#644 = AXIS2_PLACEMENT_3D('',#645,#646,#647);
#645 = CARTESIAN_POINT('',(0.45,-4.95,0.));
#646 = DIRECTION('',(0.,0.,1.));
#647 = DIRECTION('',(0.,-1.,0.));
#648 = ADVANCED_FACE('',(#649),#668,.T.);
#649 = FACE_BOUND('',#650,.T.);
#650 = EDGE_LOOP('',(#651,#660,#666,#667));
#651 = ORIENTED_EDGE('',*,*,#652,.T.);
#652 = EDGE_CURVE('',#599,#653,#655,.T.);
#653 = VERTEX_POINT('',#654);
#654 = CARTESIAN_POINT('',(6.15,-4.95,0.));
#655 = CIRCLE('',#656,0.3);
#656 = AXIS2_PLACEMENT_3D('',#657,#658,#659);
#657 = CARTESIAN_POINT('',(5.85,-4.95,0.));
#658 = DIRECTION('',(-0.,0.,1.));
#659 = DIRECTION('',(0.,-1.,0.));
#660 = ORIENTED_EDGE('',*,*,#661,.T.);
#661 = EDGE_CURVE('',#653,#357,#662,.T.);
#662 = LINE('',#663,#664);
#663 = CARTESIAN_POINT('',(6.15,-4.95,0.));
#664 = VECTOR('',#665,1.);
#665 = DIRECTION('',(0.,0.,1.));
#666 = ORIENTED_EDGE('',*,*,#356,.F.);
#667 = ORIENTED_EDGE('',*,*,#613,.F.);
#668 = CYLINDRICAL_SURFACE('',#669,0.3);
#669 = AXIS2_PLACEMENT_3D('',#670,#671,#672);
#670 = CARTESIAN_POINT('',(5.85,-4.95,0.));
#671 = DIRECTION('',(0.,0.,1.));
#672 = DIRECTION('',(0.,-1.,0.));
#673 = ADVANCED_FACE('',(#674),#756,.F.);
#674 = FACE_BOUND('',#675,.F.);
#675 = EDGE_LOOP('',(#676,#686,#692,#693,#694,#702,#710,#718,#726,#734,
    #742,#750));
#676 = ORIENTED_EDGE('',*,*,#677,.F.);
#677 = EDGE_CURVE('',#678,#680,#682,.T.);
#678 = VERTEX_POINT('',#679);
#679 = CARTESIAN_POINT('',(0.15,0.45,0.));
#680 = VERTEX_POINT('',#681);
#681 = CARTESIAN_POINT('',(0.15,0.35,0.));
#682 = LINE('',#683,#684);
#683 = CARTESIAN_POINT('',(0.15,0.75,0.));
#684 = VECTOR('',#685,1.);
#685 = DIRECTION('',(0.,-1.,0.));
#686 = ORIENTED_EDGE('',*,*,#687,.T.);
#687 = EDGE_CURVE('',#678,#382,#688,.T.);
#688 = LINE('',#689,#690);
#689 = CARTESIAN_POINT('',(0.15,0.45,0.));
#690 = VECTOR('',#691,1.);
#691 = DIRECTION('',(0.,0.,1.));
#692 = ORIENTED_EDGE('',*,*,#381,.T.);
#693 = ORIENTED_EDGE('',*,*,#629,.F.);
#694 = ORIENTED_EDGE('',*,*,#695,.F.);
#695 = EDGE_CURVE('',#696,#630,#698,.T.);
#696 = VERTEX_POINT('',#697);
#697 = CARTESIAN_POINT('',(0.15,-4.85,0.));
#698 = LINE('',#699,#700);
#699 = CARTESIAN_POINT('',(0.15,0.75,0.));
#700 = VECTOR('',#701,1.);
#701 = DIRECTION('',(0.,-1.,0.));
#702 = ORIENTED_EDGE('',*,*,#703,.F.);
#703 = EDGE_CURVE('',#704,#696,#706,.T.);
#704 = VERTEX_POINT('',#705);
#705 = CARTESIAN_POINT('',(0.15,-4.85,1.5));
#706 = LINE('',#707,#708);
#707 = CARTESIAN_POINT('',(0.15,-4.85,1.5));
#708 = VECTOR('',#709,1.);
#709 = DIRECTION('',(0.,5.551115123126E-16,-1.));
#710 = ORIENTED_EDGE('',*,*,#711,.T.);
#711 = EDGE_CURVE('',#704,#712,#714,.T.);
#712 = VERTEX_POINT('',#713);
#713 = CARTESIAN_POINT('',(0.15,-4.15,1.5));
#714 = LINE('',#715,#716);
#715 = CARTESIAN_POINT('',(0.15,-4.85,1.5));
#716 = VECTOR('',#717,1.);
#717 = DIRECTION('',(0.,1.,3.330669073875E-16));
#718 = ORIENTED_EDGE('',*,*,#719,.T.);
#719 = EDGE_CURVE('',#712,#720,#722,.T.);
#720 = VERTEX_POINT('',#721);
#721 = CARTESIAN_POINT('',(0.15,-4.15,0.));
#722 = LINE('',#723,#724);
#723 = CARTESIAN_POINT('',(0.15,-4.15,1.5));
#724 = VECTOR('',#725,1.);
#725 = DIRECTION('',(0.,5.551115123126E-16,-1.));
#726 = ORIENTED_EDGE('',*,*,#727,.F.);
#727 = EDGE_CURVE('',#728,#720,#730,.T.);
#728 = VERTEX_POINT('',#729);
#729 = CARTESIAN_POINT('',(0.15,-0.35,0.));
#730 = LINE('',#731,#732);
#731 = CARTESIAN_POINT('',(0.15,0.75,0.));
#732 = VECTOR('',#733,1.);
#733 = DIRECTION('',(0.,-1.,0.));
#734 = ORIENTED_EDGE('',*,*,#735,.F.);
#735 = EDGE_CURVE('',#736,#728,#738,.T.);
#736 = VERTEX_POINT('',#737);
#737 = CARTESIAN_POINT('',(0.15,-0.35,1.5));
#738 = LINE('',#739,#740);
#739 = CARTESIAN_POINT('',(0.15,-0.35,1.5));
#740 = VECTOR('',#741,1.);
#741 = DIRECTION('',(0.,5.551115123126E-16,-1.));
#742 = ORIENTED_EDGE('',*,*,#743,.T.);
#743 = EDGE_CURVE('',#736,#744,#746,.T.);
#744 = VERTEX_POINT('',#745);
#745 = CARTESIAN_POINT('',(0.15,0.35,1.5));
#746 = LINE('',#747,#748);
#747 = CARTESIAN_POINT('',(0.15,-0.35,1.5));
#748 = VECTOR('',#749,1.);
#749 = DIRECTION('',(0.,1.,3.330669073875E-16));
#750 = ORIENTED_EDGE('',*,*,#751,.T.);
#751 = EDGE_CURVE('',#744,#680,#752,.T.);
#752 = LINE('',#753,#754);
#753 = CARTESIAN_POINT('',(0.15,0.35,1.5));
#754 = VECTOR('',#755,1.);
#755 = DIRECTION('',(0.,5.551115123126E-16,-1.));
#756 = PLANE('',#757);
#757 = AXIS2_PLACEMENT_3D('',#758,#759,#760);
#758 = CARTESIAN_POINT('',(0.15,0.75,0.));
#759 = DIRECTION('',(1.,0.,0.));
#760 = DIRECTION('',(0.,-1.,0.));
#761 = ADVANCED_FACE('',(#762),#844,.F.);
#762 = FACE_BOUND('',#763,.F.);
#763 = EDGE_LOOP('',(#764,#772,#773,#774,#782,#790,#798,#806,#814,#822,
    #830,#838));
#764 = ORIENTED_EDGE('',*,*,#765,.F.);
#765 = EDGE_CURVE('',#653,#766,#768,.T.);
#766 = VERTEX_POINT('',#767);
#767 = CARTESIAN_POINT('',(6.15,-4.85,0.));
#768 = LINE('',#769,#770);
#769 = CARTESIAN_POINT('',(6.15,-5.25,0.));
#770 = VECTOR('',#771,1.);
#771 = DIRECTION('',(0.,1.,0.));
#772 = ORIENTED_EDGE('',*,*,#661,.T.);
#773 = ORIENTED_EDGE('',*,*,#405,.T.);
#774 = ORIENTED_EDGE('',*,*,#775,.F.);
#775 = EDGE_CURVE('',#776,#406,#778,.T.);
#776 = VERTEX_POINT('',#777);
#777 = CARTESIAN_POINT('',(6.15,0.45,0.));
#778 = LINE('',#779,#780);
#779 = CARTESIAN_POINT('',(6.15,0.45,0.));
#780 = VECTOR('',#781,1.);
#781 = DIRECTION('',(0.,0.,1.));
#782 = ORIENTED_EDGE('',*,*,#783,.F.);
#783 = EDGE_CURVE('',#784,#776,#786,.T.);
#784 = VERTEX_POINT('',#785);
#785 = CARTESIAN_POINT('',(6.15,0.35,0.));
#786 = LINE('',#787,#788);
#787 = CARTESIAN_POINT('',(6.15,-5.25,0.));
#788 = VECTOR('',#789,1.);
#789 = DIRECTION('',(0.,1.,0.));
#790 = ORIENTED_EDGE('',*,*,#791,.F.);
#791 = EDGE_CURVE('',#792,#784,#794,.T.);
#792 = VERTEX_POINT('',#793);
#793 = CARTESIAN_POINT('',(6.15,0.35,1.5));
#794 = LINE('',#795,#796);
#795 = CARTESIAN_POINT('',(6.15,0.35,1.5));
#796 = VECTOR('',#797,1.);
#797 = DIRECTION('',(0.,5.551115123126E-16,-1.));
#798 = ORIENTED_EDGE('',*,*,#799,.F.);
#799 = EDGE_CURVE('',#800,#792,#802,.T.);
#800 = VERTEX_POINT('',#801);
#801 = CARTESIAN_POINT('',(6.15,-0.35,1.5));
#802 = LINE('',#803,#804);
#803 = CARTESIAN_POINT('',(6.15,-0.35,1.5));
#804 = VECTOR('',#805,1.);
#805 = DIRECTION('',(0.,1.,3.330669073875E-16));
#806 = ORIENTED_EDGE('',*,*,#807,.T.);
#807 = EDGE_CURVE('',#800,#808,#810,.T.);
#808 = VERTEX_POINT('',#809);
#809 = CARTESIAN_POINT('',(6.15,-0.35,0.));
#810 = LINE('',#811,#812);
#811 = CARTESIAN_POINT('',(6.15,-0.35,1.5));
#812 = VECTOR('',#813,1.);
#813 = DIRECTION('',(0.,5.551115123126E-16,-1.));
#814 = ORIENTED_EDGE('',*,*,#815,.F.);
#815 = EDGE_CURVE('',#816,#808,#818,.T.);
#816 = VERTEX_POINT('',#817);
#817 = CARTESIAN_POINT('',(6.15,-4.15,0.));
#818 = LINE('',#819,#820);
#819 = CARTESIAN_POINT('',(6.15,-5.25,0.));
#820 = VECTOR('',#821,1.);
#821 = DIRECTION('',(0.,1.,0.));
#822 = ORIENTED_EDGE('',*,*,#823,.F.);
#823 = EDGE_CURVE('',#824,#816,#826,.T.);
#824 = VERTEX_POINT('',#825);
#825 = CARTESIAN_POINT('',(6.15,-4.15,1.5));
#826 = LINE('',#827,#828);
#827 = CARTESIAN_POINT('',(6.15,-4.15,1.5));
#828 = VECTOR('',#829,1.);
#829 = DIRECTION('',(0.,5.551115123126E-16,-1.));
#830 = ORIENTED_EDGE('',*,*,#831,.F.);
#831 = EDGE_CURVE('',#832,#824,#834,.T.);
#832 = VERTEX_POINT('',#833);
#833 = CARTESIAN_POINT('',(6.15,-4.85,1.5));
#834 = LINE('',#835,#836);
#835 = CARTESIAN_POINT('',(6.15,-4.85,1.5));
#836 = VECTOR('',#837,1.);
#837 = DIRECTION('',(0.,1.,3.330669073875E-16));
#838 = ORIENTED_EDGE('',*,*,#839,.T.);
#839 = EDGE_CURVE('',#832,#766,#840,.T.);
#840 = LINE('',#841,#842);
#841 = CARTESIAN_POINT('',(6.15,-4.85,1.5));
#842 = VECTOR('',#843,1.);
#843 = DIRECTION('',(0.,5.551115123126E-16,-1.));
#844 = PLANE('',#845);
#845 = AXIS2_PLACEMENT_3D('',#846,#847,#848);
#846 = CARTESIAN_POINT('',(6.15,-5.25,0.));
#847 = DIRECTION('',(-1.,0.,0.));
#848 = DIRECTION('',(0.,1.,0.));
#849 = ADVANCED_FACE('',(#850),#869,.T.);
#850 = FACE_BOUND('',#851,.T.);
#851 = EDGE_LOOP('',(#852,#861,#862,#863));
#852 = ORIENTED_EDGE('',*,*,#853,.T.);
#853 = EDGE_CURVE('',#854,#678,#856,.T.);
#854 = VERTEX_POINT('',#855);
#855 = CARTESIAN_POINT('',(0.45,0.75,0.));
#856 = CIRCLE('',#857,0.3);
#857 = AXIS2_PLACEMENT_3D('',#858,#859,#860);
#858 = CARTESIAN_POINT('',(0.45,0.45,0.));
#859 = DIRECTION('',(-0.,0.,1.));
#860 = DIRECTION('',(0.,-1.,0.));
#861 = ORIENTED_EDGE('',*,*,#687,.T.);
#862 = ORIENTED_EDGE('',*,*,#429,.F.);
#863 = ORIENTED_EDGE('',*,*,#864,.F.);
#864 = EDGE_CURVE('',#854,#430,#865,.T.);
#865 = LINE('',#866,#867);
#866 = CARTESIAN_POINT('',(0.45,0.75,0.));
#867 = VECTOR('',#868,1.);
#868 = DIRECTION('',(0.,0.,1.));
#869 = CYLINDRICAL_SURFACE('',#870,0.3);
#870 = AXIS2_PLACEMENT_3D('',#871,#872,#873);
#871 = CARTESIAN_POINT('',(0.45,0.45,0.));
#872 = DIRECTION('',(0.,0.,1.));
#873 = DIRECTION('',(0.,1.,0.));
#874 = ADVANCED_FACE('',(#875),#894,.T.);
#875 = FACE_BOUND('',#876,.T.);
#876 = EDGE_LOOP('',(#877,#886,#892,#893));
#877 = ORIENTED_EDGE('',*,*,#878,.T.);
#878 = EDGE_CURVE('',#776,#879,#881,.T.);
#879 = VERTEX_POINT('',#880);
#880 = CARTESIAN_POINT('',(5.85,0.75,0.));
#881 = CIRCLE('',#882,0.3);
#882 = AXIS2_PLACEMENT_3D('',#883,#884,#885);
#883 = CARTESIAN_POINT('',(5.85,0.45,0.));
#884 = DIRECTION('',(-0.,0.,1.));
#885 = DIRECTION('',(0.,-1.,0.));
#886 = ORIENTED_EDGE('',*,*,#887,.T.);
#887 = EDGE_CURVE('',#879,#455,#888,.T.);
#888 = LINE('',#889,#890);
#889 = CARTESIAN_POINT('',(5.85,0.75,0.));
#890 = VECTOR('',#891,1.);
#891 = DIRECTION('',(0.,0.,1.));
#892 = ORIENTED_EDGE('',*,*,#454,.F.);
#893 = ORIENTED_EDGE('',*,*,#775,.F.);
#894 = CYLINDRICAL_SURFACE('',#895,0.3);
#895 = AXIS2_PLACEMENT_3D('',#896,#897,#898);
#896 = CARTESIAN_POINT('',(5.85,0.45,0.));
#897 = DIRECTION('',(0.,0.,1.));
#898 = DIRECTION('',(1.,0.,-0.));
#899 = ADVANCED_FACE('',(#900),#911,.F.);
#900 = FACE_BOUND('',#901,.F.);
#901 = EDGE_LOOP('',(#902,#908,#909,#910));
#902 = ORIENTED_EDGE('',*,*,#903,.F.);
#903 = EDGE_CURVE('',#879,#854,#904,.T.);
#904 = LINE('',#905,#906);
#905 = CARTESIAN_POINT('',(6.15,0.75,0.));
#906 = VECTOR('',#907,1.);
#907 = DIRECTION('',(-1.,0.,0.));
#908 = ORIENTED_EDGE('',*,*,#887,.T.);
#909 = ORIENTED_EDGE('',*,*,#479,.T.);
#910 = ORIENTED_EDGE('',*,*,#864,.F.);
#911 = PLANE('',#912);
#912 = AXIS2_PLACEMENT_3D('',#913,#914,#915);
#913 = CARTESIAN_POINT('',(6.15,0.75,0.));
#914 = DIRECTION('',(0.,-1.,0.));
#915 = DIRECTION('',(-1.,0.,0.));
#916 = ADVANCED_FACE('',(#917),#920,.F.);
#917 = FACE_BOUND('',#918,.T.);
#918 = EDGE_LOOP('',(#919));
#919 = ORIENTED_EDGE('',*,*,#504,.T.);
#920 = PLANE('',#921);
#921 = AXIS2_PLACEMENT_3D('',#922,#923,#924);
#922 = CARTESIAN_POINT('',(5.65,-4.25,4.1));
#923 = DIRECTION('',(0.,0.,-1.));
#924 = DIRECTION('',(-1.,0.,0.));
#925 = ADVANCED_FACE('',(#926),#946,.T.);
#926 = FACE_BOUND('',#927,.T.);
#927 = EDGE_LOOP('',(#928,#929,#938,#945));
#928 = ORIENTED_EDGE('',*,*,#529,.T.);
#929 = ORIENTED_EDGE('',*,*,#930,.F.);
#930 = EDGE_CURVE('',#931,#522,#933,.T.);
#931 = VERTEX_POINT('',#932);
#932 = CARTESIAN_POINT('',(4.8,-2.25,5.));
#933 = CIRCLE('',#934,0.1);
#934 = AXIS2_PLACEMENT_3D('',#935,#936,#937);
#935 = CARTESIAN_POINT('',(4.8,-2.25,4.9));
#936 = DIRECTION('',(-0.,1.,0.));
#937 = DIRECTION('',(1.,0.,0.));
#938 = ORIENTED_EDGE('',*,*,#939,.F.);
#939 = EDGE_CURVE('',#931,#931,#940,.T.);
#940 = CIRCLE('',#941,1.65);
#941 = AXIS2_PLACEMENT_3D('',#942,#943,#944);
#942 = CARTESIAN_POINT('',(3.15,-2.25,5.));
#943 = DIRECTION('',(0.,0.,1.));
#944 = DIRECTION('',(1.,0.,-0.));
#945 = ORIENTED_EDGE('',*,*,#930,.T.);
#946 = TOROIDAL_SURFACE('',#947,1.65,0.1);
#947 = AXIS2_PLACEMENT_3D('',#948,#949,#950);
#948 = CARTESIAN_POINT('',(3.15,-2.25,4.9));
#949 = DIRECTION('',(0.,0.,-1.));
#950 = DIRECTION('',(1.,0.,0.));
#951 = ADVANCED_FACE('',(#952),#955,.F.);
#952 = FACE_BOUND('',#953,.T.);
#953 = EDGE_LOOP('',(#954));
#954 = ORIENTED_EDGE('',*,*,#554,.T.);
#955 = PLANE('',#956);
#956 = AXIS2_PLACEMENT_3D('',#957,#958,#959);
#957 = CARTESIAN_POINT('',(1.65,-0.25,4.1));
#958 = DIRECTION('',(0.,0.,-1.));
#959 = DIRECTION('',(-1.,0.,0.));
#960 = ADVANCED_FACE('',(#961),#964,.F.);
#961 = FACE_BOUND('',#962,.T.);
#962 = EDGE_LOOP('',(#963));
#963 = ORIENTED_EDGE('',*,*,#579,.T.);
#964 = PLANE('',#965);
#965 = AXIS2_PLACEMENT_3D('',#966,#967,#968);
#966 = CARTESIAN_POINT('',(5.65,-0.25,4.1));
#967 = DIRECTION('',(0.,0.,-1.));
#968 = DIRECTION('',(-1.,0.,0.));
#969 = ADVANCED_FACE('',(#970),#1008,.T.);
#970 = FACE_BOUND('',#971,.T.);
#971 = EDGE_LOOP('',(#972,#973,#974,#975,#981,#982,#988,#989,#990,#991,
    #992,#993,#999,#1000,#1006,#1007));
#972 = ORIENTED_EDGE('',*,*,#596,.F.);
#973 = ORIENTED_EDGE('',*,*,#637,.T.);
#974 = ORIENTED_EDGE('',*,*,#695,.F.);
#975 = ORIENTED_EDGE('',*,*,#976,.F.);
#976 = EDGE_CURVE('',#720,#696,#977,.T.);
#977 = LINE('',#978,#979);
#978 = CARTESIAN_POINT('',(0.15,0.75,0.));
#979 = VECTOR('',#980,1.);
#980 = DIRECTION('',(0.,-1.,0.));
#981 = ORIENTED_EDGE('',*,*,#727,.F.);
#982 = ORIENTED_EDGE('',*,*,#983,.F.);
#983 = EDGE_CURVE('',#680,#728,#984,.T.);
#984 = LINE('',#985,#986);
#985 = CARTESIAN_POINT('',(0.15,0.75,0.));
#986 = VECTOR('',#987,1.);
#987 = DIRECTION('',(0.,-1.,0.));
#988 = ORIENTED_EDGE('',*,*,#677,.F.);
#989 = ORIENTED_EDGE('',*,*,#853,.F.);
#990 = ORIENTED_EDGE('',*,*,#903,.F.);
#991 = ORIENTED_EDGE('',*,*,#878,.F.);
#992 = ORIENTED_EDGE('',*,*,#783,.F.);
#993 = ORIENTED_EDGE('',*,*,#994,.F.);
#994 = EDGE_CURVE('',#808,#784,#995,.T.);
#995 = LINE('',#996,#997);
#996 = CARTESIAN_POINT('',(6.15,-5.25,0.));
#997 = VECTOR('',#998,1.);
#998 = DIRECTION('',(0.,1.,0.));
#999 = ORIENTED_EDGE('',*,*,#815,.F.);
#1000 = ORIENTED_EDGE('',*,*,#1001,.F.);
#1001 = EDGE_CURVE('',#766,#816,#1002,.T.);
#1002 = LINE('',#1003,#1004);
#1003 = CARTESIAN_POINT('',(6.15,-5.25,0.));
#1004 = VECTOR('',#1005,1.);
#1005 = DIRECTION('',(0.,1.,0.));
#1006 = ORIENTED_EDGE('',*,*,#765,.F.);
#1007 = ORIENTED_EDGE('',*,*,#652,.F.);
#1008 = PLANE('',#1009);
#1009 = AXIS2_PLACEMENT_3D('',#1010,#1011,#1012);
#1010 = CARTESIAN_POINT('',(0.15,-5.25,0.));
#1011 = DIRECTION('',(0.,0.,-1.));
#1012 = DIRECTION('',(-1.,0.,0.));
#1013 = ADVANCED_FACE('',(#1014),#1158,.F.);
#1014 = FACE_BOUND('',#1015,.F.);
#1015 = EDGE_LOOP('',(#1016,#1026,#1035,#1043,#1052,#1060,#1068,#1076,
    #1085,#1093,#1102,#1110,#1119,#1125,#1126,#1134,#1143,#1151));
#1016 = ORIENTED_EDGE('',*,*,#1017,.T.);
#1017 = EDGE_CURVE('',#1018,#1020,#1022,.T.);
#1018 = VERTEX_POINT('',#1019);
#1019 = CARTESIAN_POINT('',(-0.162230377286,0.35,-0.540767924286));
#1020 = VERTEX_POINT('',#1021);
#1021 = CARTESIAN_POINT('',(-0.425000733956,0.35,-1.416669113186));
#1022 = LINE('',#1023,#1024);
#1023 = CARTESIAN_POINT('',(-0.15,0.35,-0.5));
#1024 = VECTOR('',#1025,1.);
#1025 = DIRECTION('',(-0.287347885566,5.31700397722E-16,-0.957826285221)
  );
#1026 = ORIENTED_EDGE('',*,*,#1027,.T.);
#1027 = EDGE_CURVE('',#1020,#1028,#1030,.T.);
#1028 = VERTEX_POINT('',#1029);
#1029 = CARTESIAN_POINT('',(-0.425000733956,0.35,-1.583330886814));
#1030 = CIRCLE('',#1031,0.29);
#1031 = AXIS2_PLACEMENT_3D('',#1032,#1033,#1034);
#1032 = CARTESIAN_POINT('',(-0.147231111242,0.35,-1.5));
#1033 = DIRECTION('',(0.,-1.,-3.330669073875E-16));
#1034 = DIRECTION('',(0.,-3.330669073875E-16,1.));
#1035 = ORIENTED_EDGE('',*,*,#1036,.T.);
#1036 = EDGE_CURVE('',#1028,#1037,#1039,.T.);
#1037 = VERTEX_POINT('',#1038);
#1038 = CARTESIAN_POINT('',(-0.162230377286,0.35,-2.459232075714));
#1039 = LINE('',#1040,#1041);
#1040 = CARTESIAN_POINT('',(-0.45,0.35,-1.5));
#1041 = VECTOR('',#1042,1.);
#1042 = DIRECTION('',(0.287347885566,5.31700397722E-16,-0.957826285221)
  );
#1043 = ORIENTED_EDGE('',*,*,#1044,.F.);
#1044 = EDGE_CURVE('',#1045,#1037,#1047,.T.);
#1045 = VERTEX_POINT('',#1046);
#1046 = CARTESIAN_POINT('',(-0.15,0.35,-2.542562962528));
#1047 = CIRCLE('',#1048,0.29);
#1048 = AXIS2_PLACEMENT_3D('',#1049,#1050,#1051);
#1049 = CARTESIAN_POINT('',(-0.44,0.35,-2.542562962528));
#1050 = DIRECTION('',(0.,-1.,-3.330669073875E-16));
#1051 = DIRECTION('',(0.,-3.330669073875E-16,1.));
#1052 = ORIENTED_EDGE('',*,*,#1053,.F.);
#1053 = EDGE_CURVE('',#1054,#1045,#1056,.T.);
#1054 = VERTEX_POINT('',#1055);
#1055 = CARTESIAN_POINT('',(-0.15,0.35,-3.5));
#1056 = LINE('',#1057,#1058);
#1057 = CARTESIAN_POINT('',(-0.15,0.35,-3.5));
#1058 = VECTOR('',#1059,1.);
#1059 = DIRECTION('',(0.,-5.551115123126E-16,1.));
#1060 = ORIENTED_EDGE('',*,*,#1061,.F.);
#1061 = EDGE_CURVE('',#1062,#1054,#1064,.T.);
#1062 = VERTEX_POINT('',#1063);
#1063 = CARTESIAN_POINT('',(0.15,0.35,-3.5));
#1064 = LINE('',#1065,#1066);
#1065 = CARTESIAN_POINT('',(0.15,0.35,-3.5));
#1066 = VECTOR('',#1067,1.);
#1067 = DIRECTION('',(-1.,-0.,0.));
#1068 = ORIENTED_EDGE('',*,*,#1069,.F.);
#1069 = EDGE_CURVE('',#1070,#1062,#1072,.T.);
#1070 = VERTEX_POINT('',#1071);
#1071 = CARTESIAN_POINT('',(0.15,0.35,-2.542562962528));
#1072 = LINE('',#1073,#1074);
#1073 = CARTESIAN_POINT('',(0.15,0.35,-2.5));
#1074 = VECTOR('',#1075,1.);
#1075 = DIRECTION('',(0.,5.551115123126E-16,-1.));
#1076 = ORIENTED_EDGE('',*,*,#1077,.F.);
#1077 = EDGE_CURVE('',#1078,#1070,#1080,.T.);
#1078 = VERTEX_POINT('',#1079);
#1079 = CARTESIAN_POINT('',(0.137769622714,0.35,-2.459232075714));
#1080 = CIRCLE('',#1081,0.29);
#1081 = AXIS2_PLACEMENT_3D('',#1082,#1083,#1084);
#1082 = CARTESIAN_POINT('',(-0.14,0.35,-2.542562962528));
#1083 = DIRECTION('',(-0.,1.,3.330669073875E-16));
#1084 = DIRECTION('',(0.,-3.330669073875E-16,1.));
#1085 = ORIENTED_EDGE('',*,*,#1086,.T.);
#1086 = EDGE_CURVE('',#1078,#1087,#1089,.T.);
#1087 = VERTEX_POINT('',#1088);
#1088 = CARTESIAN_POINT('',(-0.125000733956,0.35,-1.583330886814));
#1089 = LINE('',#1090,#1091);
#1090 = CARTESIAN_POINT('',(0.15,0.35,-2.5));
#1091 = VECTOR('',#1092,1.);
#1092 = DIRECTION('',(-0.287347885566,-5.31700397722E-16,0.957826285221)
  );
#1093 = ORIENTED_EDGE('',*,*,#1094,.F.);
#1094 = EDGE_CURVE('',#1095,#1087,#1097,.T.);
#1095 = VERTEX_POINT('',#1096);
#1096 = CARTESIAN_POINT('',(-0.125000733956,0.35,-1.416669113186));
#1097 = CIRCLE('',#1098,0.29);
#1098 = AXIS2_PLACEMENT_3D('',#1099,#1100,#1101);
#1099 = CARTESIAN_POINT('',(0.152768888758,0.35,-1.5));
#1100 = DIRECTION('',(0.,-1.,-3.330669073875E-16));
#1101 = DIRECTION('',(0.,-3.330669073875E-16,1.));
#1102 = ORIENTED_EDGE('',*,*,#1103,.T.);
#1103 = EDGE_CURVE('',#1095,#1104,#1106,.T.);
#1104 = VERTEX_POINT('',#1105);
#1105 = CARTESIAN_POINT('',(0.137769622714,0.35,-0.540767924286));
#1106 = LINE('',#1107,#1108);
#1107 = CARTESIAN_POINT('',(-0.15,0.35,-1.5));
#1108 = VECTOR('',#1109,1.);
#1109 = DIRECTION('',(0.287347885566,-5.31700397722E-16,0.957826285221)
  );
#1110 = ORIENTED_EDGE('',*,*,#1111,.F.);
#1111 = EDGE_CURVE('',#1112,#1104,#1114,.T.);
#1112 = VERTEX_POINT('',#1113);
#1113 = CARTESIAN_POINT('',(0.15,0.35,-0.457437037472));
#1114 = CIRCLE('',#1115,0.29);
#1115 = AXIS2_PLACEMENT_3D('',#1116,#1117,#1118);
#1116 = CARTESIAN_POINT('',(-0.14,0.35,-0.457437037472));
#1117 = DIRECTION('',(-0.,1.,3.330669073875E-16));
#1118 = DIRECTION('',(0.,-3.330669073875E-16,1.));
#1119 = ORIENTED_EDGE('',*,*,#1120,.F.);
#1120 = EDGE_CURVE('',#680,#1112,#1121,.T.);
#1121 = LINE('',#1122,#1123);
#1122 = CARTESIAN_POINT('',(0.15,0.35,1.5));
#1123 = VECTOR('',#1124,1.);
#1124 = DIRECTION('',(0.,5.551115123126E-16,-1.));
#1125 = ORIENTED_EDGE('',*,*,#751,.F.);
#1126 = ORIENTED_EDGE('',*,*,#1127,.F.);
#1127 = EDGE_CURVE('',#1128,#744,#1130,.T.);
#1128 = VERTEX_POINT('',#1129);
#1129 = CARTESIAN_POINT('',(0.14,0.35,1.5));
#1130 = LINE('',#1131,#1132);
#1131 = CARTESIAN_POINT('',(-0.15,0.35,1.5));
#1132 = VECTOR('',#1133,1.);
#1133 = DIRECTION('',(1.,0.,0.));
#1134 = ORIENTED_EDGE('',*,*,#1135,.F.);
#1135 = EDGE_CURVE('',#1136,#1128,#1138,.T.);
#1136 = VERTEX_POINT('',#1137);
#1137 = CARTESIAN_POINT('',(-0.15,0.35,1.21));
#1138 = CIRCLE('',#1139,0.29);
#1139 = AXIS2_PLACEMENT_3D('',#1140,#1141,#1142);
#1140 = CARTESIAN_POINT('',(0.14,0.35,1.21));
#1141 = DIRECTION('',(-0.,1.,3.330669073875E-16));
#1142 = DIRECTION('',(0.,-3.330669073875E-16,1.));
#1143 = ORIENTED_EDGE('',*,*,#1144,.F.);
#1144 = EDGE_CURVE('',#1145,#1136,#1147,.T.);
#1145 = VERTEX_POINT('',#1146);
#1146 = CARTESIAN_POINT('',(-0.15,0.35,-0.457437037472));
#1147 = LINE('',#1148,#1149);
#1148 = CARTESIAN_POINT('',(-0.15,0.35,-0.5));
#1149 = VECTOR('',#1150,1.);
#1150 = DIRECTION('',(0.,-5.551115123126E-16,1.));
#1151 = ORIENTED_EDGE('',*,*,#1152,.F.);
#1152 = EDGE_CURVE('',#1018,#1145,#1153,.T.);
#1153 = CIRCLE('',#1154,0.29);
#1154 = AXIS2_PLACEMENT_3D('',#1155,#1156,#1157);
#1155 = CARTESIAN_POINT('',(-0.44,0.35,-0.457437037472));
#1156 = DIRECTION('',(0.,-1.,-3.330669073875E-16));
#1157 = DIRECTION('',(0.,-3.330669073875E-16,1.));
#1158 = PLANE('',#1159);
#1159 = AXIS2_PLACEMENT_3D('',#1160,#1161,#1162);
#1160 = CARTESIAN_POINT('',(-0.15,0.35,-0.5));
#1161 = DIRECTION('',(1.64346021921E-31,-1.,-5.551115123126E-16));
#1162 = DIRECTION('',(0.,5.551115123126E-16,-1.));
#1163 = ADVANCED_FACE('',(#1164),#1182,.F.);
#1164 = FACE_BOUND('',#1165,.F.);
#1165 = EDGE_LOOP('',(#1166,#1174,#1180,#1181));
#1166 = ORIENTED_EDGE('',*,*,#1167,.F.);
#1167 = EDGE_CURVE('',#1168,#736,#1170,.T.);
#1168 = VERTEX_POINT('',#1169);
#1169 = CARTESIAN_POINT('',(0.14,-0.35,1.5));
#1170 = LINE('',#1171,#1172);
#1171 = CARTESIAN_POINT('',(-0.15,-0.35,1.5));
#1172 = VECTOR('',#1173,1.);
#1173 = DIRECTION('',(1.,0.,0.));
#1174 = ORIENTED_EDGE('',*,*,#1175,.T.);
#1175 = EDGE_CURVE('',#1168,#1128,#1176,.T.);
#1176 = LINE('',#1177,#1178);
#1177 = CARTESIAN_POINT('',(0.14,-0.35,1.5));
#1178 = VECTOR('',#1179,1.);
#1179 = DIRECTION('',(0.,1.,3.330669073875E-16));
#1180 = ORIENTED_EDGE('',*,*,#1127,.T.);
#1181 = ORIENTED_EDGE('',*,*,#743,.F.);
#1182 = PLANE('',#1183);
#1183 = AXIS2_PLACEMENT_3D('',#1184,#1185,#1186);
#1184 = CARTESIAN_POINT('',(-0.15,-0.35,1.5));
#1185 = DIRECTION('',(0.,3.330669073875E-16,-1.));
#1186 = DIRECTION('',(1.,0.,0.));
#1187 = ADVANCED_FACE('',(#1188),#1325,.T.);
#1188 = FACE_BOUND('',#1189,.T.);
#1189 = EDGE_LOOP('',(#1190,#1200,#1209,#1217,#1226,#1234,#1242,#1250,
    #1259,#1267,#1276,#1284,#1293,#1299,#1300,#1301,#1310,#1318));
#1190 = ORIENTED_EDGE('',*,*,#1191,.T.);
#1191 = EDGE_CURVE('',#1192,#1194,#1196,.T.);
#1192 = VERTEX_POINT('',#1193);
#1193 = CARTESIAN_POINT('',(-0.162230377286,-0.35,-0.540767924286));
#1194 = VERTEX_POINT('',#1195);
#1195 = CARTESIAN_POINT('',(-0.425000733956,-0.35,-1.416669113186));
#1196 = LINE('',#1197,#1198);
#1197 = CARTESIAN_POINT('',(-0.15,-0.35,-0.5));
#1198 = VECTOR('',#1199,1.);
#1199 = DIRECTION('',(-0.287347885566,5.31700397722E-16,-0.957826285221)
  );
#1200 = ORIENTED_EDGE('',*,*,#1201,.T.);
#1201 = EDGE_CURVE('',#1194,#1202,#1204,.T.);
#1202 = VERTEX_POINT('',#1203);
#1203 = CARTESIAN_POINT('',(-0.425000733956,-0.35,-1.583330886814));
#1204 = CIRCLE('',#1205,0.29);
#1205 = AXIS2_PLACEMENT_3D('',#1206,#1207,#1208);
#1206 = CARTESIAN_POINT('',(-0.147231111242,-0.35,-1.5));
#1207 = DIRECTION('',(0.,-1.,-3.330669073875E-16));
#1208 = DIRECTION('',(0.,-3.330669073875E-16,1.));
#1209 = ORIENTED_EDGE('',*,*,#1210,.T.);
#1210 = EDGE_CURVE('',#1202,#1211,#1213,.T.);
#1211 = VERTEX_POINT('',#1212);
#1212 = CARTESIAN_POINT('',(-0.162230377286,-0.35,-2.459232075714));
#1213 = LINE('',#1214,#1215);
#1214 = CARTESIAN_POINT('',(-0.45,-0.35,-1.5));
#1215 = VECTOR('',#1216,1.);
#1216 = DIRECTION('',(0.287347885566,5.31700397722E-16,-0.957826285221)
  );
#1217 = ORIENTED_EDGE('',*,*,#1218,.F.);
#1218 = EDGE_CURVE('',#1219,#1211,#1221,.T.);
#1219 = VERTEX_POINT('',#1220);
#1220 = CARTESIAN_POINT('',(-0.15,-0.35,-2.542562962528));
#1221 = CIRCLE('',#1222,0.29);
#1222 = AXIS2_PLACEMENT_3D('',#1223,#1224,#1225);
#1223 = CARTESIAN_POINT('',(-0.44,-0.35,-2.542562962528));
#1224 = DIRECTION('',(0.,-1.,-3.330669073875E-16));
#1225 = DIRECTION('',(0.,-3.330669073875E-16,1.));
#1226 = ORIENTED_EDGE('',*,*,#1227,.F.);
#1227 = EDGE_CURVE('',#1228,#1219,#1230,.T.);
#1228 = VERTEX_POINT('',#1229);
#1229 = CARTESIAN_POINT('',(-0.15,-0.35,-3.5));
#1230 = LINE('',#1231,#1232);
#1231 = CARTESIAN_POINT('',(-0.15,-0.35,-3.5));
#1232 = VECTOR('',#1233,1.);
#1233 = DIRECTION('',(0.,-5.551115123126E-16,1.));
#1234 = ORIENTED_EDGE('',*,*,#1235,.F.);
#1235 = EDGE_CURVE('',#1236,#1228,#1238,.T.);
#1236 = VERTEX_POINT('',#1237);
#1237 = CARTESIAN_POINT('',(0.15,-0.35,-3.5));
#1238 = LINE('',#1239,#1240);
#1239 = CARTESIAN_POINT('',(0.15,-0.35,-3.5));
#1240 = VECTOR('',#1241,1.);
#1241 = DIRECTION('',(-1.,-0.,0.));
#1242 = ORIENTED_EDGE('',*,*,#1243,.F.);
#1243 = EDGE_CURVE('',#1244,#1236,#1246,.T.);
#1244 = VERTEX_POINT('',#1245);
#1245 = CARTESIAN_POINT('',(0.15,-0.35,-2.542562962528));
#1246 = LINE('',#1247,#1248);
#1247 = CARTESIAN_POINT('',(0.15,-0.35,-2.5));
#1248 = VECTOR('',#1249,1.);
#1249 = DIRECTION('',(0.,5.551115123126E-16,-1.));
#1250 = ORIENTED_EDGE('',*,*,#1251,.F.);
#1251 = EDGE_CURVE('',#1252,#1244,#1254,.T.);
#1252 = VERTEX_POINT('',#1253);
#1253 = CARTESIAN_POINT('',(0.137769622714,-0.35,-2.459232075714));
#1254 = CIRCLE('',#1255,0.29);
#1255 = AXIS2_PLACEMENT_3D('',#1256,#1257,#1258);
#1256 = CARTESIAN_POINT('',(-0.14,-0.35,-2.542562962528));
#1257 = DIRECTION('',(-0.,1.,3.330669073875E-16));
#1258 = DIRECTION('',(0.,-3.330669073875E-16,1.));
#1259 = ORIENTED_EDGE('',*,*,#1260,.T.);
#1260 = EDGE_CURVE('',#1252,#1261,#1263,.T.);
#1261 = VERTEX_POINT('',#1262);
#1262 = CARTESIAN_POINT('',(-0.125000733956,-0.35,-1.583330886814));
#1263 = LINE('',#1264,#1265);
#1264 = CARTESIAN_POINT('',(0.15,-0.35,-2.5));
#1265 = VECTOR('',#1266,1.);
#1266 = DIRECTION('',(-0.287347885566,-5.31700397722E-16,0.957826285221)
  );
#1267 = ORIENTED_EDGE('',*,*,#1268,.F.);
#1268 = EDGE_CURVE('',#1269,#1261,#1271,.T.);
#1269 = VERTEX_POINT('',#1270);
#1270 = CARTESIAN_POINT('',(-0.125000733956,-0.35,-1.416669113186));
#1271 = CIRCLE('',#1272,0.29);
#1272 = AXIS2_PLACEMENT_3D('',#1273,#1274,#1275);
#1273 = CARTESIAN_POINT('',(0.152768888758,-0.35,-1.5));
#1274 = DIRECTION('',(0.,-1.,-3.330669073875E-16));
#1275 = DIRECTION('',(0.,-3.330669073875E-16,1.));
#1276 = ORIENTED_EDGE('',*,*,#1277,.T.);
#1277 = EDGE_CURVE('',#1269,#1278,#1280,.T.);
#1278 = VERTEX_POINT('',#1279);
#1279 = CARTESIAN_POINT('',(0.137769622714,-0.35,-0.540767924286));
#1280 = LINE('',#1281,#1282);
#1281 = CARTESIAN_POINT('',(-0.15,-0.35,-1.5));
#1282 = VECTOR('',#1283,1.);
#1283 = DIRECTION('',(0.287347885566,-5.31700397722E-16,0.957826285221)
  );
#1284 = ORIENTED_EDGE('',*,*,#1285,.F.);
#1285 = EDGE_CURVE('',#1286,#1278,#1288,.T.);
#1286 = VERTEX_POINT('',#1287);
#1287 = CARTESIAN_POINT('',(0.15,-0.35,-0.457437037472));
#1288 = CIRCLE('',#1289,0.29);
#1289 = AXIS2_PLACEMENT_3D('',#1290,#1291,#1292);
#1290 = CARTESIAN_POINT('',(-0.14,-0.35,-0.457437037472));
#1291 = DIRECTION('',(-0.,1.,3.330669073875E-16));
#1292 = DIRECTION('',(0.,-3.330669073875E-16,1.));
#1293 = ORIENTED_EDGE('',*,*,#1294,.F.);
#1294 = EDGE_CURVE('',#728,#1286,#1295,.T.);
#1295 = LINE('',#1296,#1297);
#1296 = CARTESIAN_POINT('',(0.15,-0.35,1.5));
#1297 = VECTOR('',#1298,1.);
#1298 = DIRECTION('',(0.,5.551115123126E-16,-1.));
#1299 = ORIENTED_EDGE('',*,*,#735,.F.);
#1300 = ORIENTED_EDGE('',*,*,#1167,.F.);
#1301 = ORIENTED_EDGE('',*,*,#1302,.F.);
#1302 = EDGE_CURVE('',#1303,#1168,#1305,.T.);
#1303 = VERTEX_POINT('',#1304);
#1304 = CARTESIAN_POINT('',(-0.15,-0.35,1.21));
#1305 = CIRCLE('',#1306,0.29);
#1306 = AXIS2_PLACEMENT_3D('',#1307,#1308,#1309);
#1307 = CARTESIAN_POINT('',(0.14,-0.35,1.21));
#1308 = DIRECTION('',(-0.,1.,3.330669073875E-16));
#1309 = DIRECTION('',(0.,-3.330669073875E-16,1.));
#1310 = ORIENTED_EDGE('',*,*,#1311,.F.);
#1311 = EDGE_CURVE('',#1312,#1303,#1314,.T.);
#1312 = VERTEX_POINT('',#1313);
#1313 = CARTESIAN_POINT('',(-0.15,-0.35,-0.457437037472));
#1314 = LINE('',#1315,#1316);
#1315 = CARTESIAN_POINT('',(-0.15,-0.35,-0.5));
#1316 = VECTOR('',#1317,1.);
#1317 = DIRECTION('',(0.,-5.551115123126E-16,1.));
#1318 = ORIENTED_EDGE('',*,*,#1319,.F.);
#1319 = EDGE_CURVE('',#1192,#1312,#1320,.T.);
#1320 = CIRCLE('',#1321,0.29);
#1321 = AXIS2_PLACEMENT_3D('',#1322,#1323,#1324);
#1322 = CARTESIAN_POINT('',(-0.44,-0.35,-0.457437037472));
#1323 = DIRECTION('',(0.,-1.,-3.330669073875E-16));
#1324 = DIRECTION('',(0.,-3.330669073875E-16,1.));
#1325 = PLANE('',#1326);
#1326 = AXIS2_PLACEMENT_3D('',#1327,#1328,#1329);
#1327 = CARTESIAN_POINT('',(-0.15,-0.35,-0.5));
#1328 = DIRECTION('',(1.64346021921E-31,-1.,-5.551115123126E-16));
#1329 = DIRECTION('',(0.,5.551115123126E-16,-1.));
#1330 = ADVANCED_FACE('',(#1331),#1475,.T.);
#1331 = FACE_BOUND('',#1332,.T.);
#1332 = EDGE_LOOP('',(#1333,#1343,#1352,#1360,#1369,#1377,#1385,#1393,
    #1402,#1410,#1419,#1427,#1436,#1442,#1443,#1451,#1460,#1468));
#1333 = ORIENTED_EDGE('',*,*,#1334,.T.);
#1334 = EDGE_CURVE('',#1335,#1337,#1339,.T.);
#1335 = VERTEX_POINT('',#1336);
#1336 = CARTESIAN_POINT('',(-0.162230377286,-4.85,-0.540767924286));
#1337 = VERTEX_POINT('',#1338);
#1338 = CARTESIAN_POINT('',(-0.425000733956,-4.85,-1.416669113186));
#1339 = LINE('',#1340,#1341);
#1340 = CARTESIAN_POINT('',(-0.15,-4.85,-0.5));
#1341 = VECTOR('',#1342,1.);
#1342 = DIRECTION('',(-0.287347885566,5.31700397722E-16,-0.957826285221)
  );
#1343 = ORIENTED_EDGE('',*,*,#1344,.T.);
#1344 = EDGE_CURVE('',#1337,#1345,#1347,.T.);
#1345 = VERTEX_POINT('',#1346);
#1346 = CARTESIAN_POINT('',(-0.425000733956,-4.85,-1.583330886814));
#1347 = CIRCLE('',#1348,0.29);
#1348 = AXIS2_PLACEMENT_3D('',#1349,#1350,#1351);
#1349 = CARTESIAN_POINT('',(-0.147231111242,-4.85,-1.5));
#1350 = DIRECTION('',(0.,-1.,-3.330669073875E-16));
#1351 = DIRECTION('',(0.,-3.330669073875E-16,1.));
#1352 = ORIENTED_EDGE('',*,*,#1353,.T.);
#1353 = EDGE_CURVE('',#1345,#1354,#1356,.T.);
#1354 = VERTEX_POINT('',#1355);
#1355 = CARTESIAN_POINT('',(-0.162230377286,-4.85,-2.459232075714));
#1356 = LINE('',#1357,#1358);
#1357 = CARTESIAN_POINT('',(-0.45,-4.85,-1.5));
#1358 = VECTOR('',#1359,1.);
#1359 = DIRECTION('',(0.287347885566,5.31700397722E-16,-0.957826285221)
  );
#1360 = ORIENTED_EDGE('',*,*,#1361,.F.);
#1361 = EDGE_CURVE('',#1362,#1354,#1364,.T.);
#1362 = VERTEX_POINT('',#1363);
#1363 = CARTESIAN_POINT('',(-0.15,-4.85,-2.542562962528));
#1364 = CIRCLE('',#1365,0.29);
#1365 = AXIS2_PLACEMENT_3D('',#1366,#1367,#1368);
#1366 = CARTESIAN_POINT('',(-0.44,-4.85,-2.542562962528));
#1367 = DIRECTION('',(0.,-1.,-3.330669073875E-16));
#1368 = DIRECTION('',(0.,-3.330669073875E-16,1.));
#1369 = ORIENTED_EDGE('',*,*,#1370,.F.);
#1370 = EDGE_CURVE('',#1371,#1362,#1373,.T.);
#1371 = VERTEX_POINT('',#1372);
#1372 = CARTESIAN_POINT('',(-0.15,-4.85,-3.5));
#1373 = LINE('',#1374,#1375);
#1374 = CARTESIAN_POINT('',(-0.15,-4.85,-3.5));
#1375 = VECTOR('',#1376,1.);
#1376 = DIRECTION('',(0.,-5.551115123126E-16,1.));
#1377 = ORIENTED_EDGE('',*,*,#1378,.F.);
#1378 = EDGE_CURVE('',#1379,#1371,#1381,.T.);
#1379 = VERTEX_POINT('',#1380);
#1380 = CARTESIAN_POINT('',(0.15,-4.85,-3.5));
#1381 = LINE('',#1382,#1383);
#1382 = CARTESIAN_POINT('',(0.15,-4.85,-3.5));
#1383 = VECTOR('',#1384,1.);
#1384 = DIRECTION('',(-1.,-0.,0.));
#1385 = ORIENTED_EDGE('',*,*,#1386,.F.);
#1386 = EDGE_CURVE('',#1387,#1379,#1389,.T.);
#1387 = VERTEX_POINT('',#1388);
#1388 = CARTESIAN_POINT('',(0.15,-4.85,-2.542562962528));
#1389 = LINE('',#1390,#1391);
#1390 = CARTESIAN_POINT('',(0.15,-4.85,-2.5));
#1391 = VECTOR('',#1392,1.);
#1392 = DIRECTION('',(0.,5.551115123126E-16,-1.));
#1393 = ORIENTED_EDGE('',*,*,#1394,.F.);
#1394 = EDGE_CURVE('',#1395,#1387,#1397,.T.);
#1395 = VERTEX_POINT('',#1396);
#1396 = CARTESIAN_POINT('',(0.137769622714,-4.85,-2.459232075714));
#1397 = CIRCLE('',#1398,0.29);
#1398 = AXIS2_PLACEMENT_3D('',#1399,#1400,#1401);
#1399 = CARTESIAN_POINT('',(-0.14,-4.85,-2.542562962528));
#1400 = DIRECTION('',(-0.,1.,3.330669073875E-16));
#1401 = DIRECTION('',(0.,-3.330669073875E-16,1.));
#1402 = ORIENTED_EDGE('',*,*,#1403,.T.);
#1403 = EDGE_CURVE('',#1395,#1404,#1406,.T.);
#1404 = VERTEX_POINT('',#1405);
#1405 = CARTESIAN_POINT('',(-0.125000733956,-4.85,-1.583330886814));
#1406 = LINE('',#1407,#1408);
#1407 = CARTESIAN_POINT('',(0.15,-4.85,-2.5));
#1408 = VECTOR('',#1409,1.);
#1409 = DIRECTION('',(-0.287347885566,-5.31700397722E-16,0.957826285221)
  );
#1410 = ORIENTED_EDGE('',*,*,#1411,.F.);
#1411 = EDGE_CURVE('',#1412,#1404,#1414,.T.);
#1412 = VERTEX_POINT('',#1413);
#1413 = CARTESIAN_POINT('',(-0.125000733956,-4.85,-1.416669113186));
#1414 = CIRCLE('',#1415,0.29);
#1415 = AXIS2_PLACEMENT_3D('',#1416,#1417,#1418);
#1416 = CARTESIAN_POINT('',(0.152768888758,-4.85,-1.5));
#1417 = DIRECTION('',(0.,-1.,-3.330669073875E-16));
#1418 = DIRECTION('',(0.,-3.330669073875E-16,1.));
#1419 = ORIENTED_EDGE('',*,*,#1420,.T.);
#1420 = EDGE_CURVE('',#1412,#1421,#1423,.T.);
#1421 = VERTEX_POINT('',#1422);
#1422 = CARTESIAN_POINT('',(0.137769622714,-4.85,-0.540767924286));
#1423 = LINE('',#1424,#1425);
#1424 = CARTESIAN_POINT('',(-0.15,-4.85,-1.5));
#1425 = VECTOR('',#1426,1.);
#1426 = DIRECTION('',(0.287347885566,-5.31700397722E-16,0.957826285221)
  );
#1427 = ORIENTED_EDGE('',*,*,#1428,.F.);
#1428 = EDGE_CURVE('',#1429,#1421,#1431,.T.);
#1429 = VERTEX_POINT('',#1430);
#1430 = CARTESIAN_POINT('',(0.15,-4.85,-0.457437037472));
#1431 = CIRCLE('',#1432,0.29);
#1432 = AXIS2_PLACEMENT_3D('',#1433,#1434,#1435);
#1433 = CARTESIAN_POINT('',(-0.14,-4.85,-0.457437037472));
#1434 = DIRECTION('',(-0.,1.,3.330669073875E-16));
#1435 = DIRECTION('',(0.,-3.330669073875E-16,1.));
#1436 = ORIENTED_EDGE('',*,*,#1437,.F.);
#1437 = EDGE_CURVE('',#696,#1429,#1438,.T.);
#1438 = LINE('',#1439,#1440);
#1439 = CARTESIAN_POINT('',(0.15,-4.85,1.5));
#1440 = VECTOR('',#1441,1.);
#1441 = DIRECTION('',(0.,5.551115123126E-16,-1.));
#1442 = ORIENTED_EDGE('',*,*,#703,.F.);
#1443 = ORIENTED_EDGE('',*,*,#1444,.F.);
#1444 = EDGE_CURVE('',#1445,#704,#1447,.T.);
#1445 = VERTEX_POINT('',#1446);
#1446 = CARTESIAN_POINT('',(0.14,-4.85,1.5));
#1447 = LINE('',#1448,#1449);
#1448 = CARTESIAN_POINT('',(-0.15,-4.85,1.5));
#1449 = VECTOR('',#1450,1.);
#1450 = DIRECTION('',(1.,0.,0.));
#1451 = ORIENTED_EDGE('',*,*,#1452,.F.);
#1452 = EDGE_CURVE('',#1453,#1445,#1455,.T.);
#1453 = VERTEX_POINT('',#1454);
#1454 = CARTESIAN_POINT('',(-0.15,-4.85,1.21));
#1455 = CIRCLE('',#1456,0.29);
#1456 = AXIS2_PLACEMENT_3D('',#1457,#1458,#1459);
#1457 = CARTESIAN_POINT('',(0.14,-4.85,1.21));
#1458 = DIRECTION('',(-0.,1.,3.330669073875E-16));
#1459 = DIRECTION('',(0.,-3.330669073875E-16,1.));
#1460 = ORIENTED_EDGE('',*,*,#1461,.F.);
#1461 = EDGE_CURVE('',#1462,#1453,#1464,.T.);
#1462 = VERTEX_POINT('',#1463);
#1463 = CARTESIAN_POINT('',(-0.15,-4.85,-0.457437037472));
#1464 = LINE('',#1465,#1466);
#1465 = CARTESIAN_POINT('',(-0.15,-4.85,-0.5));
#1466 = VECTOR('',#1467,1.);
#1467 = DIRECTION('',(0.,-5.551115123126E-16,1.));
#1468 = ORIENTED_EDGE('',*,*,#1469,.F.);
#1469 = EDGE_CURVE('',#1335,#1462,#1470,.T.);
#1470 = CIRCLE('',#1471,0.29);
#1471 = AXIS2_PLACEMENT_3D('',#1472,#1473,#1474);
#1472 = CARTESIAN_POINT('',(-0.44,-4.85,-0.457437037472));
#1473 = DIRECTION('',(0.,-1.,-3.330669073875E-16));
#1474 = DIRECTION('',(0.,-3.330669073875E-16,1.));
#1475 = PLANE('',#1476);
#1476 = AXIS2_PLACEMENT_3D('',#1477,#1478,#1479);
#1477 = CARTESIAN_POINT('',(-0.15,-4.85,-0.5));
#1478 = DIRECTION('',(0.,-1.,-3.330669073875E-16));
#1479 = DIRECTION('',(0.,3.330669073875E-16,-1.));
#1480 = ADVANCED_FACE('',(#1481),#1625,.F.);
#1481 = FACE_BOUND('',#1482,.F.);
#1482 = EDGE_LOOP('',(#1483,#1493,#1502,#1510,#1519,#1527,#1535,#1543,
    #1552,#1560,#1569,#1577,#1586,#1592,#1593,#1601,#1610,#1618));
#1483 = ORIENTED_EDGE('',*,*,#1484,.T.);
#1484 = EDGE_CURVE('',#1485,#1487,#1489,.T.);
#1485 = VERTEX_POINT('',#1486);
#1486 = CARTESIAN_POINT('',(-0.162230377286,-4.15,-0.540767924286));
#1487 = VERTEX_POINT('',#1488);
#1488 = CARTESIAN_POINT('',(-0.425000733956,-4.15,-1.416669113186));
#1489 = LINE('',#1490,#1491);
#1490 = CARTESIAN_POINT('',(-0.15,-4.15,-0.5));
#1491 = VECTOR('',#1492,1.);
#1492 = DIRECTION('',(-0.287347885566,5.31700397722E-16,-0.957826285221)
  );
#1493 = ORIENTED_EDGE('',*,*,#1494,.T.);
#1494 = EDGE_CURVE('',#1487,#1495,#1497,.T.);
#1495 = VERTEX_POINT('',#1496);
#1496 = CARTESIAN_POINT('',(-0.425000733956,-4.15,-1.583330886814));
#1497 = CIRCLE('',#1498,0.29);
#1498 = AXIS2_PLACEMENT_3D('',#1499,#1500,#1501);
#1499 = CARTESIAN_POINT('',(-0.147231111242,-4.15,-1.5));
#1500 = DIRECTION('',(0.,-1.,-3.330669073875E-16));
#1501 = DIRECTION('',(0.,-3.330669073875E-16,1.));
#1502 = ORIENTED_EDGE('',*,*,#1503,.T.);
#1503 = EDGE_CURVE('',#1495,#1504,#1506,.T.);
#1504 = VERTEX_POINT('',#1505);
#1505 = CARTESIAN_POINT('',(-0.162230377286,-4.15,-2.459232075714));
#1506 = LINE('',#1507,#1508);
#1507 = CARTESIAN_POINT('',(-0.45,-4.15,-1.5));
#1508 = VECTOR('',#1509,1.);
#1509 = DIRECTION('',(0.287347885566,5.31700397722E-16,-0.957826285221)
  );
#1510 = ORIENTED_EDGE('',*,*,#1511,.F.);
#1511 = EDGE_CURVE('',#1512,#1504,#1514,.T.);
#1512 = VERTEX_POINT('',#1513);
#1513 = CARTESIAN_POINT('',(-0.15,-4.15,-2.542562962528));
#1514 = CIRCLE('',#1515,0.29);
#1515 = AXIS2_PLACEMENT_3D('',#1516,#1517,#1518);
#1516 = CARTESIAN_POINT('',(-0.44,-4.15,-2.542562962528));
#1517 = DIRECTION('',(0.,-1.,-3.330669073875E-16));
#1518 = DIRECTION('',(0.,-3.330669073875E-16,1.));
#1519 = ORIENTED_EDGE('',*,*,#1520,.F.);
#1520 = EDGE_CURVE('',#1521,#1512,#1523,.T.);
#1521 = VERTEX_POINT('',#1522);
#1522 = CARTESIAN_POINT('',(-0.15,-4.15,-3.5));
#1523 = LINE('',#1524,#1525);
#1524 = CARTESIAN_POINT('',(-0.15,-4.15,-3.5));
#1525 = VECTOR('',#1526,1.);
#1526 = DIRECTION('',(0.,-5.551115123126E-16,1.));
#1527 = ORIENTED_EDGE('',*,*,#1528,.F.);
#1528 = EDGE_CURVE('',#1529,#1521,#1531,.T.);
#1529 = VERTEX_POINT('',#1530);
#1530 = CARTESIAN_POINT('',(0.15,-4.15,-3.5));
#1531 = LINE('',#1532,#1533);
#1532 = CARTESIAN_POINT('',(0.15,-4.15,-3.5));
#1533 = VECTOR('',#1534,1.);
#1534 = DIRECTION('',(-1.,-0.,0.));
#1535 = ORIENTED_EDGE('',*,*,#1536,.F.);
#1536 = EDGE_CURVE('',#1537,#1529,#1539,.T.);
#1537 = VERTEX_POINT('',#1538);
#1538 = CARTESIAN_POINT('',(0.15,-4.15,-2.542562962528));
#1539 = LINE('',#1540,#1541);
#1540 = CARTESIAN_POINT('',(0.15,-4.15,-2.5));
#1541 = VECTOR('',#1542,1.);
#1542 = DIRECTION('',(0.,5.551115123126E-16,-1.));
#1543 = ORIENTED_EDGE('',*,*,#1544,.F.);
#1544 = EDGE_CURVE('',#1545,#1537,#1547,.T.);
#1545 = VERTEX_POINT('',#1546);
#1546 = CARTESIAN_POINT('',(0.137769622714,-4.15,-2.459232075714));
#1547 = CIRCLE('',#1548,0.29);
#1548 = AXIS2_PLACEMENT_3D('',#1549,#1550,#1551);
#1549 = CARTESIAN_POINT('',(-0.14,-4.15,-2.542562962528));
#1550 = DIRECTION('',(-0.,1.,3.330669073875E-16));
#1551 = DIRECTION('',(0.,-3.330669073875E-16,1.));
#1552 = ORIENTED_EDGE('',*,*,#1553,.T.);
#1553 = EDGE_CURVE('',#1545,#1554,#1556,.T.);
#1554 = VERTEX_POINT('',#1555);
#1555 = CARTESIAN_POINT('',(-0.125000733956,-4.15,-1.583330886814));
#1556 = LINE('',#1557,#1558);
#1557 = CARTESIAN_POINT('',(0.15,-4.15,-2.5));
#1558 = VECTOR('',#1559,1.);
#1559 = DIRECTION('',(-0.287347885566,-5.31700397722E-16,0.957826285221)
  );
#1560 = ORIENTED_EDGE('',*,*,#1561,.F.);
#1561 = EDGE_CURVE('',#1562,#1554,#1564,.T.);
#1562 = VERTEX_POINT('',#1563);
#1563 = CARTESIAN_POINT('',(-0.125000733956,-4.15,-1.416669113186));
#1564 = CIRCLE('',#1565,0.29);
#1565 = AXIS2_PLACEMENT_3D('',#1566,#1567,#1568);
#1566 = CARTESIAN_POINT('',(0.152768888758,-4.15,-1.5));
#1567 = DIRECTION('',(0.,-1.,-3.330669073875E-16));
#1568 = DIRECTION('',(0.,-3.330669073875E-16,1.));
#1569 = ORIENTED_EDGE('',*,*,#1570,.T.);
#1570 = EDGE_CURVE('',#1562,#1571,#1573,.T.);
#1571 = VERTEX_POINT('',#1572);
#1572 = CARTESIAN_POINT('',(0.137769622714,-4.15,-0.540767924286));
#1573 = LINE('',#1574,#1575);
#1574 = CARTESIAN_POINT('',(-0.15,-4.15,-1.5));
#1575 = VECTOR('',#1576,1.);
#1576 = DIRECTION('',(0.287347885566,-5.31700397722E-16,0.957826285221)
  );
#1577 = ORIENTED_EDGE('',*,*,#1578,.F.);
#1578 = EDGE_CURVE('',#1579,#1571,#1581,.T.);
#1579 = VERTEX_POINT('',#1580);
#1580 = CARTESIAN_POINT('',(0.15,-4.15,-0.457437037472));
#1581 = CIRCLE('',#1582,0.29);
#1582 = AXIS2_PLACEMENT_3D('',#1583,#1584,#1585);
#1583 = CARTESIAN_POINT('',(-0.14,-4.15,-0.457437037472));
#1584 = DIRECTION('',(-0.,1.,3.330669073875E-16));
#1585 = DIRECTION('',(0.,-3.330669073875E-16,1.));
#1586 = ORIENTED_EDGE('',*,*,#1587,.F.);
#1587 = EDGE_CURVE('',#720,#1579,#1588,.T.);
#1588 = LINE('',#1589,#1590);
#1589 = CARTESIAN_POINT('',(0.15,-4.15,1.5));
#1590 = VECTOR('',#1591,1.);
#1591 = DIRECTION('',(0.,5.551115123126E-16,-1.));
#1592 = ORIENTED_EDGE('',*,*,#719,.F.);
#1593 = ORIENTED_EDGE('',*,*,#1594,.F.);
#1594 = EDGE_CURVE('',#1595,#712,#1597,.T.);
#1595 = VERTEX_POINT('',#1596);
#1596 = CARTESIAN_POINT('',(0.14,-4.15,1.5));
#1597 = LINE('',#1598,#1599);
#1598 = CARTESIAN_POINT('',(-0.15,-4.15,1.5));
#1599 = VECTOR('',#1600,1.);
#1600 = DIRECTION('',(1.,0.,0.));
#1601 = ORIENTED_EDGE('',*,*,#1602,.F.);
#1602 = EDGE_CURVE('',#1603,#1595,#1605,.T.);
#1603 = VERTEX_POINT('',#1604);
#1604 = CARTESIAN_POINT('',(-0.15,-4.15,1.21));
#1605 = CIRCLE('',#1606,0.29);
#1606 = AXIS2_PLACEMENT_3D('',#1607,#1608,#1609);
#1607 = CARTESIAN_POINT('',(0.14,-4.15,1.21));
#1608 = DIRECTION('',(-0.,1.,3.330669073875E-16));
#1609 = DIRECTION('',(0.,-3.330669073875E-16,1.));
#1610 = ORIENTED_EDGE('',*,*,#1611,.F.);
#1611 = EDGE_CURVE('',#1612,#1603,#1614,.T.);
#1612 = VERTEX_POINT('',#1613);
#1613 = CARTESIAN_POINT('',(-0.15,-4.15,-0.457437037472));
#1614 = LINE('',#1615,#1616);
#1615 = CARTESIAN_POINT('',(-0.15,-4.15,-0.5));
#1616 = VECTOR('',#1617,1.);
#1617 = DIRECTION('',(0.,-5.551115123126E-16,1.));
#1618 = ORIENTED_EDGE('',*,*,#1619,.F.);
#1619 = EDGE_CURVE('',#1485,#1612,#1620,.T.);
#1620 = CIRCLE('',#1621,0.29);
#1621 = AXIS2_PLACEMENT_3D('',#1622,#1623,#1624);
#1622 = CARTESIAN_POINT('',(-0.44,-4.15,-0.457437037472));
#1623 = DIRECTION('',(0.,-1.,-3.330669073875E-16));
#1624 = DIRECTION('',(0.,-3.330669073875E-16,1.));
#1625 = PLANE('',#1626);
#1626 = AXIS2_PLACEMENT_3D('',#1627,#1628,#1629);
#1627 = CARTESIAN_POINT('',(-0.15,-4.15,-0.5));
#1628 = DIRECTION('',(0.,-1.,-3.330669073875E-16));
#1629 = DIRECTION('',(0.,3.330669073875E-16,-1.));
#1630 = ADVANCED_FACE('',(#1631),#1642,.F.);
#1631 = FACE_BOUND('',#1632,.F.);
#1632 = EDGE_LOOP('',(#1633,#1634,#1640,#1641));
#1633 = ORIENTED_EDGE('',*,*,#1444,.F.);
#1634 = ORIENTED_EDGE('',*,*,#1635,.T.);
#1635 = EDGE_CURVE('',#1445,#1595,#1636,.T.);
#1636 = LINE('',#1637,#1638);
#1637 = CARTESIAN_POINT('',(0.14,-4.85,1.5));
#1638 = VECTOR('',#1639,1.);
#1639 = DIRECTION('',(0.,1.,3.330669073875E-16));
#1640 = ORIENTED_EDGE('',*,*,#1594,.T.);
#1641 = ORIENTED_EDGE('',*,*,#711,.F.);
#1642 = PLANE('',#1643);
#1643 = AXIS2_PLACEMENT_3D('',#1644,#1645,#1646);
#1644 = CARTESIAN_POINT('',(-0.15,-4.85,1.5));
#1645 = DIRECTION('',(0.,3.330669073875E-16,-1.));
#1646 = DIRECTION('',(1.,0.,0.));
#1647 = ADVANCED_FACE('',(#1648),#1792,.F.);
#1648 = FACE_BOUND('',#1649,.F.);
#1649 = EDGE_LOOP('',(#1650,#1660,#1669,#1677,#1686,#1694,#1702,#1710,
    #1719,#1727,#1736,#1744,#1753,#1759,#1760,#1768,#1777,#1785));
#1650 = ORIENTED_EDGE('',*,*,#1651,.T.);
#1651 = EDGE_CURVE('',#1652,#1654,#1656,.T.);
#1652 = VERTEX_POINT('',#1653);
#1653 = CARTESIAN_POINT('',(6.462230377286,-4.85,-0.540767924286));
#1654 = VERTEX_POINT('',#1655);
#1655 = CARTESIAN_POINT('',(6.725000733956,-4.85,-1.416669113186));
#1656 = LINE('',#1657,#1658);
#1657 = CARTESIAN_POINT('',(6.45,-4.85,-0.5));
#1658 = VECTOR('',#1659,1.);
#1659 = DIRECTION('',(0.287347885566,5.31700397722E-16,-0.957826285221)
  );
#1660 = ORIENTED_EDGE('',*,*,#1661,.T.);
#1661 = EDGE_CURVE('',#1654,#1662,#1664,.T.);
#1662 = VERTEX_POINT('',#1663);
#1663 = CARTESIAN_POINT('',(6.725000733956,-4.85,-1.583330886814));
#1664 = CIRCLE('',#1665,0.29);
#1665 = AXIS2_PLACEMENT_3D('',#1666,#1667,#1668);
#1666 = CARTESIAN_POINT('',(6.447231111242,-4.85,-1.5));
#1667 = DIRECTION('',(-0.,1.,3.330669073875E-16));
#1668 = DIRECTION('',(0.,-3.330669073875E-16,1.));
#1669 = ORIENTED_EDGE('',*,*,#1670,.T.);
#1670 = EDGE_CURVE('',#1662,#1671,#1673,.T.);
#1671 = VERTEX_POINT('',#1672);
#1672 = CARTESIAN_POINT('',(6.462230377286,-4.85,-2.459232075714));
#1673 = LINE('',#1674,#1675);
#1674 = CARTESIAN_POINT('',(6.75,-4.85,-1.5));
#1675 = VECTOR('',#1676,1.);
#1676 = DIRECTION('',(-0.287347885566,5.31700397722E-16,-0.957826285221)
  );
#1677 = ORIENTED_EDGE('',*,*,#1678,.F.);
#1678 = EDGE_CURVE('',#1679,#1671,#1681,.T.);
#1679 = VERTEX_POINT('',#1680);
#1680 = CARTESIAN_POINT('',(6.45,-4.85,-2.542562962528));
#1681 = CIRCLE('',#1682,0.29);
#1682 = AXIS2_PLACEMENT_3D('',#1683,#1684,#1685);
#1683 = CARTESIAN_POINT('',(6.74,-4.85,-2.542562962528));
#1684 = DIRECTION('',(-0.,1.,3.330669073875E-16));
#1685 = DIRECTION('',(0.,-3.330669073875E-16,1.));
#1686 = ORIENTED_EDGE('',*,*,#1687,.F.);
#1687 = EDGE_CURVE('',#1688,#1679,#1690,.T.);
#1688 = VERTEX_POINT('',#1689);
#1689 = CARTESIAN_POINT('',(6.45,-4.85,-3.5));
#1690 = LINE('',#1691,#1692);
#1691 = CARTESIAN_POINT('',(6.45,-4.85,-3.5));
#1692 = VECTOR('',#1693,1.);
#1693 = DIRECTION('',(0.,-5.551115123126E-16,1.));
#1694 = ORIENTED_EDGE('',*,*,#1695,.F.);
#1695 = EDGE_CURVE('',#1696,#1688,#1698,.T.);
#1696 = VERTEX_POINT('',#1697);
#1697 = CARTESIAN_POINT('',(6.15,-4.85,-3.5));
#1698 = LINE('',#1699,#1700);
#1699 = CARTESIAN_POINT('',(6.15,-4.85,-3.5));
#1700 = VECTOR('',#1701,1.);
#1701 = DIRECTION('',(1.,0.,0.));
#1702 = ORIENTED_EDGE('',*,*,#1703,.F.);
#1703 = EDGE_CURVE('',#1704,#1696,#1706,.T.);
#1704 = VERTEX_POINT('',#1705);
#1705 = CARTESIAN_POINT('',(6.15,-4.85,-2.542562962528));
#1706 = LINE('',#1707,#1708);
#1707 = CARTESIAN_POINT('',(6.15,-4.85,-2.5));
#1708 = VECTOR('',#1709,1.);
#1709 = DIRECTION('',(0.,5.551115123126E-16,-1.));
#1710 = ORIENTED_EDGE('',*,*,#1711,.F.);
#1711 = EDGE_CURVE('',#1712,#1704,#1714,.T.);
#1712 = VERTEX_POINT('',#1713);
#1713 = CARTESIAN_POINT('',(6.162230377286,-4.85,-2.459232075714));
#1714 = CIRCLE('',#1715,0.29);
#1715 = AXIS2_PLACEMENT_3D('',#1716,#1717,#1718);
#1716 = CARTESIAN_POINT('',(6.44,-4.85,-2.542562962528));
#1717 = DIRECTION('',(0.,-1.,-3.330669073875E-16));
#1718 = DIRECTION('',(0.,-3.330669073875E-16,1.));
#1719 = ORIENTED_EDGE('',*,*,#1720,.T.);
#1720 = EDGE_CURVE('',#1712,#1721,#1723,.T.);
#1721 = VERTEX_POINT('',#1722);
#1722 = CARTESIAN_POINT('',(6.425000733956,-4.85,-1.583330886814));
#1723 = LINE('',#1724,#1725);
#1724 = CARTESIAN_POINT('',(6.15,-4.85,-2.5));
#1725 = VECTOR('',#1726,1.);
#1726 = DIRECTION('',(0.287347885566,-5.31700397722E-16,0.957826285221)
  );
#1727 = ORIENTED_EDGE('',*,*,#1728,.F.);
#1728 = EDGE_CURVE('',#1729,#1721,#1731,.T.);
#1729 = VERTEX_POINT('',#1730);
#1730 = CARTESIAN_POINT('',(6.425000733956,-4.85,-1.416669113186));
#1731 = CIRCLE('',#1732,0.29);
#1732 = AXIS2_PLACEMENT_3D('',#1733,#1734,#1735);
#1733 = CARTESIAN_POINT('',(6.147231111242,-4.85,-1.5));
#1734 = DIRECTION('',(-0.,1.,3.330669073875E-16));
#1735 = DIRECTION('',(0.,-3.330669073875E-16,1.));
#1736 = ORIENTED_EDGE('',*,*,#1737,.T.);
#1737 = EDGE_CURVE('',#1729,#1738,#1740,.T.);
#1738 = VERTEX_POINT('',#1739);
#1739 = CARTESIAN_POINT('',(6.162230377286,-4.85,-0.540767924286));
#1740 = LINE('',#1741,#1742);
#1741 = CARTESIAN_POINT('',(6.45,-4.85,-1.5));
#1742 = VECTOR('',#1743,1.);
#1743 = DIRECTION('',(-0.287347885566,-5.31700397722E-16,0.957826285221)
  );
#1744 = ORIENTED_EDGE('',*,*,#1745,.F.);
#1745 = EDGE_CURVE('',#1746,#1738,#1748,.T.);
#1746 = VERTEX_POINT('',#1747);
#1747 = CARTESIAN_POINT('',(6.15,-4.85,-0.457437037472));
#1748 = CIRCLE('',#1749,0.29);
#1749 = AXIS2_PLACEMENT_3D('',#1750,#1751,#1752);
#1750 = CARTESIAN_POINT('',(6.44,-4.85,-0.457437037472));
#1751 = DIRECTION('',(0.,-1.,-3.330669073875E-16));
#1752 = DIRECTION('',(0.,-3.330669073875E-16,1.));
#1753 = ORIENTED_EDGE('',*,*,#1754,.F.);
#1754 = EDGE_CURVE('',#766,#1746,#1755,.T.);
#1755 = LINE('',#1756,#1757);
#1756 = CARTESIAN_POINT('',(6.15,-4.85,1.5));
#1757 = VECTOR('',#1758,1.);
#1758 = DIRECTION('',(0.,5.551115123126E-16,-1.));
#1759 = ORIENTED_EDGE('',*,*,#839,.F.);
#1760 = ORIENTED_EDGE('',*,*,#1761,.F.);
#1761 = EDGE_CURVE('',#1762,#832,#1764,.T.);
#1762 = VERTEX_POINT('',#1763);
#1763 = CARTESIAN_POINT('',(6.16,-4.85,1.5));
#1764 = LINE('',#1765,#1766);
#1765 = CARTESIAN_POINT('',(6.45,-4.85,1.5));
#1766 = VECTOR('',#1767,1.);
#1767 = DIRECTION('',(-1.,-0.,0.));
#1768 = ORIENTED_EDGE('',*,*,#1769,.F.);
#1769 = EDGE_CURVE('',#1770,#1762,#1772,.T.);
#1770 = VERTEX_POINT('',#1771);
#1771 = CARTESIAN_POINT('',(6.45,-4.85,1.21));
#1772 = CIRCLE('',#1773,0.29);
#1773 = AXIS2_PLACEMENT_3D('',#1774,#1775,#1776);
#1774 = CARTESIAN_POINT('',(6.16,-4.85,1.21));
#1775 = DIRECTION('',(0.,-1.,-3.330669073875E-16));
#1776 = DIRECTION('',(0.,-3.330669073875E-16,1.));
#1777 = ORIENTED_EDGE('',*,*,#1778,.F.);
#1778 = EDGE_CURVE('',#1779,#1770,#1781,.T.);
#1779 = VERTEX_POINT('',#1780);
#1780 = CARTESIAN_POINT('',(6.45,-4.85,-0.457437037472));
#1781 = LINE('',#1782,#1783);
#1782 = CARTESIAN_POINT('',(6.45,-4.85,-0.5));
#1783 = VECTOR('',#1784,1.);
#1784 = DIRECTION('',(0.,-5.551115123126E-16,1.));
#1785 = ORIENTED_EDGE('',*,*,#1786,.F.);
#1786 = EDGE_CURVE('',#1652,#1779,#1787,.T.);
#1787 = CIRCLE('',#1788,0.29);
#1788 = AXIS2_PLACEMENT_3D('',#1789,#1790,#1791);
#1789 = CARTESIAN_POINT('',(6.74,-4.85,-0.457437037472));
#1790 = DIRECTION('',(-0.,1.,3.330669073875E-16));
#1791 = DIRECTION('',(0.,-3.330669073875E-16,1.));
#1792 = PLANE('',#1793);
#1793 = AXIS2_PLACEMENT_3D('',#1794,#1795,#1796);
#1794 = CARTESIAN_POINT('',(6.45,-4.85,-0.5));
#1795 = DIRECTION('',(0.,1.,3.330669073875E-16));
#1796 = DIRECTION('',(0.,-3.330669073875E-16,1.));
#1797 = ADVANCED_FACE('',(#1798),#1816,.T.);
#1798 = FACE_BOUND('',#1799,.T.);
#1799 = EDGE_LOOP('',(#1800,#1801,#1809,#1815));
#1800 = ORIENTED_EDGE('',*,*,#1761,.F.);
#1801 = ORIENTED_EDGE('',*,*,#1802,.T.);
#1802 = EDGE_CURVE('',#1762,#1803,#1805,.T.);
#1803 = VERTEX_POINT('',#1804);
#1804 = CARTESIAN_POINT('',(6.16,-4.15,1.5));
#1805 = LINE('',#1806,#1807);
#1806 = CARTESIAN_POINT('',(6.16,-4.85,1.5));
#1807 = VECTOR('',#1808,1.);
#1808 = DIRECTION('',(0.,1.,3.330669073875E-16));
#1809 = ORIENTED_EDGE('',*,*,#1810,.T.);
#1810 = EDGE_CURVE('',#1803,#824,#1811,.T.);
#1811 = LINE('',#1812,#1813);
#1812 = CARTESIAN_POINT('',(6.45,-4.15,1.5));
#1813 = VECTOR('',#1814,1.);
#1814 = DIRECTION('',(-1.,-0.,0.));
#1815 = ORIENTED_EDGE('',*,*,#831,.F.);
#1816 = PLANE('',#1817);
#1817 = AXIS2_PLACEMENT_3D('',#1818,#1819,#1820);
#1818 = CARTESIAN_POINT('',(6.45,-4.85,1.5));
#1819 = DIRECTION('',(0.,-3.330669073875E-16,1.));
#1820 = DIRECTION('',(-1.,0.,0.));
#1821 = ADVANCED_FACE('',(#1822),#1959,.T.);
#1822 = FACE_BOUND('',#1823,.T.);
#1823 = EDGE_LOOP('',(#1824,#1834,#1843,#1851,#1860,#1868,#1876,#1884,
    #1893,#1901,#1910,#1918,#1927,#1933,#1934,#1935,#1944,#1952));
#1824 = ORIENTED_EDGE('',*,*,#1825,.T.);
#1825 = EDGE_CURVE('',#1826,#1828,#1830,.T.);
#1826 = VERTEX_POINT('',#1827);
#1827 = CARTESIAN_POINT('',(6.462230377286,-4.15,-0.540767924286));
#1828 = VERTEX_POINT('',#1829);
#1829 = CARTESIAN_POINT('',(6.725000733956,-4.15,-1.416669113186));
#1830 = LINE('',#1831,#1832);
#1831 = CARTESIAN_POINT('',(6.45,-4.15,-0.5));
#1832 = VECTOR('',#1833,1.);
#1833 = DIRECTION('',(0.287347885566,5.31700397722E-16,-0.957826285221)
  );
#1834 = ORIENTED_EDGE('',*,*,#1835,.T.);
#1835 = EDGE_CURVE('',#1828,#1836,#1838,.T.);
#1836 = VERTEX_POINT('',#1837);
#1837 = CARTESIAN_POINT('',(6.725000733956,-4.15,-1.583330886814));
#1838 = CIRCLE('',#1839,0.29);
#1839 = AXIS2_PLACEMENT_3D('',#1840,#1841,#1842);
#1840 = CARTESIAN_POINT('',(6.447231111242,-4.15,-1.5));
#1841 = DIRECTION('',(-0.,1.,3.330669073875E-16));
#1842 = DIRECTION('',(0.,-3.330669073875E-16,1.));
#1843 = ORIENTED_EDGE('',*,*,#1844,.T.);
#1844 = EDGE_CURVE('',#1836,#1845,#1847,.T.);
#1845 = VERTEX_POINT('',#1846);
#1846 = CARTESIAN_POINT('',(6.462230377286,-4.15,-2.459232075714));
#1847 = LINE('',#1848,#1849);
#1848 = CARTESIAN_POINT('',(6.75,-4.15,-1.5));
#1849 = VECTOR('',#1850,1.);
#1850 = DIRECTION('',(-0.287347885566,5.31700397722E-16,-0.957826285221)
  );
#1851 = ORIENTED_EDGE('',*,*,#1852,.F.);
#1852 = EDGE_CURVE('',#1853,#1845,#1855,.T.);
#1853 = VERTEX_POINT('',#1854);
#1854 = CARTESIAN_POINT('',(6.45,-4.15,-2.542562962528));
#1855 = CIRCLE('',#1856,0.29);
#1856 = AXIS2_PLACEMENT_3D('',#1857,#1858,#1859);
#1857 = CARTESIAN_POINT('',(6.74,-4.15,-2.542562962528));
#1858 = DIRECTION('',(-0.,1.,3.330669073875E-16));
#1859 = DIRECTION('',(0.,-3.330669073875E-16,1.));
#1860 = ORIENTED_EDGE('',*,*,#1861,.F.);
#1861 = EDGE_CURVE('',#1862,#1853,#1864,.T.);
#1862 = VERTEX_POINT('',#1863);
#1863 = CARTESIAN_POINT('',(6.45,-4.15,-3.5));
#1864 = LINE('',#1865,#1866);
#1865 = CARTESIAN_POINT('',(6.45,-4.15,-3.5));
#1866 = VECTOR('',#1867,1.);
#1867 = DIRECTION('',(0.,-5.551115123126E-16,1.));
#1868 = ORIENTED_EDGE('',*,*,#1869,.F.);
#1869 = EDGE_CURVE('',#1870,#1862,#1872,.T.);
#1870 = VERTEX_POINT('',#1871);
#1871 = CARTESIAN_POINT('',(6.15,-4.15,-3.5));
#1872 = LINE('',#1873,#1874);
#1873 = CARTESIAN_POINT('',(6.15,-4.15,-3.5));
#1874 = VECTOR('',#1875,1.);
#1875 = DIRECTION('',(1.,0.,0.));
#1876 = ORIENTED_EDGE('',*,*,#1877,.F.);
#1877 = EDGE_CURVE('',#1878,#1870,#1880,.T.);
#1878 = VERTEX_POINT('',#1879);
#1879 = CARTESIAN_POINT('',(6.15,-4.15,-2.542562962528));
#1880 = LINE('',#1881,#1882);
#1881 = CARTESIAN_POINT('',(6.15,-4.15,-2.5));
#1882 = VECTOR('',#1883,1.);
#1883 = DIRECTION('',(0.,5.551115123126E-16,-1.));
#1884 = ORIENTED_EDGE('',*,*,#1885,.F.);
#1885 = EDGE_CURVE('',#1886,#1878,#1888,.T.);
#1886 = VERTEX_POINT('',#1887);
#1887 = CARTESIAN_POINT('',(6.162230377286,-4.15,-2.459232075714));
#1888 = CIRCLE('',#1889,0.29);
#1889 = AXIS2_PLACEMENT_3D('',#1890,#1891,#1892);
#1890 = CARTESIAN_POINT('',(6.44,-4.15,-2.542562962528));
#1891 = DIRECTION('',(0.,-1.,-3.330669073875E-16));
#1892 = DIRECTION('',(0.,-3.330669073875E-16,1.));
#1893 = ORIENTED_EDGE('',*,*,#1894,.T.);
#1894 = EDGE_CURVE('',#1886,#1895,#1897,.T.);
#1895 = VERTEX_POINT('',#1896);
#1896 = CARTESIAN_POINT('',(6.425000733956,-4.15,-1.583330886814));
#1897 = LINE('',#1898,#1899);
#1898 = CARTESIAN_POINT('',(6.15,-4.15,-2.5));
#1899 = VECTOR('',#1900,1.);
#1900 = DIRECTION('',(0.287347885566,-5.31700397722E-16,0.957826285221)
  );
#1901 = ORIENTED_EDGE('',*,*,#1902,.F.);
#1902 = EDGE_CURVE('',#1903,#1895,#1905,.T.);
#1903 = VERTEX_POINT('',#1904);
#1904 = CARTESIAN_POINT('',(6.425000733956,-4.15,-1.416669113186));
#1905 = CIRCLE('',#1906,0.29);
#1906 = AXIS2_PLACEMENT_3D('',#1907,#1908,#1909);
#1907 = CARTESIAN_POINT('',(6.147231111242,-4.15,-1.5));
#1908 = DIRECTION('',(-0.,1.,3.330669073875E-16));
#1909 = DIRECTION('',(0.,-3.330669073875E-16,1.));
#1910 = ORIENTED_EDGE('',*,*,#1911,.T.);
#1911 = EDGE_CURVE('',#1903,#1912,#1914,.T.);
#1912 = VERTEX_POINT('',#1913);
#1913 = CARTESIAN_POINT('',(6.162230377286,-4.15,-0.540767924286));
#1914 = LINE('',#1915,#1916);
#1915 = CARTESIAN_POINT('',(6.45,-4.15,-1.5));
#1916 = VECTOR('',#1917,1.);
#1917 = DIRECTION('',(-0.287347885566,-5.31700397722E-16,0.957826285221)
  );
#1918 = ORIENTED_EDGE('',*,*,#1919,.F.);
#1919 = EDGE_CURVE('',#1920,#1912,#1922,.T.);
#1920 = VERTEX_POINT('',#1921);
#1921 = CARTESIAN_POINT('',(6.15,-4.15,-0.457437037472));
#1922 = CIRCLE('',#1923,0.29);
#1923 = AXIS2_PLACEMENT_3D('',#1924,#1925,#1926);
#1924 = CARTESIAN_POINT('',(6.44,-4.15,-0.457437037472));
#1925 = DIRECTION('',(0.,-1.,-3.330669073875E-16));
#1926 = DIRECTION('',(0.,-3.330669073875E-16,1.));
#1927 = ORIENTED_EDGE('',*,*,#1928,.F.);
#1928 = EDGE_CURVE('',#816,#1920,#1929,.T.);
#1929 = LINE('',#1930,#1931);
#1930 = CARTESIAN_POINT('',(6.15,-4.15,1.5));
#1931 = VECTOR('',#1932,1.);
#1932 = DIRECTION('',(0.,5.551115123126E-16,-1.));
#1933 = ORIENTED_EDGE('',*,*,#823,.F.);
#1934 = ORIENTED_EDGE('',*,*,#1810,.F.);
#1935 = ORIENTED_EDGE('',*,*,#1936,.F.);
#1936 = EDGE_CURVE('',#1937,#1803,#1939,.T.);
#1937 = VERTEX_POINT('',#1938);
#1938 = CARTESIAN_POINT('',(6.45,-4.15,1.21));
#1939 = CIRCLE('',#1940,0.29);
#1940 = AXIS2_PLACEMENT_3D('',#1941,#1942,#1943);
#1941 = CARTESIAN_POINT('',(6.16,-4.15,1.21));
#1942 = DIRECTION('',(0.,-1.,-3.330669073875E-16));
#1943 = DIRECTION('',(0.,-3.330669073875E-16,1.));
#1944 = ORIENTED_EDGE('',*,*,#1945,.F.);
#1945 = EDGE_CURVE('',#1946,#1937,#1948,.T.);
#1946 = VERTEX_POINT('',#1947);
#1947 = CARTESIAN_POINT('',(6.45,-4.15,-0.457437037472));
#1948 = LINE('',#1949,#1950);
#1949 = CARTESIAN_POINT('',(6.45,-4.15,-0.5));
#1950 = VECTOR('',#1951,1.);
#1951 = DIRECTION('',(0.,-5.551115123126E-16,1.));
#1952 = ORIENTED_EDGE('',*,*,#1953,.F.);
#1953 = EDGE_CURVE('',#1826,#1946,#1954,.T.);
#1954 = CIRCLE('',#1955,0.29);
#1955 = AXIS2_PLACEMENT_3D('',#1956,#1957,#1958);
#1956 = CARTESIAN_POINT('',(6.74,-4.15,-0.457437037472));
#1957 = DIRECTION('',(-0.,1.,3.330669073875E-16));
#1958 = DIRECTION('',(0.,-3.330669073875E-16,1.));
#1959 = PLANE('',#1960);
#1960 = AXIS2_PLACEMENT_3D('',#1961,#1962,#1963);
#1961 = CARTESIAN_POINT('',(6.45,-4.15,-0.5));
#1962 = DIRECTION('',(0.,1.,3.330669073875E-16));
#1963 = DIRECTION('',(0.,-3.330669073875E-16,1.));
#1964 = ADVANCED_FACE('',(#1965),#2109,.T.);
#1965 = FACE_BOUND('',#1966,.T.);
#1966 = EDGE_LOOP('',(#1967,#1977,#1986,#1994,#2003,#2011,#2019,#2027,
    #2036,#2044,#2053,#2061,#2070,#2076,#2077,#2085,#2094,#2102));
#1967 = ORIENTED_EDGE('',*,*,#1968,.T.);
#1968 = EDGE_CURVE('',#1969,#1971,#1973,.T.);
#1969 = VERTEX_POINT('',#1970);
#1970 = CARTESIAN_POINT('',(6.462230377286,0.35,-0.540767924286));
#1971 = VERTEX_POINT('',#1972);
#1972 = CARTESIAN_POINT('',(6.725000733956,0.35,-1.416669113186));
#1973 = LINE('',#1974,#1975);
#1974 = CARTESIAN_POINT('',(6.45,0.35,-0.5));
#1975 = VECTOR('',#1976,1.);
#1976 = DIRECTION('',(0.287347885566,5.31700397722E-16,-0.957826285221)
  );
#1977 = ORIENTED_EDGE('',*,*,#1978,.T.);
#1978 = EDGE_CURVE('',#1971,#1979,#1981,.T.);
#1979 = VERTEX_POINT('',#1980);
#1980 = CARTESIAN_POINT('',(6.725000733956,0.35,-1.583330886814));
#1981 = CIRCLE('',#1982,0.29);
#1982 = AXIS2_PLACEMENT_3D('',#1983,#1984,#1985);
#1983 = CARTESIAN_POINT('',(6.447231111242,0.35,-1.5));
#1984 = DIRECTION('',(-0.,1.,3.330669073875E-16));
#1985 = DIRECTION('',(0.,-3.330669073875E-16,1.));
#1986 = ORIENTED_EDGE('',*,*,#1987,.T.);
#1987 = EDGE_CURVE('',#1979,#1988,#1990,.T.);
#1988 = VERTEX_POINT('',#1989);
#1989 = CARTESIAN_POINT('',(6.462230377286,0.35,-2.459232075714));
#1990 = LINE('',#1991,#1992);
#1991 = CARTESIAN_POINT('',(6.75,0.35,-1.5));
#1992 = VECTOR('',#1993,1.);
#1993 = DIRECTION('',(-0.287347885566,5.31700397722E-16,-0.957826285221)
  );
#1994 = ORIENTED_EDGE('',*,*,#1995,.F.);
#1995 = EDGE_CURVE('',#1996,#1988,#1998,.T.);
#1996 = VERTEX_POINT('',#1997);
#1997 = CARTESIAN_POINT('',(6.45,0.35,-2.542562962528));
#1998 = CIRCLE('',#1999,0.29);
#1999 = AXIS2_PLACEMENT_3D('',#2000,#2001,#2002);
#2000 = CARTESIAN_POINT('',(6.74,0.35,-2.542562962528));
#2001 = DIRECTION('',(-0.,1.,3.330669073875E-16));
#2002 = DIRECTION('',(0.,-3.330669073875E-16,1.));
#2003 = ORIENTED_EDGE('',*,*,#2004,.F.);
#2004 = EDGE_CURVE('',#2005,#1996,#2007,.T.);
#2005 = VERTEX_POINT('',#2006);
#2006 = CARTESIAN_POINT('',(6.45,0.35,-3.5));
#2007 = LINE('',#2008,#2009);
#2008 = CARTESIAN_POINT('',(6.45,0.35,-3.5));
#2009 = VECTOR('',#2010,1.);
#2010 = DIRECTION('',(0.,-5.551115123126E-16,1.));
#2011 = ORIENTED_EDGE('',*,*,#2012,.F.);
#2012 = EDGE_CURVE('',#2013,#2005,#2015,.T.);
#2013 = VERTEX_POINT('',#2014);
#2014 = CARTESIAN_POINT('',(6.15,0.35,-3.5));
#2015 = LINE('',#2016,#2017);
#2016 = CARTESIAN_POINT('',(6.15,0.35,-3.5));
#2017 = VECTOR('',#2018,1.);
#2018 = DIRECTION('',(1.,0.,0.));
#2019 = ORIENTED_EDGE('',*,*,#2020,.F.);
#2020 = EDGE_CURVE('',#2021,#2013,#2023,.T.);
#2021 = VERTEX_POINT('',#2022);
#2022 = CARTESIAN_POINT('',(6.15,0.35,-2.542562962528));
#2023 = LINE('',#2024,#2025);
#2024 = CARTESIAN_POINT('',(6.15,0.35,-2.5));
#2025 = VECTOR('',#2026,1.);
#2026 = DIRECTION('',(0.,5.551115123126E-16,-1.));
#2027 = ORIENTED_EDGE('',*,*,#2028,.F.);
#2028 = EDGE_CURVE('',#2029,#2021,#2031,.T.);
#2029 = VERTEX_POINT('',#2030);
#2030 = CARTESIAN_POINT('',(6.162230377286,0.35,-2.459232075714));
#2031 = CIRCLE('',#2032,0.29);
#2032 = AXIS2_PLACEMENT_3D('',#2033,#2034,#2035);
#2033 = CARTESIAN_POINT('',(6.44,0.35,-2.542562962528));
#2034 = DIRECTION('',(0.,-1.,-3.330669073875E-16));
#2035 = DIRECTION('',(0.,-3.330669073875E-16,1.));
#2036 = ORIENTED_EDGE('',*,*,#2037,.T.);
#2037 = EDGE_CURVE('',#2029,#2038,#2040,.T.);
#2038 = VERTEX_POINT('',#2039);
#2039 = CARTESIAN_POINT('',(6.425000733956,0.35,-1.583330886814));
#2040 = LINE('',#2041,#2042);
#2041 = CARTESIAN_POINT('',(6.15,0.35,-2.5));
#2042 = VECTOR('',#2043,1.);
#2043 = DIRECTION('',(0.287347885566,-5.31700397722E-16,0.957826285221)
  );
#2044 = ORIENTED_EDGE('',*,*,#2045,.F.);
#2045 = EDGE_CURVE('',#2046,#2038,#2048,.T.);
#2046 = VERTEX_POINT('',#2047);
#2047 = CARTESIAN_POINT('',(6.425000733956,0.35,-1.416669113186));
#2048 = CIRCLE('',#2049,0.29);
#2049 = AXIS2_PLACEMENT_3D('',#2050,#2051,#2052);
#2050 = CARTESIAN_POINT('',(6.147231111242,0.35,-1.5));
#2051 = DIRECTION('',(-0.,1.,3.330669073875E-16));
#2052 = DIRECTION('',(0.,-3.330669073875E-16,1.));
#2053 = ORIENTED_EDGE('',*,*,#2054,.T.);
#2054 = EDGE_CURVE('',#2046,#2055,#2057,.T.);
#2055 = VERTEX_POINT('',#2056);
#2056 = CARTESIAN_POINT('',(6.162230377286,0.35,-0.540767924286));
#2057 = LINE('',#2058,#2059);
#2058 = CARTESIAN_POINT('',(6.45,0.35,-1.5));
#2059 = VECTOR('',#2060,1.);
#2060 = DIRECTION('',(-0.287347885566,-5.31700397722E-16,0.957826285221)
  );
#2061 = ORIENTED_EDGE('',*,*,#2062,.F.);
#2062 = EDGE_CURVE('',#2063,#2055,#2065,.T.);
#2063 = VERTEX_POINT('',#2064);
#2064 = CARTESIAN_POINT('',(6.15,0.35,-0.457437037472));
#2065 = CIRCLE('',#2066,0.29);
#2066 = AXIS2_PLACEMENT_3D('',#2067,#2068,#2069);
#2067 = CARTESIAN_POINT('',(6.44,0.35,-0.457437037472));
#2068 = DIRECTION('',(0.,-1.,-3.330669073875E-16));
#2069 = DIRECTION('',(0.,-3.330669073875E-16,1.));
#2070 = ORIENTED_EDGE('',*,*,#2071,.F.);
#2071 = EDGE_CURVE('',#784,#2063,#2072,.T.);
#2072 = LINE('',#2073,#2074);
#2073 = CARTESIAN_POINT('',(6.15,0.35,1.5));
#2074 = VECTOR('',#2075,1.);
#2075 = DIRECTION('',(0.,5.551115123126E-16,-1.));
#2076 = ORIENTED_EDGE('',*,*,#791,.F.);
#2077 = ORIENTED_EDGE('',*,*,#2078,.F.);
#2078 = EDGE_CURVE('',#2079,#792,#2081,.T.);
#2079 = VERTEX_POINT('',#2080);
#2080 = CARTESIAN_POINT('',(6.16,0.35,1.5));
#2081 = LINE('',#2082,#2083);
#2082 = CARTESIAN_POINT('',(6.45,0.35,1.5));
#2083 = VECTOR('',#2084,1.);
#2084 = DIRECTION('',(-1.,-0.,0.));
#2085 = ORIENTED_EDGE('',*,*,#2086,.F.);
#2086 = EDGE_CURVE('',#2087,#2079,#2089,.T.);
#2087 = VERTEX_POINT('',#2088);
#2088 = CARTESIAN_POINT('',(6.45,0.35,1.21));
#2089 = CIRCLE('',#2090,0.29);
#2090 = AXIS2_PLACEMENT_3D('',#2091,#2092,#2093);
#2091 = CARTESIAN_POINT('',(6.16,0.35,1.21));
#2092 = DIRECTION('',(0.,-1.,-3.330669073875E-16));
#2093 = DIRECTION('',(0.,-3.330669073875E-16,1.));
#2094 = ORIENTED_EDGE('',*,*,#2095,.F.);
#2095 = EDGE_CURVE('',#2096,#2087,#2098,.T.);
#2096 = VERTEX_POINT('',#2097);
#2097 = CARTESIAN_POINT('',(6.45,0.35,-0.457437037472));
#2098 = LINE('',#2099,#2100);
#2099 = CARTESIAN_POINT('',(6.45,0.35,-0.5));
#2100 = VECTOR('',#2101,1.);
#2101 = DIRECTION('',(0.,-5.551115123126E-16,1.));
#2102 = ORIENTED_EDGE('',*,*,#2103,.F.);
#2103 = EDGE_CURVE('',#1969,#2096,#2104,.T.);
#2104 = CIRCLE('',#2105,0.29);
#2105 = AXIS2_PLACEMENT_3D('',#2106,#2107,#2108);
#2106 = CARTESIAN_POINT('',(6.74,0.35,-0.457437037472));
#2107 = DIRECTION('',(-0.,1.,3.330669073875E-16));
#2108 = DIRECTION('',(0.,-3.330669073875E-16,1.));
#2109 = PLANE('',#2110);
#2110 = AXIS2_PLACEMENT_3D('',#2111,#2112,#2113);
#2111 = CARTESIAN_POINT('',(6.45,0.35,-0.5));
#2112 = DIRECTION('',(1.64346021921E-31,1.,5.551115123126E-16));
#2113 = DIRECTION('',(0.,-5.551115123126E-16,1.));
#2114 = ADVANCED_FACE('',(#2115),#2259,.F.);
#2115 = FACE_BOUND('',#2116,.F.);
#2116 = EDGE_LOOP('',(#2117,#2127,#2136,#2144,#2153,#2161,#2169,#2177,
    #2186,#2194,#2203,#2211,#2220,#2226,#2227,#2235,#2244,#2252));
#2117 = ORIENTED_EDGE('',*,*,#2118,.T.);
#2118 = EDGE_CURVE('',#2119,#2121,#2123,.T.);
#2119 = VERTEX_POINT('',#2120);
#2120 = CARTESIAN_POINT('',(6.462230377286,-0.35,-0.540767924286));
#2121 = VERTEX_POINT('',#2122);
#2122 = CARTESIAN_POINT('',(6.725000733956,-0.35,-1.416669113186));
#2123 = LINE('',#2124,#2125);
#2124 = CARTESIAN_POINT('',(6.45,-0.35,-0.5));
#2125 = VECTOR('',#2126,1.);
#2126 = DIRECTION('',(0.287347885566,5.31700397722E-16,-0.957826285221)
  );
#2127 = ORIENTED_EDGE('',*,*,#2128,.T.);
#2128 = EDGE_CURVE('',#2121,#2129,#2131,.T.);
#2129 = VERTEX_POINT('',#2130);
#2130 = CARTESIAN_POINT('',(6.725000733956,-0.35,-1.583330886814));
#2131 = CIRCLE('',#2132,0.29);
#2132 = AXIS2_PLACEMENT_3D('',#2133,#2134,#2135);
#2133 = CARTESIAN_POINT('',(6.447231111242,-0.35,-1.5));
#2134 = DIRECTION('',(-0.,1.,3.330669073875E-16));
#2135 = DIRECTION('',(0.,-3.330669073875E-16,1.));
#2136 = ORIENTED_EDGE('',*,*,#2137,.T.);
#2137 = EDGE_CURVE('',#2129,#2138,#2140,.T.);
#2138 = VERTEX_POINT('',#2139);
#2139 = CARTESIAN_POINT('',(6.462230377286,-0.35,-2.459232075714));
#2140 = LINE('',#2141,#2142);
#2141 = CARTESIAN_POINT('',(6.75,-0.35,-1.5));
#2142 = VECTOR('',#2143,1.);
#2143 = DIRECTION('',(-0.287347885566,5.31700397722E-16,-0.957826285221)
  );
#2144 = ORIENTED_EDGE('',*,*,#2145,.F.);
#2145 = EDGE_CURVE('',#2146,#2138,#2148,.T.);
#2146 = VERTEX_POINT('',#2147);
#2147 = CARTESIAN_POINT('',(6.45,-0.35,-2.542562962528));
#2148 = CIRCLE('',#2149,0.29);
#2149 = AXIS2_PLACEMENT_3D('',#2150,#2151,#2152);
#2150 = CARTESIAN_POINT('',(6.74,-0.35,-2.542562962528));
#2151 = DIRECTION('',(-0.,1.,3.330669073875E-16));
#2152 = DIRECTION('',(0.,-3.330669073875E-16,1.));
#2153 = ORIENTED_EDGE('',*,*,#2154,.F.);
#2154 = EDGE_CURVE('',#2155,#2146,#2157,.T.);
#2155 = VERTEX_POINT('',#2156);
#2156 = CARTESIAN_POINT('',(6.45,-0.35,-3.5));
#2157 = LINE('',#2158,#2159);
#2158 = CARTESIAN_POINT('',(6.45,-0.35,-3.5));
#2159 = VECTOR('',#2160,1.);
#2160 = DIRECTION('',(0.,-5.551115123126E-16,1.));
#2161 = ORIENTED_EDGE('',*,*,#2162,.F.);
#2162 = EDGE_CURVE('',#2163,#2155,#2165,.T.);
#2163 = VERTEX_POINT('',#2164);
#2164 = CARTESIAN_POINT('',(6.15,-0.35,-3.5));
#2165 = LINE('',#2166,#2167);
#2166 = CARTESIAN_POINT('',(6.15,-0.35,-3.5));
#2167 = VECTOR('',#2168,1.);
#2168 = DIRECTION('',(1.,0.,0.));
#2169 = ORIENTED_EDGE('',*,*,#2170,.F.);
#2170 = EDGE_CURVE('',#2171,#2163,#2173,.T.);
#2171 = VERTEX_POINT('',#2172);
#2172 = CARTESIAN_POINT('',(6.15,-0.35,-2.542562962528));
#2173 = LINE('',#2174,#2175);
#2174 = CARTESIAN_POINT('',(6.15,-0.35,-2.5));
#2175 = VECTOR('',#2176,1.);
#2176 = DIRECTION('',(0.,5.551115123126E-16,-1.));
#2177 = ORIENTED_EDGE('',*,*,#2178,.F.);
#2178 = EDGE_CURVE('',#2179,#2171,#2181,.T.);
#2179 = VERTEX_POINT('',#2180);
#2180 = CARTESIAN_POINT('',(6.162230377286,-0.35,-2.459232075714));
#2181 = CIRCLE('',#2182,0.29);
#2182 = AXIS2_PLACEMENT_3D('',#2183,#2184,#2185);
#2183 = CARTESIAN_POINT('',(6.44,-0.35,-2.542562962528));
#2184 = DIRECTION('',(0.,-1.,-3.330669073875E-16));
#2185 = DIRECTION('',(0.,-3.330669073875E-16,1.));
#2186 = ORIENTED_EDGE('',*,*,#2187,.T.);
#2187 = EDGE_CURVE('',#2179,#2188,#2190,.T.);
#2188 = VERTEX_POINT('',#2189);
#2189 = CARTESIAN_POINT('',(6.425000733956,-0.35,-1.583330886814));
#2190 = LINE('',#2191,#2192);
#2191 = CARTESIAN_POINT('',(6.15,-0.35,-2.5));
#2192 = VECTOR('',#2193,1.);
#2193 = DIRECTION('',(0.287347885566,-5.31700397722E-16,0.957826285221)
  );
#2194 = ORIENTED_EDGE('',*,*,#2195,.F.);
#2195 = EDGE_CURVE('',#2196,#2188,#2198,.T.);
#2196 = VERTEX_POINT('',#2197);
#2197 = CARTESIAN_POINT('',(6.425000733956,-0.35,-1.416669113186));
#2198 = CIRCLE('',#2199,0.29);
#2199 = AXIS2_PLACEMENT_3D('',#2200,#2201,#2202);
#2200 = CARTESIAN_POINT('',(6.147231111242,-0.35,-1.5));
#2201 = DIRECTION('',(-0.,1.,3.330669073875E-16));
#2202 = DIRECTION('',(0.,-3.330669073875E-16,1.));
#2203 = ORIENTED_EDGE('',*,*,#2204,.T.);
#2204 = EDGE_CURVE('',#2196,#2205,#2207,.T.);
#2205 = VERTEX_POINT('',#2206);
#2206 = CARTESIAN_POINT('',(6.162230377286,-0.35,-0.540767924286));
#2207 = LINE('',#2208,#2209);
#2208 = CARTESIAN_POINT('',(6.45,-0.35,-1.5));
#2209 = VECTOR('',#2210,1.);
#2210 = DIRECTION('',(-0.287347885566,-5.31700397722E-16,0.957826285221)
  );
#2211 = ORIENTED_EDGE('',*,*,#2212,.F.);
#2212 = EDGE_CURVE('',#2213,#2205,#2215,.T.);
#2213 = VERTEX_POINT('',#2214);
#2214 = CARTESIAN_POINT('',(6.15,-0.35,-0.457437037472));
#2215 = CIRCLE('',#2216,0.29);
#2216 = AXIS2_PLACEMENT_3D('',#2217,#2218,#2219);
#2217 = CARTESIAN_POINT('',(6.44,-0.35,-0.457437037472));
#2218 = DIRECTION('',(0.,-1.,-3.330669073875E-16));
#2219 = DIRECTION('',(0.,-3.330669073875E-16,1.));
#2220 = ORIENTED_EDGE('',*,*,#2221,.F.);
#2221 = EDGE_CURVE('',#808,#2213,#2222,.T.);
#2222 = LINE('',#2223,#2224);
#2223 = CARTESIAN_POINT('',(6.15,-0.35,1.5));
#2224 = VECTOR('',#2225,1.);
#2225 = DIRECTION('',(0.,5.551115123126E-16,-1.));
#2226 = ORIENTED_EDGE('',*,*,#807,.F.);
#2227 = ORIENTED_EDGE('',*,*,#2228,.F.);
#2228 = EDGE_CURVE('',#2229,#800,#2231,.T.);
#2229 = VERTEX_POINT('',#2230);
#2230 = CARTESIAN_POINT('',(6.16,-0.35,1.5));
#2231 = LINE('',#2232,#2233);
#2232 = CARTESIAN_POINT('',(6.45,-0.35,1.5));
#2233 = VECTOR('',#2234,1.);
#2234 = DIRECTION('',(-1.,-0.,0.));
#2235 = ORIENTED_EDGE('',*,*,#2236,.F.);
#2236 = EDGE_CURVE('',#2237,#2229,#2239,.T.);
#2237 = VERTEX_POINT('',#2238);
#2238 = CARTESIAN_POINT('',(6.45,-0.35,1.21));
#2239 = CIRCLE('',#2240,0.29);
#2240 = AXIS2_PLACEMENT_3D('',#2241,#2242,#2243);
#2241 = CARTESIAN_POINT('',(6.16,-0.35,1.21));
#2242 = DIRECTION('',(0.,-1.,-3.330669073875E-16));
#2243 = DIRECTION('',(0.,-3.330669073875E-16,1.));
#2244 = ORIENTED_EDGE('',*,*,#2245,.F.);
#2245 = EDGE_CURVE('',#2246,#2237,#2248,.T.);
#2246 = VERTEX_POINT('',#2247);
#2247 = CARTESIAN_POINT('',(6.45,-0.35,-0.457437037472));
#2248 = LINE('',#2249,#2250);
#2249 = CARTESIAN_POINT('',(6.45,-0.35,-0.5));
#2250 = VECTOR('',#2251,1.);
#2251 = DIRECTION('',(0.,-5.551115123126E-16,1.));
#2252 = ORIENTED_EDGE('',*,*,#2253,.F.);
#2253 = EDGE_CURVE('',#2119,#2246,#2254,.T.);
#2254 = CIRCLE('',#2255,0.29);
#2255 = AXIS2_PLACEMENT_3D('',#2256,#2257,#2258);
#2256 = CARTESIAN_POINT('',(6.74,-0.35,-0.457437037472));
#2257 = DIRECTION('',(-0.,1.,3.330669073875E-16));
#2258 = DIRECTION('',(0.,-3.330669073875E-16,1.));
#2259 = PLANE('',#2260);
#2260 = AXIS2_PLACEMENT_3D('',#2261,#2262,#2263);
#2261 = CARTESIAN_POINT('',(6.45,-0.35,-0.5));
#2262 = DIRECTION('',(1.64346021921E-31,1.,5.551115123126E-16));
#2263 = DIRECTION('',(0.,-5.551115123126E-16,1.));
#2264 = ADVANCED_FACE('',(#2265),#2276,.T.);
#2265 = FACE_BOUND('',#2266,.T.);
#2266 = EDGE_LOOP('',(#2267,#2268,#2274,#2275));
#2267 = ORIENTED_EDGE('',*,*,#2228,.F.);
#2268 = ORIENTED_EDGE('',*,*,#2269,.T.);
#2269 = EDGE_CURVE('',#2229,#2079,#2270,.T.);
#2270 = LINE('',#2271,#2272);
#2271 = CARTESIAN_POINT('',(6.16,-0.35,1.5));
#2272 = VECTOR('',#2273,1.);
#2273 = DIRECTION('',(0.,1.,3.330669073875E-16));
#2274 = ORIENTED_EDGE('',*,*,#2078,.T.);
#2275 = ORIENTED_EDGE('',*,*,#799,.F.);
#2276 = PLANE('',#2277);
#2277 = AXIS2_PLACEMENT_3D('',#2278,#2279,#2280);
#2278 = CARTESIAN_POINT('',(6.45,-0.35,1.5));
#2279 = DIRECTION('',(0.,-3.330669073875E-16,1.));
#2280 = DIRECTION('',(-1.,0.,0.));
#2281 = ADVANCED_FACE('',(#2282),#2285,.F.);
#2282 = FACE_BOUND('',#2283,.F.);
#2283 = EDGE_LOOP('',(#2284));
#2284 = ORIENTED_EDGE('',*,*,#939,.F.);
#2285 = PLANE('',#2286);
#2286 = AXIS2_PLACEMENT_3D('',#2287,#2288,#2289);
#2287 = CARTESIAN_POINT('',(4.9,-2.25,5.));
#2288 = DIRECTION('',(0.,0.,-1.));
#2289 = DIRECTION('',(-1.,0.,0.));
#2290 = ADVANCED_FACE('',(#2291),#2302,.F.);
#2291 = FACE_BOUND('',#2292,.F.);
#2292 = EDGE_LOOP('',(#2293,#2294,#2295,#2296));
#2293 = ORIENTED_EDGE('',*,*,#1437,.F.);
#2294 = ORIENTED_EDGE('',*,*,#976,.F.);
#2295 = ORIENTED_EDGE('',*,*,#1587,.T.);
#2296 = ORIENTED_EDGE('',*,*,#2297,.F.);
#2297 = EDGE_CURVE('',#1429,#1579,#2298,.T.);
#2298 = LINE('',#2299,#2300);
#2299 = CARTESIAN_POINT('',(0.15,-4.85,-0.457437037472));
#2300 = VECTOR('',#2301,1.);
#2301 = DIRECTION('',(0.,1.,3.330669073875E-16));
#2302 = PLANE('',#2303);
#2303 = AXIS2_PLACEMENT_3D('',#2304,#2305,#2306);
#2304 = CARTESIAN_POINT('',(0.15,-4.85,1.5));
#2305 = DIRECTION('',(-1.,0.,-0.));
#2306 = DIRECTION('',(0.,5.551115123126E-16,-1.));
#2307 = ADVANCED_FACE('',(#2308),#2319,.T.);
#2308 = FACE_BOUND('',#2309,.T.);
#2309 = EDGE_LOOP('',(#2310,#2311,#2312,#2313));
#2310 = ORIENTED_EDGE('',*,*,#1754,.F.);
#2311 = ORIENTED_EDGE('',*,*,#1001,.T.);
#2312 = ORIENTED_EDGE('',*,*,#1928,.T.);
#2313 = ORIENTED_EDGE('',*,*,#2314,.F.);
#2314 = EDGE_CURVE('',#1746,#1920,#2315,.T.);
#2315 = LINE('',#2316,#2317);
#2316 = CARTESIAN_POINT('',(6.15,-4.85,-0.457437037472));
#2317 = VECTOR('',#2318,1.);
#2318 = DIRECTION('',(0.,1.,3.330669073875E-16));
#2319 = PLANE('',#2320);
#2320 = AXIS2_PLACEMENT_3D('',#2321,#2322,#2323);
#2321 = CARTESIAN_POINT('',(6.15,-4.85,1.5));
#2322 = DIRECTION('',(-1.,0.,-0.));
#2323 = DIRECTION('',(0.,5.551115123126E-16,-1.));
#2324 = ADVANCED_FACE('',(#2325),#2336,.F.);
#2325 = FACE_BOUND('',#2326,.F.);
#2326 = EDGE_LOOP('',(#2327,#2328,#2329,#2330));
#2327 = ORIENTED_EDGE('',*,*,#1294,.F.);
#2328 = ORIENTED_EDGE('',*,*,#983,.F.);
#2329 = ORIENTED_EDGE('',*,*,#1120,.T.);
#2330 = ORIENTED_EDGE('',*,*,#2331,.F.);
#2331 = EDGE_CURVE('',#1286,#1112,#2332,.T.);
#2332 = LINE('',#2333,#2334);
#2333 = CARTESIAN_POINT('',(0.15,-0.35,-0.457437037472));
#2334 = VECTOR('',#2335,1.);
#2335 = DIRECTION('',(0.,1.,3.330669073875E-16));
#2336 = PLANE('',#2337);
#2337 = AXIS2_PLACEMENT_3D('',#2338,#2339,#2340);
#2338 = CARTESIAN_POINT('',(0.15,-0.35,1.5));
#2339 = DIRECTION('',(-1.,0.,-0.));
#2340 = DIRECTION('',(0.,5.551115123126E-16,-1.));
#2341 = ADVANCED_FACE('',(#2342),#2353,.T.);
#2342 = FACE_BOUND('',#2343,.T.);
#2343 = EDGE_LOOP('',(#2344,#2345,#2346,#2347));
#2344 = ORIENTED_EDGE('',*,*,#2221,.F.);
#2345 = ORIENTED_EDGE('',*,*,#994,.T.);
#2346 = ORIENTED_EDGE('',*,*,#2071,.T.);
#2347 = ORIENTED_EDGE('',*,*,#2348,.F.);
#2348 = EDGE_CURVE('',#2213,#2063,#2349,.T.);
#2349 = LINE('',#2350,#2351);
#2350 = CARTESIAN_POINT('',(6.15,-0.35,-0.457437037472));
#2351 = VECTOR('',#2352,1.);
#2352 = DIRECTION('',(0.,1.,3.330669073875E-16));
#2353 = PLANE('',#2354);
#2354 = AXIS2_PLACEMENT_3D('',#2355,#2356,#2357);
#2355 = CARTESIAN_POINT('',(6.15,-0.35,1.5));
#2356 = DIRECTION('',(-1.,0.,-0.));
#2357 = DIRECTION('',(0.,5.551115123126E-16,-1.));
#2358 = ADVANCED_FACE('',(#2359),#2375,.T.);
#2359 = FACE_BOUND('',#2360,.T.);
#2360 = EDGE_LOOP('',(#2361,#2362,#2368,#2369));
#2361 = ORIENTED_EDGE('',*,*,#1191,.F.);
#2362 = ORIENTED_EDGE('',*,*,#2363,.T.);
#2363 = EDGE_CURVE('',#1192,#1018,#2364,.T.);
#2364 = LINE('',#2365,#2366);
#2365 = CARTESIAN_POINT('',(-0.162230377286,-0.35,-0.540767924286));
#2366 = VECTOR('',#2367,1.);
#2367 = DIRECTION('',(0.,1.,3.330669073875E-16));
#2368 = ORIENTED_EDGE('',*,*,#1017,.T.);
#2369 = ORIENTED_EDGE('',*,*,#2370,.F.);
#2370 = EDGE_CURVE('',#1194,#1020,#2371,.T.);
#2371 = LINE('',#2372,#2373);
#2372 = CARTESIAN_POINT('',(-0.425000733956,-0.35,-1.416669113186));
#2373 = VECTOR('',#2374,1.);
#2374 = DIRECTION('',(0.,1.,3.330669073875E-16));
#2375 = PLANE('',#2376);
#2376 = AXIS2_PLACEMENT_3D('',#2377,#2378,#2379);
#2377 = CARTESIAN_POINT('',(-0.15,-0.35,-0.5));
#2378 = DIRECTION('',(-0.957826285221,-9.570607158995E-17,0.287347885566
    ));
#2379 = DIRECTION('',(-0.287347885566,5.31700397722E-16,-0.957826285221)
  );
#2380 = ADVANCED_FACE('',(#2381),#2392,.F.);
#2381 = FACE_BOUND('',#2382,.F.);
#2382 = EDGE_LOOP('',(#2383,#2384,#2385,#2391));
#2383 = ORIENTED_EDGE('',*,*,#2363,.T.);
#2384 = ORIENTED_EDGE('',*,*,#1152,.T.);
#2385 = ORIENTED_EDGE('',*,*,#2386,.F.);
#2386 = EDGE_CURVE('',#1312,#1145,#2387,.T.);
#2387 = LINE('',#2388,#2389);
#2388 = CARTESIAN_POINT('',(-0.15,-0.35,-0.457437037472));
#2389 = VECTOR('',#2390,1.);
#2390 = DIRECTION('',(0.,1.,3.330669073875E-16));
#2391 = ORIENTED_EDGE('',*,*,#1319,.F.);
#2392 = CYLINDRICAL_SURFACE('',#2393,0.29);
#2393 = AXIS2_PLACEMENT_3D('',#2394,#2395,#2396);
#2394 = CARTESIAN_POINT('',(-0.44,-0.35,-0.457437037472));
#2395 = DIRECTION('',(0.,1.,3.330669073875E-16));
#2396 = DIRECTION('',(0.957826285221,9.570607158983E-17,-0.287347885566)
  );
#2397 = ADVANCED_FACE('',(#2398),#2409,.T.);
#2398 = FACE_BOUND('',#2399,.T.);
#2399 = EDGE_LOOP('',(#2400,#2401,#2402,#2408));
#2400 = ORIENTED_EDGE('',*,*,#2370,.T.);
#2401 = ORIENTED_EDGE('',*,*,#1027,.T.);
#2402 = ORIENTED_EDGE('',*,*,#2403,.F.);
#2403 = EDGE_CURVE('',#1202,#1028,#2404,.T.);
#2404 = LINE('',#2405,#2406);
#2405 = CARTESIAN_POINT('',(-0.425000733956,-0.35,-1.583330886814));
#2406 = VECTOR('',#2407,1.);
#2407 = DIRECTION('',(0.,1.,3.330669073875E-16));
#2408 = ORIENTED_EDGE('',*,*,#1201,.F.);
#2409 = CYLINDRICAL_SURFACE('',#2410,0.29);
#2410 = AXIS2_PLACEMENT_3D('',#2411,#2412,#2413);
#2411 = CARTESIAN_POINT('',(-0.147231111242,-0.35,-1.5));
#2412 = DIRECTION('',(0.,1.,3.330669073875E-16));
#2413 = DIRECTION('',(-0.957826285221,-9.570607158983E-17,0.287347885566
    ));
#2414 = ADVANCED_FACE('',(#2415),#2426,.F.);
#2415 = FACE_BOUND('',#2416,.F.);
#2416 = EDGE_LOOP('',(#2417,#2418,#2419,#2420));
#2417 = ORIENTED_EDGE('',*,*,#1311,.F.);
#2418 = ORIENTED_EDGE('',*,*,#2386,.T.);
#2419 = ORIENTED_EDGE('',*,*,#1144,.T.);
#2420 = ORIENTED_EDGE('',*,*,#2421,.F.);
#2421 = EDGE_CURVE('',#1303,#1136,#2422,.T.);
#2422 = LINE('',#2423,#2424);
#2423 = CARTESIAN_POINT('',(-0.15,-0.35,1.21));
#2424 = VECTOR('',#2425,1.);
#2425 = DIRECTION('',(0.,1.,3.330669073875E-16));
#2426 = PLANE('',#2427);
#2427 = AXIS2_PLACEMENT_3D('',#2428,#2429,#2430);
#2428 = CARTESIAN_POINT('',(-0.15,-0.35,-0.5));
#2429 = DIRECTION('',(1.,0.,0.));
#2430 = DIRECTION('',(0.,-5.551115123126E-16,1.));
#2431 = ADVANCED_FACE('',(#2432),#2443,.T.);
#2432 = FACE_BOUND('',#2433,.T.);
#2433 = EDGE_LOOP('',(#2434,#2435,#2436,#2437));
#2434 = ORIENTED_EDGE('',*,*,#1210,.F.);
#2435 = ORIENTED_EDGE('',*,*,#2403,.T.);
#2436 = ORIENTED_EDGE('',*,*,#1036,.T.);
#2437 = ORIENTED_EDGE('',*,*,#2438,.F.);
#2438 = EDGE_CURVE('',#1211,#1037,#2439,.T.);
#2439 = LINE('',#2440,#2441);
#2440 = CARTESIAN_POINT('',(-0.162230377286,-0.35,-2.459232075714));
#2441 = VECTOR('',#2442,1.);
#2442 = DIRECTION('',(0.,1.,3.330669073875E-16));
#2443 = PLANE('',#2444);
#2444 = AXIS2_PLACEMENT_3D('',#2445,#2446,#2447);
#2445 = CARTESIAN_POINT('',(-0.45,-0.35,-1.5));
#2446 = DIRECTION('',(-0.957826285221,9.570607158995E-17,-0.287347885566
    ));
#2447 = DIRECTION('',(0.287347885566,5.31700397722E-16,-0.957826285221)
  );
#2448 = ADVANCED_FACE('',(#2449),#2455,.T.);
#2449 = FACE_BOUND('',#2450,.T.);
#2450 = EDGE_LOOP('',(#2451,#2452,#2453,#2454));
#2451 = ORIENTED_EDGE('',*,*,#1302,.T.);
#2452 = ORIENTED_EDGE('',*,*,#1175,.T.);
#2453 = ORIENTED_EDGE('',*,*,#1135,.F.);
#2454 = ORIENTED_EDGE('',*,*,#2421,.F.);
#2455 = CYLINDRICAL_SURFACE('',#2456,0.29);
#2456 = AXIS2_PLACEMENT_3D('',#2457,#2458,#2459);
#2457 = CARTESIAN_POINT('',(0.14,-0.35,1.21));
#2458 = DIRECTION('',(0.,1.,3.330669073875E-16));
#2459 = DIRECTION('',(-1.,0.,0.));
#2460 = ADVANCED_FACE('',(#2461),#2472,.F.);
#2461 = FACE_BOUND('',#2462,.F.);
#2462 = EDGE_LOOP('',(#2463,#2469,#2470,#2471));
#2463 = ORIENTED_EDGE('',*,*,#2464,.T.);
#2464 = EDGE_CURVE('',#1219,#1045,#2465,.T.);
#2465 = LINE('',#2466,#2467);
#2466 = CARTESIAN_POINT('',(-0.15,-0.35,-2.542562962528));
#2467 = VECTOR('',#2468,1.);
#2468 = DIRECTION('',(0.,1.,3.330669073875E-16));
#2469 = ORIENTED_EDGE('',*,*,#1044,.T.);
#2470 = ORIENTED_EDGE('',*,*,#2438,.F.);
#2471 = ORIENTED_EDGE('',*,*,#1218,.F.);
#2472 = CYLINDRICAL_SURFACE('',#2473,0.29);
#2473 = AXIS2_PLACEMENT_3D('',#2474,#2475,#2476);
#2474 = CARTESIAN_POINT('',(-0.44,-0.35,-2.542562962528));
#2475 = DIRECTION('',(0.,1.,3.330669073875E-16));
#2476 = DIRECTION('',(1.,0.,-0.));
#2477 = ADVANCED_FACE('',(#2478),#2489,.F.);
#2478 = FACE_BOUND('',#2479,.F.);
#2479 = EDGE_LOOP('',(#2480,#2481,#2487,#2488));
#2480 = ORIENTED_EDGE('',*,*,#1227,.F.);
#2481 = ORIENTED_EDGE('',*,*,#2482,.T.);
#2482 = EDGE_CURVE('',#1228,#1054,#2483,.T.);
#2483 = LINE('',#2484,#2485);
#2484 = CARTESIAN_POINT('',(-0.15,-0.35,-3.5));
#2485 = VECTOR('',#2486,1.);
#2486 = DIRECTION('',(0.,1.,3.330669073875E-16));
#2487 = ORIENTED_EDGE('',*,*,#1053,.T.);
#2488 = ORIENTED_EDGE('',*,*,#2464,.F.);
#2489 = PLANE('',#2490);
#2490 = AXIS2_PLACEMENT_3D('',#2491,#2492,#2493);
#2491 = CARTESIAN_POINT('',(-0.15,-0.35,-3.5));
#2492 = DIRECTION('',(1.,0.,0.));
#2493 = DIRECTION('',(0.,-5.551115123126E-16,1.));
#2494 = ADVANCED_FACE('',(#2495),#2506,.F.);
#2495 = FACE_BOUND('',#2496,.F.);
#2496 = EDGE_LOOP('',(#2497,#2503,#2504,#2505));
#2497 = ORIENTED_EDGE('',*,*,#2498,.T.);
#2498 = EDGE_CURVE('',#1236,#1062,#2499,.T.);
#2499 = LINE('',#2500,#2501);
#2500 = CARTESIAN_POINT('',(0.15,-0.35,-3.5));
#2501 = VECTOR('',#2502,1.);
#2502 = DIRECTION('',(0.,1.,3.330669073875E-16));
#2503 = ORIENTED_EDGE('',*,*,#1061,.T.);
#2504 = ORIENTED_EDGE('',*,*,#2482,.F.);
#2505 = ORIENTED_EDGE('',*,*,#1235,.F.);
#2506 = PLANE('',#2507);
#2507 = AXIS2_PLACEMENT_3D('',#2508,#2509,#2510);
#2508 = CARTESIAN_POINT('',(0.15,-0.35,-3.5));
#2509 = DIRECTION('',(0.,-3.330669073875E-16,1.));
#2510 = DIRECTION('',(-1.,0.,0.));
#2511 = ADVANCED_FACE('',(#2512),#2523,.F.);
#2512 = FACE_BOUND('',#2513,.F.);
#2513 = EDGE_LOOP('',(#2514,#2515,#2521,#2522));
#2514 = ORIENTED_EDGE('',*,*,#1243,.F.);
#2515 = ORIENTED_EDGE('',*,*,#2516,.T.);
#2516 = EDGE_CURVE('',#1244,#1070,#2517,.T.);
#2517 = LINE('',#2518,#2519);
#2518 = CARTESIAN_POINT('',(0.15,-0.35,-2.542562962528));
#2519 = VECTOR('',#2520,1.);
#2520 = DIRECTION('',(0.,1.,3.330669073875E-16));
#2521 = ORIENTED_EDGE('',*,*,#1069,.T.);
#2522 = ORIENTED_EDGE('',*,*,#2498,.F.);
#2523 = PLANE('',#2524);
#2524 = AXIS2_PLACEMENT_3D('',#2525,#2526,#2527);
#2525 = CARTESIAN_POINT('',(0.15,-0.35,-2.5));
#2526 = DIRECTION('',(-1.,0.,-0.));
#2527 = DIRECTION('',(0.,5.551115123126E-16,-1.));
#2528 = ADVANCED_FACE('',(#2529),#2540,.T.);
#2529 = FACE_BOUND('',#2530,.T.);
#2530 = EDGE_LOOP('',(#2531,#2532,#2538,#2539));
#2531 = ORIENTED_EDGE('',*,*,#1285,.T.);
#2532 = ORIENTED_EDGE('',*,*,#2533,.T.);
#2533 = EDGE_CURVE('',#1278,#1104,#2534,.T.);
#2534 = LINE('',#2535,#2536);
#2535 = CARTESIAN_POINT('',(0.137769622714,-0.35,-0.540767924286));
#2536 = VECTOR('',#2537,1.);
#2537 = DIRECTION('',(0.,1.,3.330669073875E-16));
#2538 = ORIENTED_EDGE('',*,*,#1111,.F.);
#2539 = ORIENTED_EDGE('',*,*,#2331,.F.);
#2540 = CYLINDRICAL_SURFACE('',#2541,0.29);
#2541 = AXIS2_PLACEMENT_3D('',#2542,#2543,#2544);
#2542 = CARTESIAN_POINT('',(-0.14,-0.35,-0.457437037472));
#2543 = DIRECTION('',(0.,1.,3.330669073875E-16));
#2544 = DIRECTION('',(1.,0.,-0.));
#2545 = ADVANCED_FACE('',(#2546),#2557,.T.);
#2546 = FACE_BOUND('',#2547,.T.);
#2547 = EDGE_LOOP('',(#2548,#2549,#2550,#2551));
#2548 = ORIENTED_EDGE('',*,*,#1251,.T.);
#2549 = ORIENTED_EDGE('',*,*,#2516,.T.);
#2550 = ORIENTED_EDGE('',*,*,#1077,.F.);
#2551 = ORIENTED_EDGE('',*,*,#2552,.F.);
#2552 = EDGE_CURVE('',#1252,#1078,#2553,.T.);
#2553 = LINE('',#2554,#2555);
#2554 = CARTESIAN_POINT('',(0.137769622714,-0.35,-2.459232075714));
#2555 = VECTOR('',#2556,1.);
#2556 = DIRECTION('',(0.,1.,3.330669073875E-16));
#2557 = CYLINDRICAL_SURFACE('',#2558,0.29);
#2558 = AXIS2_PLACEMENT_3D('',#2559,#2560,#2561);
#2559 = CARTESIAN_POINT('',(-0.14,-0.35,-2.542562962528));
#2560 = DIRECTION('',(0.,1.,3.330669073875E-16));
#2561 = DIRECTION('',(0.957826285221,-9.570607158983E-17,0.287347885566)
  );
#2562 = ADVANCED_FACE('',(#2563),#2574,.T.);
#2563 = FACE_BOUND('',#2564,.T.);
#2564 = EDGE_LOOP('',(#2565,#2566,#2572,#2573));
#2565 = ORIENTED_EDGE('',*,*,#1277,.F.);
#2566 = ORIENTED_EDGE('',*,*,#2567,.T.);
#2567 = EDGE_CURVE('',#1269,#1095,#2568,.T.);
#2568 = LINE('',#2569,#2570);
#2569 = CARTESIAN_POINT('',(-0.125000733956,-0.35,-1.416669113186));
#2570 = VECTOR('',#2571,1.);
#2571 = DIRECTION('',(0.,1.,3.330669073875E-16));
#2572 = ORIENTED_EDGE('',*,*,#1103,.T.);
#2573 = ORIENTED_EDGE('',*,*,#2533,.F.);
#2574 = PLANE('',#2575);
#2575 = AXIS2_PLACEMENT_3D('',#2576,#2577,#2578);
#2576 = CARTESIAN_POINT('',(-0.15,-0.35,-1.5));
#2577 = DIRECTION('',(0.957826285221,9.570607158995E-17,-0.287347885566)
  );
#2578 = DIRECTION('',(0.287347885566,-5.31700397722E-16,0.957826285221)
  );
#2579 = ADVANCED_FACE('',(#2580),#2591,.T.);
#2580 = FACE_BOUND('',#2581,.T.);
#2581 = EDGE_LOOP('',(#2582,#2583,#2584,#2585));
#2582 = ORIENTED_EDGE('',*,*,#1260,.F.);
#2583 = ORIENTED_EDGE('',*,*,#2552,.T.);
#2584 = ORIENTED_EDGE('',*,*,#1086,.T.);
#2585 = ORIENTED_EDGE('',*,*,#2586,.F.);
#2586 = EDGE_CURVE('',#1261,#1087,#2587,.T.);
#2587 = LINE('',#2588,#2589);
#2588 = CARTESIAN_POINT('',(-0.125000733956,-0.35,-1.583330886814));
#2589 = VECTOR('',#2590,1.);
#2590 = DIRECTION('',(0.,1.,3.330669073875E-16));
#2591 = PLANE('',#2592);
#2592 = AXIS2_PLACEMENT_3D('',#2593,#2594,#2595);
#2593 = CARTESIAN_POINT('',(0.15,-0.35,-2.5));
#2594 = DIRECTION('',(0.957826285221,-9.570607158995E-17,0.287347885566)
  );
#2595 = DIRECTION('',(-0.287347885566,-5.31700397722E-16,0.957826285221)
  );
#2596 = ADVANCED_FACE('',(#2597),#2603,.F.);
#2597 = FACE_BOUND('',#2598,.F.);
#2598 = EDGE_LOOP('',(#2599,#2600,#2601,#2602));
#2599 = ORIENTED_EDGE('',*,*,#2567,.T.);
#2600 = ORIENTED_EDGE('',*,*,#1094,.T.);
#2601 = ORIENTED_EDGE('',*,*,#2586,.F.);
#2602 = ORIENTED_EDGE('',*,*,#1268,.F.);
#2603 = CYLINDRICAL_SURFACE('',#2604,0.29);
#2604 = AXIS2_PLACEMENT_3D('',#2605,#2606,#2607);
#2605 = CARTESIAN_POINT('',(0.152768888758,-0.35,-1.5));
#2606 = DIRECTION('',(0.,1.,3.330669073875E-16));
#2607 = DIRECTION('',(-0.957826285221,-9.570607158983E-17,0.287347885566
    ));
#2608 = ADVANCED_FACE('',(#2609),#2625,.T.);
#2609 = FACE_BOUND('',#2610,.T.);
#2610 = EDGE_LOOP('',(#2611,#2612,#2618,#2619));
#2611 = ORIENTED_EDGE('',*,*,#1334,.F.);
#2612 = ORIENTED_EDGE('',*,*,#2613,.T.);
#2613 = EDGE_CURVE('',#1335,#1485,#2614,.T.);
#2614 = LINE('',#2615,#2616);
#2615 = CARTESIAN_POINT('',(-0.162230377286,-4.85,-0.540767924286));
#2616 = VECTOR('',#2617,1.);
#2617 = DIRECTION('',(0.,1.,3.330669073875E-16));
#2618 = ORIENTED_EDGE('',*,*,#1484,.T.);
#2619 = ORIENTED_EDGE('',*,*,#2620,.F.);
#2620 = EDGE_CURVE('',#1337,#1487,#2621,.T.);
#2621 = LINE('',#2622,#2623);
#2622 = CARTESIAN_POINT('',(-0.425000733956,-4.85,-1.416669113186));
#2623 = VECTOR('',#2624,1.);
#2624 = DIRECTION('',(0.,1.,3.330669073875E-16));
#2625 = PLANE('',#2626);
#2626 = AXIS2_PLACEMENT_3D('',#2627,#2628,#2629);
#2627 = CARTESIAN_POINT('',(-0.15,-4.85,-0.5));
#2628 = DIRECTION('',(-0.957826285221,-9.570607158995E-17,0.287347885566
    ));
#2629 = DIRECTION('',(-0.287347885566,5.31700397722E-16,-0.957826285221)
  );
#2630 = ADVANCED_FACE('',(#2631),#2642,.F.);
#2631 = FACE_BOUND('',#2632,.F.);
#2632 = EDGE_LOOP('',(#2633,#2634,#2635,#2641));
#2633 = ORIENTED_EDGE('',*,*,#2613,.T.);
#2634 = ORIENTED_EDGE('',*,*,#1619,.T.);
#2635 = ORIENTED_EDGE('',*,*,#2636,.F.);
#2636 = EDGE_CURVE('',#1462,#1612,#2637,.T.);
#2637 = LINE('',#2638,#2639);
#2638 = CARTESIAN_POINT('',(-0.15,-4.85,-0.457437037472));
#2639 = VECTOR('',#2640,1.);
#2640 = DIRECTION('',(0.,1.,3.330669073875E-16));
#2641 = ORIENTED_EDGE('',*,*,#1469,.F.);
#2642 = CYLINDRICAL_SURFACE('',#2643,0.29);
#2643 = AXIS2_PLACEMENT_3D('',#2644,#2645,#2646);
#2644 = CARTESIAN_POINT('',(-0.44,-4.85,-0.457437037472));
#2645 = DIRECTION('',(0.,1.,3.330669073875E-16));
#2646 = DIRECTION('',(0.957826285221,9.570607158983E-17,-0.287347885566)
  );
#2647 = ADVANCED_FACE('',(#2648),#2659,.T.);
#2648 = FACE_BOUND('',#2649,.T.);
#2649 = EDGE_LOOP('',(#2650,#2651,#2652,#2658));
#2650 = ORIENTED_EDGE('',*,*,#2620,.T.);
#2651 = ORIENTED_EDGE('',*,*,#1494,.T.);
#2652 = ORIENTED_EDGE('',*,*,#2653,.F.);
#2653 = EDGE_CURVE('',#1345,#1495,#2654,.T.);
#2654 = LINE('',#2655,#2656);
#2655 = CARTESIAN_POINT('',(-0.425000733956,-4.85,-1.583330886814));
#2656 = VECTOR('',#2657,1.);
#2657 = DIRECTION('',(0.,1.,3.330669073875E-16));
#2658 = ORIENTED_EDGE('',*,*,#1344,.F.);
#2659 = CYLINDRICAL_SURFACE('',#2660,0.29);
#2660 = AXIS2_PLACEMENT_3D('',#2661,#2662,#2663);
#2661 = CARTESIAN_POINT('',(-0.147231111242,-4.85,-1.5));
#2662 = DIRECTION('',(0.,1.,3.330669073875E-16));
#2663 = DIRECTION('',(-0.957826285221,-9.570607158983E-17,0.287347885566
    ));
#2664 = ADVANCED_FACE('',(#2665),#2676,.F.);
#2665 = FACE_BOUND('',#2666,.F.);
#2666 = EDGE_LOOP('',(#2667,#2668,#2669,#2670));
#2667 = ORIENTED_EDGE('',*,*,#1461,.F.);
#2668 = ORIENTED_EDGE('',*,*,#2636,.T.);
#2669 = ORIENTED_EDGE('',*,*,#1611,.T.);
#2670 = ORIENTED_EDGE('',*,*,#2671,.F.);
#2671 = EDGE_CURVE('',#1453,#1603,#2672,.T.);
#2672 = LINE('',#2673,#2674);
#2673 = CARTESIAN_POINT('',(-0.15,-4.85,1.21));
#2674 = VECTOR('',#2675,1.);
#2675 = DIRECTION('',(0.,1.,3.330669073875E-16));
#2676 = PLANE('',#2677);
#2677 = AXIS2_PLACEMENT_3D('',#2678,#2679,#2680);
#2678 = CARTESIAN_POINT('',(-0.15,-4.85,-0.5));
#2679 = DIRECTION('',(1.,0.,0.));
#2680 = DIRECTION('',(0.,-5.551115123126E-16,1.));
#2681 = ADVANCED_FACE('',(#2682),#2693,.T.);
#2682 = FACE_BOUND('',#2683,.T.);
#2683 = EDGE_LOOP('',(#2684,#2685,#2686,#2687));
#2684 = ORIENTED_EDGE('',*,*,#1353,.F.);
#2685 = ORIENTED_EDGE('',*,*,#2653,.T.);
#2686 = ORIENTED_EDGE('',*,*,#1503,.T.);
#2687 = ORIENTED_EDGE('',*,*,#2688,.F.);
#2688 = EDGE_CURVE('',#1354,#1504,#2689,.T.);
#2689 = LINE('',#2690,#2691);
#2690 = CARTESIAN_POINT('',(-0.162230377286,-4.85,-2.459232075714));
#2691 = VECTOR('',#2692,1.);
#2692 = DIRECTION('',(0.,1.,3.330669073875E-16));
#2693 = PLANE('',#2694);
#2694 = AXIS2_PLACEMENT_3D('',#2695,#2696,#2697);
#2695 = CARTESIAN_POINT('',(-0.45,-4.85,-1.5));
#2696 = DIRECTION('',(-0.957826285221,9.570607158995E-17,-0.287347885566
    ));
#2697 = DIRECTION('',(0.287347885566,5.31700397722E-16,-0.957826285221)
  );
#2698 = ADVANCED_FACE('',(#2699),#2705,.T.);
#2699 = FACE_BOUND('',#2700,.T.);
#2700 = EDGE_LOOP('',(#2701,#2702,#2703,#2704));
#2701 = ORIENTED_EDGE('',*,*,#1452,.T.);
#2702 = ORIENTED_EDGE('',*,*,#1635,.T.);
#2703 = ORIENTED_EDGE('',*,*,#1602,.F.);
#2704 = ORIENTED_EDGE('',*,*,#2671,.F.);
#2705 = CYLINDRICAL_SURFACE('',#2706,0.29);
#2706 = AXIS2_PLACEMENT_3D('',#2707,#2708,#2709);
#2707 = CARTESIAN_POINT('',(0.14,-4.85,1.21));
#2708 = DIRECTION('',(0.,1.,3.330669073875E-16));
#2709 = DIRECTION('',(-1.,0.,0.));
#2710 = ADVANCED_FACE('',(#2711),#2722,.F.);
#2711 = FACE_BOUND('',#2712,.F.);
#2712 = EDGE_LOOP('',(#2713,#2719,#2720,#2721));
#2713 = ORIENTED_EDGE('',*,*,#2714,.T.);
#2714 = EDGE_CURVE('',#1362,#1512,#2715,.T.);
#2715 = LINE('',#2716,#2717);
#2716 = CARTESIAN_POINT('',(-0.15,-4.85,-2.542562962528));
#2717 = VECTOR('',#2718,1.);
#2718 = DIRECTION('',(0.,1.,3.330669073875E-16));
#2719 = ORIENTED_EDGE('',*,*,#1511,.T.);
#2720 = ORIENTED_EDGE('',*,*,#2688,.F.);
#2721 = ORIENTED_EDGE('',*,*,#1361,.F.);
#2722 = CYLINDRICAL_SURFACE('',#2723,0.29);
#2723 = AXIS2_PLACEMENT_3D('',#2724,#2725,#2726);
#2724 = CARTESIAN_POINT('',(-0.44,-4.85,-2.542562962528));
#2725 = DIRECTION('',(0.,1.,3.330669073875E-16));
#2726 = DIRECTION('',(1.,0.,-0.));
#2727 = ADVANCED_FACE('',(#2728),#2739,.F.);
#2728 = FACE_BOUND('',#2729,.F.);
#2729 = EDGE_LOOP('',(#2730,#2731,#2737,#2738));
#2730 = ORIENTED_EDGE('',*,*,#1370,.F.);
#2731 = ORIENTED_EDGE('',*,*,#2732,.T.);
#2732 = EDGE_CURVE('',#1371,#1521,#2733,.T.);
#2733 = LINE('',#2734,#2735);
#2734 = CARTESIAN_POINT('',(-0.15,-4.85,-3.5));
#2735 = VECTOR('',#2736,1.);
#2736 = DIRECTION('',(0.,1.,3.330669073875E-16));
#2737 = ORIENTED_EDGE('',*,*,#1520,.T.);
#2738 = ORIENTED_EDGE('',*,*,#2714,.F.);
#2739 = PLANE('',#2740);
#2740 = AXIS2_PLACEMENT_3D('',#2741,#2742,#2743);
#2741 = CARTESIAN_POINT('',(-0.15,-4.85,-3.5));
#2742 = DIRECTION('',(1.,0.,0.));
#2743 = DIRECTION('',(0.,-5.551115123126E-16,1.));
#2744 = ADVANCED_FACE('',(#2745),#2756,.F.);
#2745 = FACE_BOUND('',#2746,.F.);
#2746 = EDGE_LOOP('',(#2747,#2753,#2754,#2755));
#2747 = ORIENTED_EDGE('',*,*,#2748,.T.);
#2748 = EDGE_CURVE('',#1379,#1529,#2749,.T.);
#2749 = LINE('',#2750,#2751);
#2750 = CARTESIAN_POINT('',(0.15,-4.85,-3.5));
#2751 = VECTOR('',#2752,1.);
#2752 = DIRECTION('',(0.,1.,3.330669073875E-16));
#2753 = ORIENTED_EDGE('',*,*,#1528,.T.);
#2754 = ORIENTED_EDGE('',*,*,#2732,.F.);
#2755 = ORIENTED_EDGE('',*,*,#1378,.F.);
#2756 = PLANE('',#2757);
#2757 = AXIS2_PLACEMENT_3D('',#2758,#2759,#2760);
#2758 = CARTESIAN_POINT('',(0.15,-4.85,-3.5));
#2759 = DIRECTION('',(0.,-3.330669073875E-16,1.));
#2760 = DIRECTION('',(-1.,0.,0.));
#2761 = ADVANCED_FACE('',(#2762),#2773,.F.);
#2762 = FACE_BOUND('',#2763,.F.);
#2763 = EDGE_LOOP('',(#2764,#2765,#2771,#2772));
#2764 = ORIENTED_EDGE('',*,*,#1386,.F.);
#2765 = ORIENTED_EDGE('',*,*,#2766,.T.);
#2766 = EDGE_CURVE('',#1387,#1537,#2767,.T.);
#2767 = LINE('',#2768,#2769);
#2768 = CARTESIAN_POINT('',(0.15,-4.85,-2.542562962528));
#2769 = VECTOR('',#2770,1.);
#2770 = DIRECTION('',(0.,1.,3.330669073875E-16));
#2771 = ORIENTED_EDGE('',*,*,#1536,.T.);
#2772 = ORIENTED_EDGE('',*,*,#2748,.F.);
#2773 = PLANE('',#2774);
#2774 = AXIS2_PLACEMENT_3D('',#2775,#2776,#2777);
#2775 = CARTESIAN_POINT('',(0.15,-4.85,-2.5));
#2776 = DIRECTION('',(-1.,0.,-0.));
#2777 = DIRECTION('',(0.,5.551115123126E-16,-1.));
#2778 = ADVANCED_FACE('',(#2779),#2790,.T.);
#2779 = FACE_BOUND('',#2780,.T.);
#2780 = EDGE_LOOP('',(#2781,#2782,#2788,#2789));
#2781 = ORIENTED_EDGE('',*,*,#1428,.T.);
#2782 = ORIENTED_EDGE('',*,*,#2783,.T.);
#2783 = EDGE_CURVE('',#1421,#1571,#2784,.T.);
#2784 = LINE('',#2785,#2786);
#2785 = CARTESIAN_POINT('',(0.137769622714,-4.85,-0.540767924286));
#2786 = VECTOR('',#2787,1.);
#2787 = DIRECTION('',(0.,1.,3.330669073875E-16));
#2788 = ORIENTED_EDGE('',*,*,#1578,.F.);
#2789 = ORIENTED_EDGE('',*,*,#2297,.F.);
#2790 = CYLINDRICAL_SURFACE('',#2791,0.29);
#2791 = AXIS2_PLACEMENT_3D('',#2792,#2793,#2794);
#2792 = CARTESIAN_POINT('',(-0.14,-4.85,-0.457437037472));
#2793 = DIRECTION('',(0.,1.,3.330669073875E-16));
#2794 = DIRECTION('',(1.,0.,-0.));
#2795 = ADVANCED_FACE('',(#2796),#2807,.T.);
#2796 = FACE_BOUND('',#2797,.T.);
#2797 = EDGE_LOOP('',(#2798,#2799,#2800,#2801));
#2798 = ORIENTED_EDGE('',*,*,#1394,.T.);
#2799 = ORIENTED_EDGE('',*,*,#2766,.T.);
#2800 = ORIENTED_EDGE('',*,*,#1544,.F.);
#2801 = ORIENTED_EDGE('',*,*,#2802,.F.);
#2802 = EDGE_CURVE('',#1395,#1545,#2803,.T.);
#2803 = LINE('',#2804,#2805);
#2804 = CARTESIAN_POINT('',(0.137769622714,-4.85,-2.459232075714));
#2805 = VECTOR('',#2806,1.);
#2806 = DIRECTION('',(0.,1.,3.330669073875E-16));
#2807 = CYLINDRICAL_SURFACE('',#2808,0.29);
#2808 = AXIS2_PLACEMENT_3D('',#2809,#2810,#2811);
#2809 = CARTESIAN_POINT('',(-0.14,-4.85,-2.542562962528));
#2810 = DIRECTION('',(0.,1.,3.330669073875E-16));
#2811 = DIRECTION('',(0.957826285221,-9.570607158983E-17,0.287347885566)
  );
#2812 = ADVANCED_FACE('',(#2813),#2824,.T.);
#2813 = FACE_BOUND('',#2814,.T.);
#2814 = EDGE_LOOP('',(#2815,#2816,#2822,#2823));
#2815 = ORIENTED_EDGE('',*,*,#1420,.F.);
#2816 = ORIENTED_EDGE('',*,*,#2817,.T.);
#2817 = EDGE_CURVE('',#1412,#1562,#2818,.T.);
#2818 = LINE('',#2819,#2820);
#2819 = CARTESIAN_POINT('',(-0.125000733956,-4.85,-1.416669113186));
#2820 = VECTOR('',#2821,1.);
#2821 = DIRECTION('',(0.,1.,3.330669073875E-16));
#2822 = ORIENTED_EDGE('',*,*,#1570,.T.);
#2823 = ORIENTED_EDGE('',*,*,#2783,.F.);
#2824 = PLANE('',#2825);
#2825 = AXIS2_PLACEMENT_3D('',#2826,#2827,#2828);
#2826 = CARTESIAN_POINT('',(-0.15,-4.85,-1.5));
#2827 = DIRECTION('',(0.957826285221,9.570607158995E-17,-0.287347885566)
  );
#2828 = DIRECTION('',(0.287347885566,-5.31700397722E-16,0.957826285221)
  );
#2829 = ADVANCED_FACE('',(#2830),#2841,.T.);
#2830 = FACE_BOUND('',#2831,.T.);
#2831 = EDGE_LOOP('',(#2832,#2833,#2834,#2835));
#2832 = ORIENTED_EDGE('',*,*,#1403,.F.);
#2833 = ORIENTED_EDGE('',*,*,#2802,.T.);
#2834 = ORIENTED_EDGE('',*,*,#1553,.T.);
#2835 = ORIENTED_EDGE('',*,*,#2836,.F.);
#2836 = EDGE_CURVE('',#1404,#1554,#2837,.T.);
#2837 = LINE('',#2838,#2839);
#2838 = CARTESIAN_POINT('',(-0.125000733956,-4.85,-1.583330886814));
#2839 = VECTOR('',#2840,1.);
#2840 = DIRECTION('',(0.,1.,3.330669073875E-16));
#2841 = PLANE('',#2842);
#2842 = AXIS2_PLACEMENT_3D('',#2843,#2844,#2845);
#2843 = CARTESIAN_POINT('',(0.15,-4.85,-2.5));
#2844 = DIRECTION('',(0.957826285221,-9.570607158995E-17,0.287347885566)
  );
#2845 = DIRECTION('',(-0.287347885566,-5.31700397722E-16,0.957826285221)
  );
#2846 = ADVANCED_FACE('',(#2847),#2853,.F.);
#2847 = FACE_BOUND('',#2848,.F.);
#2848 = EDGE_LOOP('',(#2849,#2850,#2851,#2852));
#2849 = ORIENTED_EDGE('',*,*,#2817,.T.);
#2850 = ORIENTED_EDGE('',*,*,#1561,.T.);
#2851 = ORIENTED_EDGE('',*,*,#2836,.F.);
#2852 = ORIENTED_EDGE('',*,*,#1411,.F.);
#2853 = CYLINDRICAL_SURFACE('',#2854,0.29);
#2854 = AXIS2_PLACEMENT_3D('',#2855,#2856,#2857);
#2855 = CARTESIAN_POINT('',(0.152768888758,-4.85,-1.5));
#2856 = DIRECTION('',(0.,1.,3.330669073875E-16));
#2857 = DIRECTION('',(-0.957826285221,-9.570607158983E-17,0.287347885566
    ));
#2858 = ADVANCED_FACE('',(#2859),#2875,.F.);
#2859 = FACE_BOUND('',#2860,.F.);
#2860 = EDGE_LOOP('',(#2861,#2862,#2868,#2869));
#2861 = ORIENTED_EDGE('',*,*,#1651,.F.);
#2862 = ORIENTED_EDGE('',*,*,#2863,.T.);
#2863 = EDGE_CURVE('',#1652,#1826,#2864,.T.);
#2864 = LINE('',#2865,#2866);
#2865 = CARTESIAN_POINT('',(6.462230377286,-4.85,-0.540767924286));
#2866 = VECTOR('',#2867,1.);
#2867 = DIRECTION('',(0.,1.,3.330669073875E-16));
#2868 = ORIENTED_EDGE('',*,*,#1825,.T.);
#2869 = ORIENTED_EDGE('',*,*,#2870,.F.);
#2870 = EDGE_CURVE('',#1654,#1828,#2871,.T.);
#2871 = LINE('',#2872,#2873);
#2872 = CARTESIAN_POINT('',(6.725000733956,-4.85,-1.416669113186));
#2873 = VECTOR('',#2874,1.);
#2874 = DIRECTION('',(0.,1.,3.330669073875E-16));
#2875 = PLANE('',#2876);
#2876 = AXIS2_PLACEMENT_3D('',#2877,#2878,#2879);
#2877 = CARTESIAN_POINT('',(6.45,-4.85,-0.5));
#2878 = DIRECTION('',(-0.957826285221,9.570607158995E-17,-0.287347885566
    ));
#2879 = DIRECTION('',(0.287347885566,5.31700397722E-16,-0.957826285221)
  );
#2880 = ADVANCED_FACE('',(#2881),#2892,.F.);
#2881 = FACE_BOUND('',#2882,.F.);
#2882 = EDGE_LOOP('',(#2883,#2884,#2890,#2891));
#2883 = ORIENTED_EDGE('',*,*,#1786,.T.);
#2884 = ORIENTED_EDGE('',*,*,#2885,.T.);
#2885 = EDGE_CURVE('',#1779,#1946,#2886,.T.);
#2886 = LINE('',#2887,#2888);
#2887 = CARTESIAN_POINT('',(6.45,-4.85,-0.457437037472));
#2888 = VECTOR('',#2889,1.);
#2889 = DIRECTION('',(0.,1.,3.330669073875E-16));
#2890 = ORIENTED_EDGE('',*,*,#1953,.F.);
#2891 = ORIENTED_EDGE('',*,*,#2863,.F.);
#2892 = CYLINDRICAL_SURFACE('',#2893,0.29);
#2893 = AXIS2_PLACEMENT_3D('',#2894,#2895,#2896);
#2894 = CARTESIAN_POINT('',(6.74,-4.85,-0.457437037472));
#2895 = DIRECTION('',(0.,1.,3.330669073875E-16));
#2896 = DIRECTION('',(-0.957826285221,9.570607158983E-17,-0.287347885566
    ));
#2897 = ADVANCED_FACE('',(#2898),#2909,.T.);
#2898 = FACE_BOUND('',#2899,.T.);
#2899 = EDGE_LOOP('',(#2900,#2901,#2907,#2908));
#2900 = ORIENTED_EDGE('',*,*,#1661,.T.);
#2901 = ORIENTED_EDGE('',*,*,#2902,.T.);
#2902 = EDGE_CURVE('',#1662,#1836,#2903,.T.);
#2903 = LINE('',#2904,#2905);
#2904 = CARTESIAN_POINT('',(6.725000733956,-4.85,-1.583330886814));
#2905 = VECTOR('',#2906,1.);
#2906 = DIRECTION('',(0.,1.,3.330669073875E-16));
#2907 = ORIENTED_EDGE('',*,*,#1835,.F.);
#2908 = ORIENTED_EDGE('',*,*,#2870,.F.);
#2909 = CYLINDRICAL_SURFACE('',#2910,0.29);
#2910 = AXIS2_PLACEMENT_3D('',#2911,#2912,#2913);
#2911 = CARTESIAN_POINT('',(6.447231111242,-4.85,-1.5));
#2912 = DIRECTION('',(0.,1.,3.330669073875E-16));
#2913 = DIRECTION('',(0.957826285221,-9.570607158983E-17,0.287347885566)
  );
#2914 = ADVANCED_FACE('',(#2915),#2926,.T.);
#2915 = FACE_BOUND('',#2916,.T.);
#2916 = EDGE_LOOP('',(#2917,#2918,#2919,#2920));
#2917 = ORIENTED_EDGE('',*,*,#1778,.F.);
#2918 = ORIENTED_EDGE('',*,*,#2885,.T.);
#2919 = ORIENTED_EDGE('',*,*,#1945,.T.);
#2920 = ORIENTED_EDGE('',*,*,#2921,.F.);
#2921 = EDGE_CURVE('',#1770,#1937,#2922,.T.);
#2922 = LINE('',#2923,#2924);
#2923 = CARTESIAN_POINT('',(6.45,-4.85,1.21));
#2924 = VECTOR('',#2925,1.);
#2925 = DIRECTION('',(0.,1.,3.330669073875E-16));
#2926 = PLANE('',#2927);
#2927 = AXIS2_PLACEMENT_3D('',#2928,#2929,#2930);
#2928 = CARTESIAN_POINT('',(6.45,-4.85,-0.5));
#2929 = DIRECTION('',(1.,0.,0.));
#2930 = DIRECTION('',(0.,-5.551115123126E-16,1.));
#2931 = ADVANCED_FACE('',(#2932),#2943,.F.);
#2932 = FACE_BOUND('',#2933,.F.);
#2933 = EDGE_LOOP('',(#2934,#2935,#2936,#2937));
#2934 = ORIENTED_EDGE('',*,*,#1670,.F.);
#2935 = ORIENTED_EDGE('',*,*,#2902,.T.);
#2936 = ORIENTED_EDGE('',*,*,#1844,.T.);
#2937 = ORIENTED_EDGE('',*,*,#2938,.F.);
#2938 = EDGE_CURVE('',#1671,#1845,#2939,.T.);
#2939 = LINE('',#2940,#2941);
#2940 = CARTESIAN_POINT('',(6.462230377286,-4.85,-2.459232075714));
#2941 = VECTOR('',#2942,1.);
#2942 = DIRECTION('',(0.,1.,3.330669073875E-16));
#2943 = PLANE('',#2944);
#2944 = AXIS2_PLACEMENT_3D('',#2945,#2946,#2947);
#2945 = CARTESIAN_POINT('',(6.75,-4.85,-1.5));
#2946 = DIRECTION('',(-0.957826285221,-9.570607158995E-17,0.287347885566
    ));
#2947 = DIRECTION('',(-0.287347885566,5.31700397722E-16,-0.957826285221)
  );
#2948 = ADVANCED_FACE('',(#2949),#2955,.T.);
#2949 = FACE_BOUND('',#2950,.T.);
#2950 = EDGE_LOOP('',(#2951,#2952,#2953,#2954));
#2951 = ORIENTED_EDGE('',*,*,#2921,.T.);
#2952 = ORIENTED_EDGE('',*,*,#1936,.T.);
#2953 = ORIENTED_EDGE('',*,*,#1802,.F.);
#2954 = ORIENTED_EDGE('',*,*,#1769,.F.);
#2955 = CYLINDRICAL_SURFACE('',#2956,0.29);
#2956 = AXIS2_PLACEMENT_3D('',#2957,#2958,#2959);
#2957 = CARTESIAN_POINT('',(6.16,-4.85,1.21));
#2958 = DIRECTION('',(0.,1.,3.330669073875E-16));
#2959 = DIRECTION('',(1.,0.,-0.));
#2960 = ADVANCED_FACE('',(#2961),#2972,.F.);
#2961 = FACE_BOUND('',#2962,.F.);
#2962 = EDGE_LOOP('',(#2963,#2964,#2965,#2966));
#2963 = ORIENTED_EDGE('',*,*,#1678,.T.);
#2964 = ORIENTED_EDGE('',*,*,#2938,.T.);
#2965 = ORIENTED_EDGE('',*,*,#1852,.F.);
#2966 = ORIENTED_EDGE('',*,*,#2967,.F.);
#2967 = EDGE_CURVE('',#1679,#1853,#2968,.T.);
#2968 = LINE('',#2969,#2970);
#2969 = CARTESIAN_POINT('',(6.45,-4.85,-2.542562962528));
#2970 = VECTOR('',#2971,1.);
#2971 = DIRECTION('',(0.,1.,3.330669073875E-16));
#2972 = CYLINDRICAL_SURFACE('',#2973,0.29);
#2973 = AXIS2_PLACEMENT_3D('',#2974,#2975,#2976);
#2974 = CARTESIAN_POINT('',(6.74,-4.85,-2.542562962528));
#2975 = DIRECTION('',(0.,1.,3.330669073875E-16));
#2976 = DIRECTION('',(-1.,0.,0.));
#2977 = ADVANCED_FACE('',(#2978),#2989,.T.);
#2978 = FACE_BOUND('',#2979,.T.);
#2979 = EDGE_LOOP('',(#2980,#2981,#2987,#2988));
#2980 = ORIENTED_EDGE('',*,*,#1687,.F.);
#2981 = ORIENTED_EDGE('',*,*,#2982,.T.);
#2982 = EDGE_CURVE('',#1688,#1862,#2983,.T.);
#2983 = LINE('',#2984,#2985);
#2984 = CARTESIAN_POINT('',(6.45,-4.85,-3.5));
#2985 = VECTOR('',#2986,1.);
#2986 = DIRECTION('',(0.,1.,3.330669073875E-16));
#2987 = ORIENTED_EDGE('',*,*,#1861,.T.);
#2988 = ORIENTED_EDGE('',*,*,#2967,.F.);
#2989 = PLANE('',#2990);
#2990 = AXIS2_PLACEMENT_3D('',#2991,#2992,#2993);
#2991 = CARTESIAN_POINT('',(6.45,-4.85,-3.5));
#2992 = DIRECTION('',(1.,0.,0.));
#2993 = DIRECTION('',(0.,-5.551115123126E-16,1.));
#2994 = ADVANCED_FACE('',(#2995),#3006,.T.);
#2995 = FACE_BOUND('',#2996,.T.);
#2996 = EDGE_LOOP('',(#2997,#3003,#3004,#3005));
#2997 = ORIENTED_EDGE('',*,*,#2998,.T.);
#2998 = EDGE_CURVE('',#1696,#1870,#2999,.T.);
#2999 = LINE('',#3000,#3001);
#3000 = CARTESIAN_POINT('',(6.15,-4.85,-3.5));
#3001 = VECTOR('',#3002,1.);
#3002 = DIRECTION('',(0.,1.,3.330669073875E-16));
#3003 = ORIENTED_EDGE('',*,*,#1869,.T.);
#3004 = ORIENTED_EDGE('',*,*,#2982,.F.);
#3005 = ORIENTED_EDGE('',*,*,#1695,.F.);
#3006 = PLANE('',#3007);
#3007 = AXIS2_PLACEMENT_3D('',#3008,#3009,#3010);
#3008 = CARTESIAN_POINT('',(6.15,-4.85,-3.5));
#3009 = DIRECTION('',(0.,3.330669073875E-16,-1.));
#3010 = DIRECTION('',(1.,0.,0.));
#3011 = ADVANCED_FACE('',(#3012),#3023,.T.);
#3012 = FACE_BOUND('',#3013,.T.);
#3013 = EDGE_LOOP('',(#3014,#3015,#3021,#3022));
#3014 = ORIENTED_EDGE('',*,*,#1703,.F.);
#3015 = ORIENTED_EDGE('',*,*,#3016,.T.);
#3016 = EDGE_CURVE('',#1704,#1878,#3017,.T.);
#3017 = LINE('',#3018,#3019);
#3018 = CARTESIAN_POINT('',(6.15,-4.85,-2.542562962528));
#3019 = VECTOR('',#3020,1.);
#3020 = DIRECTION('',(0.,1.,3.330669073875E-16));
#3021 = ORIENTED_EDGE('',*,*,#1877,.T.);
#3022 = ORIENTED_EDGE('',*,*,#2998,.F.);
#3023 = PLANE('',#3024);
#3024 = AXIS2_PLACEMENT_3D('',#3025,#3026,#3027);
#3025 = CARTESIAN_POINT('',(6.15,-4.85,-2.5));
#3026 = DIRECTION('',(-1.,0.,-0.));
#3027 = DIRECTION('',(0.,5.551115123126E-16,-1.));
#3028 = ADVANCED_FACE('',(#3029),#3040,.T.);
#3029 = FACE_BOUND('',#3030,.T.);
#3030 = EDGE_LOOP('',(#3031,#3032,#3033,#3039));
#3031 = ORIENTED_EDGE('',*,*,#2314,.T.);
#3032 = ORIENTED_EDGE('',*,*,#1919,.T.);
#3033 = ORIENTED_EDGE('',*,*,#3034,.F.);
#3034 = EDGE_CURVE('',#1738,#1912,#3035,.T.);
#3035 = LINE('',#3036,#3037);
#3036 = CARTESIAN_POINT('',(6.162230377286,-4.85,-0.540767924286));
#3037 = VECTOR('',#3038,1.);
#3038 = DIRECTION('',(0.,1.,3.330669073875E-16));
#3039 = ORIENTED_EDGE('',*,*,#1745,.F.);
#3040 = CYLINDRICAL_SURFACE('',#3041,0.29);
#3041 = AXIS2_PLACEMENT_3D('',#3042,#3043,#3044);
#3042 = CARTESIAN_POINT('',(6.44,-4.85,-0.457437037472));
#3043 = DIRECTION('',(0.,1.,3.330669073875E-16));
#3044 = DIRECTION('',(-1.,0.,0.));
#3045 = ADVANCED_FACE('',(#3046),#3057,.T.);
#3046 = FACE_BOUND('',#3047,.T.);
#3047 = EDGE_LOOP('',(#3048,#3054,#3055,#3056));
#3048 = ORIENTED_EDGE('',*,*,#3049,.T.);
#3049 = EDGE_CURVE('',#1712,#1886,#3050,.T.);
#3050 = LINE('',#3051,#3052);
#3051 = CARTESIAN_POINT('',(6.162230377286,-4.85,-2.459232075714));
#3052 = VECTOR('',#3053,1.);
#3053 = DIRECTION('',(0.,1.,3.330669073875E-16));
#3054 = ORIENTED_EDGE('',*,*,#1885,.T.);
#3055 = ORIENTED_EDGE('',*,*,#3016,.F.);
#3056 = ORIENTED_EDGE('',*,*,#1711,.F.);
#3057 = CYLINDRICAL_SURFACE('',#3058,0.29);
#3058 = AXIS2_PLACEMENT_3D('',#3059,#3060,#3061);
#3059 = CARTESIAN_POINT('',(6.44,-4.85,-2.542562962528));
#3060 = DIRECTION('',(0.,1.,3.330669073875E-16));
#3061 = DIRECTION('',(-0.957826285221,-9.570607158983E-17,0.287347885566
    ));
#3062 = ADVANCED_FACE('',(#3063),#3074,.F.);
#3063 = FACE_BOUND('',#3064,.F.);
#3064 = EDGE_LOOP('',(#3065,#3066,#3072,#3073));
#3065 = ORIENTED_EDGE('',*,*,#1737,.F.);
#3066 = ORIENTED_EDGE('',*,*,#3067,.T.);
#3067 = EDGE_CURVE('',#1729,#1903,#3068,.T.);
#3068 = LINE('',#3069,#3070);
#3069 = CARTESIAN_POINT('',(6.425000733956,-4.85,-1.416669113186));
#3070 = VECTOR('',#3071,1.);
#3071 = DIRECTION('',(0.,1.,3.330669073875E-16));
#3072 = ORIENTED_EDGE('',*,*,#1911,.T.);
#3073 = ORIENTED_EDGE('',*,*,#3034,.F.);
#3074 = PLANE('',#3075);
#3075 = AXIS2_PLACEMENT_3D('',#3076,#3077,#3078);
#3076 = CARTESIAN_POINT('',(6.45,-4.85,-1.5));
#3077 = DIRECTION('',(0.957826285221,-9.570607158995E-17,0.287347885566)
  );
#3078 = DIRECTION('',(-0.287347885566,-5.31700397722E-16,0.957826285221)
  );
#3079 = ADVANCED_FACE('',(#3080),#3091,.F.);
#3080 = FACE_BOUND('',#3081,.F.);
#3081 = EDGE_LOOP('',(#3082,#3083,#3084,#3085));
#3082 = ORIENTED_EDGE('',*,*,#1720,.F.);
#3083 = ORIENTED_EDGE('',*,*,#3049,.T.);
#3084 = ORIENTED_EDGE('',*,*,#1894,.T.);
#3085 = ORIENTED_EDGE('',*,*,#3086,.F.);
#3086 = EDGE_CURVE('',#1721,#1895,#3087,.T.);
#3087 = LINE('',#3088,#3089);
#3088 = CARTESIAN_POINT('',(6.425000733956,-4.85,-1.583330886814));
#3089 = VECTOR('',#3090,1.);
#3090 = DIRECTION('',(0.,1.,3.330669073875E-16));
#3091 = PLANE('',#3092);
#3092 = AXIS2_PLACEMENT_3D('',#3093,#3094,#3095);
#3093 = CARTESIAN_POINT('',(6.15,-4.85,-2.5));
#3094 = DIRECTION('',(0.957826285221,9.570607158995E-17,-0.287347885566)
  );
#3095 = DIRECTION('',(0.287347885566,-5.31700397722E-16,0.957826285221)
  );
#3096 = ADVANCED_FACE('',(#3097),#3103,.F.);
#3097 = FACE_BOUND('',#3098,.F.);
#3098 = EDGE_LOOP('',(#3099,#3100,#3101,#3102));
#3099 = ORIENTED_EDGE('',*,*,#1728,.T.);
#3100 = ORIENTED_EDGE('',*,*,#3086,.T.);
#3101 = ORIENTED_EDGE('',*,*,#1902,.F.);
#3102 = ORIENTED_EDGE('',*,*,#3067,.F.);
#3103 = CYLINDRICAL_SURFACE('',#3104,0.29);
#3104 = AXIS2_PLACEMENT_3D('',#3105,#3106,#3107);
#3105 = CARTESIAN_POINT('',(6.147231111242,-4.85,-1.5));
#3106 = DIRECTION('',(0.,1.,3.330669073875E-16));
#3107 = DIRECTION('',(0.957826285221,-9.570607158983E-17,0.287347885566)
  );
#3108 = ADVANCED_FACE('',(#3109),#3125,.F.);
#3109 = FACE_BOUND('',#3110,.F.);
#3110 = EDGE_LOOP('',(#3111,#3112,#3118,#3119));
#3111 = ORIENTED_EDGE('',*,*,#2118,.F.);
#3112 = ORIENTED_EDGE('',*,*,#3113,.T.);
#3113 = EDGE_CURVE('',#2119,#1969,#3114,.T.);
#3114 = LINE('',#3115,#3116);
#3115 = CARTESIAN_POINT('',(6.462230377286,-0.35,-0.540767924286));
#3116 = VECTOR('',#3117,1.);
#3117 = DIRECTION('',(0.,1.,3.330669073875E-16));
#3118 = ORIENTED_EDGE('',*,*,#1968,.T.);
#3119 = ORIENTED_EDGE('',*,*,#3120,.F.);
#3120 = EDGE_CURVE('',#2121,#1971,#3121,.T.);
#3121 = LINE('',#3122,#3123);
#3122 = CARTESIAN_POINT('',(6.725000733956,-0.35,-1.416669113186));
#3123 = VECTOR('',#3124,1.);
#3124 = DIRECTION('',(0.,1.,3.330669073875E-16));
#3125 = PLANE('',#3126);
#3126 = AXIS2_PLACEMENT_3D('',#3127,#3128,#3129);
#3127 = CARTESIAN_POINT('',(6.45,-0.35,-0.5));
#3128 = DIRECTION('',(-0.957826285221,9.570607158995E-17,-0.287347885566
    ));
#3129 = DIRECTION('',(0.287347885566,5.31700397722E-16,-0.957826285221)
  );
#3130 = ADVANCED_FACE('',(#3131),#3142,.F.);
#3131 = FACE_BOUND('',#3132,.F.);
#3132 = EDGE_LOOP('',(#3133,#3134,#3140,#3141));
#3133 = ORIENTED_EDGE('',*,*,#2253,.T.);
#3134 = ORIENTED_EDGE('',*,*,#3135,.T.);
#3135 = EDGE_CURVE('',#2246,#2096,#3136,.T.);
#3136 = LINE('',#3137,#3138);
#3137 = CARTESIAN_POINT('',(6.45,-0.35,-0.457437037472));
#3138 = VECTOR('',#3139,1.);
#3139 = DIRECTION('',(0.,1.,3.330669073875E-16));
#3140 = ORIENTED_EDGE('',*,*,#2103,.F.);
#3141 = ORIENTED_EDGE('',*,*,#3113,.F.);
#3142 = CYLINDRICAL_SURFACE('',#3143,0.29);
#3143 = AXIS2_PLACEMENT_3D('',#3144,#3145,#3146);
#3144 = CARTESIAN_POINT('',(6.74,-0.35,-0.457437037472));
#3145 = DIRECTION('',(0.,1.,3.330669073875E-16));
#3146 = DIRECTION('',(-0.957826285221,9.570607158983E-17,-0.287347885566
    ));
#3147 = ADVANCED_FACE('',(#3148),#3159,.T.);
#3148 = FACE_BOUND('',#3149,.T.);
#3149 = EDGE_LOOP('',(#3150,#3151,#3157,#3158));
#3150 = ORIENTED_EDGE('',*,*,#2128,.T.);
#3151 = ORIENTED_EDGE('',*,*,#3152,.T.);
#3152 = EDGE_CURVE('',#2129,#1979,#3153,.T.);
#3153 = LINE('',#3154,#3155);
#3154 = CARTESIAN_POINT('',(6.725000733956,-0.35,-1.583330886814));
#3155 = VECTOR('',#3156,1.);
#3156 = DIRECTION('',(0.,1.,3.330669073875E-16));
#3157 = ORIENTED_EDGE('',*,*,#1978,.F.);
#3158 = ORIENTED_EDGE('',*,*,#3120,.F.);
#3159 = CYLINDRICAL_SURFACE('',#3160,0.29);
#3160 = AXIS2_PLACEMENT_3D('',#3161,#3162,#3163);
#3161 = CARTESIAN_POINT('',(6.447231111242,-0.35,-1.5));
#3162 = DIRECTION('',(0.,1.,3.330669073875E-16));
#3163 = DIRECTION('',(0.957826285221,-9.570607158983E-17,0.287347885566)
  );
#3164 = ADVANCED_FACE('',(#3165),#3176,.T.);
#3165 = FACE_BOUND('',#3166,.T.);
#3166 = EDGE_LOOP('',(#3167,#3168,#3169,#3170));
#3167 = ORIENTED_EDGE('',*,*,#2245,.F.);
#3168 = ORIENTED_EDGE('',*,*,#3135,.T.);
#3169 = ORIENTED_EDGE('',*,*,#2095,.T.);
#3170 = ORIENTED_EDGE('',*,*,#3171,.F.);
#3171 = EDGE_CURVE('',#2237,#2087,#3172,.T.);
#3172 = LINE('',#3173,#3174);
#3173 = CARTESIAN_POINT('',(6.45,-0.35,1.21));
#3174 = VECTOR('',#3175,1.);
#3175 = DIRECTION('',(0.,1.,3.330669073875E-16));
#3176 = PLANE('',#3177);
#3177 = AXIS2_PLACEMENT_3D('',#3178,#3179,#3180);
#3178 = CARTESIAN_POINT('',(6.45,-0.35,-0.5));
#3179 = DIRECTION('',(1.,0.,0.));
#3180 = DIRECTION('',(0.,-5.551115123126E-16,1.));
#3181 = ADVANCED_FACE('',(#3182),#3193,.F.);
#3182 = FACE_BOUND('',#3183,.F.);
#3183 = EDGE_LOOP('',(#3184,#3185,#3186,#3187));
#3184 = ORIENTED_EDGE('',*,*,#2137,.F.);
#3185 = ORIENTED_EDGE('',*,*,#3152,.T.);
#3186 = ORIENTED_EDGE('',*,*,#1987,.T.);
#3187 = ORIENTED_EDGE('',*,*,#3188,.F.);
#3188 = EDGE_CURVE('',#2138,#1988,#3189,.T.);
#3189 = LINE('',#3190,#3191);
#3190 = CARTESIAN_POINT('',(6.462230377286,-0.35,-2.459232075714));
#3191 = VECTOR('',#3192,1.);
#3192 = DIRECTION('',(0.,1.,3.330669073875E-16));
#3193 = PLANE('',#3194);
#3194 = AXIS2_PLACEMENT_3D('',#3195,#3196,#3197);
#3195 = CARTESIAN_POINT('',(6.75,-0.35,-1.5));
#3196 = DIRECTION('',(-0.957826285221,-9.570607158995E-17,0.287347885566
    ));
#3197 = DIRECTION('',(-0.287347885566,5.31700397722E-16,-0.957826285221)
  );
#3198 = ADVANCED_FACE('',(#3199),#3205,.T.);
#3199 = FACE_BOUND('',#3200,.T.);
#3200 = EDGE_LOOP('',(#3201,#3202,#3203,#3204));
#3201 = ORIENTED_EDGE('',*,*,#3171,.T.);
#3202 = ORIENTED_EDGE('',*,*,#2086,.T.);
#3203 = ORIENTED_EDGE('',*,*,#2269,.F.);
#3204 = ORIENTED_EDGE('',*,*,#2236,.F.);
#3205 = CYLINDRICAL_SURFACE('',#3206,0.29);
#3206 = AXIS2_PLACEMENT_3D('',#3207,#3208,#3209);
#3207 = CARTESIAN_POINT('',(6.16,-0.35,1.21));
#3208 = DIRECTION('',(0.,1.,3.330669073875E-16));
#3209 = DIRECTION('',(1.,0.,-0.));
#3210 = ADVANCED_FACE('',(#3211),#3222,.F.);
#3211 = FACE_BOUND('',#3212,.F.);
#3212 = EDGE_LOOP('',(#3213,#3214,#3215,#3216));
#3213 = ORIENTED_EDGE('',*,*,#2145,.T.);
#3214 = ORIENTED_EDGE('',*,*,#3188,.T.);
#3215 = ORIENTED_EDGE('',*,*,#1995,.F.);
#3216 = ORIENTED_EDGE('',*,*,#3217,.F.);
#3217 = EDGE_CURVE('',#2146,#1996,#3218,.T.);
#3218 = LINE('',#3219,#3220);
#3219 = CARTESIAN_POINT('',(6.45,-0.35,-2.542562962528));
#3220 = VECTOR('',#3221,1.);
#3221 = DIRECTION('',(0.,1.,3.330669073875E-16));
#3222 = CYLINDRICAL_SURFACE('',#3223,0.29);
#3223 = AXIS2_PLACEMENT_3D('',#3224,#3225,#3226);
#3224 = CARTESIAN_POINT('',(6.74,-0.35,-2.542562962528));
#3225 = DIRECTION('',(0.,1.,3.330669073875E-16));
#3226 = DIRECTION('',(-1.,0.,0.));
#3227 = ADVANCED_FACE('',(#3228),#3239,.T.);
#3228 = FACE_BOUND('',#3229,.T.);
#3229 = EDGE_LOOP('',(#3230,#3231,#3237,#3238));
#3230 = ORIENTED_EDGE('',*,*,#2154,.F.);
#3231 = ORIENTED_EDGE('',*,*,#3232,.T.);
#3232 = EDGE_CURVE('',#2155,#2005,#3233,.T.);
#3233 = LINE('',#3234,#3235);
#3234 = CARTESIAN_POINT('',(6.45,-0.35,-3.5));
#3235 = VECTOR('',#3236,1.);
#3236 = DIRECTION('',(0.,1.,3.330669073875E-16));
#3237 = ORIENTED_EDGE('',*,*,#2004,.T.);
#3238 = ORIENTED_EDGE('',*,*,#3217,.F.);
#3239 = PLANE('',#3240);
#3240 = AXIS2_PLACEMENT_3D('',#3241,#3242,#3243);
#3241 = CARTESIAN_POINT('',(6.45,-0.35,-3.5));
#3242 = DIRECTION('',(1.,0.,0.));
#3243 = DIRECTION('',(0.,-5.551115123126E-16,1.));
#3244 = ADVANCED_FACE('',(#3245),#3256,.T.);
#3245 = FACE_BOUND('',#3246,.T.);
#3246 = EDGE_LOOP('',(#3247,#3253,#3254,#3255));
#3247 = ORIENTED_EDGE('',*,*,#3248,.T.);
#3248 = EDGE_CURVE('',#2163,#2013,#3249,.T.);
#3249 = LINE('',#3250,#3251);
#3250 = CARTESIAN_POINT('',(6.15,-0.35,-3.5));
#3251 = VECTOR('',#3252,1.);
#3252 = DIRECTION('',(0.,1.,3.330669073875E-16));
#3253 = ORIENTED_EDGE('',*,*,#2012,.T.);
#3254 = ORIENTED_EDGE('',*,*,#3232,.F.);
#3255 = ORIENTED_EDGE('',*,*,#2162,.F.);
#3256 = PLANE('',#3257);
#3257 = AXIS2_PLACEMENT_3D('',#3258,#3259,#3260);
#3258 = CARTESIAN_POINT('',(6.15,-0.35,-3.5));
#3259 = DIRECTION('',(0.,3.330669073875E-16,-1.));
#3260 = DIRECTION('',(1.,0.,0.));
#3261 = ADVANCED_FACE('',(#3262),#3273,.T.);
#3262 = FACE_BOUND('',#3263,.T.);
#3263 = EDGE_LOOP('',(#3264,#3265,#3271,#3272));
#3264 = ORIENTED_EDGE('',*,*,#2170,.F.);
#3265 = ORIENTED_EDGE('',*,*,#3266,.T.);
#3266 = EDGE_CURVE('',#2171,#2021,#3267,.T.);
#3267 = LINE('',#3268,#3269);
#3268 = CARTESIAN_POINT('',(6.15,-0.35,-2.542562962528));
#3269 = VECTOR('',#3270,1.);
#3270 = DIRECTION('',(0.,1.,3.330669073875E-16));
#3271 = ORIENTED_EDGE('',*,*,#2020,.T.);
#3272 = ORIENTED_EDGE('',*,*,#3248,.F.);
#3273 = PLANE('',#3274);
#3274 = AXIS2_PLACEMENT_3D('',#3275,#3276,#3277);
#3275 = CARTESIAN_POINT('',(6.15,-0.35,-2.5));
#3276 = DIRECTION('',(-1.,0.,-0.));
#3277 = DIRECTION('',(0.,5.551115123126E-16,-1.));
#3278 = ADVANCED_FACE('',(#3279),#3290,.T.);
#3279 = FACE_BOUND('',#3280,.T.);
#3280 = EDGE_LOOP('',(#3281,#3282,#3283,#3289));
#3281 = ORIENTED_EDGE('',*,*,#2348,.T.);
#3282 = ORIENTED_EDGE('',*,*,#2062,.T.);
#3283 = ORIENTED_EDGE('',*,*,#3284,.F.);
#3284 = EDGE_CURVE('',#2205,#2055,#3285,.T.);
#3285 = LINE('',#3286,#3287);
#3286 = CARTESIAN_POINT('',(6.162230377286,-0.35,-0.540767924286));
#3287 = VECTOR('',#3288,1.);
#3288 = DIRECTION('',(0.,1.,3.330669073875E-16));
#3289 = ORIENTED_EDGE('',*,*,#2212,.F.);
#3290 = CYLINDRICAL_SURFACE('',#3291,0.29);
#3291 = AXIS2_PLACEMENT_3D('',#3292,#3293,#3294);
#3292 = CARTESIAN_POINT('',(6.44,-0.35,-0.457437037472));
#3293 = DIRECTION('',(0.,1.,3.330669073875E-16));
#3294 = DIRECTION('',(-1.,0.,0.));
#3295 = ADVANCED_FACE('',(#3296),#3307,.T.);
#3296 = FACE_BOUND('',#3297,.T.);
#3297 = EDGE_LOOP('',(#3298,#3304,#3305,#3306));
#3298 = ORIENTED_EDGE('',*,*,#3299,.T.);
#3299 = EDGE_CURVE('',#2179,#2029,#3300,.T.);
#3300 = LINE('',#3301,#3302);
#3301 = CARTESIAN_POINT('',(6.162230377286,-0.35,-2.459232075714));
#3302 = VECTOR('',#3303,1.);
#3303 = DIRECTION('',(0.,1.,3.330669073875E-16));
#3304 = ORIENTED_EDGE('',*,*,#2028,.T.);
#3305 = ORIENTED_EDGE('',*,*,#3266,.F.);
#3306 = ORIENTED_EDGE('',*,*,#2178,.F.);
#3307 = CYLINDRICAL_SURFACE('',#3308,0.29);
#3308 = AXIS2_PLACEMENT_3D('',#3309,#3310,#3311);
#3309 = CARTESIAN_POINT('',(6.44,-0.35,-2.542562962528));
#3310 = DIRECTION('',(0.,1.,3.330669073875E-16));
#3311 = DIRECTION('',(-0.957826285221,-9.570607158983E-17,0.287347885566
    ));
#3312 = ADVANCED_FACE('',(#3313),#3324,.F.);
#3313 = FACE_BOUND('',#3314,.F.);
#3314 = EDGE_LOOP('',(#3315,#3316,#3322,#3323));
#3315 = ORIENTED_EDGE('',*,*,#2204,.F.);
#3316 = ORIENTED_EDGE('',*,*,#3317,.T.);
#3317 = EDGE_CURVE('',#2196,#2046,#3318,.T.);
#3318 = LINE('',#3319,#3320);
#3319 = CARTESIAN_POINT('',(6.425000733956,-0.35,-1.416669113186));
#3320 = VECTOR('',#3321,1.);
#3321 = DIRECTION('',(0.,1.,3.330669073875E-16));
#3322 = ORIENTED_EDGE('',*,*,#2054,.T.);
#3323 = ORIENTED_EDGE('',*,*,#3284,.F.);
#3324 = PLANE('',#3325);
#3325 = AXIS2_PLACEMENT_3D('',#3326,#3327,#3328);
#3326 = CARTESIAN_POINT('',(6.45,-0.35,-1.5));
#3327 = DIRECTION('',(0.957826285221,-9.570607158995E-17,0.287347885566)
  );
#3328 = DIRECTION('',(-0.287347885566,-5.31700397722E-16,0.957826285221)
  );
#3329 = ADVANCED_FACE('',(#3330),#3341,.F.);
#3330 = FACE_BOUND('',#3331,.F.);
#3331 = EDGE_LOOP('',(#3332,#3333,#3334,#3335));
#3332 = ORIENTED_EDGE('',*,*,#2187,.F.);
#3333 = ORIENTED_EDGE('',*,*,#3299,.T.);
#3334 = ORIENTED_EDGE('',*,*,#2037,.T.);
#3335 = ORIENTED_EDGE('',*,*,#3336,.F.);
#3336 = EDGE_CURVE('',#2188,#2038,#3337,.T.);
#3337 = LINE('',#3338,#3339);
#3338 = CARTESIAN_POINT('',(6.425000733956,-0.35,-1.583330886814));
#3339 = VECTOR('',#3340,1.);
#3340 = DIRECTION('',(0.,1.,3.330669073875E-16));
#3341 = PLANE('',#3342);
#3342 = AXIS2_PLACEMENT_3D('',#3343,#3344,#3345);
#3343 = CARTESIAN_POINT('',(6.15,-0.35,-2.5));
#3344 = DIRECTION('',(0.957826285221,9.570607158995E-17,-0.287347885566)
  );
#3345 = DIRECTION('',(0.287347885566,-5.31700397722E-16,0.957826285221)
  );
#3346 = ADVANCED_FACE('',(#3347),#3353,.F.);
#3347 = FACE_BOUND('',#3348,.F.);
#3348 = EDGE_LOOP('',(#3349,#3350,#3351,#3352));
#3349 = ORIENTED_EDGE('',*,*,#2195,.T.);
#3350 = ORIENTED_EDGE('',*,*,#3336,.T.);
#3351 = ORIENTED_EDGE('',*,*,#2045,.F.);
#3352 = ORIENTED_EDGE('',*,*,#3317,.F.);
#3353 = CYLINDRICAL_SURFACE('',#3354,0.29);
#3354 = AXIS2_PLACEMENT_3D('',#3355,#3356,#3357);
#3355 = CARTESIAN_POINT('',(6.147231111242,-0.35,-1.5));
#3356 = DIRECTION('',(0.,1.,3.330669073875E-16));
#3357 = DIRECTION('',(0.957826285221,-9.570607158983E-17,0.287347885566)
  );
#3358 = ( GEOMETRIC_REPRESENTATION_CONTEXT(3) 
GLOBAL_UNCERTAINTY_ASSIGNED_CONTEXT((#3362)) 
GLOBAL_UNIT_ASSIGNED_CONTEXT((#3359,#3360,#3361)) REPRESENTATION_CONTEXT
('Context #1','3D Context with UNIT and UNCERTAINTY') );
#3359 = ( LENGTH_UNIT() NAMED_UNIT(*) SI_UNIT(.MILLI.,.METRE.) );
#3360 = ( NAMED_UNIT(*) PLANE_ANGLE_UNIT() SI_UNIT($,.RADIAN.) );
#3361 = ( NAMED_UNIT(*) SI_UNIT($,.STERADIAN.) SOLID_ANGLE_UNIT() );
#3362 = UNCERTAINTY_MEASURE_WITH_UNIT(LENGTH_MEASURE(1.E-07),#3359,
  'distance_accuracy_value','confusion accuracy');
#3363 = CONTEXT_DEPENDENT_SHAPE_REPRESENTATION(#3364,#3366);
#3364 = ( REPRESENTATION_RELATIONSHIP('','',#128,#10) 
REPRESENTATION_RELATIONSHIP_WITH_TRANSFORMATION(#3365) 
SHAPE_REPRESENTATION_RELATIONSHIP() );
#3365 = ITEM_DEFINED_TRANSFORMATION('','',#11,#15);
#3366 = PRODUCT_DEFINITION_SHAPE('Placement','Placement of an item',
  #3367);
#3367 = NEXT_ASSEMBLY_USAGE_OCCURRENCE('1','SW10','',#5,#123,$);
#3368 = PRODUCT_RELATED_PRODUCT_CATEGORY('part',$,(#125));
#3369 = SHAPE_DEFINITION_REPRESENTATION(#3370,#3376);
#3370 = PRODUCT_DEFINITION_SHAPE('','',#3371);
#3371 = PRODUCT_DEFINITION('design','',#3372,#3375);
#3372 = PRODUCT_DEFINITION_FORMATION('','',#3373);
#3373 = PRODUCT('D_DO-35_SOD27_P7.62mm_Horizontal',
  'D_DO-35_SOD27_P7.62mm_Horizontal','',(#3374));
#3374 = PRODUCT_CONTEXT('',#2,'mechanical');
#3375 = PRODUCT_DEFINITION_CONTEXT('part definition',#2,'design');
#3376 = SHAPE_REPRESENTATION('',(#11,#3377,#3532),#3727);
#3377 = MANIFOLD_SOLID_BREP('',#3378);
#3378 = CLOSED_SHELL('',(#3379,#3412,#3438,#3463,#3489,#3514,#3523));
#3379 = ADVANCED_FACE('',(#3380),#3407,.T.);
#3380 = FACE_BOUND('',#3381,.T.);
#3381 = EDGE_LOOP('',(#3382,#3392,#3399,#3400));
#3382 = ORIENTED_EDGE('',*,*,#3383,.T.);
#3383 = EDGE_CURVE('',#3384,#3386,#3388,.T.);
#3384 = VERTEX_POINT('',#3385);
#3385 = CARTESIAN_POINT('',(0.25,0.,-2.5));
#3386 = VERTEX_POINT('',#3387);
#3387 = CARTESIAN_POINT('',(0.25,1.E-15,1.));
#3388 = LINE('',#3389,#3390);
#3389 = CARTESIAN_POINT('',(0.25,6.7E-16,1.));
#3390 = VECTOR('',#3391,1.);
#3391 = DIRECTION('',(0.,2.2E-16,1.));
#3392 = ORIENTED_EDGE('',*,*,#3393,.F.);
#3393 = EDGE_CURVE('',#3386,#3386,#3394,.T.);
#3394 = CIRCLE('',#3395,0.25);
#3395 = AXIS2_PLACEMENT_3D('',#3396,#3397,#3398);
#3396 = CARTESIAN_POINT('',(0.,6.7E-16,1.));
#3397 = DIRECTION('',(-0.,2.2E-16,1.));
#3398 = DIRECTION('',(1.,0.,0.));
#3399 = ORIENTED_EDGE('',*,*,#3383,.F.);
#3400 = ORIENTED_EDGE('',*,*,#3401,.T.);
#3401 = EDGE_CURVE('',#3384,#3384,#3402,.T.);
#3402 = CIRCLE('',#3403,0.25);
#3403 = AXIS2_PLACEMENT_3D('',#3404,#3405,#3406);
#3404 = CARTESIAN_POINT('',(0.,-1.1E-16,-2.5));
#3405 = DIRECTION('',(-0.,2.2E-16,1.));
#3406 = DIRECTION('',(1.,0.,0.));
#3407 = CYLINDRICAL_SURFACE('',#3408,0.25);
#3408 = AXIS2_PLACEMENT_3D('',#3409,#3410,#3411);
#3409 = CARTESIAN_POINT('',(0.,6.7E-16,1.));
#3410 = DIRECTION('',(0.,2.2E-16,1.));
#3411 = DIRECTION('',(1.,0.,-0.));
#3412 = ADVANCED_FACE('',(#3413),#3433,.T.);
#3413 = FACE_BOUND('',#3414,.T.);
#3414 = EDGE_LOOP('',(#3415,#3424,#3431,#3432));
#3415 = ORIENTED_EDGE('',*,*,#3416,.T.);
#3416 = EDGE_CURVE('',#3386,#3417,#3419,.T.);
#3417 = VERTEX_POINT('',#3418);
#3418 = CARTESIAN_POINT('',(0.5,1.E-15,1.25));
#3419 = CIRCLE('',#3420,0.25);
#3420 = AXIS2_PLACEMENT_3D('',#3421,#3422,#3423);
#3421 = CARTESIAN_POINT('',(0.5,7.6E-16,1.));
#3422 = DIRECTION('',(0.,1.,-2.2E-16));
#3423 = DIRECTION('',(1.,0.,0.));
#3424 = ORIENTED_EDGE('',*,*,#3425,.T.);
#3425 = EDGE_CURVE('',#3417,#3417,#3426,.T.);
#3426 = CIRCLE('',#3427,0.25);
#3427 = AXIS2_PLACEMENT_3D('',#3428,#3429,#3430);
#3428 = CARTESIAN_POINT('',(0.5,7.8E-16,1.5));
#3429 = DIRECTION('',(-1.,0.,-1.8E-16));
#3430 = DIRECTION('',(-1.8E-16,2.2E-16,1.));
#3431 = ORIENTED_EDGE('',*,*,#3416,.F.);
#3432 = ORIENTED_EDGE('',*,*,#3393,.T.);
#3433 = TOROIDAL_SURFACE('',#3434,0.5,0.25);
#3434 = AXIS2_PLACEMENT_3D('',#3435,#3436,#3437);
#3435 = CARTESIAN_POINT('',(0.5,6.7E-16,1.));
#3436 = DIRECTION('',(0.,1.,-2.2E-16));
#3437 = DIRECTION('',(1.,0.,0.));
#3438 = ADVANCED_FACE('',(#3439),#3458,.T.);
#3439 = FACE_BOUND('',#3440,.T.);
#3440 = EDGE_LOOP('',(#3441,#3449,#3456,#3457));
#3441 = ORIENTED_EDGE('',*,*,#3442,.T.);
#3442 = EDGE_CURVE('',#3417,#3443,#3445,.T.);
#3443 = VERTEX_POINT('',#3444);
#3444 = CARTESIAN_POINT('',(7.12,1.E-15,1.25));
#3445 = LINE('',#3446,#3447);
#3446 = CARTESIAN_POINT('',(0.5,7.2E-16,1.25));
#3447 = VECTOR('',#3448,1.);
#3448 = DIRECTION('',(1.,0.,0.));
#3449 = ORIENTED_EDGE('',*,*,#3450,.F.);
#3450 = EDGE_CURVE('',#3443,#3443,#3451,.T.);
#3451 = CIRCLE('',#3452,0.25);
#3452 = AXIS2_PLACEMENT_3D('',#3453,#3454,#3455);
#3453 = CARTESIAN_POINT('',(7.12,7.8E-16,1.5));
#3454 = DIRECTION('',(1.,0.,0.));
#3455 = DIRECTION('',(0.,-2.2E-16,-1.));
#3456 = ORIENTED_EDGE('',*,*,#3442,.F.);
#3457 = ORIENTED_EDGE('',*,*,#3425,.F.);
#3458 = CYLINDRICAL_SURFACE('',#3459,0.25);
#3459 = AXIS2_PLACEMENT_3D('',#3460,#3461,#3462);
#3460 = CARTESIAN_POINT('',(0.5,7.8E-16,1.5));
#3461 = DIRECTION('',(1.,0.,0.));
#3462 = DIRECTION('',(0.,-2.2E-16,-1.));
#3463 = ADVANCED_FACE('',(#3464),#3484,.T.);
#3464 = FACE_BOUND('',#3465,.T.);
#3465 = EDGE_LOOP('',(#3466,#3475,#3482,#3483));
#3466 = ORIENTED_EDGE('',*,*,#3467,.T.);
#3467 = EDGE_CURVE('',#3443,#3468,#3470,.T.);
#3468 = VERTEX_POINT('',#3469);
#3469 = CARTESIAN_POINT('',(7.37,1.E-15,1.));
#3470 = CIRCLE('',#3471,0.25);
#3471 = AXIS2_PLACEMENT_3D('',#3472,#3473,#3474);
#3472 = CARTESIAN_POINT('',(7.12,7.6E-16,1.));
#3473 = DIRECTION('',(0.,1.,-2.2E-16));
#3474 = DIRECTION('',(1.,0.,0.));
#3475 = ORIENTED_EDGE('',*,*,#3476,.T.);
#3476 = EDGE_CURVE('',#3468,#3468,#3477,.T.);
#3477 = CIRCLE('',#3478,0.25);
#3478 = AXIS2_PLACEMENT_3D('',#3479,#3480,#3481);
#3479 = CARTESIAN_POINT('',(7.62,6.7E-16,1.));
#3480 = DIRECTION('',(-2.4E-16,2.2E-16,1.));
#3481 = DIRECTION('',(1.,0.,2.4E-16));
#3482 = ORIENTED_EDGE('',*,*,#3467,.F.);
#3483 = ORIENTED_EDGE('',*,*,#3450,.T.);
#3484 = TOROIDAL_SURFACE('',#3485,0.5,0.25);
#3485 = AXIS2_PLACEMENT_3D('',#3486,#3487,#3488);
#3486 = CARTESIAN_POINT('',(7.12,6.7E-16,1.));
#3487 = DIRECTION('',(0.,1.,-2.2E-16));
#3488 = DIRECTION('',(1.,0.,0.));
#3489 = ADVANCED_FACE('',(#3490),#3509,.T.);
#3490 = FACE_BOUND('',#3491,.T.);
#3491 = EDGE_LOOP('',(#3492,#3500,#3507,#3508));
#3492 = ORIENTED_EDGE('',*,*,#3493,.T.);
#3493 = EDGE_CURVE('',#3468,#3494,#3496,.T.);
#3494 = VERTEX_POINT('',#3495);
#3495 = CARTESIAN_POINT('',(7.37,0.,-2.5));
#3496 = LINE('',#3497,#3498);
#3497 = CARTESIAN_POINT('',(7.37,6.7E-16,1.));
#3498 = VECTOR('',#3499,1.);
#3499 = DIRECTION('',(0.,-2.2E-16,-1.));
#3500 = ORIENTED_EDGE('',*,*,#3501,.F.);
#3501 = EDGE_CURVE('',#3494,#3494,#3502,.T.);
#3502 = CIRCLE('',#3503,0.25);
#3503 = AXIS2_PLACEMENT_3D('',#3504,#3505,#3506);
#3504 = CARTESIAN_POINT('',(7.62,-1.1E-16,-2.5));
#3505 = DIRECTION('',(-0.,-2.2E-16,-1.));
#3506 = DIRECTION('',(-1.,0.,0.));
#3507 = ORIENTED_EDGE('',*,*,#3493,.F.);
#3508 = ORIENTED_EDGE('',*,*,#3476,.F.);
#3509 = CYLINDRICAL_SURFACE('',#3510,0.25);
#3510 = AXIS2_PLACEMENT_3D('',#3511,#3512,#3513);
#3511 = CARTESIAN_POINT('',(7.62,6.7E-16,1.));
#3512 = DIRECTION('',(0.,-2.2E-16,-1.));
#3513 = DIRECTION('',(-1.,-0.,0.));
#3514 = ADVANCED_FACE('',(#3515),#3518,.T.);
#3515 = FACE_BOUND('',#3516,.F.);
#3516 = EDGE_LOOP('',(#3517));
#3517 = ORIENTED_EDGE('',*,*,#3401,.T.);
#3518 = PLANE('',#3519);
#3519 = AXIS2_PLACEMENT_3D('',#3520,#3521,#3522);
#3520 = CARTESIAN_POINT('',(0.25,-1.1E-16,-2.5));
#3521 = DIRECTION('',(0.,0.,-1.));
#3522 = DIRECTION('',(-1.,0.,0.));
#3523 = ADVANCED_FACE('',(#3524),#3527,.F.);
#3524 = FACE_BOUND('',#3525,.T.);
#3525 = EDGE_LOOP('',(#3526));
#3526 = ORIENTED_EDGE('',*,*,#3501,.T.);
#3527 = PLANE('',#3528);
#3528 = AXIS2_PLACEMENT_3D('',#3529,#3530,#3531);
#3529 = CARTESIAN_POINT('',(7.37,-1.1E-16,-2.5));
#3530 = DIRECTION('',(0.,0.,1.));
#3531 = DIRECTION('',(1.,0.,-0.));
#3532 = MANIFOLD_SOLID_BREP('',#3533);
#3533 = CLOSED_SHELL('',(#3534,#3567,#3587,#3607,#3632,#3657,#3683,#3709
    ,#3718));
#3534 = ADVANCED_FACE('',(#3535),#3562,.T.);
#3535 = FACE_BOUND('',#3536,.T.);
#3536 = EDGE_LOOP('',(#3537,#3546,#3554,#3561));
#3537 = ORIENTED_EDGE('',*,*,#3538,.T.);
#3538 = EDGE_CURVE('',#3539,#3539,#3541,.T.);
#3539 = VERTEX_POINT('',#3540);
#3540 = CARTESIAN_POINT('',(2.41,3.557331958362E-15,2.51));
#3541 = CIRCLE('',#3542,1.01);
#3542 = AXIS2_PLACEMENT_3D('',#3543,#3544,#3545);
#3543 = CARTESIAN_POINT('',(2.41,6.630669073875E-16,1.5));
#3544 = DIRECTION('',(1.,0.,-0.));
#3545 = DIRECTION('',(0.,9.92044604925E-16,1.));
#3546 = ORIENTED_EDGE('',*,*,#3547,.T.);
#3547 = EDGE_CURVE('',#3539,#3548,#3550,.T.);
#3548 = VERTEX_POINT('',#3549);
#3549 = CARTESIAN_POINT('',(3.41,3.557331958362E-15,2.51));
#3550 = LINE('',#3551,#3552);
#3551 = CARTESIAN_POINT('',(2.41,5.573319583618E-16,2.51));
#3552 = VECTOR('',#3553,1.);
#3553 = DIRECTION('',(1.,0.,0.));
#3554 = ORIENTED_EDGE('',*,*,#3555,.F.);
#3555 = EDGE_CURVE('',#3548,#3548,#3556,.T.);
#3556 = CIRCLE('',#3557,1.01);
#3557 = AXIS2_PLACEMENT_3D('',#3558,#3559,#3560);
#3558 = CARTESIAN_POINT('',(3.41,6.630669073875E-16,1.5));
#3559 = DIRECTION('',(1.,0.,-0.));
#3560 = DIRECTION('',(0.,9.92044604925E-16,1.));
#3561 = ORIENTED_EDGE('',*,*,#3547,.F.);
#3562 = CYLINDRICAL_SURFACE('',#3563,1.01);
#3563 = AXIS2_PLACEMENT_3D('',#3564,#3565,#3566);
#3564 = CARTESIAN_POINT('',(2.41,6.630669073875E-16,1.5));
#3565 = DIRECTION('',(1.,0.,0.));
#3566 = DIRECTION('',(-0.,9.92044604925E-16,1.));
#3567 = ADVANCED_FACE('',(#3568,#3571),#3582,.F.);
#3568 = FACE_BOUND('',#3569,.T.);
#3569 = EDGE_LOOP('',(#3570));
#3570 = ORIENTED_EDGE('',*,*,#3538,.F.);
#3571 = FACE_BOUND('',#3572,.T.);
#3572 = EDGE_LOOP('',(#3573));
#3573 = ORIENTED_EDGE('',*,*,#3574,.T.);
#3574 = EDGE_CURVE('',#3575,#3575,#3577,.T.);
#3575 = VERTEX_POINT('',#3576);
#3576 = CARTESIAN_POINT('',(2.41,5.551115123126E-16,2.5));
#3577 = CIRCLE('',#3578,1.);
#3578 = AXIS2_PLACEMENT_3D('',#3579,#3580,#3581);
#3579 = CARTESIAN_POINT('',(2.41,6.630669073875E-16,1.5));
#3580 = DIRECTION('',(1.,0.,-0.));
#3581 = DIRECTION('',(0.,1.002044604925E-15,1.));
#3582 = PLANE('',#3583);
#3583 = AXIS2_PLACEMENT_3D('',#3584,#3585,#3586);
#3584 = CARTESIAN_POINT('',(2.41,6.630669073875E-16,1.5));
#3585 = DIRECTION('',(1.,0.,0.));
#3586 = DIRECTION('',(-0.,1.002044604925E-15,1.));
#3587 = ADVANCED_FACE('',(#3588,#3591),#3602,.T.);
#3588 = FACE_BOUND('',#3589,.T.);
#3589 = EDGE_LOOP('',(#3590));
#3590 = ORIENTED_EDGE('',*,*,#3555,.T.);
#3591 = FACE_BOUND('',#3592,.T.);
#3592 = EDGE_LOOP('',(#3593));
#3593 = ORIENTED_EDGE('',*,*,#3594,.F.);
#3594 = EDGE_CURVE('',#3595,#3595,#3597,.T.);
#3595 = VERTEX_POINT('',#3596);
#3596 = CARTESIAN_POINT('',(3.41,5.551115123126E-16,2.5));
#3597 = CIRCLE('',#3598,1.);
#3598 = AXIS2_PLACEMENT_3D('',#3599,#3600,#3601);
#3599 = CARTESIAN_POINT('',(3.41,6.630669073875E-16,1.5));
#3600 = DIRECTION('',(1.,0.,-0.));
#3601 = DIRECTION('',(0.,1.002044604925E-15,1.));
#3602 = PLANE('',#3603);
#3603 = AXIS2_PLACEMENT_3D('',#3604,#3605,#3606);
#3604 = CARTESIAN_POINT('',(3.41,6.630669073875E-16,1.5));
#3605 = DIRECTION('',(1.,0.,0.));
#3606 = DIRECTION('',(-0.,9.92044604925E-16,1.));
#3607 = ADVANCED_FACE('',(#3608),#3627,.T.);
#3608 = FACE_BOUND('',#3609,.T.);
#3609 = EDGE_LOOP('',(#3610,#3619,#3625,#3626));
#3610 = ORIENTED_EDGE('',*,*,#3611,.T.);
#3611 = EDGE_CURVE('',#3612,#3612,#3614,.T.);
#3612 = VERTEX_POINT('',#3613);
#3613 = CARTESIAN_POINT('',(2.21,3.555111512313E-15,2.5));
#3614 = CIRCLE('',#3615,1.);
#3615 = AXIS2_PLACEMENT_3D('',#3616,#3617,#3618);
#3616 = CARTESIAN_POINT('',(2.21,6.630669073875E-16,1.5));
#3617 = DIRECTION('',(1.,0.,-0.));
#3618 = DIRECTION('',(0.,1.002044604925E-15,1.));
#3619 = ORIENTED_EDGE('',*,*,#3620,.T.);
#3620 = EDGE_CURVE('',#3612,#3575,#3621,.T.);
#3621 = LINE('',#3622,#3623);
#3622 = CARTESIAN_POINT('',(1.81,5.551115123126E-16,2.5));
#3623 = VECTOR('',#3624,1.);
#3624 = DIRECTION('',(1.,0.,0.));
#3625 = ORIENTED_EDGE('',*,*,#3574,.F.);
#3626 = ORIENTED_EDGE('',*,*,#3620,.F.);
#3627 = CYLINDRICAL_SURFACE('',#3628,1.);
#3628 = AXIS2_PLACEMENT_3D('',#3629,#3630,#3631);
#3629 = CARTESIAN_POINT('',(1.81,6.630669073875E-16,1.5));
#3630 = DIRECTION('',(1.,0.,0.));
#3631 = DIRECTION('',(-0.,1.002044604925E-15,1.));
#3632 = ADVANCED_FACE('',(#3633),#3652,.T.);
#3633 = FACE_BOUND('',#3634,.T.);
#3634 = EDGE_LOOP('',(#3635,#3636,#3644,#3651));
#3635 = ORIENTED_EDGE('',*,*,#3594,.T.);
#3636 = ORIENTED_EDGE('',*,*,#3637,.T.);
#3637 = EDGE_CURVE('',#3595,#3638,#3640,.T.);
#3638 = VERTEX_POINT('',#3639);
#3639 = CARTESIAN_POINT('',(5.41,3.555111512313E-15,2.5));
#3640 = LINE('',#3641,#3642);
#3641 = CARTESIAN_POINT('',(1.81,5.551115123126E-16,2.5));
#3642 = VECTOR('',#3643,1.);
#3643 = DIRECTION('',(1.,0.,0.));
#3644 = ORIENTED_EDGE('',*,*,#3645,.F.);
#3645 = EDGE_CURVE('',#3638,#3638,#3646,.T.);
#3646 = CIRCLE('',#3647,1.);
#3647 = AXIS2_PLACEMENT_3D('',#3648,#3649,#3650);
#3648 = CARTESIAN_POINT('',(5.41,6.630669073875E-16,1.5));
#3649 = DIRECTION('',(1.,0.,-0.));
#3650 = DIRECTION('',(0.,1.002044604925E-15,1.));
#3651 = ORIENTED_EDGE('',*,*,#3637,.F.);
#3652 = CYLINDRICAL_SURFACE('',#3653,1.);
#3653 = AXIS2_PLACEMENT_3D('',#3654,#3655,#3656);
#3654 = CARTESIAN_POINT('',(1.81,6.630669073875E-16,1.5));
#3655 = DIRECTION('',(1.,0.,0.));
#3656 = DIRECTION('',(-0.,1.002044604925E-15,1.));
#3657 = ADVANCED_FACE('',(#3658),#3678,.T.);
#3658 = FACE_BOUND('',#3659,.T.);
#3659 = EDGE_LOOP('',(#3660,#3669,#3676,#3677));
#3660 = ORIENTED_EDGE('',*,*,#3661,.T.);
#3661 = EDGE_CURVE('',#3662,#3662,#3664,.T.);
#3662 = VERTEX_POINT('',#3663);
#3663 = CARTESIAN_POINT('',(1.81,1.466293670343E-15,2.1));
#3664 = CIRCLE('',#3665,0.6);
#3665 = AXIS2_PLACEMENT_3D('',#3666,#3667,#3668);
#3666 = CARTESIAN_POINT('',(1.81,6.630669073875E-16,1.5));
#3667 = DIRECTION('',(1.,0.,-0.));
#3668 = DIRECTION('',(0.,1.002044604925E-15,1.));
#3669 = ORIENTED_EDGE('',*,*,#3670,.F.);
#3670 = EDGE_CURVE('',#3612,#3662,#3671,.T.);
#3671 = CIRCLE('',#3672,0.4);
#3672 = AXIS2_PLACEMENT_3D('',#3673,#3674,#3675);
#3673 = CARTESIAN_POINT('',(2.21,1.266293670343E-15,2.1));
#3674 = DIRECTION('',(0.,-1.,1.002044604925E-15));
#3675 = DIRECTION('',(0.,1.002044604925E-15,1.));
#3676 = ORIENTED_EDGE('',*,*,#3611,.F.);
#3677 = ORIENTED_EDGE('',*,*,#3670,.T.);
#3678 = TOROIDAL_SURFACE('',#3679,0.6,0.4);
#3679 = AXIS2_PLACEMENT_3D('',#3680,#3681,#3682);
#3680 = CARTESIAN_POINT('',(2.21,6.630669073875E-16,1.5));
#3681 = DIRECTION('',(-1.,0.,0.));
#3682 = DIRECTION('',(0.,1.002044604925E-15,1.));
#3683 = ADVANCED_FACE('',(#3684),#3704,.T.);
#3684 = FACE_BOUND('',#3685,.T.);
#3685 = EDGE_LOOP('',(#3686,#3687,#3696,#3703));
#3686 = ORIENTED_EDGE('',*,*,#3645,.T.);
#3687 = ORIENTED_EDGE('',*,*,#3688,.F.);
#3688 = EDGE_CURVE('',#3689,#3638,#3691,.T.);
#3689 = VERTEX_POINT('',#3690);
#3690 = CARTESIAN_POINT('',(5.81,1.466293670343E-15,2.1));
#3691 = CIRCLE('',#3692,0.4);
#3692 = AXIS2_PLACEMENT_3D('',#3693,#3694,#3695);
#3693 = CARTESIAN_POINT('',(5.41,1.266293670343E-15,2.1));
#3694 = DIRECTION('',(0.,-1.,1.002044604925E-15));
#3695 = DIRECTION('',(0.,1.002044604925E-15,1.));
#3696 = ORIENTED_EDGE('',*,*,#3697,.F.);
#3697 = EDGE_CURVE('',#3689,#3689,#3698,.T.);
#3698 = CIRCLE('',#3699,0.6);
#3699 = AXIS2_PLACEMENT_3D('',#3700,#3701,#3702);
#3700 = CARTESIAN_POINT('',(5.81,6.630669073875E-16,1.5));
#3701 = DIRECTION('',(1.,0.,-0.));
#3702 = DIRECTION('',(0.,1.002044604925E-15,1.));
#3703 = ORIENTED_EDGE('',*,*,#3688,.T.);
#3704 = TOROIDAL_SURFACE('',#3705,0.6,0.4);
#3705 = AXIS2_PLACEMENT_3D('',#3706,#3707,#3708);
#3706 = CARTESIAN_POINT('',(5.41,6.630669073875E-16,1.5));
#3707 = DIRECTION('',(-1.,0.,0.));
#3708 = DIRECTION('',(0.,1.002044604925E-15,1.));
#3709 = ADVANCED_FACE('',(#3710),#3713,.F.);
#3710 = FACE_BOUND('',#3711,.T.);
#3711 = EDGE_LOOP('',(#3712));
#3712 = ORIENTED_EDGE('',*,*,#3661,.F.);
#3713 = PLANE('',#3714);
#3714 = AXIS2_PLACEMENT_3D('',#3715,#3716,#3717);
#3715 = CARTESIAN_POINT('',(1.81,6.630669073875E-16,1.5));
#3716 = DIRECTION('',(1.,0.,0.));
#3717 = DIRECTION('',(-0.,1.002044604925E-15,1.));
#3718 = ADVANCED_FACE('',(#3719),#3722,.T.);
#3719 = FACE_BOUND('',#3720,.F.);
#3720 = EDGE_LOOP('',(#3721));
#3721 = ORIENTED_EDGE('',*,*,#3697,.F.);
#3722 = PLANE('',#3723);
#3723 = AXIS2_PLACEMENT_3D('',#3724,#3725,#3726);
#3724 = CARTESIAN_POINT('',(5.81,6.630669073875E-16,1.5));
#3725 = DIRECTION('',(1.,0.,0.));
#3726 = DIRECTION('',(-0.,1.002044604925E-15,1.));
#3727 = ( GEOMETRIC_REPRESENTATION_CONTEXT(3) 
GLOBAL_UNCERTAINTY_ASSIGNED_CONTEXT((#3731)) 
GLOBAL_UNIT_ASSIGNED_CONTEXT((#3728,#3729,#3730)) REPRESENTATION_CONTEXT
('Context #1','3D Context with UNIT and UNCERTAINTY') );
#3728 = ( LENGTH_UNIT() NAMED_UNIT(*) SI_UNIT(.MILLI.,.METRE.) );
#3729 = ( NAMED_UNIT(*) PLANE_ANGLE_UNIT() SI_UNIT($,.RADIAN.) );
#3730 = ( NAMED_UNIT(*) SI_UNIT($,.STERADIAN.) SOLID_ANGLE_UNIT() );
#3731 = UNCERTAINTY_MEASURE_WITH_UNIT(LENGTH_MEASURE(1.E-07),#3728,
  'distance_accuracy_value','confusion accuracy');
#3732 = CONTEXT_DEPENDENT_SHAPE_REPRESENTATION(#3733,#3735);
#3733 = ( REPRESENTATION_RELATIONSHIP('','',#3376,#10) 
REPRESENTATION_RELATIONSHIP_WITH_TRANSFORMATION(#3734) 
SHAPE_REPRESENTATION_RELATIONSHIP() );
#3734 = ITEM_DEFINED_TRANSFORMATION('','',#11,#19);
#3735 = PRODUCT_DEFINITION_SHAPE('Placement','Placement of an item',
  #3736);
#3736 = NEXT_ASSEMBLY_USAGE_OCCURRENCE('2','D9','',#5,#3371,$);
#3737 = PRODUCT_RELATED_PRODUCT_CATEGORY('part',$,(#3373));
#3738 = CONTEXT_DEPENDENT_SHAPE_REPRESENTATION(#3739,#3741);
#3739 = ( REPRESENTATION_RELATIONSHIP('','',#3376,#10) 
REPRESENTATION_RELATIONSHIP_WITH_TRANSFORMATION(#3740) 
SHAPE_REPRESENTATION_RELATIONSHIP() );
#3740 = ITEM_DEFINED_TRANSFORMATION('','',#11,#23);
#3741 = PRODUCT_DEFINITION_SHAPE('Placement','Placement of an item',
  #3742);
#3742 = NEXT_ASSEMBLY_USAGE_OCCURRENCE('3','D3','',#5,#3371,$);
#3743 = CONTEXT_DEPENDENT_SHAPE_REPRESENTATION(#3744,#3746);
#3744 = ( REPRESENTATION_RELATIONSHIP('','',#3376,#10) 
REPRESENTATION_RELATIONSHIP_WITH_TRANSFORMATION(#3745) 
SHAPE_REPRESENTATION_RELATIONSHIP() );
#3745 = ITEM_DEFINED_TRANSFORMATION('','',#11,#27);
#3746 = PRODUCT_DEFINITION_SHAPE('Placement','Placement of an item',
  #3747);
#3747 = NEXT_ASSEMBLY_USAGE_OCCURRENCE('4','D11','',#5,#3371,$);
#3748 = CONTEXT_DEPENDENT_SHAPE_REPRESENTATION(#3749,#3751);
#3749 = ( REPRESENTATION_RELATIONSHIP('','',#128,#10) 
REPRESENTATION_RELATIONSHIP_WITH_TRANSFORMATION(#3750) 
SHAPE_REPRESENTATION_RELATIONSHIP() );
#3750 = ITEM_DEFINED_TRANSFORMATION('','',#11,#31);
#3751 = PRODUCT_DEFINITION_SHAPE('Placement','Placement of an item',
  #3752);
#3752 = NEXT_ASSEMBLY_USAGE_OCCURRENCE('5','SW6','',#5,#123,$);
#3753 = CONTEXT_DEPENDENT_SHAPE_REPRESENTATION(#3754,#3756);
#3754 = ( REPRESENTATION_RELATIONSHIP('','',#128,#10) 
REPRESENTATION_RELATIONSHIP_WITH_TRANSFORMATION(#3755) 
SHAPE_REPRESENTATION_RELATIONSHIP() );
#3755 = ITEM_DEFINED_TRANSFORMATION('','',#11,#35);
#3756 = PRODUCT_DEFINITION_SHAPE('Placement','Placement of an item',
  #3757);
#3757 = NEXT_ASSEMBLY_USAGE_OCCURRENCE('6','SW12','',#5,#123,$);
#3758 = CONTEXT_DEPENDENT_SHAPE_REPRESENTATION(#3759,#3761);
#3759 = ( REPRESENTATION_RELATIONSHIP('','',#3376,#10) 
REPRESENTATION_RELATIONSHIP_WITH_TRANSFORMATION(#3760) 
SHAPE_REPRESENTATION_RELATIONSHIP() );
#3760 = ITEM_DEFINED_TRANSFORMATION('','',#11,#39);
#3761 = PRODUCT_DEFINITION_SHAPE('Placement','Placement of an item',
  #3762);
#3762 = NEXT_ASSEMBLY_USAGE_OCCURRENCE('7','D5','',#5,#3371,$);
#3763 = CONTEXT_DEPENDENT_SHAPE_REPRESENTATION(#3764,#3766);
#3764 = ( REPRESENTATION_RELATIONSHIP('','',#128,#10) 
REPRESENTATION_RELATIONSHIP_WITH_TRANSFORMATION(#3765) 
SHAPE_REPRESENTATION_RELATIONSHIP() );
#3765 = ITEM_DEFINED_TRANSFORMATION('','',#11,#43);
#3766 = PRODUCT_DEFINITION_SHAPE('Placement','Placement of an item',
  #3767);
#3767 = NEXT_ASSEMBLY_USAGE_OCCURRENCE('8','SW5','',#5,#123,$);
#3768 = CONTEXT_DEPENDENT_SHAPE_REPRESENTATION(#3769,#3771);
#3769 = ( REPRESENTATION_RELATIONSHIP('','',#128,#10) 
REPRESENTATION_RELATIONSHIP_WITH_TRANSFORMATION(#3770) 
SHAPE_REPRESENTATION_RELATIONSHIP() );
#3770 = ITEM_DEFINED_TRANSFORMATION('','',#11,#47);
#3771 = PRODUCT_DEFINITION_SHAPE('Placement','Placement of an item',
  #3772);
#3772 = NEXT_ASSEMBLY_USAGE_OCCURRENCE('9','SW8','',#5,#123,$);
#3773 = CONTEXT_DEPENDENT_SHAPE_REPRESENTATION(#3774,#3776);
#3774 = ( REPRESENTATION_RELATIONSHIP('','',#128,#10) 
REPRESENTATION_RELATIONSHIP_WITH_TRANSFORMATION(#3775) 
SHAPE_REPRESENTATION_RELATIONSHIP() );
#3775 = ITEM_DEFINED_TRANSFORMATION('','',#11,#51);
#3776 = PRODUCT_DEFINITION_SHAPE('Placement','Placement of an item',
  #3777);
#3777 = NEXT_ASSEMBLY_USAGE_OCCURRENCE('10','SW2','',#5,#123,$);
#3778 = CONTEXT_DEPENDENT_SHAPE_REPRESENTATION(#3779,#3781);
#3779 = ( REPRESENTATION_RELATIONSHIP('','',#128,#10) 
REPRESENTATION_RELATIONSHIP_WITH_TRANSFORMATION(#3780) 
SHAPE_REPRESENTATION_RELATIONSHIP() );
#3780 = ITEM_DEFINED_TRANSFORMATION('','',#11,#55);
#3781 = PRODUCT_DEFINITION_SHAPE('Placement','Placement of an item',
  #3782);
#3782 = NEXT_ASSEMBLY_USAGE_OCCURRENCE('11','SW7','',#5,#123,$);
#3783 = CONTEXT_DEPENDENT_SHAPE_REPRESENTATION(#3784,#3786);
#3784 = ( REPRESENTATION_RELATIONSHIP('','',#128,#10) 
REPRESENTATION_RELATIONSHIP_WITH_TRANSFORMATION(#3785) 
SHAPE_REPRESENTATION_RELATIONSHIP() );
#3785 = ITEM_DEFINED_TRANSFORMATION('','',#11,#59);
#3786 = PRODUCT_DEFINITION_SHAPE('Placement','Placement of an item',
  #3787);
#3787 = NEXT_ASSEMBLY_USAGE_OCCURRENCE('12','SW1','',#5,#123,$);
#3788 = CONTEXT_DEPENDENT_SHAPE_REPRESENTATION(#3789,#3791);
#3789 = ( REPRESENTATION_RELATIONSHIP('','',#3376,#10) 
REPRESENTATION_RELATIONSHIP_WITH_TRANSFORMATION(#3790) 
SHAPE_REPRESENTATION_RELATIONSHIP() );
#3790 = ITEM_DEFINED_TRANSFORMATION('','',#11,#63);
#3791 = PRODUCT_DEFINITION_SHAPE('Placement','Placement of an item',
  #3792);
#3792 = NEXT_ASSEMBLY_USAGE_OCCURRENCE('13','D2','',#5,#3371,$);
#3793 = CONTEXT_DEPENDENT_SHAPE_REPRESENTATION(#3794,#3796);
#3794 = ( REPRESENTATION_RELATIONSHIP('','',#128,#10) 
REPRESENTATION_RELATIONSHIP_WITH_TRANSFORMATION(#3795) 
SHAPE_REPRESENTATION_RELATIONSHIP() );
#3795 = ITEM_DEFINED_TRANSFORMATION('','',#11,#67);
#3796 = PRODUCT_DEFINITION_SHAPE('Placement','Placement of an item',
  #3797);
#3797 = NEXT_ASSEMBLY_USAGE_OCCURRENCE('14','SW11','',#5,#123,$);
#3798 = CONTEXT_DEPENDENT_SHAPE_REPRESENTATION(#3799,#3801);
#3799 = ( REPRESENTATION_RELATIONSHIP('','',#3376,#10) 
REPRESENTATION_RELATIONSHIP_WITH_TRANSFORMATION(#3800) 
SHAPE_REPRESENTATION_RELATIONSHIP() );
#3800 = ITEM_DEFINED_TRANSFORMATION('','',#11,#71);
#3801 = PRODUCT_DEFINITION_SHAPE('Placement','Placement of an item',
  #3802);
#3802 = NEXT_ASSEMBLY_USAGE_OCCURRENCE('15','D1','',#5,#3371,$);
#3803 = CONTEXT_DEPENDENT_SHAPE_REPRESENTATION(#3804,#3806);
#3804 = ( REPRESENTATION_RELATIONSHIP('','',#3376,#10) 
REPRESENTATION_RELATIONSHIP_WITH_TRANSFORMATION(#3805) 
SHAPE_REPRESENTATION_RELATIONSHIP() );
#3805 = ITEM_DEFINED_TRANSFORMATION('','',#11,#75);
#3806 = PRODUCT_DEFINITION_SHAPE('Placement','Placement of an item',
  #3807);
#3807 = NEXT_ASSEMBLY_USAGE_OCCURRENCE('16','D10','',#5,#3371,$);
#3808 = CONTEXT_DEPENDENT_SHAPE_REPRESENTATION(#3809,#3811);
#3809 = ( REPRESENTATION_RELATIONSHIP('','',#3376,#10) 
REPRESENTATION_RELATIONSHIP_WITH_TRANSFORMATION(#3810) 
SHAPE_REPRESENTATION_RELATIONSHIP() );
#3810 = ITEM_DEFINED_TRANSFORMATION('','',#11,#79);
#3811 = PRODUCT_DEFINITION_SHAPE('Placement','Placement of an item',
  #3812);
#3812 = NEXT_ASSEMBLY_USAGE_OCCURRENCE('17','D8','',#5,#3371,$);
#3813 = CONTEXT_DEPENDENT_SHAPE_REPRESENTATION(#3814,#3816);
#3814 = ( REPRESENTATION_RELATIONSHIP('','',#3376,#10) 
REPRESENTATION_RELATIONSHIP_WITH_TRANSFORMATION(#3815) 
SHAPE_REPRESENTATION_RELATIONSHIP() );
#3815 = ITEM_DEFINED_TRANSFORMATION('','',#11,#83);
#3816 = PRODUCT_DEFINITION_SHAPE('Placement','Placement of an item',
  #3817);
#3817 = NEXT_ASSEMBLY_USAGE_OCCURRENCE('18','D6','',#5,#3371,$);
#3818 = CONTEXT_DEPENDENT_SHAPE_REPRESENTATION(#3819,#3821);
#3819 = ( REPRESENTATION_RELATIONSHIP('','',#3376,#10) 
REPRESENTATION_RELATIONSHIP_WITH_TRANSFORMATION(#3820) 
SHAPE_REPRESENTATION_RELATIONSHIP() );
#3820 = ITEM_DEFINED_TRANSFORMATION('','',#11,#87);
#3821 = PRODUCT_DEFINITION_SHAPE('Placement','Placement of an item',
  #3822);
#3822 = NEXT_ASSEMBLY_USAGE_OCCURRENCE('19','D7','',#5,#3371,$);
#3823 = CONTEXT_DEPENDENT_SHAPE_REPRESENTATION(#3824,#3826);
#3824 = ( REPRESENTATION_RELATIONSHIP('','',#3376,#10) 
REPRESENTATION_RELATIONSHIP_WITH_TRANSFORMATION(#3825) 
SHAPE_REPRESENTATION_RELATIONSHIP() );
#3825 = ITEM_DEFINED_TRANSFORMATION('','',#11,#91);
#3826 = PRODUCT_DEFINITION_SHAPE('Placement','Placement of an item',
  #3827);
#3827 = NEXT_ASSEMBLY_USAGE_OCCURRENCE('20','D4','',#5,#3371,$);
#3828 = CONTEXT_DEPENDENT_SHAPE_REPRESENTATION(#3829,#3831);
#3829 = ( REPRESENTATION_RELATIONSHIP('','',#128,#10) 
REPRESENTATION_RELATIONSHIP_WITH_TRANSFORMATION(#3830) 
SHAPE_REPRESENTATION_RELATIONSHIP() );
#3830 = ITEM_DEFINED_TRANSFORMATION('','',#11,#95);
#3831 = PRODUCT_DEFINITION_SHAPE('Placement','Placement of an item',
  #3832);
#3832 = NEXT_ASSEMBLY_USAGE_OCCURRENCE('21','SW4','',#5,#123,$);
#3833 = CONTEXT_DEPENDENT_SHAPE_REPRESENTATION(#3834,#3836);
#3834 = ( REPRESENTATION_RELATIONSHIP('','',#128,#10) 
REPRESENTATION_RELATIONSHIP_WITH_TRANSFORMATION(#3835) 
SHAPE_REPRESENTATION_RELATIONSHIP() );
#3835 = ITEM_DEFINED_TRANSFORMATION('','',#11,#99);
#3836 = PRODUCT_DEFINITION_SHAPE('Placement','Placement of an item',
  #3837);
#3837 = NEXT_ASSEMBLY_USAGE_OCCURRENCE('22','SW9','',#5,#123,$);
#3838 = CONTEXT_DEPENDENT_SHAPE_REPRESENTATION(#3839,#3841);
#3839 = ( REPRESENTATION_RELATIONSHIP('','',#128,#10) 
REPRESENTATION_RELATIONSHIP_WITH_TRANSFORMATION(#3840) 
SHAPE_REPRESENTATION_RELATIONSHIP() );
#3840 = ITEM_DEFINED_TRANSFORMATION('','',#11,#103);
#3841 = PRODUCT_DEFINITION_SHAPE('Placement','Placement of an item',
  #3842);
#3842 = NEXT_ASSEMBLY_USAGE_OCCURRENCE('23','SW3','',#5,#123,$);
#3843 = CONTEXT_DEPENDENT_SHAPE_REPRESENTATION(#3844,#3846);
#3844 = ( REPRESENTATION_RELATIONSHIP('','',#3376,#10) 
REPRESENTATION_RELATIONSHIP_WITH_TRANSFORMATION(#3845) 
SHAPE_REPRESENTATION_RELATIONSHIP() );
#3845 = ITEM_DEFINED_TRANSFORMATION('','',#11,#107);
#3846 = PRODUCT_DEFINITION_SHAPE('Placement','Placement of an item',
  #3847);
#3847 = NEXT_ASSEMBLY_USAGE_OCCURRENCE('24','D12','',#5,#3371,$);
#3848 = SHAPE_DEFINITION_REPRESENTATION(#3849,#3855);
#3849 = PRODUCT_DEFINITION_SHAPE('','',#3850);
#3850 = PRODUCT_DEFINITION('design','',#3851,#3854);
#3851 = PRODUCT_DEFINITION_FORMATION('','',#3852);
#3852 = PRODUCT('Throw-a-Phone_PCB','Throw-a-Phone_PCB','',(#3853));
#3853 = PRODUCT_CONTEXT('',#2,'mechanical');
#3854 = PRODUCT_DEFINITION_CONTEXT('part definition',#2,'design');
#3855 = ADVANCED_BREP_SHAPE_REPRESENTATION('',(#11,#3856),#7851);
#3856 = MANIFOLD_SOLID_BREP('',#3857);
#3857 = CLOSED_SHELL('',(#3858,#3900,#3931,#3962,#5059,#6156,#6173,#6190
    ,#6207,#6224,#6236,#6253,#6270,#6287,#6304,#6321,#6338,#6355,#6372,
    #6389,#6406,#6423,#6440,#6457,#6474,#6491,#6508,#6525,#6542,#6559,
    #6576,#6593,#6610,#6627,#6644,#6661,#6678,#6695,#6712,#6729,#6746,
    #6763,#6780,#6797,#6814,#6831,#6848,#6865,#6882,#6899,#6916,#6933,
    #6950,#6967,#6984,#7001,#7018,#7035,#7052,#7069,#7086,#7103,#7120,
    #7137,#7154,#7171,#7188,#7205,#7222,#7239,#7256,#7273,#7290,#7307,
    #7324,#7341,#7358,#7375,#7392,#7409,#7426,#7443,#7460,#7477,#7494,
    #7511,#7528,#7545,#7562,#7579,#7596,#7613,#7630,#7647,#7664,#7681,
    #7698,#7715,#7732,#7749,#7766,#7783,#7800,#7817,#7834));
#3858 = ADVANCED_FACE('',(#3859),#3895,.T.);
#3859 = FACE_BOUND('',#3860,.T.);
#3860 = EDGE_LOOP('',(#3861,#3871,#3880,#3888));
#3861 = ORIENTED_EDGE('',*,*,#3862,.T.);
#3862 = EDGE_CURVE('',#3863,#3865,#3867,.T.);
#3863 = VERTEX_POINT('',#3864);
#3864 = CARTESIAN_POINT('',(177.5,-55.,0.));
#3865 = VERTEX_POINT('',#3866);
#3866 = CARTESIAN_POINT('',(177.5,-55.,1.51));
#3867 = LINE('',#3868,#3869);
#3868 = CARTESIAN_POINT('',(177.5,-55.,0.));
#3869 = VECTOR('',#3870,1.);
#3870 = DIRECTION('',(0.,0.,1.));
#3871 = ORIENTED_EDGE('',*,*,#3872,.T.);
#3872 = EDGE_CURVE('',#3865,#3873,#3875,.T.);
#3873 = VERTEX_POINT('',#3874);
#3874 = CARTESIAN_POINT('',(180.,-57.5,1.51));
#3875 = CIRCLE('',#3876,2.499999839417);
#3876 = AXIS2_PLACEMENT_3D('',#3877,#3878,#3879);
#3877 = CARTESIAN_POINT('',(177.50000016058,-57.49999983941,1.51));
#3878 = DIRECTION('',(0.,0.,-1.));
#3879 = DIRECTION('',(-6.423313565071E-08,1.,0.));
#3880 = ORIENTED_EDGE('',*,*,#3881,.F.);
#3881 = EDGE_CURVE('',#3882,#3873,#3884,.T.);
#3882 = VERTEX_POINT('',#3883);
#3883 = CARTESIAN_POINT('',(180.,-57.5,0.));
#3884 = LINE('',#3885,#3886);
#3885 = CARTESIAN_POINT('',(180.,-57.5,0.));
#3886 = VECTOR('',#3887,1.);
#3887 = DIRECTION('',(0.,0.,1.));
#3888 = ORIENTED_EDGE('',*,*,#3889,.F.);
#3889 = EDGE_CURVE('',#3863,#3882,#3890,.T.);
#3890 = CIRCLE('',#3891,2.499999839417);
#3891 = AXIS2_PLACEMENT_3D('',#3892,#3893,#3894);
#3892 = CARTESIAN_POINT('',(177.50000016058,-57.49999983941,0.));
#3893 = DIRECTION('',(0.,0.,-1.));
#3894 = DIRECTION('',(-6.423313565071E-08,1.,0.));
#3895 = CYLINDRICAL_SURFACE('',#3896,2.499999839417);
#3896 = AXIS2_PLACEMENT_3D('',#3897,#3898,#3899);
#3897 = CARTESIAN_POINT('',(177.50000016058,-57.49999983941,0.));
#3898 = DIRECTION('',(0.,0.,-1.));
#3899 = DIRECTION('',(-6.423313565071E-08,1.,0.));
#3900 = ADVANCED_FACE('',(#3901),#3926,.T.);
#3901 = FACE_BOUND('',#3902,.T.);
#3902 = EDGE_LOOP('',(#3903,#3913,#3919,#3920));
#3903 = ORIENTED_EDGE('',*,*,#3904,.T.);
#3904 = EDGE_CURVE('',#3905,#3907,#3909,.T.);
#3905 = VERTEX_POINT('',#3906);
#3906 = CARTESIAN_POINT('',(132.5,-55.,0.));
#3907 = VERTEX_POINT('',#3908);
#3908 = CARTESIAN_POINT('',(132.5,-55.,1.51));
#3909 = LINE('',#3910,#3911);
#3910 = CARTESIAN_POINT('',(132.5,-55.,0.));
#3911 = VECTOR('',#3912,1.);
#3912 = DIRECTION('',(0.,0.,1.));
#3913 = ORIENTED_EDGE('',*,*,#3914,.T.);
#3914 = EDGE_CURVE('',#3907,#3865,#3915,.T.);
#3915 = LINE('',#3916,#3917);
#3916 = CARTESIAN_POINT('',(132.5,-55.,1.51));
#3917 = VECTOR('',#3918,1.);
#3918 = DIRECTION('',(1.,0.,0.));
#3919 = ORIENTED_EDGE('',*,*,#3862,.F.);
#3920 = ORIENTED_EDGE('',*,*,#3921,.F.);
#3921 = EDGE_CURVE('',#3905,#3863,#3922,.T.);
#3922 = LINE('',#3923,#3924);
#3923 = CARTESIAN_POINT('',(132.5,-55.,0.));
#3924 = VECTOR('',#3925,1.);
#3925 = DIRECTION('',(1.,0.,0.));
#3926 = PLANE('',#3927);
#3927 = AXIS2_PLACEMENT_3D('',#3928,#3929,#3930);
#3928 = CARTESIAN_POINT('',(132.5,-55.,0.));
#3929 = DIRECTION('',(0.,1.,0.));
#3930 = DIRECTION('',(1.,0.,0.));
#3931 = ADVANCED_FACE('',(#3932),#3957,.T.);
#3932 = FACE_BOUND('',#3933,.T.);
#3933 = EDGE_LOOP('',(#3934,#3935,#3943,#3951));
#3934 = ORIENTED_EDGE('',*,*,#3881,.T.);
#3935 = ORIENTED_EDGE('',*,*,#3936,.T.);
#3936 = EDGE_CURVE('',#3873,#3937,#3939,.T.);
#3937 = VERTEX_POINT('',#3938);
#3938 = CARTESIAN_POINT('',(180.,-137.5,1.51));
#3939 = LINE('',#3940,#3941);
#3940 = CARTESIAN_POINT('',(180.,-57.5,1.51));
#3941 = VECTOR('',#3942,1.);
#3942 = DIRECTION('',(0.,-1.,0.));
#3943 = ORIENTED_EDGE('',*,*,#3944,.F.);
#3944 = EDGE_CURVE('',#3945,#3937,#3947,.T.);
#3945 = VERTEX_POINT('',#3946);
#3946 = CARTESIAN_POINT('',(180.,-137.5,0.));
#3947 = LINE('',#3948,#3949);
#3948 = CARTESIAN_POINT('',(180.,-137.5,0.));
#3949 = VECTOR('',#3950,1.);
#3950 = DIRECTION('',(0.,0.,1.));
#3951 = ORIENTED_EDGE('',*,*,#3952,.F.);
#3952 = EDGE_CURVE('',#3882,#3945,#3953,.T.);
#3953 = LINE('',#3954,#3955);
#3954 = CARTESIAN_POINT('',(180.,-57.5,0.));
#3955 = VECTOR('',#3956,1.);
#3956 = DIRECTION('',(0.,-1.,0.));
#3957 = PLANE('',#3958);
#3958 = AXIS2_PLACEMENT_3D('',#3959,#3960,#3961);
#3959 = CARTESIAN_POINT('',(180.,-57.5,0.));
#3960 = DIRECTION('',(1.,0.,-0.));
#3961 = DIRECTION('',(0.,-1.,0.));
#3962 = ADVANCED_FACE('',(#3963,#4009,#4020,#4031,#4042,#4053,#4064,
    #4075,#4086,#4097,#4108,#4119,#4130,#4141,#4152,#4163,#4174,#4185,
    #4196,#4207,#4218,#4229,#4240,#4251,#4262,#4273,#4284,#4295,#4306,
    #4317,#4328,#4339,#4350,#4361,#4372,#4383,#4394,#4405,#4416,#4427,
    #4438,#4449,#4460,#4471,#4482,#4493,#4504,#4515,#4526,#4537,#4548,
    #4559,#4570,#4581,#4592,#4603,#4614,#4625,#4636,#4647,#4658,#4669,
    #4680,#4691,#4702,#4713,#4724,#4735,#4746,#4757,#4768,#4779,#4790,
    #4801,#4812,#4823,#4834,#4845,#4856,#4867,#4878,#4889,#4900,#4911,
    #4922,#4933,#4944,#4955,#4966,#4977,#4988,#4999,#5010,#5021,#5032,
    #5043),#5054,.F.);
#3963 = FACE_BOUND('',#3964,.F.);
#3964 = EDGE_LOOP('',(#3965,#3966,#3967,#3976,#3984,#3993,#4001,#4008));
#3965 = ORIENTED_EDGE('',*,*,#3889,.F.);
#3966 = ORIENTED_EDGE('',*,*,#3921,.F.);
#3967 = ORIENTED_EDGE('',*,*,#3968,.F.);
#3968 = EDGE_CURVE('',#3969,#3905,#3971,.T.);
#3969 = VERTEX_POINT('',#3970);
#3970 = CARTESIAN_POINT('',(130.,-57.5,0.));
#3971 = CIRCLE('',#3972,2.499999839417);
#3972 = AXIS2_PLACEMENT_3D('',#3973,#3974,#3975);
#3973 = CARTESIAN_POINT('',(132.49999983941,-57.49999983941,0.));
#3974 = DIRECTION('',(0.,0.,-1.));
#3975 = DIRECTION('',(-1.,-6.423313565071E-08,-0.));
#3976 = ORIENTED_EDGE('',*,*,#3977,.F.);
#3977 = EDGE_CURVE('',#3978,#3969,#3980,.T.);
#3978 = VERTEX_POINT('',#3979);
#3979 = CARTESIAN_POINT('',(130.,-137.5,0.));
#3980 = LINE('',#3981,#3982);
#3981 = CARTESIAN_POINT('',(130.,-137.5,0.));
#3982 = VECTOR('',#3983,1.);
#3983 = DIRECTION('',(0.,1.,0.));
#3984 = ORIENTED_EDGE('',*,*,#3985,.F.);
#3985 = EDGE_CURVE('',#3986,#3978,#3988,.T.);
#3986 = VERTEX_POINT('',#3987);
#3987 = CARTESIAN_POINT('',(132.5,-140.,0.));
#3988 = CIRCLE('',#3989,2.499999839417);
#3989 = AXIS2_PLACEMENT_3D('',#3990,#3991,#3992);
#3990 = CARTESIAN_POINT('',(132.49999983941,-137.5000001605,0.));
#3991 = DIRECTION('',(0.,0.,-1.));
#3992 = DIRECTION('',(6.423313565071E-08,-1.,0.));
#3993 = ORIENTED_EDGE('',*,*,#3994,.F.);
#3994 = EDGE_CURVE('',#3995,#3986,#3997,.T.);
#3995 = VERTEX_POINT('',#3996);
#3996 = CARTESIAN_POINT('',(177.5,-140.,0.));
#3997 = LINE('',#3998,#3999);
#3998 = CARTESIAN_POINT('',(177.5,-140.,0.));
#3999 = VECTOR('',#4000,1.);
#4000 = DIRECTION('',(-1.,0.,0.));
#4001 = ORIENTED_EDGE('',*,*,#4002,.F.);
#4002 = EDGE_CURVE('',#3945,#3995,#4003,.T.);
#4003 = CIRCLE('',#4004,2.499999839417);
#4004 = AXIS2_PLACEMENT_3D('',#4005,#4006,#4007);
#4005 = CARTESIAN_POINT('',(177.50000016058,-137.5000001605,0.));
#4006 = DIRECTION('',(0.,0.,-1.));
#4007 = DIRECTION('',(1.,6.423313565071E-08,0.));
#4008 = ORIENTED_EDGE('',*,*,#3952,.F.);
#4009 = FACE_BOUND('',#4010,.F.);
#4010 = EDGE_LOOP('',(#4011));
#4011 = ORIENTED_EDGE('',*,*,#4012,.T.);
#4012 = EDGE_CURVE('',#4013,#4013,#4015,.T.);
#4013 = VERTEX_POINT('',#4014);
#4014 = CARTESIAN_POINT('',(135.88,-138.4,0.));
#4015 = CIRCLE('',#4016,0.4);
#4016 = AXIS2_PLACEMENT_3D('',#4017,#4018,#4019);
#4017 = CARTESIAN_POINT('',(135.88,-138.,0.));
#4018 = DIRECTION('',(-0.,0.,-1.));
#4019 = DIRECTION('',(-0.,-1.,0.));
#4020 = FACE_BOUND('',#4021,.F.);
#4021 = EDGE_LOOP('',(#4022));
#4022 = ORIENTED_EDGE('',*,*,#4023,.T.);
#4023 = EDGE_CURVE('',#4024,#4024,#4026,.T.);
#4024 = VERTEX_POINT('',#4025);
#4025 = CARTESIAN_POINT('',(136.5,-134.05,0.));
#4026 = CIRCLE('',#4027,0.55);
#4027 = AXIS2_PLACEMENT_3D('',#4028,#4029,#4030);
#4028 = CARTESIAN_POINT('',(136.5,-133.5,0.));
#4029 = DIRECTION('',(-0.,0.,-1.));
#4030 = DIRECTION('',(-0.,-1.,0.));
#4031 = FACE_BOUND('',#4032,.F.);
#4032 = EDGE_LOOP('',(#4033));
#4033 = ORIENTED_EDGE('',*,*,#4034,.T.);
#4034 = EDGE_CURVE('',#4035,#4035,#4037,.T.);
#4035 = VERTEX_POINT('',#4036);
#4036 = CARTESIAN_POINT('',(136.5,-129.55,0.));
#4037 = CIRCLE('',#4038,0.55);
#4038 = AXIS2_PLACEMENT_3D('',#4039,#4040,#4041);
#4039 = CARTESIAN_POINT('',(136.5,-129.,0.));
#4040 = DIRECTION('',(-0.,0.,-1.));
#4041 = DIRECTION('',(-0.,-1.,0.));
#4042 = FACE_BOUND('',#4043,.F.);
#4043 = EDGE_LOOP('',(#4044));
#4044 = ORIENTED_EDGE('',*,*,#4045,.T.);
#4045 = EDGE_CURVE('',#4046,#4046,#4048,.T.);
#4046 = VERTEX_POINT('',#4047);
#4047 = CARTESIAN_POINT('',(143.5,-138.4,0.));
#4048 = CIRCLE('',#4049,0.4);
#4049 = AXIS2_PLACEMENT_3D('',#4050,#4051,#4052);
#4050 = CARTESIAN_POINT('',(143.5,-138.,0.));
#4051 = DIRECTION('',(-0.,0.,-1.));
#4052 = DIRECTION('',(-0.,-1.,0.));
#4053 = FACE_BOUND('',#4054,.F.);
#4054 = EDGE_LOOP('',(#4055));
#4055 = ORIENTED_EDGE('',*,*,#4056,.T.);
#4056 = EDGE_CURVE('',#4057,#4057,#4059,.T.);
#4057 = VERTEX_POINT('',#4058);
#4058 = CARTESIAN_POINT('',(143.,-134.05,0.));
#4059 = CIRCLE('',#4060,0.55);
#4060 = AXIS2_PLACEMENT_3D('',#4061,#4062,#4063);
#4061 = CARTESIAN_POINT('',(143.,-133.5,0.));
#4062 = DIRECTION('',(-0.,0.,-1.));
#4063 = DIRECTION('',(-0.,-1.,0.));
#4064 = FACE_BOUND('',#4065,.F.);
#4065 = EDGE_LOOP('',(#4066));
#4066 = ORIENTED_EDGE('',*,*,#4067,.T.);
#4067 = EDGE_CURVE('',#4068,#4068,#4070,.T.);
#4068 = VERTEX_POINT('',#4069);
#4069 = CARTESIAN_POINT('',(143.,-129.55,0.));
#4070 = CIRCLE('',#4071,0.55);
#4071 = AXIS2_PLACEMENT_3D('',#4072,#4073,#4074);
#4072 = CARTESIAN_POINT('',(143.,-129.,0.));
#4073 = DIRECTION('',(-0.,0.,-1.));
#4074 = DIRECTION('',(-0.,-1.,0.));
#4075 = FACE_BOUND('',#4076,.F.);
#4076 = EDGE_LOOP('',(#4077));
#4077 = ORIENTED_EDGE('',*,*,#4078,.T.);
#4078 = EDGE_CURVE('',#4079,#4079,#4081,.T.);
#4079 = VERTEX_POINT('',#4080);
#4080 = CARTESIAN_POINT('',(135.44,-123.15,0.));
#4081 = CIRCLE('',#4082,0.4);
#4082 = AXIS2_PLACEMENT_3D('',#4083,#4084,#4085);
#4083 = CARTESIAN_POINT('',(135.44,-122.75,0.));
#4084 = DIRECTION('',(-0.,0.,-1.));
#4085 = DIRECTION('',(-0.,-1.,0.));
#4086 = FACE_BOUND('',#4087,.F.);
#4087 = EDGE_LOOP('',(#4088));
#4088 = ORIENTED_EDGE('',*,*,#4089,.T.);
#4089 = EDGE_CURVE('',#4090,#4090,#4092,.T.);
#4090 = VERTEX_POINT('',#4091);
#4091 = CARTESIAN_POINT('',(136.5,-119.05,0.));
#4092 = CIRCLE('',#4093,0.55);
#4093 = AXIS2_PLACEMENT_3D('',#4094,#4095,#4096);
#4094 = CARTESIAN_POINT('',(136.5,-118.5,0.));
#4095 = DIRECTION('',(-0.,0.,-1.));
#4096 = DIRECTION('',(-0.,-1.,0.));
#4097 = FACE_BOUND('',#4098,.F.);
#4098 = EDGE_LOOP('',(#4099));
#4099 = ORIENTED_EDGE('',*,*,#4100,.T.);
#4100 = EDGE_CURVE('',#4101,#4101,#4103,.T.);
#4101 = VERTEX_POINT('',#4102);
#4102 = CARTESIAN_POINT('',(143.06,-123.15,0.));
#4103 = CIRCLE('',#4104,0.4);
#4104 = AXIS2_PLACEMENT_3D('',#4105,#4106,#4107);
#4105 = CARTESIAN_POINT('',(143.06,-122.75,0.));
#4106 = DIRECTION('',(-0.,0.,-1.));
#4107 = DIRECTION('',(-0.,-1.,0.));
#4108 = FACE_BOUND('',#4109,.F.);
#4109 = EDGE_LOOP('',(#4110));
#4110 = ORIENTED_EDGE('',*,*,#4111,.T.);
#4111 = EDGE_CURVE('',#4112,#4112,#4114,.T.);
#4112 = VERTEX_POINT('',#4113);
#4113 = CARTESIAN_POINT('',(143.,-119.05,0.));
#4114 = CIRCLE('',#4115,0.55);
#4115 = AXIS2_PLACEMENT_3D('',#4116,#4117,#4118);
#4116 = CARTESIAN_POINT('',(143.,-118.5,0.));
#4117 = DIRECTION('',(-0.,0.,-1.));
#4118 = DIRECTION('',(-0.,-1.,0.));
#4119 = FACE_BOUND('',#4120,.F.);
#4120 = EDGE_LOOP('',(#4121));
#4121 = ORIENTED_EDGE('',*,*,#4122,.T.);
#4122 = EDGE_CURVE('',#4123,#4123,#4125,.T.);
#4123 = VERTEX_POINT('',#4124);
#4124 = CARTESIAN_POINT('',(150.88,-138.15,0.));
#4125 = CIRCLE('',#4126,0.4);
#4126 = AXIS2_PLACEMENT_3D('',#4127,#4128,#4129);
#4127 = CARTESIAN_POINT('',(150.88,-137.75,0.));
#4128 = DIRECTION('',(-0.,0.,-1.));
#4129 = DIRECTION('',(-0.,-1.,0.));
#4130 = FACE_BOUND('',#4131,.F.);
#4131 = EDGE_LOOP('',(#4132));
#4132 = ORIENTED_EDGE('',*,*,#4133,.T.);
#4133 = EDGE_CURVE('',#4134,#4134,#4136,.T.);
#4134 = VERTEX_POINT('',#4135);
#4135 = CARTESIAN_POINT('',(151.5,-134.05,0.));
#4136 = CIRCLE('',#4137,0.55);
#4137 = AXIS2_PLACEMENT_3D('',#4138,#4139,#4140);
#4138 = CARTESIAN_POINT('',(151.5,-133.5,0.));
#4139 = DIRECTION('',(-0.,0.,-1.));
#4140 = DIRECTION('',(-0.,-1.,0.));
#4141 = FACE_BOUND('',#4142,.F.);
#4142 = EDGE_LOOP('',(#4143));
#4143 = ORIENTED_EDGE('',*,*,#4144,.T.);
#4144 = EDGE_CURVE('',#4145,#4145,#4147,.T.);
#4145 = VERTEX_POINT('',#4146);
#4146 = CARTESIAN_POINT('',(151.5,-129.55,0.));
#4147 = CIRCLE('',#4148,0.55);
#4148 = AXIS2_PLACEMENT_3D('',#4149,#4150,#4151);
#4149 = CARTESIAN_POINT('',(151.5,-129.,0.));
#4150 = DIRECTION('',(-0.,0.,-1.));
#4151 = DIRECTION('',(-0.,-1.,0.));
#4152 = FACE_BOUND('',#4153,.F.);
#4153 = EDGE_LOOP('',(#4154));
#4154 = ORIENTED_EDGE('',*,*,#4155,.T.);
#4155 = EDGE_CURVE('',#4156,#4156,#4158,.T.);
#4156 = VERTEX_POINT('',#4157);
#4157 = CARTESIAN_POINT('',(150.88,-123.15,0.));
#4158 = CIRCLE('',#4159,0.4);
#4159 = AXIS2_PLACEMENT_3D('',#4160,#4161,#4162);
#4160 = CARTESIAN_POINT('',(150.88,-122.75,0.));
#4161 = DIRECTION('',(-0.,0.,-1.));
#4162 = DIRECTION('',(-0.,-1.,0.));
#4163 = FACE_BOUND('',#4164,.F.);
#4164 = EDGE_LOOP('',(#4165));
#4165 = ORIENTED_EDGE('',*,*,#4166,.T.);
#4166 = EDGE_CURVE('',#4167,#4167,#4169,.T.);
#4167 = VERTEX_POINT('',#4168);
#4168 = CARTESIAN_POINT('',(151.5,-119.05,0.));
#4169 = CIRCLE('',#4170,0.55);
#4170 = AXIS2_PLACEMENT_3D('',#4171,#4172,#4173);
#4171 = CARTESIAN_POINT('',(151.5,-118.5,0.));
#4172 = DIRECTION('',(-0.,0.,-1.));
#4173 = DIRECTION('',(-0.,-1.,0.));
#4174 = FACE_BOUND('',#4175,.F.);
#4175 = EDGE_LOOP('',(#4176));
#4176 = ORIENTED_EDGE('',*,*,#4177,.T.);
#4177 = EDGE_CURVE('',#4178,#4178,#4180,.T.);
#4178 = VERTEX_POINT('',#4179);
#4179 = CARTESIAN_POINT('',(136.5,-114.55,0.));
#4180 = CIRCLE('',#4181,0.55);
#4181 = AXIS2_PLACEMENT_3D('',#4182,#4183,#4184);
#4182 = CARTESIAN_POINT('',(136.5,-114.,0.));
#4183 = DIRECTION('',(-0.,0.,-1.));
#4184 = DIRECTION('',(-0.,-1.,0.));
#4185 = FACE_BOUND('',#4186,.F.);
#4186 = EDGE_LOOP('',(#4187));
#4187 = ORIENTED_EDGE('',*,*,#4188,.T.);
#4188 = EDGE_CURVE('',#4189,#4189,#4191,.T.);
#4189 = VERTEX_POINT('',#4190);
#4190 = CARTESIAN_POINT('',(135.94,-108.15,0.));
#4191 = CIRCLE('',#4192,0.4);
#4192 = AXIS2_PLACEMENT_3D('',#4193,#4194,#4195);
#4193 = CARTESIAN_POINT('',(135.94,-107.75,0.));
#4194 = DIRECTION('',(-0.,0.,-1.));
#4195 = DIRECTION('',(-0.,-1.,0.));
#4196 = FACE_BOUND('',#4197,.F.);
#4197 = EDGE_LOOP('',(#4198));
#4198 = ORIENTED_EDGE('',*,*,#4199,.T.);
#4199 = EDGE_CURVE('',#4200,#4200,#4202,.T.);
#4200 = VERTEX_POINT('',#4201);
#4201 = CARTESIAN_POINT('',(143.,-114.55,0.));
#4202 = CIRCLE('',#4203,0.55);
#4203 = AXIS2_PLACEMENT_3D('',#4204,#4205,#4206);
#4204 = CARTESIAN_POINT('',(143.,-114.,0.));
#4205 = DIRECTION('',(-0.,0.,-1.));
#4206 = DIRECTION('',(-0.,-1.,0.));
#4207 = FACE_BOUND('',#4208,.F.);
#4208 = EDGE_LOOP('',(#4209));
#4209 = ORIENTED_EDGE('',*,*,#4210,.T.);
#4210 = EDGE_CURVE('',#4211,#4211,#4213,.T.);
#4211 = VERTEX_POINT('',#4212);
#4212 = CARTESIAN_POINT('',(143.56,-108.15,0.));
#4213 = CIRCLE('',#4214,0.4);
#4214 = AXIS2_PLACEMENT_3D('',#4215,#4216,#4217);
#4215 = CARTESIAN_POINT('',(143.56,-107.75,0.));
#4216 = DIRECTION('',(-0.,0.,-1.));
#4217 = DIRECTION('',(-0.,-1.,0.));
#4218 = FACE_BOUND('',#4219,.F.);
#4219 = EDGE_LOOP('',(#4220));
#4220 = ORIENTED_EDGE('',*,*,#4221,.T.);
#4221 = EDGE_CURVE('',#4222,#4222,#4224,.T.);
#4222 = VERTEX_POINT('',#4223);
#4223 = CARTESIAN_POINT('',(136.5,-104.05,0.));
#4224 = CIRCLE('',#4225,0.55);
#4225 = AXIS2_PLACEMENT_3D('',#4226,#4227,#4228);
#4226 = CARTESIAN_POINT('',(136.5,-103.5,0.));
#4227 = DIRECTION('',(-0.,0.,-1.));
#4228 = DIRECTION('',(-0.,-1.,0.));
#4229 = FACE_BOUND('',#4230,.F.);
#4230 = EDGE_LOOP('',(#4231));
#4231 = ORIENTED_EDGE('',*,*,#4232,.T.);
#4232 = EDGE_CURVE('',#4233,#4233,#4235,.T.);
#4233 = VERTEX_POINT('',#4234);
#4234 = CARTESIAN_POINT('',(136.5,-99.55,0.));
#4235 = CIRCLE('',#4236,0.55);
#4236 = AXIS2_PLACEMENT_3D('',#4237,#4238,#4239);
#4237 = CARTESIAN_POINT('',(136.5,-99.,0.));
#4238 = DIRECTION('',(-0.,0.,-1.));
#4239 = DIRECTION('',(-0.,-1.,0.));
#4240 = FACE_BOUND('',#4241,.F.);
#4241 = EDGE_LOOP('',(#4242));
#4242 = ORIENTED_EDGE('',*,*,#4243,.T.);
#4243 = EDGE_CURVE('',#4244,#4244,#4246,.T.);
#4244 = VERTEX_POINT('',#4245);
#4245 = CARTESIAN_POINT('',(143.,-104.05,0.));
#4246 = CIRCLE('',#4247,0.55);
#4247 = AXIS2_PLACEMENT_3D('',#4248,#4249,#4250);
#4248 = CARTESIAN_POINT('',(143.,-103.5,0.));
#4249 = DIRECTION('',(-0.,0.,-1.));
#4250 = DIRECTION('',(-0.,-1.,0.));
#4251 = FACE_BOUND('',#4252,.F.);
#4252 = EDGE_LOOP('',(#4253));
#4253 = ORIENTED_EDGE('',*,*,#4254,.T.);
#4254 = EDGE_CURVE('',#4255,#4255,#4257,.T.);
#4255 = VERTEX_POINT('',#4256);
#4256 = CARTESIAN_POINT('',(143.,-99.55,0.));
#4257 = CIRCLE('',#4258,0.55);
#4258 = AXIS2_PLACEMENT_3D('',#4259,#4260,#4261);
#4259 = CARTESIAN_POINT('',(143.,-99.,0.));
#4260 = DIRECTION('',(-0.,0.,-1.));
#4261 = DIRECTION('',(-0.,-1.,0.));
#4262 = FACE_BOUND('',#4263,.F.);
#4263 = EDGE_LOOP('',(#4264));
#4264 = ORIENTED_EDGE('',*,*,#4265,.T.);
#4265 = EDGE_CURVE('',#4266,#4266,#4268,.T.);
#4266 = VERTEX_POINT('',#4267);
#4267 = CARTESIAN_POINT('',(151.5,-114.55,0.));
#4268 = CIRCLE('',#4269,0.55);
#4269 = AXIS2_PLACEMENT_3D('',#4270,#4271,#4272);
#4270 = CARTESIAN_POINT('',(151.5,-114.,0.));
#4271 = DIRECTION('',(-0.,0.,-1.));
#4272 = DIRECTION('',(-0.,-1.,0.));
#4273 = FACE_BOUND('',#4274,.F.);
#4274 = EDGE_LOOP('',(#4275));
#4275 = ORIENTED_EDGE('',*,*,#4276,.T.);
#4276 = EDGE_CURVE('',#4277,#4277,#4279,.T.);
#4277 = VERTEX_POINT('',#4278);
#4278 = CARTESIAN_POINT('',(151.,-108.15,0.));
#4279 = CIRCLE('',#4280,0.4);
#4280 = AXIS2_PLACEMENT_3D('',#4281,#4282,#4283);
#4281 = CARTESIAN_POINT('',(151.,-107.75,0.));
#4282 = DIRECTION('',(-0.,0.,-1.));
#4283 = DIRECTION('',(-0.,-1.,0.));
#4284 = FACE_BOUND('',#4285,.F.);
#4285 = EDGE_LOOP('',(#4286));
#4286 = ORIENTED_EDGE('',*,*,#4287,.T.);
#4287 = EDGE_CURVE('',#4288,#4288,#4290,.T.);
#4288 = VERTEX_POINT('',#4289);
#4289 = CARTESIAN_POINT('',(151.5,-104.05,0.));
#4290 = CIRCLE('',#4291,0.55);
#4291 = AXIS2_PLACEMENT_3D('',#4292,#4293,#4294);
#4292 = CARTESIAN_POINT('',(151.5,-103.5,0.));
#4293 = DIRECTION('',(-0.,0.,-1.));
#4294 = DIRECTION('',(-0.,-1.,0.));
#4295 = FACE_BOUND('',#4296,.F.);
#4296 = EDGE_LOOP('',(#4297));
#4297 = ORIENTED_EDGE('',*,*,#4298,.T.);
#4298 = EDGE_CURVE('',#4299,#4299,#4301,.T.);
#4299 = VERTEX_POINT('',#4300);
#4300 = CARTESIAN_POINT('',(151.5,-99.55,0.));
#4301 = CIRCLE('',#4302,0.55);
#4302 = AXIS2_PLACEMENT_3D('',#4303,#4304,#4305);
#4303 = CARTESIAN_POINT('',(151.5,-99.,0.));
#4304 = DIRECTION('',(-0.,0.,-1.));
#4305 = DIRECTION('',(-0.,-1.,0.));
#4306 = FACE_BOUND('',#4307,.F.);
#4307 = EDGE_LOOP('',(#4308));
#4308 = ORIENTED_EDGE('',*,*,#4309,.T.);
#4309 = EDGE_CURVE('',#4310,#4310,#4312,.T.);
#4310 = VERTEX_POINT('',#4311);
#4311 = CARTESIAN_POINT('',(158.,-134.05,0.));
#4312 = CIRCLE('',#4313,0.55);
#4313 = AXIS2_PLACEMENT_3D('',#4314,#4315,#4316);
#4314 = CARTESIAN_POINT('',(158.,-133.5,0.));
#4315 = DIRECTION('',(-0.,0.,-1.));
#4316 = DIRECTION('',(-0.,-1.,0.));
#4317 = FACE_BOUND('',#4318,.F.);
#4318 = EDGE_LOOP('',(#4319));
#4319 = ORIENTED_EDGE('',*,*,#4320,.T.);
#4320 = EDGE_CURVE('',#4321,#4321,#4323,.T.);
#4321 = VERTEX_POINT('',#4322);
#4322 = CARTESIAN_POINT('',(158.5,-138.15,0.));
#4323 = CIRCLE('',#4324,0.4);
#4324 = AXIS2_PLACEMENT_3D('',#4325,#4326,#4327);
#4325 = CARTESIAN_POINT('',(158.5,-137.75,0.));
#4326 = DIRECTION('',(-0.,0.,-1.));
#4327 = DIRECTION('',(-0.,-1.,0.));
#4328 = FACE_BOUND('',#4329,.F.);
#4329 = EDGE_LOOP('',(#4330));
#4330 = ORIENTED_EDGE('',*,*,#4331,.T.);
#4331 = EDGE_CURVE('',#4332,#4332,#4334,.T.);
#4332 = VERTEX_POINT('',#4333);
#4333 = CARTESIAN_POINT('',(158.,-129.55,0.));
#4334 = CIRCLE('',#4335,0.55);
#4335 = AXIS2_PLACEMENT_3D('',#4336,#4337,#4338);
#4336 = CARTESIAN_POINT('',(158.,-129.,0.));
#4337 = DIRECTION('',(-0.,0.,-1.));
#4338 = DIRECTION('',(-0.,-1.,0.));
#4339 = FACE_BOUND('',#4340,.F.);
#4340 = EDGE_LOOP('',(#4341));
#4341 = ORIENTED_EDGE('',*,*,#4342,.T.);
#4342 = EDGE_CURVE('',#4343,#4343,#4345,.T.);
#4343 = VERTEX_POINT('',#4344);
#4344 = CARTESIAN_POINT('',(162.,-135.05,0.));
#4345 = CIRCLE('',#4346,1.05);
#4346 = AXIS2_PLACEMENT_3D('',#4347,#4348,#4349);
#4347 = CARTESIAN_POINT('',(162.,-134.,0.));
#4348 = DIRECTION('',(-0.,0.,-1.));
#4349 = DIRECTION('',(-0.,-1.,0.));
#4350 = FACE_BOUND('',#4351,.F.);
#4351 = EDGE_LOOP('',(#4352));
#4352 = ORIENTED_EDGE('',*,*,#4353,.T.);
#4353 = EDGE_CURVE('',#4354,#4354,#4356,.T.);
#4354 = VERTEX_POINT('',#4355);
#4355 = CARTESIAN_POINT('',(165.69,-138.15,0.));
#4356 = CIRCLE('',#4357,0.4);
#4357 = AXIS2_PLACEMENT_3D('',#4358,#4359,#4360);
#4358 = CARTESIAN_POINT('',(165.69,-137.75,0.));
#4359 = DIRECTION('',(-0.,0.,-1.));
#4360 = DIRECTION('',(-0.,-1.,0.));
#4361 = FACE_BOUND('',#4362,.F.);
#4362 = EDGE_LOOP('',(#4363));
#4363 = ORIENTED_EDGE('',*,*,#4364,.T.);
#4364 = EDGE_CURVE('',#4365,#4365,#4367,.T.);
#4365 = VERTEX_POINT('',#4366);
#4366 = CARTESIAN_POINT('',(158.,-119.05,0.));
#4367 = CIRCLE('',#4368,0.55);
#4368 = AXIS2_PLACEMENT_3D('',#4369,#4370,#4371);
#4369 = CARTESIAN_POINT('',(158.,-118.5,0.));
#4370 = DIRECTION('',(-0.,0.,-1.));
#4371 = DIRECTION('',(-0.,-1.,0.));
#4372 = FACE_BOUND('',#4373,.F.);
#4373 = EDGE_LOOP('',(#4374));
#4374 = ORIENTED_EDGE('',*,*,#4375,.T.);
#4375 = EDGE_CURVE('',#4376,#4376,#4378,.T.);
#4376 = VERTEX_POINT('',#4377);
#4377 = CARTESIAN_POINT('',(158.5,-123.15,0.));
#4378 = CIRCLE('',#4379,0.4);
#4379 = AXIS2_PLACEMENT_3D('',#4380,#4381,#4382);
#4380 = CARTESIAN_POINT('',(158.5,-122.75,0.));
#4381 = DIRECTION('',(-0.,0.,-1.));
#4382 = DIRECTION('',(-0.,-1.,0.));
#4383 = FACE_BOUND('',#4384,.F.);
#4384 = EDGE_LOOP('',(#4385));
#4385 = ORIENTED_EDGE('',*,*,#4386,.T.);
#4386 = EDGE_CURVE('',#4387,#4387,#4389,.T.);
#4387 = VERTEX_POINT('',#4388);
#4388 = CARTESIAN_POINT('',(165.69,-123.15,0.));
#4389 = CIRCLE('',#4390,0.4);
#4390 = AXIS2_PLACEMENT_3D('',#4391,#4392,#4393);
#4391 = CARTESIAN_POINT('',(165.69,-122.75,0.));
#4392 = DIRECTION('',(-0.,0.,-1.));
#4393 = DIRECTION('',(-0.,-1.,0.));
#4394 = FACE_BOUND('',#4395,.F.);
#4395 = EDGE_LOOP('',(#4396));
#4396 = ORIENTED_EDGE('',*,*,#4397,.T.);
#4397 = EDGE_CURVE('',#4398,#4398,#4400,.T.);
#4398 = VERTEX_POINT('',#4399);
#4399 = CARTESIAN_POINT('',(166.5,-134.05,0.));
#4400 = CIRCLE('',#4401,0.55);
#4401 = AXIS2_PLACEMENT_3D('',#4402,#4403,#4404);
#4402 = CARTESIAN_POINT('',(166.5,-133.5,0.));
#4403 = DIRECTION('',(-0.,0.,-1.));
#4404 = DIRECTION('',(-0.,-1.,0.));
#4405 = FACE_BOUND('',#4406,.F.);
#4406 = EDGE_LOOP('',(#4407));
#4407 = ORIENTED_EDGE('',*,*,#4408,.T.);
#4408 = EDGE_CURVE('',#4409,#4409,#4411,.T.);
#4409 = VERTEX_POINT('',#4410);
#4410 = CARTESIAN_POINT('',(166.5,-129.55,0.));
#4411 = CIRCLE('',#4412,0.55);
#4412 = AXIS2_PLACEMENT_3D('',#4413,#4414,#4415);
#4413 = CARTESIAN_POINT('',(166.5,-129.,0.));
#4414 = DIRECTION('',(-0.,0.,-1.));
#4415 = DIRECTION('',(-0.,-1.,0.));
#4416 = FACE_BOUND('',#4417,.F.);
#4417 = EDGE_LOOP('',(#4418));
#4418 = ORIENTED_EDGE('',*,*,#4419,.T.);
#4419 = EDGE_CURVE('',#4420,#4420,#4422,.T.);
#4420 = VERTEX_POINT('',#4421);
#4421 = CARTESIAN_POINT('',(173.31,-138.15,0.));
#4422 = CIRCLE('',#4423,0.4);
#4423 = AXIS2_PLACEMENT_3D('',#4424,#4425,#4426);
#4424 = CARTESIAN_POINT('',(173.31,-137.75,0.));
#4425 = DIRECTION('',(-0.,0.,-1.));
#4426 = DIRECTION('',(-0.,-1.,0.));
#4427 = FACE_BOUND('',#4428,.F.);
#4428 = EDGE_LOOP('',(#4429));
#4429 = ORIENTED_EDGE('',*,*,#4430,.T.);
#4430 = EDGE_CURVE('',#4431,#4431,#4433,.T.);
#4431 = VERTEX_POINT('',#4432);
#4432 = CARTESIAN_POINT('',(173.,-134.05,0.));
#4433 = CIRCLE('',#4434,0.55);
#4434 = AXIS2_PLACEMENT_3D('',#4435,#4436,#4437);
#4435 = CARTESIAN_POINT('',(173.,-133.5,0.));
#4436 = DIRECTION('',(-0.,0.,-1.));
#4437 = DIRECTION('',(-0.,-1.,0.));
#4438 = FACE_BOUND('',#4439,.F.);
#4439 = EDGE_LOOP('',(#4440));
#4440 = ORIENTED_EDGE('',*,*,#4441,.T.);
#4441 = EDGE_CURVE('',#4442,#4442,#4444,.T.);
#4442 = VERTEX_POINT('',#4443);
#4443 = CARTESIAN_POINT('',(173.,-129.55,0.));
#4444 = CIRCLE('',#4445,0.55);
#4445 = AXIS2_PLACEMENT_3D('',#4446,#4447,#4448);
#4446 = CARTESIAN_POINT('',(173.,-129.,0.));
#4447 = DIRECTION('',(-0.,0.,-1.));
#4448 = DIRECTION('',(-0.,-1.,0.));
#4449 = FACE_BOUND('',#4450,.F.);
#4450 = EDGE_LOOP('',(#4451));
#4451 = ORIENTED_EDGE('',*,*,#4452,.T.);
#4452 = EDGE_CURVE('',#4453,#4453,#4455,.T.);
#4453 = VERTEX_POINT('',#4454);
#4454 = CARTESIAN_POINT('',(166.5,-119.05,0.));
#4455 = CIRCLE('',#4456,0.55);
#4456 = AXIS2_PLACEMENT_3D('',#4457,#4458,#4459);
#4457 = CARTESIAN_POINT('',(166.5,-118.5,0.));
#4458 = DIRECTION('',(-0.,0.,-1.));
#4459 = DIRECTION('',(-0.,-1.,0.));
#4460 = FACE_BOUND('',#4461,.F.);
#4461 = EDGE_LOOP('',(#4462));
#4462 = ORIENTED_EDGE('',*,*,#4463,.T.);
#4463 = EDGE_CURVE('',#4464,#4464,#4466,.T.);
#4464 = VERTEX_POINT('',#4465);
#4465 = CARTESIAN_POINT('',(173.31,-123.15,0.));
#4466 = CIRCLE('',#4467,0.4);
#4467 = AXIS2_PLACEMENT_3D('',#4468,#4469,#4470);
#4468 = CARTESIAN_POINT('',(173.31,-122.75,0.));
#4469 = DIRECTION('',(-0.,0.,-1.));
#4470 = DIRECTION('',(-0.,-1.,0.));
#4471 = FACE_BOUND('',#4472,.F.);
#4472 = EDGE_LOOP('',(#4473));
#4473 = ORIENTED_EDGE('',*,*,#4474,.T.);
#4474 = EDGE_CURVE('',#4475,#4475,#4477,.T.);
#4475 = VERTEX_POINT('',#4476);
#4476 = CARTESIAN_POINT('',(173.,-119.05,0.));
#4477 = CIRCLE('',#4478,0.55);
#4478 = AXIS2_PLACEMENT_3D('',#4479,#4480,#4481);
#4479 = CARTESIAN_POINT('',(173.,-118.5,0.));
#4480 = DIRECTION('',(-0.,0.,-1.));
#4481 = DIRECTION('',(-0.,-1.,0.));
#4482 = FACE_BOUND('',#4483,.F.);
#4483 = EDGE_LOOP('',(#4484));
#4484 = ORIENTED_EDGE('',*,*,#4485,.T.);
#4485 = EDGE_CURVE('',#4486,#4486,#4488,.T.);
#4486 = VERTEX_POINT('',#4487);
#4487 = CARTESIAN_POINT('',(158.,-114.55,0.));
#4488 = CIRCLE('',#4489,0.55);
#4489 = AXIS2_PLACEMENT_3D('',#4490,#4491,#4492);
#4490 = CARTESIAN_POINT('',(158.,-114.,0.));
#4491 = DIRECTION('',(-0.,0.,-1.));
#4492 = DIRECTION('',(-0.,-1.,0.));
#4493 = FACE_BOUND('',#4494,.F.);
#4494 = EDGE_LOOP('',(#4495));
#4495 = ORIENTED_EDGE('',*,*,#4496,.T.);
#4496 = EDGE_CURVE('',#4497,#4497,#4499,.T.);
#4497 = VERTEX_POINT('',#4498);
#4498 = CARTESIAN_POINT('',(158.62,-108.15,0.));
#4499 = CIRCLE('',#4500,0.4);
#4500 = AXIS2_PLACEMENT_3D('',#4501,#4502,#4503);
#4501 = CARTESIAN_POINT('',(158.62,-107.75,0.));
#4502 = DIRECTION('',(-0.,0.,-1.));
#4503 = DIRECTION('',(-0.,-1.,0.));
#4504 = FACE_BOUND('',#4505,.F.);
#4505 = EDGE_LOOP('',(#4506));
#4506 = ORIENTED_EDGE('',*,*,#4507,.T.);
#4507 = EDGE_CURVE('',#4508,#4508,#4510,.T.);
#4508 = VERTEX_POINT('',#4509);
#4509 = CARTESIAN_POINT('',(158.,-104.05,0.));
#4510 = CIRCLE('',#4511,0.55);
#4511 = AXIS2_PLACEMENT_3D('',#4512,#4513,#4514);
#4512 = CARTESIAN_POINT('',(158.,-103.5,0.));
#4513 = DIRECTION('',(-0.,0.,-1.));
#4514 = DIRECTION('',(-0.,-1.,0.));
#4515 = FACE_BOUND('',#4516,.F.);
#4516 = EDGE_LOOP('',(#4517));
#4517 = ORIENTED_EDGE('',*,*,#4518,.T.);
#4518 = EDGE_CURVE('',#4519,#4519,#4521,.T.);
#4519 = VERTEX_POINT('',#4520);
#4520 = CARTESIAN_POINT('',(158.,-99.55,0.));
#4521 = CIRCLE('',#4522,0.55);
#4522 = AXIS2_PLACEMENT_3D('',#4523,#4524,#4525);
#4523 = CARTESIAN_POINT('',(158.,-99.,0.));
#4524 = DIRECTION('',(-0.,0.,-1.));
#4525 = DIRECTION('',(-0.,-1.,0.));
#4526 = FACE_BOUND('',#4527,.F.);
#4527 = EDGE_LOOP('',(#4528));
#4528 = ORIENTED_EDGE('',*,*,#4529,.T.);
#4529 = EDGE_CURVE('',#4530,#4530,#4532,.T.);
#4530 = VERTEX_POINT('',#4531);
#4531 = CARTESIAN_POINT('',(166.5,-114.55,0.));
#4532 = CIRCLE('',#4533,0.55);
#4533 = AXIS2_PLACEMENT_3D('',#4534,#4535,#4536);
#4534 = CARTESIAN_POINT('',(166.5,-114.,0.));
#4535 = DIRECTION('',(-0.,0.,-1.));
#4536 = DIRECTION('',(-0.,-1.,0.));
#4537 = FACE_BOUND('',#4538,.F.);
#4538 = EDGE_LOOP('',(#4539));
#4539 = ORIENTED_EDGE('',*,*,#4540,.T.);
#4540 = EDGE_CURVE('',#4541,#4541,#4543,.T.);
#4541 = VERTEX_POINT('',#4542);
#4542 = CARTESIAN_POINT('',(165.88,-108.15,0.));
#4543 = CIRCLE('',#4544,0.4);
#4544 = AXIS2_PLACEMENT_3D('',#4545,#4546,#4547);
#4545 = CARTESIAN_POINT('',(165.88,-107.75,0.));
#4546 = DIRECTION('',(-0.,0.,-1.));
#4547 = DIRECTION('',(-0.,-1.,0.));
#4548 = FACE_BOUND('',#4549,.F.);
#4549 = EDGE_LOOP('',(#4550));
#4550 = ORIENTED_EDGE('',*,*,#4551,.T.);
#4551 = EDGE_CURVE('',#4552,#4552,#4554,.T.);
#4552 = VERTEX_POINT('',#4553);
#4553 = CARTESIAN_POINT('',(173.,-114.55,0.));
#4554 = CIRCLE('',#4555,0.55);
#4555 = AXIS2_PLACEMENT_3D('',#4556,#4557,#4558);
#4556 = CARTESIAN_POINT('',(173.,-114.,0.));
#4557 = DIRECTION('',(-0.,0.,-1.));
#4558 = DIRECTION('',(-0.,-1.,0.));
#4559 = FACE_BOUND('',#4560,.F.);
#4560 = EDGE_LOOP('',(#4561));
#4561 = ORIENTED_EDGE('',*,*,#4562,.T.);
#4562 = EDGE_CURVE('',#4563,#4563,#4565,.T.);
#4563 = VERTEX_POINT('',#4564);
#4564 = CARTESIAN_POINT('',(173.5,-108.15,0.));
#4565 = CIRCLE('',#4566,0.4);
#4566 = AXIS2_PLACEMENT_3D('',#4567,#4568,#4569);
#4567 = CARTESIAN_POINT('',(173.5,-107.75,0.));
#4568 = DIRECTION('',(-0.,0.,-1.));
#4569 = DIRECTION('',(-0.,-1.,0.));
#4570 = FACE_BOUND('',#4571,.F.);
#4571 = EDGE_LOOP('',(#4572));
#4572 = ORIENTED_EDGE('',*,*,#4573,.T.);
#4573 = EDGE_CURVE('',#4574,#4574,#4576,.T.);
#4574 = VERTEX_POINT('',#4575);
#4575 = CARTESIAN_POINT('',(166.5,-104.05,0.));
#4576 = CIRCLE('',#4577,0.55);
#4577 = AXIS2_PLACEMENT_3D('',#4578,#4579,#4580);
#4578 = CARTESIAN_POINT('',(166.5,-103.5,0.));
#4579 = DIRECTION('',(-0.,0.,-1.));
#4580 = DIRECTION('',(-0.,-1.,0.));
#4581 = FACE_BOUND('',#4582,.F.);
#4582 = EDGE_LOOP('',(#4583));
#4583 = ORIENTED_EDGE('',*,*,#4584,.T.);
#4584 = EDGE_CURVE('',#4585,#4585,#4587,.T.);
#4585 = VERTEX_POINT('',#4586);
#4586 = CARTESIAN_POINT('',(166.5,-99.55,0.));
#4587 = CIRCLE('',#4588,0.55);
#4588 = AXIS2_PLACEMENT_3D('',#4589,#4590,#4591);
#4589 = CARTESIAN_POINT('',(166.5,-99.,0.));
#4590 = DIRECTION('',(-0.,0.,-1.));
#4591 = DIRECTION('',(-0.,-1.,0.));
#4592 = FACE_BOUND('',#4593,.F.);
#4593 = EDGE_LOOP('',(#4594));
#4594 = ORIENTED_EDGE('',*,*,#4595,.T.);
#4595 = EDGE_CURVE('',#4596,#4596,#4598,.T.);
#4596 = VERTEX_POINT('',#4597);
#4597 = CARTESIAN_POINT('',(173.,-104.05,0.));
#4598 = CIRCLE('',#4599,0.55);
#4599 = AXIS2_PLACEMENT_3D('',#4600,#4601,#4602);
#4600 = CARTESIAN_POINT('',(173.,-103.5,0.));
#4601 = DIRECTION('',(-0.,0.,-1.));
#4602 = DIRECTION('',(-0.,-1.,0.));
#4603 = FACE_BOUND('',#4604,.F.);
#4604 = EDGE_LOOP('',(#4605));
#4605 = ORIENTED_EDGE('',*,*,#4606,.T.);
#4606 = EDGE_CURVE('',#4607,#4607,#4609,.T.);
#4607 = VERTEX_POINT('',#4608);
#4608 = CARTESIAN_POINT('',(173.,-99.55,0.));
#4609 = CIRCLE('',#4610,0.55);
#4610 = AXIS2_PLACEMENT_3D('',#4611,#4612,#4613);
#4611 = CARTESIAN_POINT('',(173.,-99.,0.));
#4612 = DIRECTION('',(-0.,0.,-1.));
#4613 = DIRECTION('',(-0.,-1.,0.));
#4614 = FACE_BOUND('',#4615,.F.);
#4615 = EDGE_LOOP('',(#4616));
#4616 = ORIENTED_EDGE('',*,*,#4617,.T.);
#4617 = EDGE_CURVE('',#4618,#4618,#4620,.T.);
#4618 = VERTEX_POINT('',#4619);
#4619 = CARTESIAN_POINT('',(135.88,-93.15,0.));
#4620 = CIRCLE('',#4621,0.4);
#4621 = AXIS2_PLACEMENT_3D('',#4622,#4623,#4624);
#4622 = CARTESIAN_POINT('',(135.88,-92.75,0.));
#4623 = DIRECTION('',(-0.,0.,-1.));
#4624 = DIRECTION('',(-0.,-1.,0.));
#4625 = FACE_BOUND('',#4626,.F.);
#4626 = EDGE_LOOP('',(#4627));
#4627 = ORIENTED_EDGE('',*,*,#4628,.T.);
#4628 = EDGE_CURVE('',#4629,#4629,#4631,.T.);
#4629 = VERTEX_POINT('',#4630);
#4630 = CARTESIAN_POINT('',(136.5,-89.05,0.));
#4631 = CIRCLE('',#4632,0.55);
#4632 = AXIS2_PLACEMENT_3D('',#4633,#4634,#4635);
#4633 = CARTESIAN_POINT('',(136.5,-88.5,0.));
#4634 = DIRECTION('',(-0.,0.,-1.));
#4635 = DIRECTION('',(-0.,-1.,0.));
#4636 = FACE_BOUND('',#4637,.F.);
#4637 = EDGE_LOOP('',(#4638));
#4638 = ORIENTED_EDGE('',*,*,#4639,.T.);
#4639 = EDGE_CURVE('',#4640,#4640,#4642,.T.);
#4640 = VERTEX_POINT('',#4641);
#4641 = CARTESIAN_POINT('',(143.5,-93.15,0.));
#4642 = CIRCLE('',#4643,0.4);
#4643 = AXIS2_PLACEMENT_3D('',#4644,#4645,#4646);
#4644 = CARTESIAN_POINT('',(143.5,-92.75,0.));
#4645 = DIRECTION('',(-0.,0.,-1.));
#4646 = DIRECTION('',(-0.,-1.,0.));
#4647 = FACE_BOUND('',#4648,.F.);
#4648 = EDGE_LOOP('',(#4649));
#4649 = ORIENTED_EDGE('',*,*,#4650,.T.);
#4650 = EDGE_CURVE('',#4651,#4651,#4653,.T.);
#4651 = VERTEX_POINT('',#4652);
#4652 = CARTESIAN_POINT('',(143.,-89.05,0.));
#4653 = CIRCLE('',#4654,0.55);
#4654 = AXIS2_PLACEMENT_3D('',#4655,#4656,#4657);
#4655 = CARTESIAN_POINT('',(143.,-88.5,0.));
#4656 = DIRECTION('',(-0.,0.,-1.));
#4657 = DIRECTION('',(-0.,-1.,0.));
#4658 = FACE_BOUND('',#4659,.F.);
#4659 = EDGE_LOOP('',(#4660));
#4660 = ORIENTED_EDGE('',*,*,#4661,.T.);
#4661 = EDGE_CURVE('',#4662,#4662,#4664,.T.);
#4662 = VERTEX_POINT('',#4663);
#4663 = CARTESIAN_POINT('',(136.5,-84.55,0.));
#4664 = CIRCLE('',#4665,0.55);
#4665 = AXIS2_PLACEMENT_3D('',#4666,#4667,#4668);
#4666 = CARTESIAN_POINT('',(136.5,-84.,0.));
#4667 = DIRECTION('',(-0.,0.,-1.));
#4668 = DIRECTION('',(-0.,-1.,0.));
#4669 = FACE_BOUND('',#4670,.F.);
#4670 = EDGE_LOOP('',(#4671));
#4671 = ORIENTED_EDGE('',*,*,#4672,.T.);
#4672 = EDGE_CURVE('',#4673,#4673,#4675,.T.);
#4673 = VERTEX_POINT('',#4674);
#4674 = CARTESIAN_POINT('',(139.5,-80.05,0.));
#4675 = CIRCLE('',#4676,1.05);
#4676 = AXIS2_PLACEMENT_3D('',#4677,#4678,#4679);
#4677 = CARTESIAN_POINT('',(139.5,-79.,0.));
#4678 = DIRECTION('',(-0.,0.,-1.));
#4679 = DIRECTION('',(-0.,-1.,0.));
#4680 = FACE_BOUND('',#4681,.F.);
#4681 = EDGE_LOOP('',(#4682));
#4682 = ORIENTED_EDGE('',*,*,#4683,.T.);
#4683 = EDGE_CURVE('',#4684,#4684,#4686,.T.);
#4684 = VERTEX_POINT('',#4685);
#4685 = CARTESIAN_POINT('',(143.,-84.55,0.));
#4686 = CIRCLE('',#4687,0.55);
#4687 = AXIS2_PLACEMENT_3D('',#4688,#4689,#4690);
#4688 = CARTESIAN_POINT('',(143.,-84.,0.));
#4689 = DIRECTION('',(-0.,0.,-1.));
#4690 = DIRECTION('',(-0.,-1.,0.));
#4691 = FACE_BOUND('',#4692,.F.);
#4692 = EDGE_LOOP('',(#4693));
#4693 = ORIENTED_EDGE('',*,*,#4694,.T.);
#4694 = EDGE_CURVE('',#4695,#4695,#4697,.T.);
#4695 = VERTEX_POINT('',#4696);
#4696 = CARTESIAN_POINT('',(150.94,-93.15,0.));
#4697 = CIRCLE('',#4698,0.4);
#4698 = AXIS2_PLACEMENT_3D('',#4699,#4700,#4701);
#4699 = CARTESIAN_POINT('',(150.94,-92.75,0.));
#4700 = DIRECTION('',(-0.,0.,-1.));
#4701 = DIRECTION('',(-0.,-1.,0.));
#4702 = FACE_BOUND('',#4703,.F.);
#4703 = EDGE_LOOP('',(#4704));
#4704 = ORIENTED_EDGE('',*,*,#4705,.T.);
#4705 = EDGE_CURVE('',#4706,#4706,#4708,.T.);
#4706 = VERTEX_POINT('',#4707);
#4707 = CARTESIAN_POINT('',(151.5,-89.05,0.));
#4708 = CIRCLE('',#4709,0.55);
#4709 = AXIS2_PLACEMENT_3D('',#4710,#4711,#4712);
#4710 = CARTESIAN_POINT('',(151.5,-88.5,0.));
#4711 = DIRECTION('',(-0.,0.,-1.));
#4712 = DIRECTION('',(-0.,-1.,0.));
#4713 = FACE_BOUND('',#4714,.F.);
#4714 = EDGE_LOOP('',(#4715));
#4715 = ORIENTED_EDGE('',*,*,#4716,.T.);
#4716 = EDGE_CURVE('',#4717,#4717,#4719,.T.);
#4717 = VERTEX_POINT('',#4718);
#4718 = CARTESIAN_POINT('',(151.5,-84.55,0.));
#4719 = CIRCLE('',#4720,0.55);
#4720 = AXIS2_PLACEMENT_3D('',#4721,#4722,#4723);
#4721 = CARTESIAN_POINT('',(151.5,-84.,0.));
#4722 = DIRECTION('',(-0.,0.,-1.));
#4723 = DIRECTION('',(-0.,-1.,0.));
#4724 = FACE_BOUND('',#4725,.F.);
#4725 = EDGE_LOOP('',(#4726));
#4726 = ORIENTED_EDGE('',*,*,#4727,.T.);
#4727 = EDGE_CURVE('',#4728,#4728,#4730,.T.);
#4728 = VERTEX_POINT('',#4729);
#4729 = CARTESIAN_POINT('',(154.13,-78.67,0.));
#4730 = CIRCLE('',#4731,0.42);
#4731 = AXIS2_PLACEMENT_3D('',#4732,#4733,#4734);
#4732 = CARTESIAN_POINT('',(154.13,-78.25,0.));
#4733 = DIRECTION('',(-0.,0.,-1.));
#4734 = DIRECTION('',(-0.,-1.,0.));
#4735 = FACE_BOUND('',#4736,.F.);
#4736 = EDGE_LOOP('',(#4737));
#4737 = ORIENTED_EDGE('',*,*,#4738,.T.);
#4738 = EDGE_CURVE('',#4739,#4739,#4741,.T.);
#4739 = VERTEX_POINT('',#4740);
#4740 = CARTESIAN_POINT('',(136.5,-75.37,0.));
#4741 = CIRCLE('',#4742,0.5);
#4742 = AXIS2_PLACEMENT_3D('',#4743,#4744,#4745);
#4743 = CARTESIAN_POINT('',(136.5,-74.87,0.));
#4744 = DIRECTION('',(-0.,0.,-1.));
#4745 = DIRECTION('',(-0.,-1.,0.));
#4746 = FACE_BOUND('',#4747,.F.);
#4747 = EDGE_LOOP('',(#4748));
#4748 = ORIENTED_EDGE('',*,*,#4749,.T.);
#4749 = EDGE_CURVE('',#4750,#4750,#4752,.T.);
#4750 = VERTEX_POINT('',#4751);
#4751 = CARTESIAN_POINT('',(136.5,-72.83,0.));
#4752 = CIRCLE('',#4753,0.5);
#4753 = AXIS2_PLACEMENT_3D('',#4754,#4755,#4756);
#4754 = CARTESIAN_POINT('',(136.5,-72.33,0.));
#4755 = DIRECTION('',(-0.,0.,-1.));
#4756 = DIRECTION('',(-0.,-1.,0.));
#4757 = FACE_BOUND('',#4758,.F.);
#4758 = EDGE_LOOP('',(#4759));
#4759 = ORIENTED_EDGE('',*,*,#4760,.T.);
#4760 = EDGE_CURVE('',#4761,#4761,#4763,.T.);
#4761 = VERTEX_POINT('',#4762);
#4762 = CARTESIAN_POINT('',(136.5,-70.29,0.));
#4763 = CIRCLE('',#4764,0.5);
#4764 = AXIS2_PLACEMENT_3D('',#4765,#4766,#4767);
#4765 = CARTESIAN_POINT('',(136.5,-69.79,0.));
#4766 = DIRECTION('',(-0.,0.,-1.));
#4767 = DIRECTION('',(-0.,-1.,0.));
#4768 = FACE_BOUND('',#4769,.F.);
#4769 = EDGE_LOOP('',(#4770));
#4770 = ORIENTED_EDGE('',*,*,#4771,.T.);
#4771 = EDGE_CURVE('',#4772,#4772,#4774,.T.);
#4772 = VERTEX_POINT('',#4773);
#4773 = CARTESIAN_POINT('',(136.5,-67.75,0.));
#4774 = CIRCLE('',#4775,0.5);
#4775 = AXIS2_PLACEMENT_3D('',#4776,#4777,#4778);
#4776 = CARTESIAN_POINT('',(136.5,-67.25,0.));
#4777 = DIRECTION('',(-0.,0.,-1.));
#4778 = DIRECTION('',(-0.,-1.,0.));
#4779 = FACE_BOUND('',#4780,.F.);
#4780 = EDGE_LOOP('',(#4781));
#4781 = ORIENTED_EDGE('',*,*,#4782,.T.);
#4782 = EDGE_CURVE('',#4783,#4783,#4785,.T.);
#4783 = VERTEX_POINT('',#4784);
#4784 = CARTESIAN_POINT('',(154.13,-63.43,0.));
#4785 = CIRCLE('',#4786,0.42);
#4786 = AXIS2_PLACEMENT_3D('',#4787,#4788,#4789);
#4787 = CARTESIAN_POINT('',(154.13,-63.01,0.));
#4788 = DIRECTION('',(-0.,0.,-1.));
#4789 = DIRECTION('',(-0.,-1.,0.));
#4790 = FACE_BOUND('',#4791,.F.);
#4791 = EDGE_LOOP('',(#4792));
#4792 = ORIENTED_EDGE('',*,*,#4793,.T.);
#4793 = EDGE_CURVE('',#4794,#4794,#4796,.T.);
#4794 = VERTEX_POINT('',#4795);
#4795 = CARTESIAN_POINT('',(158.56,-93.15,0.));
#4796 = CIRCLE('',#4797,0.4);
#4797 = AXIS2_PLACEMENT_3D('',#4798,#4799,#4800);
#4798 = CARTESIAN_POINT('',(158.56,-92.75,0.));
#4799 = DIRECTION('',(-0.,0.,-1.));
#4800 = DIRECTION('',(-0.,-1.,0.));
#4801 = FACE_BOUND('',#4802,.F.);
#4802 = EDGE_LOOP('',(#4803));
#4803 = ORIENTED_EDGE('',*,*,#4804,.T.);
#4804 = EDGE_CURVE('',#4805,#4805,#4807,.T.);
#4805 = VERTEX_POINT('',#4806);
#4806 = CARTESIAN_POINT('',(158.,-89.05,0.));
#4807 = CIRCLE('',#4808,0.55);
#4808 = AXIS2_PLACEMENT_3D('',#4809,#4810,#4811);
#4809 = CARTESIAN_POINT('',(158.,-88.5,0.));
#4810 = DIRECTION('',(-0.,0.,-1.));
#4811 = DIRECTION('',(-0.,-1.,0.));
#4812 = FACE_BOUND('',#4813,.F.);
#4813 = EDGE_LOOP('',(#4814));
#4814 = ORIENTED_EDGE('',*,*,#4815,.T.);
#4815 = EDGE_CURVE('',#4816,#4816,#4818,.T.);
#4816 = VERTEX_POINT('',#4817);
#4817 = CARTESIAN_POINT('',(158.,-84.55,0.));
#4818 = CIRCLE('',#4819,0.55);
#4819 = AXIS2_PLACEMENT_3D('',#4820,#4821,#4822);
#4820 = CARTESIAN_POINT('',(158.,-84.,0.));
#4821 = DIRECTION('',(-0.,0.,-1.));
#4822 = DIRECTION('',(-0.,-1.,0.));
#4823 = FACE_BOUND('',#4824,.F.);
#4824 = EDGE_LOOP('',(#4825));
#4825 = ORIENTED_EDGE('',*,*,#4826,.T.);
#4826 = EDGE_CURVE('',#4827,#4827,#4829,.T.);
#4827 = VERTEX_POINT('',#4828);
#4828 = CARTESIAN_POINT('',(156.67,-78.67,0.));
#4829 = CIRCLE('',#4830,0.42);
#4830 = AXIS2_PLACEMENT_3D('',#4831,#4832,#4833);
#4831 = CARTESIAN_POINT('',(156.67,-78.25,0.));
#4832 = DIRECTION('',(-0.,0.,-1.));
#4833 = DIRECTION('',(-6.767073673906E-14,-1.,0.));
#4834 = FACE_BOUND('',#4835,.F.);
#4835 = EDGE_LOOP('',(#4836));
#4836 = ORIENTED_EDGE('',*,*,#4837,.T.);
#4837 = EDGE_CURVE('',#4838,#4838,#4840,.T.);
#4838 = VERTEX_POINT('',#4839);
#4839 = CARTESIAN_POINT('',(159.21,-78.67,0.));
#4840 = CIRCLE('',#4841,0.42);
#4841 = AXIS2_PLACEMENT_3D('',#4842,#4843,#4844);
#4842 = CARTESIAN_POINT('',(159.21,-78.25,0.));
#4843 = DIRECTION('',(-0.,0.,-1.));
#4844 = DIRECTION('',(6.767073673905E-14,-1.,-0.));
#4845 = FACE_BOUND('',#4846,.F.);
#4846 = EDGE_LOOP('',(#4847));
#4847 = ORIENTED_EDGE('',*,*,#4848,.T.);
#4848 = EDGE_CURVE('',#4849,#4849,#4851,.T.);
#4849 = VERTEX_POINT('',#4850);
#4850 = CARTESIAN_POINT('',(161.75,-78.67,0.));
#4851 = CIRCLE('',#4852,0.42);
#4852 = AXIS2_PLACEMENT_3D('',#4853,#4854,#4855);
#4853 = CARTESIAN_POINT('',(161.75,-78.25,0.));
#4854 = DIRECTION('',(-0.,0.,-1.));
#4855 = DIRECTION('',(-0.,-1.,0.));
#4856 = FACE_BOUND('',#4857,.F.);
#4857 = EDGE_LOOP('',(#4858));
#4858 = ORIENTED_EDGE('',*,*,#4859,.T.);
#4859 = EDGE_CURVE('',#4860,#4860,#4862,.T.);
#4860 = VERTEX_POINT('',#4861);
#4861 = CARTESIAN_POINT('',(164.29,-78.67,0.));
#4862 = CIRCLE('',#4863,0.42);
#4863 = AXIS2_PLACEMENT_3D('',#4864,#4865,#4866);
#4864 = CARTESIAN_POINT('',(164.29,-78.25,0.));
#4865 = DIRECTION('',(-0.,0.,-1.));
#4866 = DIRECTION('',(-6.767073673906E-14,-1.,0.));
#4867 = FACE_BOUND('',#4868,.F.);
#4868 = EDGE_LOOP('',(#4869));
#4869 = ORIENTED_EDGE('',*,*,#4870,.T.);
#4870 = EDGE_CURVE('',#4871,#4871,#4873,.T.);
#4871 = VERTEX_POINT('',#4872);
#4872 = CARTESIAN_POINT('',(165.94,-93.15,0.));
#4873 = CIRCLE('',#4874,0.4);
#4874 = AXIS2_PLACEMENT_3D('',#4875,#4876,#4877);
#4875 = CARTESIAN_POINT('',(165.94,-92.75,0.));
#4876 = DIRECTION('',(-0.,0.,-1.));
#4877 = DIRECTION('',(-0.,-1.,0.));
#4878 = FACE_BOUND('',#4879,.F.);
#4879 = EDGE_LOOP('',(#4880));
#4880 = ORIENTED_EDGE('',*,*,#4881,.T.);
#4881 = EDGE_CURVE('',#4882,#4882,#4884,.T.);
#4882 = VERTEX_POINT('',#4883);
#4883 = CARTESIAN_POINT('',(166.5,-89.05,0.));
#4884 = CIRCLE('',#4885,0.55);
#4885 = AXIS2_PLACEMENT_3D('',#4886,#4887,#4888);
#4886 = CARTESIAN_POINT('',(166.5,-88.5,0.));
#4887 = DIRECTION('',(-0.,0.,-1.));
#4888 = DIRECTION('',(-0.,-1.,0.));
#4889 = FACE_BOUND('',#4890,.F.);
#4890 = EDGE_LOOP('',(#4891));
#4891 = ORIENTED_EDGE('',*,*,#4892,.T.);
#4892 = EDGE_CURVE('',#4893,#4893,#4895,.T.);
#4893 = VERTEX_POINT('',#4894);
#4894 = CARTESIAN_POINT('',(173.56,-93.15,0.));
#4895 = CIRCLE('',#4896,0.4);
#4896 = AXIS2_PLACEMENT_3D('',#4897,#4898,#4899);
#4897 = CARTESIAN_POINT('',(173.56,-92.75,0.));
#4898 = DIRECTION('',(-0.,0.,-1.));
#4899 = DIRECTION('',(-0.,-1.,0.));
#4900 = FACE_BOUND('',#4901,.F.);
#4901 = EDGE_LOOP('',(#4902));
#4902 = ORIENTED_EDGE('',*,*,#4903,.T.);
#4903 = EDGE_CURVE('',#4904,#4904,#4906,.T.);
#4904 = VERTEX_POINT('',#4905);
#4905 = CARTESIAN_POINT('',(173.,-89.05,0.));
#4906 = CIRCLE('',#4907,0.55);
#4907 = AXIS2_PLACEMENT_3D('',#4908,#4909,#4910);
#4908 = CARTESIAN_POINT('',(173.,-88.5,0.));
#4909 = DIRECTION('',(-0.,0.,-1.));
#4910 = DIRECTION('',(-0.,-1.,0.));
#4911 = FACE_BOUND('',#4912,.F.);
#4912 = EDGE_LOOP('',(#4913));
#4913 = ORIENTED_EDGE('',*,*,#4914,.T.);
#4914 = EDGE_CURVE('',#4915,#4915,#4917,.T.);
#4915 = VERTEX_POINT('',#4916);
#4916 = CARTESIAN_POINT('',(166.5,-84.55,0.));
#4917 = CIRCLE('',#4918,0.55);
#4918 = AXIS2_PLACEMENT_3D('',#4919,#4920,#4921);
#4919 = CARTESIAN_POINT('',(166.5,-84.,0.));
#4920 = DIRECTION('',(-0.,0.,-1.));
#4921 = DIRECTION('',(-0.,-1.,0.));
#4922 = FACE_BOUND('',#4923,.F.);
#4923 = EDGE_LOOP('',(#4924));
#4924 = ORIENTED_EDGE('',*,*,#4925,.T.);
#4925 = EDGE_CURVE('',#4926,#4926,#4928,.T.);
#4926 = VERTEX_POINT('',#4927);
#4927 = CARTESIAN_POINT('',(166.83,-78.67,0.));
#4928 = CIRCLE('',#4929,0.42);
#4929 = AXIS2_PLACEMENT_3D('',#4930,#4931,#4932);
#4930 = CARTESIAN_POINT('',(166.83,-78.25,0.));
#4931 = DIRECTION('',(-0.,0.,-1.));
#4932 = DIRECTION('',(6.767073673905E-14,-1.,-0.));
#4933 = FACE_BOUND('',#4934,.F.);
#4934 = EDGE_LOOP('',(#4935));
#4935 = ORIENTED_EDGE('',*,*,#4936,.T.);
#4936 = EDGE_CURVE('',#4937,#4937,#4939,.T.);
#4937 = VERTEX_POINT('',#4938);
#4938 = CARTESIAN_POINT('',(169.37,-78.67,0.));
#4939 = CIRCLE('',#4940,0.42);
#4940 = AXIS2_PLACEMENT_3D('',#4941,#4942,#4943);
#4941 = CARTESIAN_POINT('',(169.37,-78.25,0.));
#4942 = DIRECTION('',(-0.,0.,-1.));
#4943 = DIRECTION('',(-0.,-1.,0.));
#4944 = FACE_BOUND('',#4945,.F.);
#4945 = EDGE_LOOP('',(#4946));
#4946 = ORIENTED_EDGE('',*,*,#4947,.T.);
#4947 = EDGE_CURVE('',#4948,#4948,#4950,.T.);
#4948 = VERTEX_POINT('',#4949);
#4949 = CARTESIAN_POINT('',(173.,-84.55,0.));
#4950 = CIRCLE('',#4951,0.55);
#4951 = AXIS2_PLACEMENT_3D('',#4952,#4953,#4954);
#4952 = CARTESIAN_POINT('',(173.,-84.,0.));
#4953 = DIRECTION('',(-0.,0.,-1.));
#4954 = DIRECTION('',(-0.,-1.,0.));
#4955 = FACE_BOUND('',#4956,.F.);
#4956 = EDGE_LOOP('',(#4957));
#4957 = ORIENTED_EDGE('',*,*,#4958,.T.);
#4958 = EDGE_CURVE('',#4959,#4959,#4961,.T.);
#4959 = VERTEX_POINT('',#4960);
#4960 = CARTESIAN_POINT('',(171.91,-78.67,0.));
#4961 = CIRCLE('',#4962,0.42);
#4962 = AXIS2_PLACEMENT_3D('',#4963,#4964,#4965);
#4963 = CARTESIAN_POINT('',(171.91,-78.25,0.));
#4964 = DIRECTION('',(-0.,0.,-1.));
#4965 = DIRECTION('',(-6.767073673906E-14,-1.,0.));
#4966 = FACE_BOUND('',#4967,.F.);
#4967 = EDGE_LOOP('',(#4968));
#4968 = ORIENTED_EDGE('',*,*,#4969,.T.);
#4969 = EDGE_CURVE('',#4970,#4970,#4972,.T.);
#4970 = VERTEX_POINT('',#4971);
#4971 = CARTESIAN_POINT('',(156.67,-63.43,0.));
#4972 = CIRCLE('',#4973,0.42);
#4973 = AXIS2_PLACEMENT_3D('',#4974,#4975,#4976);
#4974 = CARTESIAN_POINT('',(156.67,-63.01,0.));
#4975 = DIRECTION('',(-0.,0.,-1.));
#4976 = DIRECTION('',(-6.767073673906E-14,-1.,0.));
#4977 = FACE_BOUND('',#4978,.F.);
#4978 = EDGE_LOOP('',(#4979));
#4979 = ORIENTED_EDGE('',*,*,#4980,.T.);
#4980 = EDGE_CURVE('',#4981,#4981,#4983,.T.);
#4981 = VERTEX_POINT('',#4982);
#4982 = CARTESIAN_POINT('',(159.21,-63.43,0.));
#4983 = CIRCLE('',#4984,0.42);
#4984 = AXIS2_PLACEMENT_3D('',#4985,#4986,#4987);
#4985 = CARTESIAN_POINT('',(159.21,-63.01,0.));
#4986 = DIRECTION('',(-0.,0.,-1.));
#4987 = DIRECTION('',(6.767073673905E-14,-1.,-0.));
#4988 = FACE_BOUND('',#4989,.F.);
#4989 = EDGE_LOOP('',(#4990));
#4990 = ORIENTED_EDGE('',*,*,#4991,.T.);
#4991 = EDGE_CURVE('',#4992,#4992,#4994,.T.);
#4992 = VERTEX_POINT('',#4993);
#4993 = CARTESIAN_POINT('',(161.75,-63.43,0.));
#4994 = CIRCLE('',#4995,0.42);
#4995 = AXIS2_PLACEMENT_3D('',#4996,#4997,#4998);
#4996 = CARTESIAN_POINT('',(161.75,-63.01,0.));
#4997 = DIRECTION('',(-0.,0.,-1.));
#4998 = DIRECTION('',(-0.,-1.,0.));
#4999 = FACE_BOUND('',#5000,.F.);
#5000 = EDGE_LOOP('',(#5001));
#5001 = ORIENTED_EDGE('',*,*,#5002,.T.);
#5002 = EDGE_CURVE('',#5003,#5003,#5005,.T.);
#5003 = VERTEX_POINT('',#5004);
#5004 = CARTESIAN_POINT('',(164.29,-63.43,0.));
#5005 = CIRCLE('',#5006,0.42);
#5006 = AXIS2_PLACEMENT_3D('',#5007,#5008,#5009);
#5007 = CARTESIAN_POINT('',(164.29,-63.01,0.));
#5008 = DIRECTION('',(-0.,0.,-1.));
#5009 = DIRECTION('',(-6.767073673906E-14,-1.,0.));
#5010 = FACE_BOUND('',#5011,.F.);
#5011 = EDGE_LOOP('',(#5012));
#5012 = ORIENTED_EDGE('',*,*,#5013,.T.);
#5013 = EDGE_CURVE('',#5014,#5014,#5016,.T.);
#5014 = VERTEX_POINT('',#5015);
#5015 = CARTESIAN_POINT('',(166.83,-63.43,0.));
#5016 = CIRCLE('',#5017,0.42);
#5017 = AXIS2_PLACEMENT_3D('',#5018,#5019,#5020);
#5018 = CARTESIAN_POINT('',(166.83,-63.01,0.));
#5019 = DIRECTION('',(-0.,0.,-1.));
#5020 = DIRECTION('',(6.767073673905E-14,-1.,-0.));
#5021 = FACE_BOUND('',#5022,.F.);
#5022 = EDGE_LOOP('',(#5023));
#5023 = ORIENTED_EDGE('',*,*,#5024,.T.);
#5024 = EDGE_CURVE('',#5025,#5025,#5027,.T.);
#5025 = VERTEX_POINT('',#5026);
#5026 = CARTESIAN_POINT('',(169.37,-63.43,0.));
#5027 = CIRCLE('',#5028,0.42);
#5028 = AXIS2_PLACEMENT_3D('',#5029,#5030,#5031);
#5029 = CARTESIAN_POINT('',(169.37,-63.01,0.));
#5030 = DIRECTION('',(-0.,0.,-1.));
#5031 = DIRECTION('',(-0.,-1.,0.));
#5032 = FACE_BOUND('',#5033,.F.);
#5033 = EDGE_LOOP('',(#5034));
#5034 = ORIENTED_EDGE('',*,*,#5035,.T.);
#5035 = EDGE_CURVE('',#5036,#5036,#5038,.T.);
#5036 = VERTEX_POINT('',#5037);
#5037 = CARTESIAN_POINT('',(171.91,-63.43,0.));
#5038 = CIRCLE('',#5039,0.42);
#5039 = AXIS2_PLACEMENT_3D('',#5040,#5041,#5042);
#5040 = CARTESIAN_POINT('',(171.91,-63.01,0.));
#5041 = DIRECTION('',(-0.,0.,-1.));
#5042 = DIRECTION('',(-6.767073673906E-14,-1.,0.));
#5043 = FACE_BOUND('',#5044,.F.);
#5044 = EDGE_LOOP('',(#5045));
#5045 = ORIENTED_EDGE('',*,*,#5046,.T.);
#5046 = EDGE_CURVE('',#5047,#5047,#5049,.T.);
#5047 = VERTEX_POINT('',#5048);
#5048 = CARTESIAN_POINT('',(175.,-58.55,0.));
#5049 = CIRCLE('',#5050,1.05);
#5050 = AXIS2_PLACEMENT_3D('',#5051,#5052,#5053);
#5051 = CARTESIAN_POINT('',(175.,-57.5,0.));
#5052 = DIRECTION('',(-0.,0.,-1.));
#5053 = DIRECTION('',(-0.,-1.,0.));
#5054 = PLANE('',#5055);
#5055 = AXIS2_PLACEMENT_3D('',#5056,#5057,#5058);
#5056 = CARTESIAN_POINT('',(0.,0.,0.));
#5057 = DIRECTION('',(0.,0.,1.));
#5058 = DIRECTION('',(1.,0.,-0.));
#5059 = ADVANCED_FACE('',(#5060,#5106,#5117,#5128,#5139,#5150,#5161,
    #5172,#5183,#5194,#5205,#5216,#5227,#5238,#5249,#5260,#5271,#5282,
    #5293,#5304,#5315,#5326,#5337,#5348,#5359,#5370,#5381,#5392,#5403,
    #5414,#5425,#5436,#5447,#5458,#5469,#5480,#5491,#5502,#5513,#5524,
    #5535,#5546,#5557,#5568,#5579,#5590,#5601,#5612,#5623,#5634,#5645,
    #5656,#5667,#5678,#5689,#5700,#5711,#5722,#5733,#5744,#5755,#5766,
    #5777,#5788,#5799,#5810,#5821,#5832,#5843,#5854,#5865,#5876,#5887,
    #5898,#5909,#5920,#5931,#5942,#5953,#5964,#5975,#5986,#5997,#6008,
    #6019,#6030,#6041,#6052,#6063,#6074,#6085,#6096,#6107,#6118,#6129,
    #6140),#6151,.T.);
#5060 = FACE_BOUND('',#5061,.T.);
#5061 = EDGE_LOOP('',(#5062,#5063,#5064,#5073,#5081,#5090,#5098,#5105));
#5062 = ORIENTED_EDGE('',*,*,#3872,.F.);
#5063 = ORIENTED_EDGE('',*,*,#3914,.F.);
#5064 = ORIENTED_EDGE('',*,*,#5065,.F.);
#5065 = EDGE_CURVE('',#5066,#3907,#5068,.T.);
#5066 = VERTEX_POINT('',#5067);
#5067 = CARTESIAN_POINT('',(130.,-57.5,1.51));
#5068 = CIRCLE('',#5069,2.499999839417);
#5069 = AXIS2_PLACEMENT_3D('',#5070,#5071,#5072);
#5070 = CARTESIAN_POINT('',(132.49999983941,-57.49999983941,1.51));
#5071 = DIRECTION('',(0.,0.,-1.));
#5072 = DIRECTION('',(-1.,-6.423313565071E-08,-0.));
#5073 = ORIENTED_EDGE('',*,*,#5074,.F.);
#5074 = EDGE_CURVE('',#5075,#5066,#5077,.T.);
#5075 = VERTEX_POINT('',#5076);
#5076 = CARTESIAN_POINT('',(130.,-137.5,1.51));
#5077 = LINE('',#5078,#5079);
#5078 = CARTESIAN_POINT('',(130.,-137.5,1.51));
#5079 = VECTOR('',#5080,1.);
#5080 = DIRECTION('',(0.,1.,0.));
#5081 = ORIENTED_EDGE('',*,*,#5082,.F.);
#5082 = EDGE_CURVE('',#5083,#5075,#5085,.T.);
#5083 = VERTEX_POINT('',#5084);
#5084 = CARTESIAN_POINT('',(132.5,-140.,1.51));
#5085 = CIRCLE('',#5086,2.499999839417);
#5086 = AXIS2_PLACEMENT_3D('',#5087,#5088,#5089);
#5087 = CARTESIAN_POINT('',(132.49999983941,-137.5000001605,1.51));
#5088 = DIRECTION('',(0.,0.,-1.));
#5089 = DIRECTION('',(6.423313565071E-08,-1.,0.));
#5090 = ORIENTED_EDGE('',*,*,#5091,.F.);
#5091 = EDGE_CURVE('',#5092,#5083,#5094,.T.);
#5092 = VERTEX_POINT('',#5093);
#5093 = CARTESIAN_POINT('',(177.5,-140.,1.51));
#5094 = LINE('',#5095,#5096);
#5095 = CARTESIAN_POINT('',(177.5,-140.,1.51));
#5096 = VECTOR('',#5097,1.);
#5097 = DIRECTION('',(-1.,0.,0.));
#5098 = ORIENTED_EDGE('',*,*,#5099,.F.);
#5099 = EDGE_CURVE('',#3937,#5092,#5100,.T.);
#5100 = CIRCLE('',#5101,2.499999839417);
#5101 = AXIS2_PLACEMENT_3D('',#5102,#5103,#5104);
#5102 = CARTESIAN_POINT('',(177.50000016058,-137.5000001605,1.51));
#5103 = DIRECTION('',(0.,0.,-1.));
#5104 = DIRECTION('',(1.,6.423313565071E-08,0.));
#5105 = ORIENTED_EDGE('',*,*,#3936,.F.);
#5106 = FACE_BOUND('',#5107,.T.);
#5107 = EDGE_LOOP('',(#5108));
#5108 = ORIENTED_EDGE('',*,*,#5109,.T.);
#5109 = EDGE_CURVE('',#5110,#5110,#5112,.T.);
#5110 = VERTEX_POINT('',#5111);
#5111 = CARTESIAN_POINT('',(135.88,-138.4,1.51));
#5112 = CIRCLE('',#5113,0.4);
#5113 = AXIS2_PLACEMENT_3D('',#5114,#5115,#5116);
#5114 = CARTESIAN_POINT('',(135.88,-138.,1.51));
#5115 = DIRECTION('',(-0.,0.,-1.));
#5116 = DIRECTION('',(-0.,-1.,0.));
#5117 = FACE_BOUND('',#5118,.T.);
#5118 = EDGE_LOOP('',(#5119));
#5119 = ORIENTED_EDGE('',*,*,#5120,.T.);
#5120 = EDGE_CURVE('',#5121,#5121,#5123,.T.);
#5121 = VERTEX_POINT('',#5122);
#5122 = CARTESIAN_POINT('',(136.5,-134.05,1.51));
#5123 = CIRCLE('',#5124,0.55);
#5124 = AXIS2_PLACEMENT_3D('',#5125,#5126,#5127);
#5125 = CARTESIAN_POINT('',(136.5,-133.5,1.51));
#5126 = DIRECTION('',(-0.,0.,-1.));
#5127 = DIRECTION('',(-0.,-1.,0.));
#5128 = FACE_BOUND('',#5129,.T.);
#5129 = EDGE_LOOP('',(#5130));
#5130 = ORIENTED_EDGE('',*,*,#5131,.T.);
#5131 = EDGE_CURVE('',#5132,#5132,#5134,.T.);
#5132 = VERTEX_POINT('',#5133);
#5133 = CARTESIAN_POINT('',(136.5,-129.55,1.51));
#5134 = CIRCLE('',#5135,0.55);
#5135 = AXIS2_PLACEMENT_3D('',#5136,#5137,#5138);
#5136 = CARTESIAN_POINT('',(136.5,-129.,1.51));
#5137 = DIRECTION('',(-0.,0.,-1.));
#5138 = DIRECTION('',(-0.,-1.,0.));
#5139 = FACE_BOUND('',#5140,.T.);
#5140 = EDGE_LOOP('',(#5141));
#5141 = ORIENTED_EDGE('',*,*,#5142,.T.);
#5142 = EDGE_CURVE('',#5143,#5143,#5145,.T.);
#5143 = VERTEX_POINT('',#5144);
#5144 = CARTESIAN_POINT('',(143.5,-138.4,1.51));
#5145 = CIRCLE('',#5146,0.4);
#5146 = AXIS2_PLACEMENT_3D('',#5147,#5148,#5149);
#5147 = CARTESIAN_POINT('',(143.5,-138.,1.51));
#5148 = DIRECTION('',(-0.,0.,-1.));
#5149 = DIRECTION('',(-0.,-1.,0.));
#5150 = FACE_BOUND('',#5151,.T.);
#5151 = EDGE_LOOP('',(#5152));
#5152 = ORIENTED_EDGE('',*,*,#5153,.T.);
#5153 = EDGE_CURVE('',#5154,#5154,#5156,.T.);
#5154 = VERTEX_POINT('',#5155);
#5155 = CARTESIAN_POINT('',(143.,-134.05,1.51));
#5156 = CIRCLE('',#5157,0.55);
#5157 = AXIS2_PLACEMENT_3D('',#5158,#5159,#5160);
#5158 = CARTESIAN_POINT('',(143.,-133.5,1.51));
#5159 = DIRECTION('',(-0.,0.,-1.));
#5160 = DIRECTION('',(-0.,-1.,0.));
#5161 = FACE_BOUND('',#5162,.T.);
#5162 = EDGE_LOOP('',(#5163));
#5163 = ORIENTED_EDGE('',*,*,#5164,.T.);
#5164 = EDGE_CURVE('',#5165,#5165,#5167,.T.);
#5165 = VERTEX_POINT('',#5166);
#5166 = CARTESIAN_POINT('',(143.,-129.55,1.51));
#5167 = CIRCLE('',#5168,0.55);
#5168 = AXIS2_PLACEMENT_3D('',#5169,#5170,#5171);
#5169 = CARTESIAN_POINT('',(143.,-129.,1.51));
#5170 = DIRECTION('',(-0.,0.,-1.));
#5171 = DIRECTION('',(-0.,-1.,0.));
#5172 = FACE_BOUND('',#5173,.T.);
#5173 = EDGE_LOOP('',(#5174));
#5174 = ORIENTED_EDGE('',*,*,#5175,.T.);
#5175 = EDGE_CURVE('',#5176,#5176,#5178,.T.);
#5176 = VERTEX_POINT('',#5177);
#5177 = CARTESIAN_POINT('',(135.44,-123.15,1.51));
#5178 = CIRCLE('',#5179,0.4);
#5179 = AXIS2_PLACEMENT_3D('',#5180,#5181,#5182);
#5180 = CARTESIAN_POINT('',(135.44,-122.75,1.51));
#5181 = DIRECTION('',(-0.,0.,-1.));
#5182 = DIRECTION('',(-0.,-1.,0.));
#5183 = FACE_BOUND('',#5184,.T.);
#5184 = EDGE_LOOP('',(#5185));
#5185 = ORIENTED_EDGE('',*,*,#5186,.T.);
#5186 = EDGE_CURVE('',#5187,#5187,#5189,.T.);
#5187 = VERTEX_POINT('',#5188);
#5188 = CARTESIAN_POINT('',(136.5,-119.05,1.51));
#5189 = CIRCLE('',#5190,0.55);
#5190 = AXIS2_PLACEMENT_3D('',#5191,#5192,#5193);
#5191 = CARTESIAN_POINT('',(136.5,-118.5,1.51));
#5192 = DIRECTION('',(-0.,0.,-1.));
#5193 = DIRECTION('',(-0.,-1.,0.));
#5194 = FACE_BOUND('',#5195,.T.);
#5195 = EDGE_LOOP('',(#5196));
#5196 = ORIENTED_EDGE('',*,*,#5197,.T.);
#5197 = EDGE_CURVE('',#5198,#5198,#5200,.T.);
#5198 = VERTEX_POINT('',#5199);
#5199 = CARTESIAN_POINT('',(143.06,-123.15,1.51));
#5200 = CIRCLE('',#5201,0.4);
#5201 = AXIS2_PLACEMENT_3D('',#5202,#5203,#5204);
#5202 = CARTESIAN_POINT('',(143.06,-122.75,1.51));
#5203 = DIRECTION('',(-0.,0.,-1.));
#5204 = DIRECTION('',(-0.,-1.,0.));
#5205 = FACE_BOUND('',#5206,.T.);
#5206 = EDGE_LOOP('',(#5207));
#5207 = ORIENTED_EDGE('',*,*,#5208,.T.);
#5208 = EDGE_CURVE('',#5209,#5209,#5211,.T.);
#5209 = VERTEX_POINT('',#5210);
#5210 = CARTESIAN_POINT('',(143.,-119.05,1.51));
#5211 = CIRCLE('',#5212,0.55);
#5212 = AXIS2_PLACEMENT_3D('',#5213,#5214,#5215);
#5213 = CARTESIAN_POINT('',(143.,-118.5,1.51));
#5214 = DIRECTION('',(-0.,0.,-1.));
#5215 = DIRECTION('',(-0.,-1.,0.));
#5216 = FACE_BOUND('',#5217,.T.);
#5217 = EDGE_LOOP('',(#5218));
#5218 = ORIENTED_EDGE('',*,*,#5219,.T.);
#5219 = EDGE_CURVE('',#5220,#5220,#5222,.T.);
#5220 = VERTEX_POINT('',#5221);
#5221 = CARTESIAN_POINT('',(150.88,-138.15,1.51));
#5222 = CIRCLE('',#5223,0.4);
#5223 = AXIS2_PLACEMENT_3D('',#5224,#5225,#5226);
#5224 = CARTESIAN_POINT('',(150.88,-137.75,1.51));
#5225 = DIRECTION('',(-0.,0.,-1.));
#5226 = DIRECTION('',(-0.,-1.,0.));
#5227 = FACE_BOUND('',#5228,.T.);
#5228 = EDGE_LOOP('',(#5229));
#5229 = ORIENTED_EDGE('',*,*,#5230,.T.);
#5230 = EDGE_CURVE('',#5231,#5231,#5233,.T.);
#5231 = VERTEX_POINT('',#5232);
#5232 = CARTESIAN_POINT('',(151.5,-134.05,1.51));
#5233 = CIRCLE('',#5234,0.55);
#5234 = AXIS2_PLACEMENT_3D('',#5235,#5236,#5237);
#5235 = CARTESIAN_POINT('',(151.5,-133.5,1.51));
#5236 = DIRECTION('',(-0.,0.,-1.));
#5237 = DIRECTION('',(-0.,-1.,0.));
#5238 = FACE_BOUND('',#5239,.T.);
#5239 = EDGE_LOOP('',(#5240));
#5240 = ORIENTED_EDGE('',*,*,#5241,.T.);
#5241 = EDGE_CURVE('',#5242,#5242,#5244,.T.);
#5242 = VERTEX_POINT('',#5243);
#5243 = CARTESIAN_POINT('',(151.5,-129.55,1.51));
#5244 = CIRCLE('',#5245,0.55);
#5245 = AXIS2_PLACEMENT_3D('',#5246,#5247,#5248);
#5246 = CARTESIAN_POINT('',(151.5,-129.,1.51));
#5247 = DIRECTION('',(-0.,0.,-1.));
#5248 = DIRECTION('',(-0.,-1.,0.));
#5249 = FACE_BOUND('',#5250,.T.);
#5250 = EDGE_LOOP('',(#5251));
#5251 = ORIENTED_EDGE('',*,*,#5252,.T.);
#5252 = EDGE_CURVE('',#5253,#5253,#5255,.T.);
#5253 = VERTEX_POINT('',#5254);
#5254 = CARTESIAN_POINT('',(150.88,-123.15,1.51));
#5255 = CIRCLE('',#5256,0.4);
#5256 = AXIS2_PLACEMENT_3D('',#5257,#5258,#5259);
#5257 = CARTESIAN_POINT('',(150.88,-122.75,1.51));
#5258 = DIRECTION('',(-0.,0.,-1.));
#5259 = DIRECTION('',(-0.,-1.,0.));
#5260 = FACE_BOUND('',#5261,.T.);
#5261 = EDGE_LOOP('',(#5262));
#5262 = ORIENTED_EDGE('',*,*,#5263,.T.);
#5263 = EDGE_CURVE('',#5264,#5264,#5266,.T.);
#5264 = VERTEX_POINT('',#5265);
#5265 = CARTESIAN_POINT('',(151.5,-119.05,1.51));
#5266 = CIRCLE('',#5267,0.55);
#5267 = AXIS2_PLACEMENT_3D('',#5268,#5269,#5270);
#5268 = CARTESIAN_POINT('',(151.5,-118.5,1.51));
#5269 = DIRECTION('',(-0.,0.,-1.));
#5270 = DIRECTION('',(-0.,-1.,0.));
#5271 = FACE_BOUND('',#5272,.T.);
#5272 = EDGE_LOOP('',(#5273));
#5273 = ORIENTED_EDGE('',*,*,#5274,.T.);
#5274 = EDGE_CURVE('',#5275,#5275,#5277,.T.);
#5275 = VERTEX_POINT('',#5276);
#5276 = CARTESIAN_POINT('',(136.5,-114.55,1.51));
#5277 = CIRCLE('',#5278,0.55);
#5278 = AXIS2_PLACEMENT_3D('',#5279,#5280,#5281);
#5279 = CARTESIAN_POINT('',(136.5,-114.,1.51));
#5280 = DIRECTION('',(-0.,0.,-1.));
#5281 = DIRECTION('',(-0.,-1.,0.));
#5282 = FACE_BOUND('',#5283,.T.);
#5283 = EDGE_LOOP('',(#5284));
#5284 = ORIENTED_EDGE('',*,*,#5285,.T.);
#5285 = EDGE_CURVE('',#5286,#5286,#5288,.T.);
#5286 = VERTEX_POINT('',#5287);
#5287 = CARTESIAN_POINT('',(135.94,-108.15,1.51));
#5288 = CIRCLE('',#5289,0.4);
#5289 = AXIS2_PLACEMENT_3D('',#5290,#5291,#5292);
#5290 = CARTESIAN_POINT('',(135.94,-107.75,1.51));
#5291 = DIRECTION('',(-0.,0.,-1.));
#5292 = DIRECTION('',(-0.,-1.,0.));
#5293 = FACE_BOUND('',#5294,.T.);
#5294 = EDGE_LOOP('',(#5295));
#5295 = ORIENTED_EDGE('',*,*,#5296,.T.);
#5296 = EDGE_CURVE('',#5297,#5297,#5299,.T.);
#5297 = VERTEX_POINT('',#5298);
#5298 = CARTESIAN_POINT('',(143.,-114.55,1.51));
#5299 = CIRCLE('',#5300,0.55);
#5300 = AXIS2_PLACEMENT_3D('',#5301,#5302,#5303);
#5301 = CARTESIAN_POINT('',(143.,-114.,1.51));
#5302 = DIRECTION('',(-0.,0.,-1.));
#5303 = DIRECTION('',(-0.,-1.,0.));
#5304 = FACE_BOUND('',#5305,.T.);
#5305 = EDGE_LOOP('',(#5306));
#5306 = ORIENTED_EDGE('',*,*,#5307,.T.);
#5307 = EDGE_CURVE('',#5308,#5308,#5310,.T.);
#5308 = VERTEX_POINT('',#5309);
#5309 = CARTESIAN_POINT('',(143.56,-108.15,1.51));
#5310 = CIRCLE('',#5311,0.4);
#5311 = AXIS2_PLACEMENT_3D('',#5312,#5313,#5314);
#5312 = CARTESIAN_POINT('',(143.56,-107.75,1.51));
#5313 = DIRECTION('',(-0.,0.,-1.));
#5314 = DIRECTION('',(-0.,-1.,0.));
#5315 = FACE_BOUND('',#5316,.T.);
#5316 = EDGE_LOOP('',(#5317));
#5317 = ORIENTED_EDGE('',*,*,#5318,.T.);
#5318 = EDGE_CURVE('',#5319,#5319,#5321,.T.);
#5319 = VERTEX_POINT('',#5320);
#5320 = CARTESIAN_POINT('',(136.5,-104.05,1.51));
#5321 = CIRCLE('',#5322,0.55);
#5322 = AXIS2_PLACEMENT_3D('',#5323,#5324,#5325);
#5323 = CARTESIAN_POINT('',(136.5,-103.5,1.51));
#5324 = DIRECTION('',(-0.,0.,-1.));
#5325 = DIRECTION('',(-0.,-1.,0.));
#5326 = FACE_BOUND('',#5327,.T.);
#5327 = EDGE_LOOP('',(#5328));
#5328 = ORIENTED_EDGE('',*,*,#5329,.T.);
#5329 = EDGE_CURVE('',#5330,#5330,#5332,.T.);
#5330 = VERTEX_POINT('',#5331);
#5331 = CARTESIAN_POINT('',(136.5,-99.55,1.51));
#5332 = CIRCLE('',#5333,0.55);
#5333 = AXIS2_PLACEMENT_3D('',#5334,#5335,#5336);
#5334 = CARTESIAN_POINT('',(136.5,-99.,1.51));
#5335 = DIRECTION('',(-0.,0.,-1.));
#5336 = DIRECTION('',(-0.,-1.,0.));
#5337 = FACE_BOUND('',#5338,.T.);
#5338 = EDGE_LOOP('',(#5339));
#5339 = ORIENTED_EDGE('',*,*,#5340,.T.);
#5340 = EDGE_CURVE('',#5341,#5341,#5343,.T.);
#5341 = VERTEX_POINT('',#5342);
#5342 = CARTESIAN_POINT('',(143.,-104.05,1.51));
#5343 = CIRCLE('',#5344,0.55);
#5344 = AXIS2_PLACEMENT_3D('',#5345,#5346,#5347);
#5345 = CARTESIAN_POINT('',(143.,-103.5,1.51));
#5346 = DIRECTION('',(-0.,0.,-1.));
#5347 = DIRECTION('',(-0.,-1.,0.));
#5348 = FACE_BOUND('',#5349,.T.);
#5349 = EDGE_LOOP('',(#5350));
#5350 = ORIENTED_EDGE('',*,*,#5351,.T.);
#5351 = EDGE_CURVE('',#5352,#5352,#5354,.T.);
#5352 = VERTEX_POINT('',#5353);
#5353 = CARTESIAN_POINT('',(143.,-99.55,1.51));
#5354 = CIRCLE('',#5355,0.55);
#5355 = AXIS2_PLACEMENT_3D('',#5356,#5357,#5358);
#5356 = CARTESIAN_POINT('',(143.,-99.,1.51));
#5357 = DIRECTION('',(-0.,0.,-1.));
#5358 = DIRECTION('',(-0.,-1.,0.));
#5359 = FACE_BOUND('',#5360,.T.);
#5360 = EDGE_LOOP('',(#5361));
#5361 = ORIENTED_EDGE('',*,*,#5362,.T.);
#5362 = EDGE_CURVE('',#5363,#5363,#5365,.T.);
#5363 = VERTEX_POINT('',#5364);
#5364 = CARTESIAN_POINT('',(151.5,-114.55,1.51));
#5365 = CIRCLE('',#5366,0.55);
#5366 = AXIS2_PLACEMENT_3D('',#5367,#5368,#5369);
#5367 = CARTESIAN_POINT('',(151.5,-114.,1.51));
#5368 = DIRECTION('',(-0.,0.,-1.));
#5369 = DIRECTION('',(-0.,-1.,0.));
#5370 = FACE_BOUND('',#5371,.T.);
#5371 = EDGE_LOOP('',(#5372));
#5372 = ORIENTED_EDGE('',*,*,#5373,.T.);
#5373 = EDGE_CURVE('',#5374,#5374,#5376,.T.);
#5374 = VERTEX_POINT('',#5375);
#5375 = CARTESIAN_POINT('',(151.,-108.15,1.51));
#5376 = CIRCLE('',#5377,0.4);
#5377 = AXIS2_PLACEMENT_3D('',#5378,#5379,#5380);
#5378 = CARTESIAN_POINT('',(151.,-107.75,1.51));
#5379 = DIRECTION('',(-0.,0.,-1.));
#5380 = DIRECTION('',(-0.,-1.,0.));
#5381 = FACE_BOUND('',#5382,.T.);
#5382 = EDGE_LOOP('',(#5383));
#5383 = ORIENTED_EDGE('',*,*,#5384,.T.);
#5384 = EDGE_CURVE('',#5385,#5385,#5387,.T.);
#5385 = VERTEX_POINT('',#5386);
#5386 = CARTESIAN_POINT('',(151.5,-104.05,1.51));
#5387 = CIRCLE('',#5388,0.55);
#5388 = AXIS2_PLACEMENT_3D('',#5389,#5390,#5391);
#5389 = CARTESIAN_POINT('',(151.5,-103.5,1.51));
#5390 = DIRECTION('',(-0.,0.,-1.));
#5391 = DIRECTION('',(-0.,-1.,0.));
#5392 = FACE_BOUND('',#5393,.T.);
#5393 = EDGE_LOOP('',(#5394));
#5394 = ORIENTED_EDGE('',*,*,#5395,.T.);
#5395 = EDGE_CURVE('',#5396,#5396,#5398,.T.);
#5396 = VERTEX_POINT('',#5397);
#5397 = CARTESIAN_POINT('',(151.5,-99.55,1.51));
#5398 = CIRCLE('',#5399,0.55);
#5399 = AXIS2_PLACEMENT_3D('',#5400,#5401,#5402);
#5400 = CARTESIAN_POINT('',(151.5,-99.,1.51));
#5401 = DIRECTION('',(-0.,0.,-1.));
#5402 = DIRECTION('',(-0.,-1.,0.));
#5403 = FACE_BOUND('',#5404,.T.);
#5404 = EDGE_LOOP('',(#5405));
#5405 = ORIENTED_EDGE('',*,*,#5406,.T.);
#5406 = EDGE_CURVE('',#5407,#5407,#5409,.T.);
#5407 = VERTEX_POINT('',#5408);
#5408 = CARTESIAN_POINT('',(158.,-134.05,1.51));
#5409 = CIRCLE('',#5410,0.55);
#5410 = AXIS2_PLACEMENT_3D('',#5411,#5412,#5413);
#5411 = CARTESIAN_POINT('',(158.,-133.5,1.51));
#5412 = DIRECTION('',(-0.,0.,-1.));
#5413 = DIRECTION('',(-0.,-1.,0.));
#5414 = FACE_BOUND('',#5415,.T.);
#5415 = EDGE_LOOP('',(#5416));
#5416 = ORIENTED_EDGE('',*,*,#5417,.T.);
#5417 = EDGE_CURVE('',#5418,#5418,#5420,.T.);
#5418 = VERTEX_POINT('',#5419);
#5419 = CARTESIAN_POINT('',(158.5,-138.15,1.51));
#5420 = CIRCLE('',#5421,0.4);
#5421 = AXIS2_PLACEMENT_3D('',#5422,#5423,#5424);
#5422 = CARTESIAN_POINT('',(158.5,-137.75,1.51));
#5423 = DIRECTION('',(-0.,0.,-1.));
#5424 = DIRECTION('',(-0.,-1.,0.));
#5425 = FACE_BOUND('',#5426,.T.);
#5426 = EDGE_LOOP('',(#5427));
#5427 = ORIENTED_EDGE('',*,*,#5428,.T.);
#5428 = EDGE_CURVE('',#5429,#5429,#5431,.T.);
#5429 = VERTEX_POINT('',#5430);
#5430 = CARTESIAN_POINT('',(158.,-129.55,1.51));
#5431 = CIRCLE('',#5432,0.55);
#5432 = AXIS2_PLACEMENT_3D('',#5433,#5434,#5435);
#5433 = CARTESIAN_POINT('',(158.,-129.,1.51));
#5434 = DIRECTION('',(-0.,0.,-1.));
#5435 = DIRECTION('',(-0.,-1.,0.));
#5436 = FACE_BOUND('',#5437,.T.);
#5437 = EDGE_LOOP('',(#5438));
#5438 = ORIENTED_EDGE('',*,*,#5439,.T.);
#5439 = EDGE_CURVE('',#5440,#5440,#5442,.T.);
#5440 = VERTEX_POINT('',#5441);
#5441 = CARTESIAN_POINT('',(162.,-135.05,1.51));
#5442 = CIRCLE('',#5443,1.05);
#5443 = AXIS2_PLACEMENT_3D('',#5444,#5445,#5446);
#5444 = CARTESIAN_POINT('',(162.,-134.,1.51));
#5445 = DIRECTION('',(-0.,0.,-1.));
#5446 = DIRECTION('',(-0.,-1.,0.));
#5447 = FACE_BOUND('',#5448,.T.);
#5448 = EDGE_LOOP('',(#5449));
#5449 = ORIENTED_EDGE('',*,*,#5450,.T.);
#5450 = EDGE_CURVE('',#5451,#5451,#5453,.T.);
#5451 = VERTEX_POINT('',#5452);
#5452 = CARTESIAN_POINT('',(165.69,-138.15,1.51));
#5453 = CIRCLE('',#5454,0.4);
#5454 = AXIS2_PLACEMENT_3D('',#5455,#5456,#5457);
#5455 = CARTESIAN_POINT('',(165.69,-137.75,1.51));
#5456 = DIRECTION('',(-0.,0.,-1.));
#5457 = DIRECTION('',(-0.,-1.,0.));
#5458 = FACE_BOUND('',#5459,.T.);
#5459 = EDGE_LOOP('',(#5460));
#5460 = ORIENTED_EDGE('',*,*,#5461,.T.);
#5461 = EDGE_CURVE('',#5462,#5462,#5464,.T.);
#5462 = VERTEX_POINT('',#5463);
#5463 = CARTESIAN_POINT('',(158.,-119.05,1.51));
#5464 = CIRCLE('',#5465,0.55);
#5465 = AXIS2_PLACEMENT_3D('',#5466,#5467,#5468);
#5466 = CARTESIAN_POINT('',(158.,-118.5,1.51));
#5467 = DIRECTION('',(-0.,0.,-1.));
#5468 = DIRECTION('',(-0.,-1.,0.));
#5469 = FACE_BOUND('',#5470,.T.);
#5470 = EDGE_LOOP('',(#5471));
#5471 = ORIENTED_EDGE('',*,*,#5472,.T.);
#5472 = EDGE_CURVE('',#5473,#5473,#5475,.T.);
#5473 = VERTEX_POINT('',#5474);
#5474 = CARTESIAN_POINT('',(158.5,-123.15,1.51));
#5475 = CIRCLE('',#5476,0.4);
#5476 = AXIS2_PLACEMENT_3D('',#5477,#5478,#5479);
#5477 = CARTESIAN_POINT('',(158.5,-122.75,1.51));
#5478 = DIRECTION('',(-0.,0.,-1.));
#5479 = DIRECTION('',(-0.,-1.,0.));
#5480 = FACE_BOUND('',#5481,.T.);
#5481 = EDGE_LOOP('',(#5482));
#5482 = ORIENTED_EDGE('',*,*,#5483,.T.);
#5483 = EDGE_CURVE('',#5484,#5484,#5486,.T.);
#5484 = VERTEX_POINT('',#5485);
#5485 = CARTESIAN_POINT('',(165.69,-123.15,1.51));
#5486 = CIRCLE('',#5487,0.4);
#5487 = AXIS2_PLACEMENT_3D('',#5488,#5489,#5490);
#5488 = CARTESIAN_POINT('',(165.69,-122.75,1.51));
#5489 = DIRECTION('',(-0.,0.,-1.));
#5490 = DIRECTION('',(-0.,-1.,0.));
#5491 = FACE_BOUND('',#5492,.T.);
#5492 = EDGE_LOOP('',(#5493));
#5493 = ORIENTED_EDGE('',*,*,#5494,.T.);
#5494 = EDGE_CURVE('',#5495,#5495,#5497,.T.);
#5495 = VERTEX_POINT('',#5496);
#5496 = CARTESIAN_POINT('',(166.5,-134.05,1.51));
#5497 = CIRCLE('',#5498,0.55);
#5498 = AXIS2_PLACEMENT_3D('',#5499,#5500,#5501);
#5499 = CARTESIAN_POINT('',(166.5,-133.5,1.51));
#5500 = DIRECTION('',(-0.,0.,-1.));
#5501 = DIRECTION('',(-0.,-1.,0.));
#5502 = FACE_BOUND('',#5503,.T.);
#5503 = EDGE_LOOP('',(#5504));
#5504 = ORIENTED_EDGE('',*,*,#5505,.T.);
#5505 = EDGE_CURVE('',#5506,#5506,#5508,.T.);
#5506 = VERTEX_POINT('',#5507);
#5507 = CARTESIAN_POINT('',(166.5,-129.55,1.51));
#5508 = CIRCLE('',#5509,0.55);
#5509 = AXIS2_PLACEMENT_3D('',#5510,#5511,#5512);
#5510 = CARTESIAN_POINT('',(166.5,-129.,1.51));
#5511 = DIRECTION('',(-0.,0.,-1.));
#5512 = DIRECTION('',(-0.,-1.,0.));
#5513 = FACE_BOUND('',#5514,.T.);
#5514 = EDGE_LOOP('',(#5515));
#5515 = ORIENTED_EDGE('',*,*,#5516,.T.);
#5516 = EDGE_CURVE('',#5517,#5517,#5519,.T.);
#5517 = VERTEX_POINT('',#5518);
#5518 = CARTESIAN_POINT('',(173.31,-138.15,1.51));
#5519 = CIRCLE('',#5520,0.4);
#5520 = AXIS2_PLACEMENT_3D('',#5521,#5522,#5523);
#5521 = CARTESIAN_POINT('',(173.31,-137.75,1.51));
#5522 = DIRECTION('',(-0.,0.,-1.));
#5523 = DIRECTION('',(-0.,-1.,0.));
#5524 = FACE_BOUND('',#5525,.T.);
#5525 = EDGE_LOOP('',(#5526));
#5526 = ORIENTED_EDGE('',*,*,#5527,.T.);
#5527 = EDGE_CURVE('',#5528,#5528,#5530,.T.);
#5528 = VERTEX_POINT('',#5529);
#5529 = CARTESIAN_POINT('',(173.,-134.05,1.51));
#5530 = CIRCLE('',#5531,0.55);
#5531 = AXIS2_PLACEMENT_3D('',#5532,#5533,#5534);
#5532 = CARTESIAN_POINT('',(173.,-133.5,1.51));
#5533 = DIRECTION('',(-0.,0.,-1.));
#5534 = DIRECTION('',(-0.,-1.,0.));
#5535 = FACE_BOUND('',#5536,.T.);
#5536 = EDGE_LOOP('',(#5537));
#5537 = ORIENTED_EDGE('',*,*,#5538,.T.);
#5538 = EDGE_CURVE('',#5539,#5539,#5541,.T.);
#5539 = VERTEX_POINT('',#5540);
#5540 = CARTESIAN_POINT('',(173.,-129.55,1.51));
#5541 = CIRCLE('',#5542,0.55);
#5542 = AXIS2_PLACEMENT_3D('',#5543,#5544,#5545);
#5543 = CARTESIAN_POINT('',(173.,-129.,1.51));
#5544 = DIRECTION('',(-0.,0.,-1.));
#5545 = DIRECTION('',(-0.,-1.,0.));
#5546 = FACE_BOUND('',#5547,.T.);
#5547 = EDGE_LOOP('',(#5548));
#5548 = ORIENTED_EDGE('',*,*,#5549,.T.);
#5549 = EDGE_CURVE('',#5550,#5550,#5552,.T.);
#5550 = VERTEX_POINT('',#5551);
#5551 = CARTESIAN_POINT('',(166.5,-119.05,1.51));
#5552 = CIRCLE('',#5553,0.55);
#5553 = AXIS2_PLACEMENT_3D('',#5554,#5555,#5556);
#5554 = CARTESIAN_POINT('',(166.5,-118.5,1.51));
#5555 = DIRECTION('',(-0.,0.,-1.));
#5556 = DIRECTION('',(-0.,-1.,0.));
#5557 = FACE_BOUND('',#5558,.T.);
#5558 = EDGE_LOOP('',(#5559));
#5559 = ORIENTED_EDGE('',*,*,#5560,.T.);
#5560 = EDGE_CURVE('',#5561,#5561,#5563,.T.);
#5561 = VERTEX_POINT('',#5562);
#5562 = CARTESIAN_POINT('',(173.31,-123.15,1.51));
#5563 = CIRCLE('',#5564,0.4);
#5564 = AXIS2_PLACEMENT_3D('',#5565,#5566,#5567);
#5565 = CARTESIAN_POINT('',(173.31,-122.75,1.51));
#5566 = DIRECTION('',(-0.,0.,-1.));
#5567 = DIRECTION('',(-0.,-1.,0.));
#5568 = FACE_BOUND('',#5569,.T.);
#5569 = EDGE_LOOP('',(#5570));
#5570 = ORIENTED_EDGE('',*,*,#5571,.T.);
#5571 = EDGE_CURVE('',#5572,#5572,#5574,.T.);
#5572 = VERTEX_POINT('',#5573);
#5573 = CARTESIAN_POINT('',(173.,-119.05,1.51));
#5574 = CIRCLE('',#5575,0.55);
#5575 = AXIS2_PLACEMENT_3D('',#5576,#5577,#5578);
#5576 = CARTESIAN_POINT('',(173.,-118.5,1.51));
#5577 = DIRECTION('',(-0.,0.,-1.));
#5578 = DIRECTION('',(-0.,-1.,0.));
#5579 = FACE_BOUND('',#5580,.T.);
#5580 = EDGE_LOOP('',(#5581));
#5581 = ORIENTED_EDGE('',*,*,#5582,.T.);
#5582 = EDGE_CURVE('',#5583,#5583,#5585,.T.);
#5583 = VERTEX_POINT('',#5584);
#5584 = CARTESIAN_POINT('',(158.,-114.55,1.51));
#5585 = CIRCLE('',#5586,0.55);
#5586 = AXIS2_PLACEMENT_3D('',#5587,#5588,#5589);
#5587 = CARTESIAN_POINT('',(158.,-114.,1.51));
#5588 = DIRECTION('',(-0.,0.,-1.));
#5589 = DIRECTION('',(-0.,-1.,0.));
#5590 = FACE_BOUND('',#5591,.T.);
#5591 = EDGE_LOOP('',(#5592));
#5592 = ORIENTED_EDGE('',*,*,#5593,.T.);
#5593 = EDGE_CURVE('',#5594,#5594,#5596,.T.);
#5594 = VERTEX_POINT('',#5595);
#5595 = CARTESIAN_POINT('',(158.62,-108.15,1.51));
#5596 = CIRCLE('',#5597,0.4);
#5597 = AXIS2_PLACEMENT_3D('',#5598,#5599,#5600);
#5598 = CARTESIAN_POINT('',(158.62,-107.75,1.51));
#5599 = DIRECTION('',(-0.,0.,-1.));
#5600 = DIRECTION('',(-0.,-1.,0.));
#5601 = FACE_BOUND('',#5602,.T.);
#5602 = EDGE_LOOP('',(#5603));
#5603 = ORIENTED_EDGE('',*,*,#5604,.T.);
#5604 = EDGE_CURVE('',#5605,#5605,#5607,.T.);
#5605 = VERTEX_POINT('',#5606);
#5606 = CARTESIAN_POINT('',(158.,-104.05,1.51));
#5607 = CIRCLE('',#5608,0.55);
#5608 = AXIS2_PLACEMENT_3D('',#5609,#5610,#5611);
#5609 = CARTESIAN_POINT('',(158.,-103.5,1.51));
#5610 = DIRECTION('',(-0.,0.,-1.));
#5611 = DIRECTION('',(-0.,-1.,0.));
#5612 = FACE_BOUND('',#5613,.T.);
#5613 = EDGE_LOOP('',(#5614));
#5614 = ORIENTED_EDGE('',*,*,#5615,.T.);
#5615 = EDGE_CURVE('',#5616,#5616,#5618,.T.);
#5616 = VERTEX_POINT('',#5617);
#5617 = CARTESIAN_POINT('',(158.,-99.55,1.51));
#5618 = CIRCLE('',#5619,0.55);
#5619 = AXIS2_PLACEMENT_3D('',#5620,#5621,#5622);
#5620 = CARTESIAN_POINT('',(158.,-99.,1.51));
#5621 = DIRECTION('',(-0.,0.,-1.));
#5622 = DIRECTION('',(-0.,-1.,0.));
#5623 = FACE_BOUND('',#5624,.T.);
#5624 = EDGE_LOOP('',(#5625));
#5625 = ORIENTED_EDGE('',*,*,#5626,.T.);
#5626 = EDGE_CURVE('',#5627,#5627,#5629,.T.);
#5627 = VERTEX_POINT('',#5628);
#5628 = CARTESIAN_POINT('',(166.5,-114.55,1.51));
#5629 = CIRCLE('',#5630,0.55);
#5630 = AXIS2_PLACEMENT_3D('',#5631,#5632,#5633);
#5631 = CARTESIAN_POINT('',(166.5,-114.,1.51));
#5632 = DIRECTION('',(-0.,0.,-1.));
#5633 = DIRECTION('',(-0.,-1.,0.));
#5634 = FACE_BOUND('',#5635,.T.);
#5635 = EDGE_LOOP('',(#5636));
#5636 = ORIENTED_EDGE('',*,*,#5637,.T.);
#5637 = EDGE_CURVE('',#5638,#5638,#5640,.T.);
#5638 = VERTEX_POINT('',#5639);
#5639 = CARTESIAN_POINT('',(165.88,-108.15,1.51));
#5640 = CIRCLE('',#5641,0.4);
#5641 = AXIS2_PLACEMENT_3D('',#5642,#5643,#5644);
#5642 = CARTESIAN_POINT('',(165.88,-107.75,1.51));
#5643 = DIRECTION('',(-0.,0.,-1.));
#5644 = DIRECTION('',(-0.,-1.,0.));
#5645 = FACE_BOUND('',#5646,.T.);
#5646 = EDGE_LOOP('',(#5647));
#5647 = ORIENTED_EDGE('',*,*,#5648,.T.);
#5648 = EDGE_CURVE('',#5649,#5649,#5651,.T.);
#5649 = VERTEX_POINT('',#5650);
#5650 = CARTESIAN_POINT('',(173.,-114.55,1.51));
#5651 = CIRCLE('',#5652,0.55);
#5652 = AXIS2_PLACEMENT_3D('',#5653,#5654,#5655);
#5653 = CARTESIAN_POINT('',(173.,-114.,1.51));
#5654 = DIRECTION('',(-0.,0.,-1.));
#5655 = DIRECTION('',(-0.,-1.,0.));
#5656 = FACE_BOUND('',#5657,.T.);
#5657 = EDGE_LOOP('',(#5658));
#5658 = ORIENTED_EDGE('',*,*,#5659,.T.);
#5659 = EDGE_CURVE('',#5660,#5660,#5662,.T.);
#5660 = VERTEX_POINT('',#5661);
#5661 = CARTESIAN_POINT('',(173.5,-108.15,1.51));
#5662 = CIRCLE('',#5663,0.4);
#5663 = AXIS2_PLACEMENT_3D('',#5664,#5665,#5666);
#5664 = CARTESIAN_POINT('',(173.5,-107.75,1.51));
#5665 = DIRECTION('',(-0.,0.,-1.));
#5666 = DIRECTION('',(-0.,-1.,0.));
#5667 = FACE_BOUND('',#5668,.T.);
#5668 = EDGE_LOOP('',(#5669));
#5669 = ORIENTED_EDGE('',*,*,#5670,.T.);
#5670 = EDGE_CURVE('',#5671,#5671,#5673,.T.);
#5671 = VERTEX_POINT('',#5672);
#5672 = CARTESIAN_POINT('',(166.5,-104.05,1.51));
#5673 = CIRCLE('',#5674,0.55);
#5674 = AXIS2_PLACEMENT_3D('',#5675,#5676,#5677);
#5675 = CARTESIAN_POINT('',(166.5,-103.5,1.51));
#5676 = DIRECTION('',(-0.,0.,-1.));
#5677 = DIRECTION('',(-0.,-1.,0.));
#5678 = FACE_BOUND('',#5679,.T.);
#5679 = EDGE_LOOP('',(#5680));
#5680 = ORIENTED_EDGE('',*,*,#5681,.T.);
#5681 = EDGE_CURVE('',#5682,#5682,#5684,.T.);
#5682 = VERTEX_POINT('',#5683);
#5683 = CARTESIAN_POINT('',(166.5,-99.55,1.51));
#5684 = CIRCLE('',#5685,0.55);
#5685 = AXIS2_PLACEMENT_3D('',#5686,#5687,#5688);
#5686 = CARTESIAN_POINT('',(166.5,-99.,1.51));
#5687 = DIRECTION('',(-0.,0.,-1.));
#5688 = DIRECTION('',(-0.,-1.,0.));
#5689 = FACE_BOUND('',#5690,.T.);
#5690 = EDGE_LOOP('',(#5691));
#5691 = ORIENTED_EDGE('',*,*,#5692,.T.);
#5692 = EDGE_CURVE('',#5693,#5693,#5695,.T.);
#5693 = VERTEX_POINT('',#5694);
#5694 = CARTESIAN_POINT('',(173.,-104.05,1.51));
#5695 = CIRCLE('',#5696,0.55);
#5696 = AXIS2_PLACEMENT_3D('',#5697,#5698,#5699);
#5697 = CARTESIAN_POINT('',(173.,-103.5,1.51));
#5698 = DIRECTION('',(-0.,0.,-1.));
#5699 = DIRECTION('',(-0.,-1.,0.));
#5700 = FACE_BOUND('',#5701,.T.);
#5701 = EDGE_LOOP('',(#5702));
#5702 = ORIENTED_EDGE('',*,*,#5703,.T.);
#5703 = EDGE_CURVE('',#5704,#5704,#5706,.T.);
#5704 = VERTEX_POINT('',#5705);
#5705 = CARTESIAN_POINT('',(173.,-99.55,1.51));
#5706 = CIRCLE('',#5707,0.55);
#5707 = AXIS2_PLACEMENT_3D('',#5708,#5709,#5710);
#5708 = CARTESIAN_POINT('',(173.,-99.,1.51));
#5709 = DIRECTION('',(-0.,0.,-1.));
#5710 = DIRECTION('',(-0.,-1.,0.));
#5711 = FACE_BOUND('',#5712,.T.);
#5712 = EDGE_LOOP('',(#5713));
#5713 = ORIENTED_EDGE('',*,*,#5714,.T.);
#5714 = EDGE_CURVE('',#5715,#5715,#5717,.T.);
#5715 = VERTEX_POINT('',#5716);
#5716 = CARTESIAN_POINT('',(135.88,-93.15,1.51));
#5717 = CIRCLE('',#5718,0.4);
#5718 = AXIS2_PLACEMENT_3D('',#5719,#5720,#5721);
#5719 = CARTESIAN_POINT('',(135.88,-92.75,1.51));
#5720 = DIRECTION('',(-0.,0.,-1.));
#5721 = DIRECTION('',(-0.,-1.,0.));
#5722 = FACE_BOUND('',#5723,.T.);
#5723 = EDGE_LOOP('',(#5724));
#5724 = ORIENTED_EDGE('',*,*,#5725,.T.);
#5725 = EDGE_CURVE('',#5726,#5726,#5728,.T.);
#5726 = VERTEX_POINT('',#5727);
#5727 = CARTESIAN_POINT('',(136.5,-89.05,1.51));
#5728 = CIRCLE('',#5729,0.55);
#5729 = AXIS2_PLACEMENT_3D('',#5730,#5731,#5732);
#5730 = CARTESIAN_POINT('',(136.5,-88.5,1.51));
#5731 = DIRECTION('',(-0.,0.,-1.));
#5732 = DIRECTION('',(-0.,-1.,0.));
#5733 = FACE_BOUND('',#5734,.T.);
#5734 = EDGE_LOOP('',(#5735));
#5735 = ORIENTED_EDGE('',*,*,#5736,.T.);
#5736 = EDGE_CURVE('',#5737,#5737,#5739,.T.);
#5737 = VERTEX_POINT('',#5738);
#5738 = CARTESIAN_POINT('',(143.5,-93.15,1.51));
#5739 = CIRCLE('',#5740,0.4);
#5740 = AXIS2_PLACEMENT_3D('',#5741,#5742,#5743);
#5741 = CARTESIAN_POINT('',(143.5,-92.75,1.51));
#5742 = DIRECTION('',(-0.,0.,-1.));
#5743 = DIRECTION('',(-0.,-1.,0.));
#5744 = FACE_BOUND('',#5745,.T.);
#5745 = EDGE_LOOP('',(#5746));
#5746 = ORIENTED_EDGE('',*,*,#5747,.T.);
#5747 = EDGE_CURVE('',#5748,#5748,#5750,.T.);
#5748 = VERTEX_POINT('',#5749);
#5749 = CARTESIAN_POINT('',(143.,-89.05,1.51));
#5750 = CIRCLE('',#5751,0.55);
#5751 = AXIS2_PLACEMENT_3D('',#5752,#5753,#5754);
#5752 = CARTESIAN_POINT('',(143.,-88.5,1.51));
#5753 = DIRECTION('',(-0.,0.,-1.));
#5754 = DIRECTION('',(-0.,-1.,0.));
#5755 = FACE_BOUND('',#5756,.T.);
#5756 = EDGE_LOOP('',(#5757));
#5757 = ORIENTED_EDGE('',*,*,#5758,.T.);
#5758 = EDGE_CURVE('',#5759,#5759,#5761,.T.);
#5759 = VERTEX_POINT('',#5760);
#5760 = CARTESIAN_POINT('',(136.5,-84.55,1.51));
#5761 = CIRCLE('',#5762,0.55);
#5762 = AXIS2_PLACEMENT_3D('',#5763,#5764,#5765);
#5763 = CARTESIAN_POINT('',(136.5,-84.,1.51));
#5764 = DIRECTION('',(-0.,0.,-1.));
#5765 = DIRECTION('',(-0.,-1.,0.));
#5766 = FACE_BOUND('',#5767,.T.);
#5767 = EDGE_LOOP('',(#5768));
#5768 = ORIENTED_EDGE('',*,*,#5769,.T.);
#5769 = EDGE_CURVE('',#5770,#5770,#5772,.T.);
#5770 = VERTEX_POINT('',#5771);
#5771 = CARTESIAN_POINT('',(139.5,-80.05,1.51));
#5772 = CIRCLE('',#5773,1.05);
#5773 = AXIS2_PLACEMENT_3D('',#5774,#5775,#5776);
#5774 = CARTESIAN_POINT('',(139.5,-79.,1.51));
#5775 = DIRECTION('',(-0.,0.,-1.));
#5776 = DIRECTION('',(-0.,-1.,0.));
#5777 = FACE_BOUND('',#5778,.T.);
#5778 = EDGE_LOOP('',(#5779));
#5779 = ORIENTED_EDGE('',*,*,#5780,.T.);
#5780 = EDGE_CURVE('',#5781,#5781,#5783,.T.);
#5781 = VERTEX_POINT('',#5782);
#5782 = CARTESIAN_POINT('',(143.,-84.55,1.51));
#5783 = CIRCLE('',#5784,0.55);
#5784 = AXIS2_PLACEMENT_3D('',#5785,#5786,#5787);
#5785 = CARTESIAN_POINT('',(143.,-84.,1.51));
#5786 = DIRECTION('',(-0.,0.,-1.));
#5787 = DIRECTION('',(-0.,-1.,0.));
#5788 = FACE_BOUND('',#5789,.T.);
#5789 = EDGE_LOOP('',(#5790));
#5790 = ORIENTED_EDGE('',*,*,#5791,.T.);
#5791 = EDGE_CURVE('',#5792,#5792,#5794,.T.);
#5792 = VERTEX_POINT('',#5793);
#5793 = CARTESIAN_POINT('',(150.94,-93.15,1.51));
#5794 = CIRCLE('',#5795,0.4);
#5795 = AXIS2_PLACEMENT_3D('',#5796,#5797,#5798);
#5796 = CARTESIAN_POINT('',(150.94,-92.75,1.51));
#5797 = DIRECTION('',(-0.,0.,-1.));
#5798 = DIRECTION('',(-0.,-1.,0.));
#5799 = FACE_BOUND('',#5800,.T.);
#5800 = EDGE_LOOP('',(#5801));
#5801 = ORIENTED_EDGE('',*,*,#5802,.T.);
#5802 = EDGE_CURVE('',#5803,#5803,#5805,.T.);
#5803 = VERTEX_POINT('',#5804);
#5804 = CARTESIAN_POINT('',(151.5,-89.05,1.51));
#5805 = CIRCLE('',#5806,0.55);
#5806 = AXIS2_PLACEMENT_3D('',#5807,#5808,#5809);
#5807 = CARTESIAN_POINT('',(151.5,-88.5,1.51));
#5808 = DIRECTION('',(-0.,0.,-1.));
#5809 = DIRECTION('',(-0.,-1.,0.));
#5810 = FACE_BOUND('',#5811,.T.);
#5811 = EDGE_LOOP('',(#5812));
#5812 = ORIENTED_EDGE('',*,*,#5813,.T.);
#5813 = EDGE_CURVE('',#5814,#5814,#5816,.T.);
#5814 = VERTEX_POINT('',#5815);
#5815 = CARTESIAN_POINT('',(151.5,-84.55,1.51));
#5816 = CIRCLE('',#5817,0.55);
#5817 = AXIS2_PLACEMENT_3D('',#5818,#5819,#5820);
#5818 = CARTESIAN_POINT('',(151.5,-84.,1.51));
#5819 = DIRECTION('',(-0.,0.,-1.));
#5820 = DIRECTION('',(-0.,-1.,0.));
#5821 = FACE_BOUND('',#5822,.T.);
#5822 = EDGE_LOOP('',(#5823));
#5823 = ORIENTED_EDGE('',*,*,#5824,.T.);
#5824 = EDGE_CURVE('',#5825,#5825,#5827,.T.);
#5825 = VERTEX_POINT('',#5826);
#5826 = CARTESIAN_POINT('',(154.13,-78.67,1.51));
#5827 = CIRCLE('',#5828,0.42);
#5828 = AXIS2_PLACEMENT_3D('',#5829,#5830,#5831);
#5829 = CARTESIAN_POINT('',(154.13,-78.25,1.51));
#5830 = DIRECTION('',(-0.,0.,-1.));
#5831 = DIRECTION('',(-0.,-1.,0.));
#5832 = FACE_BOUND('',#5833,.T.);
#5833 = EDGE_LOOP('',(#5834));
#5834 = ORIENTED_EDGE('',*,*,#5835,.T.);
#5835 = EDGE_CURVE('',#5836,#5836,#5838,.T.);
#5836 = VERTEX_POINT('',#5837);
#5837 = CARTESIAN_POINT('',(136.5,-75.37,1.51));
#5838 = CIRCLE('',#5839,0.5);
#5839 = AXIS2_PLACEMENT_3D('',#5840,#5841,#5842);
#5840 = CARTESIAN_POINT('',(136.5,-74.87,1.51));
#5841 = DIRECTION('',(-0.,0.,-1.));
#5842 = DIRECTION('',(-0.,-1.,0.));
#5843 = FACE_BOUND('',#5844,.T.);
#5844 = EDGE_LOOP('',(#5845));
#5845 = ORIENTED_EDGE('',*,*,#5846,.T.);
#5846 = EDGE_CURVE('',#5847,#5847,#5849,.T.);
#5847 = VERTEX_POINT('',#5848);
#5848 = CARTESIAN_POINT('',(136.5,-72.83,1.51));
#5849 = CIRCLE('',#5850,0.5);
#5850 = AXIS2_PLACEMENT_3D('',#5851,#5852,#5853);
#5851 = CARTESIAN_POINT('',(136.5,-72.33,1.51));
#5852 = DIRECTION('',(-0.,0.,-1.));
#5853 = DIRECTION('',(-0.,-1.,0.));
#5854 = FACE_BOUND('',#5855,.T.);
#5855 = EDGE_LOOP('',(#5856));
#5856 = ORIENTED_EDGE('',*,*,#5857,.T.);
#5857 = EDGE_CURVE('',#5858,#5858,#5860,.T.);
#5858 = VERTEX_POINT('',#5859);
#5859 = CARTESIAN_POINT('',(136.5,-70.29,1.51));
#5860 = CIRCLE('',#5861,0.5);
#5861 = AXIS2_PLACEMENT_3D('',#5862,#5863,#5864);
#5862 = CARTESIAN_POINT('',(136.5,-69.79,1.51));
#5863 = DIRECTION('',(-0.,0.,-1.));
#5864 = DIRECTION('',(-0.,-1.,0.));
#5865 = FACE_BOUND('',#5866,.T.);
#5866 = EDGE_LOOP('',(#5867));
#5867 = ORIENTED_EDGE('',*,*,#5868,.T.);
#5868 = EDGE_CURVE('',#5869,#5869,#5871,.T.);
#5869 = VERTEX_POINT('',#5870);
#5870 = CARTESIAN_POINT('',(136.5,-67.75,1.51));
#5871 = CIRCLE('',#5872,0.5);
#5872 = AXIS2_PLACEMENT_3D('',#5873,#5874,#5875);
#5873 = CARTESIAN_POINT('',(136.5,-67.25,1.51));
#5874 = DIRECTION('',(-0.,0.,-1.));
#5875 = DIRECTION('',(-0.,-1.,0.));
#5876 = FACE_BOUND('',#5877,.T.);
#5877 = EDGE_LOOP('',(#5878));
#5878 = ORIENTED_EDGE('',*,*,#5879,.T.);
#5879 = EDGE_CURVE('',#5880,#5880,#5882,.T.);
#5880 = VERTEX_POINT('',#5881);
#5881 = CARTESIAN_POINT('',(154.13,-63.43,1.51));
#5882 = CIRCLE('',#5883,0.42);
#5883 = AXIS2_PLACEMENT_3D('',#5884,#5885,#5886);
#5884 = CARTESIAN_POINT('',(154.13,-63.01,1.51));
#5885 = DIRECTION('',(-0.,0.,-1.));
#5886 = DIRECTION('',(-0.,-1.,0.));
#5887 = FACE_BOUND('',#5888,.T.);
#5888 = EDGE_LOOP('',(#5889));
#5889 = ORIENTED_EDGE('',*,*,#5890,.T.);
#5890 = EDGE_CURVE('',#5891,#5891,#5893,.T.);
#5891 = VERTEX_POINT('',#5892);
#5892 = CARTESIAN_POINT('',(158.56,-93.15,1.51));
#5893 = CIRCLE('',#5894,0.4);
#5894 = AXIS2_PLACEMENT_3D('',#5895,#5896,#5897);
#5895 = CARTESIAN_POINT('',(158.56,-92.75,1.51));
#5896 = DIRECTION('',(-0.,0.,-1.));
#5897 = DIRECTION('',(-0.,-1.,0.));
#5898 = FACE_BOUND('',#5899,.T.);
#5899 = EDGE_LOOP('',(#5900));
#5900 = ORIENTED_EDGE('',*,*,#5901,.T.);
#5901 = EDGE_CURVE('',#5902,#5902,#5904,.T.);
#5902 = VERTEX_POINT('',#5903);
#5903 = CARTESIAN_POINT('',(158.,-89.05,1.51));
#5904 = CIRCLE('',#5905,0.55);
#5905 = AXIS2_PLACEMENT_3D('',#5906,#5907,#5908);
#5906 = CARTESIAN_POINT('',(158.,-88.5,1.51));
#5907 = DIRECTION('',(-0.,0.,-1.));
#5908 = DIRECTION('',(-0.,-1.,0.));
#5909 = FACE_BOUND('',#5910,.T.);
#5910 = EDGE_LOOP('',(#5911));
#5911 = ORIENTED_EDGE('',*,*,#5912,.T.);
#5912 = EDGE_CURVE('',#5913,#5913,#5915,.T.);
#5913 = VERTEX_POINT('',#5914);
#5914 = CARTESIAN_POINT('',(158.,-84.55,1.51));
#5915 = CIRCLE('',#5916,0.55);
#5916 = AXIS2_PLACEMENT_3D('',#5917,#5918,#5919);
#5917 = CARTESIAN_POINT('',(158.,-84.,1.51));
#5918 = DIRECTION('',(-0.,0.,-1.));
#5919 = DIRECTION('',(-0.,-1.,0.));
#5920 = FACE_BOUND('',#5921,.T.);
#5921 = EDGE_LOOP('',(#5922));
#5922 = ORIENTED_EDGE('',*,*,#5923,.T.);
#5923 = EDGE_CURVE('',#5924,#5924,#5926,.T.);
#5924 = VERTEX_POINT('',#5925);
#5925 = CARTESIAN_POINT('',(156.67,-78.67,1.51));
#5926 = CIRCLE('',#5927,0.42);
#5927 = AXIS2_PLACEMENT_3D('',#5928,#5929,#5930);
#5928 = CARTESIAN_POINT('',(156.67,-78.25,1.51));
#5929 = DIRECTION('',(-0.,0.,-1.));
#5930 = DIRECTION('',(-6.767073673906E-14,-1.,0.));
#5931 = FACE_BOUND('',#5932,.T.);
#5932 = EDGE_LOOP('',(#5933));
#5933 = ORIENTED_EDGE('',*,*,#5934,.T.);
#5934 = EDGE_CURVE('',#5935,#5935,#5937,.T.);
#5935 = VERTEX_POINT('',#5936);
#5936 = CARTESIAN_POINT('',(159.21,-78.67,1.51));
#5937 = CIRCLE('',#5938,0.42);
#5938 = AXIS2_PLACEMENT_3D('',#5939,#5940,#5941);
#5939 = CARTESIAN_POINT('',(159.21,-78.25,1.51));
#5940 = DIRECTION('',(-0.,0.,-1.));
#5941 = DIRECTION('',(6.767073673905E-14,-1.,-0.));
#5942 = FACE_BOUND('',#5943,.T.);
#5943 = EDGE_LOOP('',(#5944));
#5944 = ORIENTED_EDGE('',*,*,#5945,.T.);
#5945 = EDGE_CURVE('',#5946,#5946,#5948,.T.);
#5946 = VERTEX_POINT('',#5947);
#5947 = CARTESIAN_POINT('',(161.75,-78.67,1.51));
#5948 = CIRCLE('',#5949,0.42);
#5949 = AXIS2_PLACEMENT_3D('',#5950,#5951,#5952);
#5950 = CARTESIAN_POINT('',(161.75,-78.25,1.51));
#5951 = DIRECTION('',(-0.,0.,-1.));
#5952 = DIRECTION('',(-0.,-1.,0.));
#5953 = FACE_BOUND('',#5954,.T.);
#5954 = EDGE_LOOP('',(#5955));
#5955 = ORIENTED_EDGE('',*,*,#5956,.T.);
#5956 = EDGE_CURVE('',#5957,#5957,#5959,.T.);
#5957 = VERTEX_POINT('',#5958);
#5958 = CARTESIAN_POINT('',(164.29,-78.67,1.51));
#5959 = CIRCLE('',#5960,0.42);
#5960 = AXIS2_PLACEMENT_3D('',#5961,#5962,#5963);
#5961 = CARTESIAN_POINT('',(164.29,-78.25,1.51));
#5962 = DIRECTION('',(-0.,0.,-1.));
#5963 = DIRECTION('',(-6.767073673906E-14,-1.,0.));
#5964 = FACE_BOUND('',#5965,.T.);
#5965 = EDGE_LOOP('',(#5966));
#5966 = ORIENTED_EDGE('',*,*,#5967,.T.);
#5967 = EDGE_CURVE('',#5968,#5968,#5970,.T.);
#5968 = VERTEX_POINT('',#5969);
#5969 = CARTESIAN_POINT('',(165.94,-93.15,1.51));
#5970 = CIRCLE('',#5971,0.4);
#5971 = AXIS2_PLACEMENT_3D('',#5972,#5973,#5974);
#5972 = CARTESIAN_POINT('',(165.94,-92.75,1.51));
#5973 = DIRECTION('',(-0.,0.,-1.));
#5974 = DIRECTION('',(-0.,-1.,0.));
#5975 = FACE_BOUND('',#5976,.T.);
#5976 = EDGE_LOOP('',(#5977));
#5977 = ORIENTED_EDGE('',*,*,#5978,.T.);
#5978 = EDGE_CURVE('',#5979,#5979,#5981,.T.);
#5979 = VERTEX_POINT('',#5980);
#5980 = CARTESIAN_POINT('',(166.5,-89.05,1.51));
#5981 = CIRCLE('',#5982,0.55);
#5982 = AXIS2_PLACEMENT_3D('',#5983,#5984,#5985);
#5983 = CARTESIAN_POINT('',(166.5,-88.5,1.51));
#5984 = DIRECTION('',(-0.,0.,-1.));
#5985 = DIRECTION('',(-0.,-1.,0.));
#5986 = FACE_BOUND('',#5987,.T.);
#5987 = EDGE_LOOP('',(#5988));
#5988 = ORIENTED_EDGE('',*,*,#5989,.T.);
#5989 = EDGE_CURVE('',#5990,#5990,#5992,.T.);
#5990 = VERTEX_POINT('',#5991);
#5991 = CARTESIAN_POINT('',(173.56,-93.15,1.51));
#5992 = CIRCLE('',#5993,0.4);
#5993 = AXIS2_PLACEMENT_3D('',#5994,#5995,#5996);
#5994 = CARTESIAN_POINT('',(173.56,-92.75,1.51));
#5995 = DIRECTION('',(-0.,0.,-1.));
#5996 = DIRECTION('',(-0.,-1.,0.));
#5997 = FACE_BOUND('',#5998,.T.);
#5998 = EDGE_LOOP('',(#5999));
#5999 = ORIENTED_EDGE('',*,*,#6000,.T.);
#6000 = EDGE_CURVE('',#6001,#6001,#6003,.T.);
#6001 = VERTEX_POINT('',#6002);
#6002 = CARTESIAN_POINT('',(173.,-89.05,1.51));
#6003 = CIRCLE('',#6004,0.55);
#6004 = AXIS2_PLACEMENT_3D('',#6005,#6006,#6007);
#6005 = CARTESIAN_POINT('',(173.,-88.5,1.51));
#6006 = DIRECTION('',(-0.,0.,-1.));
#6007 = DIRECTION('',(-0.,-1.,0.));
#6008 = FACE_BOUND('',#6009,.T.);
#6009 = EDGE_LOOP('',(#6010));
#6010 = ORIENTED_EDGE('',*,*,#6011,.T.);
#6011 = EDGE_CURVE('',#6012,#6012,#6014,.T.);
#6012 = VERTEX_POINT('',#6013);
#6013 = CARTESIAN_POINT('',(166.5,-84.55,1.51));
#6014 = CIRCLE('',#6015,0.55);
#6015 = AXIS2_PLACEMENT_3D('',#6016,#6017,#6018);
#6016 = CARTESIAN_POINT('',(166.5,-84.,1.51));
#6017 = DIRECTION('',(-0.,0.,-1.));
#6018 = DIRECTION('',(-0.,-1.,0.));
#6019 = FACE_BOUND('',#6020,.T.);
#6020 = EDGE_LOOP('',(#6021));
#6021 = ORIENTED_EDGE('',*,*,#6022,.T.);
#6022 = EDGE_CURVE('',#6023,#6023,#6025,.T.);
#6023 = VERTEX_POINT('',#6024);
#6024 = CARTESIAN_POINT('',(166.83,-78.67,1.51));
#6025 = CIRCLE('',#6026,0.42);
#6026 = AXIS2_PLACEMENT_3D('',#6027,#6028,#6029);
#6027 = CARTESIAN_POINT('',(166.83,-78.25,1.51));
#6028 = DIRECTION('',(-0.,0.,-1.));
#6029 = DIRECTION('',(6.767073673905E-14,-1.,-0.));
#6030 = FACE_BOUND('',#6031,.T.);
#6031 = EDGE_LOOP('',(#6032));
#6032 = ORIENTED_EDGE('',*,*,#6033,.T.);
#6033 = EDGE_CURVE('',#6034,#6034,#6036,.T.);
#6034 = VERTEX_POINT('',#6035);
#6035 = CARTESIAN_POINT('',(169.37,-78.67,1.51));
#6036 = CIRCLE('',#6037,0.42);
#6037 = AXIS2_PLACEMENT_3D('',#6038,#6039,#6040);
#6038 = CARTESIAN_POINT('',(169.37,-78.25,1.51));
#6039 = DIRECTION('',(-0.,0.,-1.));
#6040 = DIRECTION('',(-0.,-1.,0.));
#6041 = FACE_BOUND('',#6042,.T.);
#6042 = EDGE_LOOP('',(#6043));
#6043 = ORIENTED_EDGE('',*,*,#6044,.T.);
#6044 = EDGE_CURVE('',#6045,#6045,#6047,.T.);
#6045 = VERTEX_POINT('',#6046);
#6046 = CARTESIAN_POINT('',(173.,-84.55,1.51));
#6047 = CIRCLE('',#6048,0.55);
#6048 = AXIS2_PLACEMENT_3D('',#6049,#6050,#6051);
#6049 = CARTESIAN_POINT('',(173.,-84.,1.51));
#6050 = DIRECTION('',(-0.,0.,-1.));
#6051 = DIRECTION('',(-0.,-1.,0.));
#6052 = FACE_BOUND('',#6053,.T.);
#6053 = EDGE_LOOP('',(#6054));
#6054 = ORIENTED_EDGE('',*,*,#6055,.T.);
#6055 = EDGE_CURVE('',#6056,#6056,#6058,.T.);
#6056 = VERTEX_POINT('',#6057);
#6057 = CARTESIAN_POINT('',(171.91,-78.67,1.51));
#6058 = CIRCLE('',#6059,0.42);
#6059 = AXIS2_PLACEMENT_3D('',#6060,#6061,#6062);
#6060 = CARTESIAN_POINT('',(171.91,-78.25,1.51));
#6061 = DIRECTION('',(-0.,0.,-1.));
#6062 = DIRECTION('',(-6.767073673906E-14,-1.,0.));
#6063 = FACE_BOUND('',#6064,.T.);
#6064 = EDGE_LOOP('',(#6065));
#6065 = ORIENTED_EDGE('',*,*,#6066,.T.);
#6066 = EDGE_CURVE('',#6067,#6067,#6069,.T.);
#6067 = VERTEX_POINT('',#6068);
#6068 = CARTESIAN_POINT('',(156.67,-63.43,1.51));
#6069 = CIRCLE('',#6070,0.42);
#6070 = AXIS2_PLACEMENT_3D('',#6071,#6072,#6073);
#6071 = CARTESIAN_POINT('',(156.67,-63.01,1.51));
#6072 = DIRECTION('',(-0.,0.,-1.));
#6073 = DIRECTION('',(-6.767073673906E-14,-1.,0.));
#6074 = FACE_BOUND('',#6075,.T.);
#6075 = EDGE_LOOP('',(#6076));
#6076 = ORIENTED_EDGE('',*,*,#6077,.T.);
#6077 = EDGE_CURVE('',#6078,#6078,#6080,.T.);
#6078 = VERTEX_POINT('',#6079);
#6079 = CARTESIAN_POINT('',(159.21,-63.43,1.51));
#6080 = CIRCLE('',#6081,0.42);
#6081 = AXIS2_PLACEMENT_3D('',#6082,#6083,#6084);
#6082 = CARTESIAN_POINT('',(159.21,-63.01,1.51));
#6083 = DIRECTION('',(-0.,0.,-1.));
#6084 = DIRECTION('',(6.767073673905E-14,-1.,-0.));
#6085 = FACE_BOUND('',#6086,.T.);
#6086 = EDGE_LOOP('',(#6087));
#6087 = ORIENTED_EDGE('',*,*,#6088,.T.);
#6088 = EDGE_CURVE('',#6089,#6089,#6091,.T.);
#6089 = VERTEX_POINT('',#6090);
#6090 = CARTESIAN_POINT('',(161.75,-63.43,1.51));
#6091 = CIRCLE('',#6092,0.42);
#6092 = AXIS2_PLACEMENT_3D('',#6093,#6094,#6095);
#6093 = CARTESIAN_POINT('',(161.75,-63.01,1.51));
#6094 = DIRECTION('',(-0.,0.,-1.));
#6095 = DIRECTION('',(-0.,-1.,0.));
#6096 = FACE_BOUND('',#6097,.T.);
#6097 = EDGE_LOOP('',(#6098));
#6098 = ORIENTED_EDGE('',*,*,#6099,.T.);
#6099 = EDGE_CURVE('',#6100,#6100,#6102,.T.);
#6100 = VERTEX_POINT('',#6101);
#6101 = CARTESIAN_POINT('',(164.29,-63.43,1.51));
#6102 = CIRCLE('',#6103,0.42);
#6103 = AXIS2_PLACEMENT_3D('',#6104,#6105,#6106);
#6104 = CARTESIAN_POINT('',(164.29,-63.01,1.51));
#6105 = DIRECTION('',(-0.,0.,-1.));
#6106 = DIRECTION('',(-6.767073673906E-14,-1.,0.));
#6107 = FACE_BOUND('',#6108,.T.);
#6108 = EDGE_LOOP('',(#6109));
#6109 = ORIENTED_EDGE('',*,*,#6110,.T.);
#6110 = EDGE_CURVE('',#6111,#6111,#6113,.T.);
#6111 = VERTEX_POINT('',#6112);
#6112 = CARTESIAN_POINT('',(166.83,-63.43,1.51));
#6113 = CIRCLE('',#6114,0.42);
#6114 = AXIS2_PLACEMENT_3D('',#6115,#6116,#6117);
#6115 = CARTESIAN_POINT('',(166.83,-63.01,1.51));
#6116 = DIRECTION('',(-0.,0.,-1.));
#6117 = DIRECTION('',(6.767073673905E-14,-1.,-0.));
#6118 = FACE_BOUND('',#6119,.T.);
#6119 = EDGE_LOOP('',(#6120));
#6120 = ORIENTED_EDGE('',*,*,#6121,.T.);
#6121 = EDGE_CURVE('',#6122,#6122,#6124,.T.);
#6122 = VERTEX_POINT('',#6123);
#6123 = CARTESIAN_POINT('',(169.37,-63.43,1.51));
#6124 = CIRCLE('',#6125,0.42);
#6125 = AXIS2_PLACEMENT_3D('',#6126,#6127,#6128);
#6126 = CARTESIAN_POINT('',(169.37,-63.01,1.51));
#6127 = DIRECTION('',(-0.,0.,-1.));
#6128 = DIRECTION('',(-0.,-1.,0.));
#6129 = FACE_BOUND('',#6130,.T.);
#6130 = EDGE_LOOP('',(#6131));
#6131 = ORIENTED_EDGE('',*,*,#6132,.T.);
#6132 = EDGE_CURVE('',#6133,#6133,#6135,.T.);
#6133 = VERTEX_POINT('',#6134);
#6134 = CARTESIAN_POINT('',(171.91,-63.43,1.51));
#6135 = CIRCLE('',#6136,0.42);
#6136 = AXIS2_PLACEMENT_3D('',#6137,#6138,#6139);
#6137 = CARTESIAN_POINT('',(171.91,-63.01,1.51));
#6138 = DIRECTION('',(-0.,0.,-1.));
#6139 = DIRECTION('',(-6.767073673906E-14,-1.,0.));
#6140 = FACE_BOUND('',#6141,.T.);
#6141 = EDGE_LOOP('',(#6142));
#6142 = ORIENTED_EDGE('',*,*,#6143,.T.);
#6143 = EDGE_CURVE('',#6144,#6144,#6146,.T.);
#6144 = VERTEX_POINT('',#6145);
#6145 = CARTESIAN_POINT('',(175.,-58.55,1.51));
#6146 = CIRCLE('',#6147,1.05);
#6147 = AXIS2_PLACEMENT_3D('',#6148,#6149,#6150);
#6148 = CARTESIAN_POINT('',(175.,-57.5,1.51));
#6149 = DIRECTION('',(-0.,0.,-1.));
#6150 = DIRECTION('',(-0.,-1.,0.));
#6151 = PLANE('',#6152);
#6152 = AXIS2_PLACEMENT_3D('',#6153,#6154,#6155);
#6153 = CARTESIAN_POINT('',(0.,0.,1.51));
#6154 = DIRECTION('',(0.,0.,1.));
#6155 = DIRECTION('',(1.,0.,-0.));
#6156 = ADVANCED_FACE('',(#6157),#6168,.T.);
#6157 = FACE_BOUND('',#6158,.T.);
#6158 = EDGE_LOOP('',(#6159,#6165,#6166,#6167));
#6159 = ORIENTED_EDGE('',*,*,#6160,.T.);
#6160 = EDGE_CURVE('',#3969,#5066,#6161,.T.);
#6161 = LINE('',#6162,#6163);
#6162 = CARTESIAN_POINT('',(130.,-57.5,0.));
#6163 = VECTOR('',#6164,1.);
#6164 = DIRECTION('',(0.,0.,1.));
#6165 = ORIENTED_EDGE('',*,*,#5065,.T.);
#6166 = ORIENTED_EDGE('',*,*,#3904,.F.);
#6167 = ORIENTED_EDGE('',*,*,#3968,.F.);
#6168 = CYLINDRICAL_SURFACE('',#6169,2.499999839417);
#6169 = AXIS2_PLACEMENT_3D('',#6170,#6171,#6172);
#6170 = CARTESIAN_POINT('',(132.49999983941,-57.49999983941,0.));
#6171 = DIRECTION('',(0.,0.,-1.));
#6172 = DIRECTION('',(-1.,-6.423313565071E-08,-0.));
#6173 = ADVANCED_FACE('',(#6174),#6185,.T.);
#6174 = FACE_BOUND('',#6175,.T.);
#6175 = EDGE_LOOP('',(#6176,#6177,#6178,#6184));
#6176 = ORIENTED_EDGE('',*,*,#3944,.T.);
#6177 = ORIENTED_EDGE('',*,*,#5099,.T.);
#6178 = ORIENTED_EDGE('',*,*,#6179,.F.);
#6179 = EDGE_CURVE('',#3995,#5092,#6180,.T.);
#6180 = LINE('',#6181,#6182);
#6181 = CARTESIAN_POINT('',(177.5,-140.,0.));
#6182 = VECTOR('',#6183,1.);
#6183 = DIRECTION('',(0.,0.,1.));
#6184 = ORIENTED_EDGE('',*,*,#4002,.F.);
#6185 = CYLINDRICAL_SURFACE('',#6186,2.499999839417);
#6186 = AXIS2_PLACEMENT_3D('',#6187,#6188,#6189);
#6187 = CARTESIAN_POINT('',(177.50000016058,-137.5000001605,0.));
#6188 = DIRECTION('',(0.,0.,-1.));
#6189 = DIRECTION('',(1.,6.423313565071E-08,0.));
#6190 = ADVANCED_FACE('',(#6191),#6202,.T.);
#6191 = FACE_BOUND('',#6192,.T.);
#6192 = EDGE_LOOP('',(#6193,#6199,#6200,#6201));
#6193 = ORIENTED_EDGE('',*,*,#6194,.T.);
#6194 = EDGE_CURVE('',#3978,#5075,#6195,.T.);
#6195 = LINE('',#6196,#6197);
#6196 = CARTESIAN_POINT('',(130.,-137.5,0.));
#6197 = VECTOR('',#6198,1.);
#6198 = DIRECTION('',(0.,0.,1.));
#6199 = ORIENTED_EDGE('',*,*,#5074,.T.);
#6200 = ORIENTED_EDGE('',*,*,#6160,.F.);
#6201 = ORIENTED_EDGE('',*,*,#3977,.F.);
#6202 = PLANE('',#6203);
#6203 = AXIS2_PLACEMENT_3D('',#6204,#6205,#6206);
#6204 = CARTESIAN_POINT('',(130.,-137.5,0.));
#6205 = DIRECTION('',(-1.,0.,0.));
#6206 = DIRECTION('',(0.,1.,0.));
#6207 = ADVANCED_FACE('',(#6208),#6219,.T.);
#6208 = FACE_BOUND('',#6209,.T.);
#6209 = EDGE_LOOP('',(#6210,#6211,#6212,#6218));
#6210 = ORIENTED_EDGE('',*,*,#6179,.T.);
#6211 = ORIENTED_EDGE('',*,*,#5091,.T.);
#6212 = ORIENTED_EDGE('',*,*,#6213,.F.);
#6213 = EDGE_CURVE('',#3986,#5083,#6214,.T.);
#6214 = LINE('',#6215,#6216);
#6215 = CARTESIAN_POINT('',(132.5,-140.,0.));
#6216 = VECTOR('',#6217,1.);
#6217 = DIRECTION('',(0.,0.,1.));
#6218 = ORIENTED_EDGE('',*,*,#3994,.F.);
#6219 = PLANE('',#6220);
#6220 = AXIS2_PLACEMENT_3D('',#6221,#6222,#6223);
#6221 = CARTESIAN_POINT('',(177.5,-140.,0.));
#6222 = DIRECTION('',(0.,-1.,0.));
#6223 = DIRECTION('',(-1.,0.,0.));
#6224 = ADVANCED_FACE('',(#6225),#6231,.T.);
#6225 = FACE_BOUND('',#6226,.T.);
#6226 = EDGE_LOOP('',(#6227,#6228,#6229,#6230));
#6227 = ORIENTED_EDGE('',*,*,#6213,.T.);
#6228 = ORIENTED_EDGE('',*,*,#5082,.T.);
#6229 = ORIENTED_EDGE('',*,*,#6194,.F.);
#6230 = ORIENTED_EDGE('',*,*,#3985,.F.);
#6231 = CYLINDRICAL_SURFACE('',#6232,2.499999839417);
#6232 = AXIS2_PLACEMENT_3D('',#6233,#6234,#6235);
#6233 = CARTESIAN_POINT('',(132.49999983941,-137.5000001605,0.));
#6234 = DIRECTION('',(0.,0.,-1.));
#6235 = DIRECTION('',(6.423313565071E-08,-1.,0.));
#6236 = ADVANCED_FACE('',(#6237),#6248,.F.);
#6237 = FACE_BOUND('',#6238,.T.);
#6238 = EDGE_LOOP('',(#6239,#6240,#6246,#6247));
#6239 = ORIENTED_EDGE('',*,*,#4012,.T.);
#6240 = ORIENTED_EDGE('',*,*,#6241,.T.);
#6241 = EDGE_CURVE('',#4013,#5110,#6242,.T.);
#6242 = LINE('',#6243,#6244);
#6243 = CARTESIAN_POINT('',(135.88,-138.4,-4.6E-02));
#6244 = VECTOR('',#6245,1.);
#6245 = DIRECTION('',(0.,0.,1.));
#6246 = ORIENTED_EDGE('',*,*,#5109,.F.);
#6247 = ORIENTED_EDGE('',*,*,#6241,.F.);
#6248 = CYLINDRICAL_SURFACE('',#6249,0.4);
#6249 = AXIS2_PLACEMENT_3D('',#6250,#6251,#6252);
#6250 = CARTESIAN_POINT('',(135.88,-138.,-4.6E-02));
#6251 = DIRECTION('',(-0.,-0.,-1.));
#6252 = DIRECTION('',(-0.,-1.,0.));
#6253 = ADVANCED_FACE('',(#6254),#6265,.F.);
#6254 = FACE_BOUND('',#6255,.T.);
#6255 = EDGE_LOOP('',(#6256,#6257,#6263,#6264));
#6256 = ORIENTED_EDGE('',*,*,#4023,.T.);
#6257 = ORIENTED_EDGE('',*,*,#6258,.T.);
#6258 = EDGE_CURVE('',#4024,#5121,#6259,.T.);
#6259 = LINE('',#6260,#6261);
#6260 = CARTESIAN_POINT('',(136.5,-134.05,-4.6E-02));
#6261 = VECTOR('',#6262,1.);
#6262 = DIRECTION('',(0.,0.,1.));
#6263 = ORIENTED_EDGE('',*,*,#5120,.F.);
#6264 = ORIENTED_EDGE('',*,*,#6258,.F.);
#6265 = CYLINDRICAL_SURFACE('',#6266,0.55);
#6266 = AXIS2_PLACEMENT_3D('',#6267,#6268,#6269);
#6267 = CARTESIAN_POINT('',(136.5,-133.5,-4.6E-02));
#6268 = DIRECTION('',(-0.,-0.,-1.));
#6269 = DIRECTION('',(-0.,-1.,0.));
#6270 = ADVANCED_FACE('',(#6271),#6282,.F.);
#6271 = FACE_BOUND('',#6272,.T.);
#6272 = EDGE_LOOP('',(#6273,#6274,#6280,#6281));
#6273 = ORIENTED_EDGE('',*,*,#4034,.T.);
#6274 = ORIENTED_EDGE('',*,*,#6275,.T.);
#6275 = EDGE_CURVE('',#4035,#5132,#6276,.T.);
#6276 = LINE('',#6277,#6278);
#6277 = CARTESIAN_POINT('',(136.5,-129.55,-4.6E-02));
#6278 = VECTOR('',#6279,1.);
#6279 = DIRECTION('',(0.,0.,1.));
#6280 = ORIENTED_EDGE('',*,*,#5131,.F.);
#6281 = ORIENTED_EDGE('',*,*,#6275,.F.);
#6282 = CYLINDRICAL_SURFACE('',#6283,0.55);
#6283 = AXIS2_PLACEMENT_3D('',#6284,#6285,#6286);
#6284 = CARTESIAN_POINT('',(136.5,-129.,-4.6E-02));
#6285 = DIRECTION('',(-0.,-0.,-1.));
#6286 = DIRECTION('',(-0.,-1.,0.));
#6287 = ADVANCED_FACE('',(#6288),#6299,.F.);
#6288 = FACE_BOUND('',#6289,.T.);
#6289 = EDGE_LOOP('',(#6290,#6291,#6297,#6298));
#6290 = ORIENTED_EDGE('',*,*,#4045,.T.);
#6291 = ORIENTED_EDGE('',*,*,#6292,.T.);
#6292 = EDGE_CURVE('',#4046,#5143,#6293,.T.);
#6293 = LINE('',#6294,#6295);
#6294 = CARTESIAN_POINT('',(143.5,-138.4,-4.6E-02));
#6295 = VECTOR('',#6296,1.);
#6296 = DIRECTION('',(0.,0.,1.));
#6297 = ORIENTED_EDGE('',*,*,#5142,.F.);
#6298 = ORIENTED_EDGE('',*,*,#6292,.F.);
#6299 = CYLINDRICAL_SURFACE('',#6300,0.4);
#6300 = AXIS2_PLACEMENT_3D('',#6301,#6302,#6303);
#6301 = CARTESIAN_POINT('',(143.5,-138.,-4.6E-02));
#6302 = DIRECTION('',(-0.,-0.,-1.));
#6303 = DIRECTION('',(-0.,-1.,0.));
#6304 = ADVANCED_FACE('',(#6305),#6316,.F.);
#6305 = FACE_BOUND('',#6306,.T.);
#6306 = EDGE_LOOP('',(#6307,#6308,#6314,#6315));
#6307 = ORIENTED_EDGE('',*,*,#4056,.T.);
#6308 = ORIENTED_EDGE('',*,*,#6309,.T.);
#6309 = EDGE_CURVE('',#4057,#5154,#6310,.T.);
#6310 = LINE('',#6311,#6312);
#6311 = CARTESIAN_POINT('',(143.,-134.05,-4.6E-02));
#6312 = VECTOR('',#6313,1.);
#6313 = DIRECTION('',(0.,0.,1.));
#6314 = ORIENTED_EDGE('',*,*,#5153,.F.);
#6315 = ORIENTED_EDGE('',*,*,#6309,.F.);
#6316 = CYLINDRICAL_SURFACE('',#6317,0.55);
#6317 = AXIS2_PLACEMENT_3D('',#6318,#6319,#6320);
#6318 = CARTESIAN_POINT('',(143.,-133.5,-4.6E-02));
#6319 = DIRECTION('',(-0.,-0.,-1.));
#6320 = DIRECTION('',(-0.,-1.,0.));
#6321 = ADVANCED_FACE('',(#6322),#6333,.F.);
#6322 = FACE_BOUND('',#6323,.T.);
#6323 = EDGE_LOOP('',(#6324,#6325,#6331,#6332));
#6324 = ORIENTED_EDGE('',*,*,#4067,.T.);
#6325 = ORIENTED_EDGE('',*,*,#6326,.T.);
#6326 = EDGE_CURVE('',#4068,#5165,#6327,.T.);
#6327 = LINE('',#6328,#6329);
#6328 = CARTESIAN_POINT('',(143.,-129.55,-4.6E-02));
#6329 = VECTOR('',#6330,1.);
#6330 = DIRECTION('',(0.,0.,1.));
#6331 = ORIENTED_EDGE('',*,*,#5164,.F.);
#6332 = ORIENTED_EDGE('',*,*,#6326,.F.);
#6333 = CYLINDRICAL_SURFACE('',#6334,0.55);
#6334 = AXIS2_PLACEMENT_3D('',#6335,#6336,#6337);
#6335 = CARTESIAN_POINT('',(143.,-129.,-4.6E-02));
#6336 = DIRECTION('',(-0.,-0.,-1.));
#6337 = DIRECTION('',(-0.,-1.,0.));
#6338 = ADVANCED_FACE('',(#6339),#6350,.F.);
#6339 = FACE_BOUND('',#6340,.T.);
#6340 = EDGE_LOOP('',(#6341,#6342,#6348,#6349));
#6341 = ORIENTED_EDGE('',*,*,#4078,.T.);
#6342 = ORIENTED_EDGE('',*,*,#6343,.T.);
#6343 = EDGE_CURVE('',#4079,#5176,#6344,.T.);
#6344 = LINE('',#6345,#6346);
#6345 = CARTESIAN_POINT('',(135.44,-123.15,-4.6E-02));
#6346 = VECTOR('',#6347,1.);
#6347 = DIRECTION('',(0.,0.,1.));
#6348 = ORIENTED_EDGE('',*,*,#5175,.F.);
#6349 = ORIENTED_EDGE('',*,*,#6343,.F.);
#6350 = CYLINDRICAL_SURFACE('',#6351,0.4);
#6351 = AXIS2_PLACEMENT_3D('',#6352,#6353,#6354);
#6352 = CARTESIAN_POINT('',(135.44,-122.75,-4.6E-02));
#6353 = DIRECTION('',(-0.,-0.,-1.));
#6354 = DIRECTION('',(-0.,-1.,0.));
#6355 = ADVANCED_FACE('',(#6356),#6367,.F.);
#6356 = FACE_BOUND('',#6357,.T.);
#6357 = EDGE_LOOP('',(#6358,#6359,#6365,#6366));
#6358 = ORIENTED_EDGE('',*,*,#4089,.T.);
#6359 = ORIENTED_EDGE('',*,*,#6360,.T.);
#6360 = EDGE_CURVE('',#4090,#5187,#6361,.T.);
#6361 = LINE('',#6362,#6363);
#6362 = CARTESIAN_POINT('',(136.5,-119.05,-4.6E-02));
#6363 = VECTOR('',#6364,1.);
#6364 = DIRECTION('',(0.,0.,1.));
#6365 = ORIENTED_EDGE('',*,*,#5186,.F.);
#6366 = ORIENTED_EDGE('',*,*,#6360,.F.);
#6367 = CYLINDRICAL_SURFACE('',#6368,0.55);
#6368 = AXIS2_PLACEMENT_3D('',#6369,#6370,#6371);
#6369 = CARTESIAN_POINT('',(136.5,-118.5,-4.6E-02));
#6370 = DIRECTION('',(-0.,-0.,-1.));
#6371 = DIRECTION('',(-0.,-1.,0.));
#6372 = ADVANCED_FACE('',(#6373),#6384,.F.);
#6373 = FACE_BOUND('',#6374,.T.);
#6374 = EDGE_LOOP('',(#6375,#6376,#6382,#6383));
#6375 = ORIENTED_EDGE('',*,*,#4100,.T.);
#6376 = ORIENTED_EDGE('',*,*,#6377,.T.);
#6377 = EDGE_CURVE('',#4101,#5198,#6378,.T.);
#6378 = LINE('',#6379,#6380);
#6379 = CARTESIAN_POINT('',(143.06,-123.15,-4.6E-02));
#6380 = VECTOR('',#6381,1.);
#6381 = DIRECTION('',(0.,0.,1.));
#6382 = ORIENTED_EDGE('',*,*,#5197,.F.);
#6383 = ORIENTED_EDGE('',*,*,#6377,.F.);
#6384 = CYLINDRICAL_SURFACE('',#6385,0.4);
#6385 = AXIS2_PLACEMENT_3D('',#6386,#6387,#6388);
#6386 = CARTESIAN_POINT('',(143.06,-122.75,-4.6E-02));
#6387 = DIRECTION('',(-0.,-0.,-1.));
#6388 = DIRECTION('',(-0.,-1.,0.));
#6389 = ADVANCED_FACE('',(#6390),#6401,.F.);
#6390 = FACE_BOUND('',#6391,.T.);
#6391 = EDGE_LOOP('',(#6392,#6393,#6399,#6400));
#6392 = ORIENTED_EDGE('',*,*,#4111,.T.);
#6393 = ORIENTED_EDGE('',*,*,#6394,.T.);
#6394 = EDGE_CURVE('',#4112,#5209,#6395,.T.);
#6395 = LINE('',#6396,#6397);
#6396 = CARTESIAN_POINT('',(143.,-119.05,-4.6E-02));
#6397 = VECTOR('',#6398,1.);
#6398 = DIRECTION('',(0.,0.,1.));
#6399 = ORIENTED_EDGE('',*,*,#5208,.F.);
#6400 = ORIENTED_EDGE('',*,*,#6394,.F.);
#6401 = CYLINDRICAL_SURFACE('',#6402,0.55);
#6402 = AXIS2_PLACEMENT_3D('',#6403,#6404,#6405);
#6403 = CARTESIAN_POINT('',(143.,-118.5,-4.6E-02));
#6404 = DIRECTION('',(-0.,-0.,-1.));
#6405 = DIRECTION('',(-0.,-1.,0.));
#6406 = ADVANCED_FACE('',(#6407),#6418,.F.);
#6407 = FACE_BOUND('',#6408,.T.);
#6408 = EDGE_LOOP('',(#6409,#6410,#6416,#6417));
#6409 = ORIENTED_EDGE('',*,*,#4122,.T.);
#6410 = ORIENTED_EDGE('',*,*,#6411,.T.);
#6411 = EDGE_CURVE('',#4123,#5220,#6412,.T.);
#6412 = LINE('',#6413,#6414);
#6413 = CARTESIAN_POINT('',(150.88,-138.15,-4.6E-02));
#6414 = VECTOR('',#6415,1.);
#6415 = DIRECTION('',(0.,0.,1.));
#6416 = ORIENTED_EDGE('',*,*,#5219,.F.);
#6417 = ORIENTED_EDGE('',*,*,#6411,.F.);
#6418 = CYLINDRICAL_SURFACE('',#6419,0.4);
#6419 = AXIS2_PLACEMENT_3D('',#6420,#6421,#6422);
#6420 = CARTESIAN_POINT('',(150.88,-137.75,-4.6E-02));
#6421 = DIRECTION('',(-0.,-0.,-1.));
#6422 = DIRECTION('',(-0.,-1.,0.));
#6423 = ADVANCED_FACE('',(#6424),#6435,.F.);
#6424 = FACE_BOUND('',#6425,.T.);
#6425 = EDGE_LOOP('',(#6426,#6427,#6433,#6434));
#6426 = ORIENTED_EDGE('',*,*,#4133,.T.);
#6427 = ORIENTED_EDGE('',*,*,#6428,.T.);
#6428 = EDGE_CURVE('',#4134,#5231,#6429,.T.);
#6429 = LINE('',#6430,#6431);
#6430 = CARTESIAN_POINT('',(151.5,-134.05,-4.6E-02));
#6431 = VECTOR('',#6432,1.);
#6432 = DIRECTION('',(0.,0.,1.));
#6433 = ORIENTED_EDGE('',*,*,#5230,.F.);
#6434 = ORIENTED_EDGE('',*,*,#6428,.F.);
#6435 = CYLINDRICAL_SURFACE('',#6436,0.55);
#6436 = AXIS2_PLACEMENT_3D('',#6437,#6438,#6439);
#6437 = CARTESIAN_POINT('',(151.5,-133.5,-4.6E-02));
#6438 = DIRECTION('',(-0.,-0.,-1.));
#6439 = DIRECTION('',(-0.,-1.,0.));
#6440 = ADVANCED_FACE('',(#6441),#6452,.F.);
#6441 = FACE_BOUND('',#6442,.T.);
#6442 = EDGE_LOOP('',(#6443,#6444,#6450,#6451));
#6443 = ORIENTED_EDGE('',*,*,#4144,.T.);
#6444 = ORIENTED_EDGE('',*,*,#6445,.T.);
#6445 = EDGE_CURVE('',#4145,#5242,#6446,.T.);
#6446 = LINE('',#6447,#6448);
#6447 = CARTESIAN_POINT('',(151.5,-129.55,-4.6E-02));
#6448 = VECTOR('',#6449,1.);
#6449 = DIRECTION('',(0.,0.,1.));
#6450 = ORIENTED_EDGE('',*,*,#5241,.F.);
#6451 = ORIENTED_EDGE('',*,*,#6445,.F.);
#6452 = CYLINDRICAL_SURFACE('',#6453,0.55);
#6453 = AXIS2_PLACEMENT_3D('',#6454,#6455,#6456);
#6454 = CARTESIAN_POINT('',(151.5,-129.,-4.6E-02));
#6455 = DIRECTION('',(-0.,-0.,-1.));
#6456 = DIRECTION('',(-0.,-1.,0.));
#6457 = ADVANCED_FACE('',(#6458),#6469,.F.);
#6458 = FACE_BOUND('',#6459,.T.);
#6459 = EDGE_LOOP('',(#6460,#6461,#6467,#6468));
#6460 = ORIENTED_EDGE('',*,*,#4155,.T.);
#6461 = ORIENTED_EDGE('',*,*,#6462,.T.);
#6462 = EDGE_CURVE('',#4156,#5253,#6463,.T.);
#6463 = LINE('',#6464,#6465);
#6464 = CARTESIAN_POINT('',(150.88,-123.15,-4.6E-02));
#6465 = VECTOR('',#6466,1.);
#6466 = DIRECTION('',(0.,0.,1.));
#6467 = ORIENTED_EDGE('',*,*,#5252,.F.);
#6468 = ORIENTED_EDGE('',*,*,#6462,.F.);
#6469 = CYLINDRICAL_SURFACE('',#6470,0.4);
#6470 = AXIS2_PLACEMENT_3D('',#6471,#6472,#6473);
#6471 = CARTESIAN_POINT('',(150.88,-122.75,-4.6E-02));
#6472 = DIRECTION('',(-0.,-0.,-1.));
#6473 = DIRECTION('',(-0.,-1.,0.));
#6474 = ADVANCED_FACE('',(#6475),#6486,.F.);
#6475 = FACE_BOUND('',#6476,.T.);
#6476 = EDGE_LOOP('',(#6477,#6478,#6484,#6485));
#6477 = ORIENTED_EDGE('',*,*,#4166,.T.);
#6478 = ORIENTED_EDGE('',*,*,#6479,.T.);
#6479 = EDGE_CURVE('',#4167,#5264,#6480,.T.);
#6480 = LINE('',#6481,#6482);
#6481 = CARTESIAN_POINT('',(151.5,-119.05,-4.6E-02));
#6482 = VECTOR('',#6483,1.);
#6483 = DIRECTION('',(0.,0.,1.));
#6484 = ORIENTED_EDGE('',*,*,#5263,.F.);
#6485 = ORIENTED_EDGE('',*,*,#6479,.F.);
#6486 = CYLINDRICAL_SURFACE('',#6487,0.55);
#6487 = AXIS2_PLACEMENT_3D('',#6488,#6489,#6490);
#6488 = CARTESIAN_POINT('',(151.5,-118.5,-4.6E-02));
#6489 = DIRECTION('',(-0.,-0.,-1.));
#6490 = DIRECTION('',(-0.,-1.,0.));
#6491 = ADVANCED_FACE('',(#6492),#6503,.F.);
#6492 = FACE_BOUND('',#6493,.T.);
#6493 = EDGE_LOOP('',(#6494,#6495,#6501,#6502));
#6494 = ORIENTED_EDGE('',*,*,#4177,.T.);
#6495 = ORIENTED_EDGE('',*,*,#6496,.T.);
#6496 = EDGE_CURVE('',#4178,#5275,#6497,.T.);
#6497 = LINE('',#6498,#6499);
#6498 = CARTESIAN_POINT('',(136.5,-114.55,-4.6E-02));
#6499 = VECTOR('',#6500,1.);
#6500 = DIRECTION('',(0.,0.,1.));
#6501 = ORIENTED_EDGE('',*,*,#5274,.F.);
#6502 = ORIENTED_EDGE('',*,*,#6496,.F.);
#6503 = CYLINDRICAL_SURFACE('',#6504,0.55);
#6504 = AXIS2_PLACEMENT_3D('',#6505,#6506,#6507);
#6505 = CARTESIAN_POINT('',(136.5,-114.,-4.6E-02));
#6506 = DIRECTION('',(-0.,-0.,-1.));
#6507 = DIRECTION('',(-0.,-1.,0.));
#6508 = ADVANCED_FACE('',(#6509),#6520,.F.);
#6509 = FACE_BOUND('',#6510,.T.);
#6510 = EDGE_LOOP('',(#6511,#6512,#6518,#6519));
#6511 = ORIENTED_EDGE('',*,*,#4188,.T.);
#6512 = ORIENTED_EDGE('',*,*,#6513,.T.);
#6513 = EDGE_CURVE('',#4189,#5286,#6514,.T.);
#6514 = LINE('',#6515,#6516);
#6515 = CARTESIAN_POINT('',(135.94,-108.15,-4.6E-02));
#6516 = VECTOR('',#6517,1.);
#6517 = DIRECTION('',(0.,0.,1.));
#6518 = ORIENTED_EDGE('',*,*,#5285,.F.);
#6519 = ORIENTED_EDGE('',*,*,#6513,.F.);
#6520 = CYLINDRICAL_SURFACE('',#6521,0.4);
#6521 = AXIS2_PLACEMENT_3D('',#6522,#6523,#6524);
#6522 = CARTESIAN_POINT('',(135.94,-107.75,-4.6E-02));
#6523 = DIRECTION('',(-0.,-0.,-1.));
#6524 = DIRECTION('',(-0.,-1.,0.));
#6525 = ADVANCED_FACE('',(#6526),#6537,.F.);
#6526 = FACE_BOUND('',#6527,.T.);
#6527 = EDGE_LOOP('',(#6528,#6529,#6535,#6536));
#6528 = ORIENTED_EDGE('',*,*,#4199,.T.);
#6529 = ORIENTED_EDGE('',*,*,#6530,.T.);
#6530 = EDGE_CURVE('',#4200,#5297,#6531,.T.);
#6531 = LINE('',#6532,#6533);
#6532 = CARTESIAN_POINT('',(143.,-114.55,-4.6E-02));
#6533 = VECTOR('',#6534,1.);
#6534 = DIRECTION('',(0.,0.,1.));
#6535 = ORIENTED_EDGE('',*,*,#5296,.F.);
#6536 = ORIENTED_EDGE('',*,*,#6530,.F.);
#6537 = CYLINDRICAL_SURFACE('',#6538,0.55);
#6538 = AXIS2_PLACEMENT_3D('',#6539,#6540,#6541);
#6539 = CARTESIAN_POINT('',(143.,-114.,-4.6E-02));
#6540 = DIRECTION('',(-0.,-0.,-1.));
#6541 = DIRECTION('',(-0.,-1.,0.));
#6542 = ADVANCED_FACE('',(#6543),#6554,.F.);
#6543 = FACE_BOUND('',#6544,.T.);
#6544 = EDGE_LOOP('',(#6545,#6546,#6552,#6553));
#6545 = ORIENTED_EDGE('',*,*,#4210,.T.);
#6546 = ORIENTED_EDGE('',*,*,#6547,.T.);
#6547 = EDGE_CURVE('',#4211,#5308,#6548,.T.);
#6548 = LINE('',#6549,#6550);
#6549 = CARTESIAN_POINT('',(143.56,-108.15,-4.6E-02));
#6550 = VECTOR('',#6551,1.);
#6551 = DIRECTION('',(0.,0.,1.));
#6552 = ORIENTED_EDGE('',*,*,#5307,.F.);
#6553 = ORIENTED_EDGE('',*,*,#6547,.F.);
#6554 = CYLINDRICAL_SURFACE('',#6555,0.4);
#6555 = AXIS2_PLACEMENT_3D('',#6556,#6557,#6558);
#6556 = CARTESIAN_POINT('',(143.56,-107.75,-4.6E-02));
#6557 = DIRECTION('',(-0.,-0.,-1.));
#6558 = DIRECTION('',(-0.,-1.,0.));
#6559 = ADVANCED_FACE('',(#6560),#6571,.F.);
#6560 = FACE_BOUND('',#6561,.T.);
#6561 = EDGE_LOOP('',(#6562,#6563,#6569,#6570));
#6562 = ORIENTED_EDGE('',*,*,#4221,.T.);
#6563 = ORIENTED_EDGE('',*,*,#6564,.T.);
#6564 = EDGE_CURVE('',#4222,#5319,#6565,.T.);
#6565 = LINE('',#6566,#6567);
#6566 = CARTESIAN_POINT('',(136.5,-104.05,-4.6E-02));
#6567 = VECTOR('',#6568,1.);
#6568 = DIRECTION('',(0.,0.,1.));
#6569 = ORIENTED_EDGE('',*,*,#5318,.F.);
#6570 = ORIENTED_EDGE('',*,*,#6564,.F.);
#6571 = CYLINDRICAL_SURFACE('',#6572,0.55);
#6572 = AXIS2_PLACEMENT_3D('',#6573,#6574,#6575);
#6573 = CARTESIAN_POINT('',(136.5,-103.5,-4.6E-02));
#6574 = DIRECTION('',(-0.,-0.,-1.));
#6575 = DIRECTION('',(-0.,-1.,0.));
#6576 = ADVANCED_FACE('',(#6577),#6588,.F.);
#6577 = FACE_BOUND('',#6578,.T.);
#6578 = EDGE_LOOP('',(#6579,#6580,#6586,#6587));
#6579 = ORIENTED_EDGE('',*,*,#4232,.T.);
#6580 = ORIENTED_EDGE('',*,*,#6581,.T.);
#6581 = EDGE_CURVE('',#4233,#5330,#6582,.T.);
#6582 = LINE('',#6583,#6584);
#6583 = CARTESIAN_POINT('',(136.5,-99.55,-4.6E-02));
#6584 = VECTOR('',#6585,1.);
#6585 = DIRECTION('',(0.,0.,1.));
#6586 = ORIENTED_EDGE('',*,*,#5329,.F.);
#6587 = ORIENTED_EDGE('',*,*,#6581,.F.);
#6588 = CYLINDRICAL_SURFACE('',#6589,0.55);
#6589 = AXIS2_PLACEMENT_3D('',#6590,#6591,#6592);
#6590 = CARTESIAN_POINT('',(136.5,-99.,-4.6E-02));
#6591 = DIRECTION('',(-0.,-0.,-1.));
#6592 = DIRECTION('',(-0.,-1.,0.));
#6593 = ADVANCED_FACE('',(#6594),#6605,.F.);
#6594 = FACE_BOUND('',#6595,.T.);
#6595 = EDGE_LOOP('',(#6596,#6597,#6603,#6604));
#6596 = ORIENTED_EDGE('',*,*,#4243,.T.);
#6597 = ORIENTED_EDGE('',*,*,#6598,.T.);
#6598 = EDGE_CURVE('',#4244,#5341,#6599,.T.);
#6599 = LINE('',#6600,#6601);
#6600 = CARTESIAN_POINT('',(143.,-104.05,-4.6E-02));
#6601 = VECTOR('',#6602,1.);
#6602 = DIRECTION('',(0.,0.,1.));
#6603 = ORIENTED_EDGE('',*,*,#5340,.F.);
#6604 = ORIENTED_EDGE('',*,*,#6598,.F.);
#6605 = CYLINDRICAL_SURFACE('',#6606,0.55);
#6606 = AXIS2_PLACEMENT_3D('',#6607,#6608,#6609);
#6607 = CARTESIAN_POINT('',(143.,-103.5,-4.6E-02));
#6608 = DIRECTION('',(-0.,-0.,-1.));
#6609 = DIRECTION('',(-0.,-1.,0.));
#6610 = ADVANCED_FACE('',(#6611),#6622,.F.);
#6611 = FACE_BOUND('',#6612,.T.);
#6612 = EDGE_LOOP('',(#6613,#6614,#6620,#6621));
#6613 = ORIENTED_EDGE('',*,*,#4254,.T.);
#6614 = ORIENTED_EDGE('',*,*,#6615,.T.);
#6615 = EDGE_CURVE('',#4255,#5352,#6616,.T.);
#6616 = LINE('',#6617,#6618);
#6617 = CARTESIAN_POINT('',(143.,-99.55,-4.6E-02));
#6618 = VECTOR('',#6619,1.);
#6619 = DIRECTION('',(0.,0.,1.));
#6620 = ORIENTED_EDGE('',*,*,#5351,.F.);
#6621 = ORIENTED_EDGE('',*,*,#6615,.F.);
#6622 = CYLINDRICAL_SURFACE('',#6623,0.55);
#6623 = AXIS2_PLACEMENT_3D('',#6624,#6625,#6626);
#6624 = CARTESIAN_POINT('',(143.,-99.,-4.6E-02));
#6625 = DIRECTION('',(-0.,-0.,-1.));
#6626 = DIRECTION('',(-0.,-1.,0.));
#6627 = ADVANCED_FACE('',(#6628),#6639,.F.);
#6628 = FACE_BOUND('',#6629,.T.);
#6629 = EDGE_LOOP('',(#6630,#6631,#6637,#6638));
#6630 = ORIENTED_EDGE('',*,*,#4265,.T.);
#6631 = ORIENTED_EDGE('',*,*,#6632,.T.);
#6632 = EDGE_CURVE('',#4266,#5363,#6633,.T.);
#6633 = LINE('',#6634,#6635);
#6634 = CARTESIAN_POINT('',(151.5,-114.55,-4.6E-02));
#6635 = VECTOR('',#6636,1.);
#6636 = DIRECTION('',(0.,0.,1.));
#6637 = ORIENTED_EDGE('',*,*,#5362,.F.);
#6638 = ORIENTED_EDGE('',*,*,#6632,.F.);
#6639 = CYLINDRICAL_SURFACE('',#6640,0.55);
#6640 = AXIS2_PLACEMENT_3D('',#6641,#6642,#6643);
#6641 = CARTESIAN_POINT('',(151.5,-114.,-4.6E-02));
#6642 = DIRECTION('',(-0.,-0.,-1.));
#6643 = DIRECTION('',(-0.,-1.,0.));
#6644 = ADVANCED_FACE('',(#6645),#6656,.F.);
#6645 = FACE_BOUND('',#6646,.T.);
#6646 = EDGE_LOOP('',(#6647,#6648,#6654,#6655));
#6647 = ORIENTED_EDGE('',*,*,#4276,.T.);
#6648 = ORIENTED_EDGE('',*,*,#6649,.T.);
#6649 = EDGE_CURVE('',#4277,#5374,#6650,.T.);
#6650 = LINE('',#6651,#6652);
#6651 = CARTESIAN_POINT('',(151.,-108.15,-4.6E-02));
#6652 = VECTOR('',#6653,1.);
#6653 = DIRECTION('',(0.,0.,1.));
#6654 = ORIENTED_EDGE('',*,*,#5373,.F.);
#6655 = ORIENTED_EDGE('',*,*,#6649,.F.);
#6656 = CYLINDRICAL_SURFACE('',#6657,0.4);
#6657 = AXIS2_PLACEMENT_3D('',#6658,#6659,#6660);
#6658 = CARTESIAN_POINT('',(151.,-107.75,-4.6E-02));
#6659 = DIRECTION('',(-0.,-0.,-1.));
#6660 = DIRECTION('',(-0.,-1.,0.));
#6661 = ADVANCED_FACE('',(#6662),#6673,.F.);
#6662 = FACE_BOUND('',#6663,.T.);
#6663 = EDGE_LOOP('',(#6664,#6665,#6671,#6672));
#6664 = ORIENTED_EDGE('',*,*,#4287,.T.);
#6665 = ORIENTED_EDGE('',*,*,#6666,.T.);
#6666 = EDGE_CURVE('',#4288,#5385,#6667,.T.);
#6667 = LINE('',#6668,#6669);
#6668 = CARTESIAN_POINT('',(151.5,-104.05,-4.6E-02));
#6669 = VECTOR('',#6670,1.);
#6670 = DIRECTION('',(0.,0.,1.));
#6671 = ORIENTED_EDGE('',*,*,#5384,.F.);
#6672 = ORIENTED_EDGE('',*,*,#6666,.F.);
#6673 = CYLINDRICAL_SURFACE('',#6674,0.55);
#6674 = AXIS2_PLACEMENT_3D('',#6675,#6676,#6677);
#6675 = CARTESIAN_POINT('',(151.5,-103.5,-4.6E-02));
#6676 = DIRECTION('',(-0.,-0.,-1.));
#6677 = DIRECTION('',(-0.,-1.,0.));
#6678 = ADVANCED_FACE('',(#6679),#6690,.F.);
#6679 = FACE_BOUND('',#6680,.T.);
#6680 = EDGE_LOOP('',(#6681,#6682,#6688,#6689));
#6681 = ORIENTED_EDGE('',*,*,#4298,.T.);
#6682 = ORIENTED_EDGE('',*,*,#6683,.T.);
#6683 = EDGE_CURVE('',#4299,#5396,#6684,.T.);
#6684 = LINE('',#6685,#6686);
#6685 = CARTESIAN_POINT('',(151.5,-99.55,-4.6E-02));
#6686 = VECTOR('',#6687,1.);
#6687 = DIRECTION('',(0.,0.,1.));
#6688 = ORIENTED_EDGE('',*,*,#5395,.F.);
#6689 = ORIENTED_EDGE('',*,*,#6683,.F.);
#6690 = CYLINDRICAL_SURFACE('',#6691,0.55);
#6691 = AXIS2_PLACEMENT_3D('',#6692,#6693,#6694);
#6692 = CARTESIAN_POINT('',(151.5,-99.,-4.6E-02));
#6693 = DIRECTION('',(-0.,-0.,-1.));
#6694 = DIRECTION('',(-0.,-1.,0.));
#6695 = ADVANCED_FACE('',(#6696),#6707,.F.);
#6696 = FACE_BOUND('',#6697,.T.);
#6697 = EDGE_LOOP('',(#6698,#6699,#6705,#6706));
#6698 = ORIENTED_EDGE('',*,*,#4309,.T.);
#6699 = ORIENTED_EDGE('',*,*,#6700,.T.);
#6700 = EDGE_CURVE('',#4310,#5407,#6701,.T.);
#6701 = LINE('',#6702,#6703);
#6702 = CARTESIAN_POINT('',(158.,-134.05,-4.6E-02));
#6703 = VECTOR('',#6704,1.);
#6704 = DIRECTION('',(0.,0.,1.));
#6705 = ORIENTED_EDGE('',*,*,#5406,.F.);
#6706 = ORIENTED_EDGE('',*,*,#6700,.F.);
#6707 = CYLINDRICAL_SURFACE('',#6708,0.55);
#6708 = AXIS2_PLACEMENT_3D('',#6709,#6710,#6711);
#6709 = CARTESIAN_POINT('',(158.,-133.5,-4.6E-02));
#6710 = DIRECTION('',(-0.,-0.,-1.));
#6711 = DIRECTION('',(-0.,-1.,0.));
#6712 = ADVANCED_FACE('',(#6713),#6724,.F.);
#6713 = FACE_BOUND('',#6714,.T.);
#6714 = EDGE_LOOP('',(#6715,#6716,#6722,#6723));
#6715 = ORIENTED_EDGE('',*,*,#4320,.T.);
#6716 = ORIENTED_EDGE('',*,*,#6717,.T.);
#6717 = EDGE_CURVE('',#4321,#5418,#6718,.T.);
#6718 = LINE('',#6719,#6720);
#6719 = CARTESIAN_POINT('',(158.5,-138.15,-4.6E-02));
#6720 = VECTOR('',#6721,1.);
#6721 = DIRECTION('',(0.,0.,1.));
#6722 = ORIENTED_EDGE('',*,*,#5417,.F.);
#6723 = ORIENTED_EDGE('',*,*,#6717,.F.);
#6724 = CYLINDRICAL_SURFACE('',#6725,0.4);
#6725 = AXIS2_PLACEMENT_3D('',#6726,#6727,#6728);
#6726 = CARTESIAN_POINT('',(158.5,-137.75,-4.6E-02));
#6727 = DIRECTION('',(-0.,-0.,-1.));
#6728 = DIRECTION('',(-0.,-1.,0.));
#6729 = ADVANCED_FACE('',(#6730),#6741,.F.);
#6730 = FACE_BOUND('',#6731,.T.);
#6731 = EDGE_LOOP('',(#6732,#6733,#6739,#6740));
#6732 = ORIENTED_EDGE('',*,*,#4331,.T.);
#6733 = ORIENTED_EDGE('',*,*,#6734,.T.);
#6734 = EDGE_CURVE('',#4332,#5429,#6735,.T.);
#6735 = LINE('',#6736,#6737);
#6736 = CARTESIAN_POINT('',(158.,-129.55,-4.6E-02));
#6737 = VECTOR('',#6738,1.);
#6738 = DIRECTION('',(0.,0.,1.));
#6739 = ORIENTED_EDGE('',*,*,#5428,.F.);
#6740 = ORIENTED_EDGE('',*,*,#6734,.F.);
#6741 = CYLINDRICAL_SURFACE('',#6742,0.55);
#6742 = AXIS2_PLACEMENT_3D('',#6743,#6744,#6745);
#6743 = CARTESIAN_POINT('',(158.,-129.,-4.6E-02));
#6744 = DIRECTION('',(-0.,-0.,-1.));
#6745 = DIRECTION('',(-0.,-1.,0.));
#6746 = ADVANCED_FACE('',(#6747),#6758,.F.);
#6747 = FACE_BOUND('',#6748,.T.);
#6748 = EDGE_LOOP('',(#6749,#6750,#6756,#6757));
#6749 = ORIENTED_EDGE('',*,*,#4342,.T.);
#6750 = ORIENTED_EDGE('',*,*,#6751,.T.);
#6751 = EDGE_CURVE('',#4343,#5440,#6752,.T.);
#6752 = LINE('',#6753,#6754);
#6753 = CARTESIAN_POINT('',(162.,-135.05,-4.6E-02));
#6754 = VECTOR('',#6755,1.);
#6755 = DIRECTION('',(0.,0.,1.));
#6756 = ORIENTED_EDGE('',*,*,#5439,.F.);
#6757 = ORIENTED_EDGE('',*,*,#6751,.F.);
#6758 = CYLINDRICAL_SURFACE('',#6759,1.05);
#6759 = AXIS2_PLACEMENT_3D('',#6760,#6761,#6762);
#6760 = CARTESIAN_POINT('',(162.,-134.,-4.6E-02));
#6761 = DIRECTION('',(-0.,-0.,-1.));
#6762 = DIRECTION('',(-0.,-1.,0.));
#6763 = ADVANCED_FACE('',(#6764),#6775,.F.);
#6764 = FACE_BOUND('',#6765,.T.);
#6765 = EDGE_LOOP('',(#6766,#6767,#6773,#6774));
#6766 = ORIENTED_EDGE('',*,*,#4353,.T.);
#6767 = ORIENTED_EDGE('',*,*,#6768,.T.);
#6768 = EDGE_CURVE('',#4354,#5451,#6769,.T.);
#6769 = LINE('',#6770,#6771);
#6770 = CARTESIAN_POINT('',(165.69,-138.15,-4.6E-02));
#6771 = VECTOR('',#6772,1.);
#6772 = DIRECTION('',(0.,0.,1.));
#6773 = ORIENTED_EDGE('',*,*,#5450,.F.);
#6774 = ORIENTED_EDGE('',*,*,#6768,.F.);
#6775 = CYLINDRICAL_SURFACE('',#6776,0.4);
#6776 = AXIS2_PLACEMENT_3D('',#6777,#6778,#6779);
#6777 = CARTESIAN_POINT('',(165.69,-137.75,-4.6E-02));
#6778 = DIRECTION('',(-0.,-0.,-1.));
#6779 = DIRECTION('',(-0.,-1.,0.));
#6780 = ADVANCED_FACE('',(#6781),#6792,.F.);
#6781 = FACE_BOUND('',#6782,.T.);
#6782 = EDGE_LOOP('',(#6783,#6784,#6790,#6791));
#6783 = ORIENTED_EDGE('',*,*,#4364,.T.);
#6784 = ORIENTED_EDGE('',*,*,#6785,.T.);
#6785 = EDGE_CURVE('',#4365,#5462,#6786,.T.);
#6786 = LINE('',#6787,#6788);
#6787 = CARTESIAN_POINT('',(158.,-119.05,-4.6E-02));
#6788 = VECTOR('',#6789,1.);
#6789 = DIRECTION('',(0.,0.,1.));
#6790 = ORIENTED_EDGE('',*,*,#5461,.F.);
#6791 = ORIENTED_EDGE('',*,*,#6785,.F.);
#6792 = CYLINDRICAL_SURFACE('',#6793,0.55);
#6793 = AXIS2_PLACEMENT_3D('',#6794,#6795,#6796);
#6794 = CARTESIAN_POINT('',(158.,-118.5,-4.6E-02));
#6795 = DIRECTION('',(-0.,-0.,-1.));
#6796 = DIRECTION('',(-0.,-1.,0.));
#6797 = ADVANCED_FACE('',(#6798),#6809,.F.);
#6798 = FACE_BOUND('',#6799,.T.);
#6799 = EDGE_LOOP('',(#6800,#6801,#6807,#6808));
#6800 = ORIENTED_EDGE('',*,*,#4375,.T.);
#6801 = ORIENTED_EDGE('',*,*,#6802,.T.);
#6802 = EDGE_CURVE('',#4376,#5473,#6803,.T.);
#6803 = LINE('',#6804,#6805);
#6804 = CARTESIAN_POINT('',(158.5,-123.15,-4.6E-02));
#6805 = VECTOR('',#6806,1.);
#6806 = DIRECTION('',(0.,0.,1.));
#6807 = ORIENTED_EDGE('',*,*,#5472,.F.);
#6808 = ORIENTED_EDGE('',*,*,#6802,.F.);
#6809 = CYLINDRICAL_SURFACE('',#6810,0.4);
#6810 = AXIS2_PLACEMENT_3D('',#6811,#6812,#6813);
#6811 = CARTESIAN_POINT('',(158.5,-122.75,-4.6E-02));
#6812 = DIRECTION('',(-0.,-0.,-1.));
#6813 = DIRECTION('',(-0.,-1.,0.));
#6814 = ADVANCED_FACE('',(#6815),#6826,.F.);
#6815 = FACE_BOUND('',#6816,.T.);
#6816 = EDGE_LOOP('',(#6817,#6818,#6824,#6825));
#6817 = ORIENTED_EDGE('',*,*,#4386,.T.);
#6818 = ORIENTED_EDGE('',*,*,#6819,.T.);
#6819 = EDGE_CURVE('',#4387,#5484,#6820,.T.);
#6820 = LINE('',#6821,#6822);
#6821 = CARTESIAN_POINT('',(165.69,-123.15,-4.6E-02));
#6822 = VECTOR('',#6823,1.);
#6823 = DIRECTION('',(0.,0.,1.));
#6824 = ORIENTED_EDGE('',*,*,#5483,.F.);
#6825 = ORIENTED_EDGE('',*,*,#6819,.F.);
#6826 = CYLINDRICAL_SURFACE('',#6827,0.4);
#6827 = AXIS2_PLACEMENT_3D('',#6828,#6829,#6830);
#6828 = CARTESIAN_POINT('',(165.69,-122.75,-4.6E-02));
#6829 = DIRECTION('',(-0.,-0.,-1.));
#6830 = DIRECTION('',(-0.,-1.,0.));
#6831 = ADVANCED_FACE('',(#6832),#6843,.F.);
#6832 = FACE_BOUND('',#6833,.T.);
#6833 = EDGE_LOOP('',(#6834,#6835,#6841,#6842));
#6834 = ORIENTED_EDGE('',*,*,#4397,.T.);
#6835 = ORIENTED_EDGE('',*,*,#6836,.T.);
#6836 = EDGE_CURVE('',#4398,#5495,#6837,.T.);
#6837 = LINE('',#6838,#6839);
#6838 = CARTESIAN_POINT('',(166.5,-134.05,-4.6E-02));
#6839 = VECTOR('',#6840,1.);
#6840 = DIRECTION('',(0.,0.,1.));
#6841 = ORIENTED_EDGE('',*,*,#5494,.F.);
#6842 = ORIENTED_EDGE('',*,*,#6836,.F.);
#6843 = CYLINDRICAL_SURFACE('',#6844,0.55);
#6844 = AXIS2_PLACEMENT_3D('',#6845,#6846,#6847);
#6845 = CARTESIAN_POINT('',(166.5,-133.5,-4.6E-02));
#6846 = DIRECTION('',(-0.,-0.,-1.));
#6847 = DIRECTION('',(-0.,-1.,0.));
#6848 = ADVANCED_FACE('',(#6849),#6860,.F.);
#6849 = FACE_BOUND('',#6850,.T.);
#6850 = EDGE_LOOP('',(#6851,#6852,#6858,#6859));
#6851 = ORIENTED_EDGE('',*,*,#4408,.T.);
#6852 = ORIENTED_EDGE('',*,*,#6853,.T.);
#6853 = EDGE_CURVE('',#4409,#5506,#6854,.T.);
#6854 = LINE('',#6855,#6856);
#6855 = CARTESIAN_POINT('',(166.5,-129.55,-4.6E-02));
#6856 = VECTOR('',#6857,1.);
#6857 = DIRECTION('',(0.,0.,1.));
#6858 = ORIENTED_EDGE('',*,*,#5505,.F.);
#6859 = ORIENTED_EDGE('',*,*,#6853,.F.);
#6860 = CYLINDRICAL_SURFACE('',#6861,0.55);
#6861 = AXIS2_PLACEMENT_3D('',#6862,#6863,#6864);
#6862 = CARTESIAN_POINT('',(166.5,-129.,-4.6E-02));
#6863 = DIRECTION('',(-0.,-0.,-1.));
#6864 = DIRECTION('',(-0.,-1.,0.));
#6865 = ADVANCED_FACE('',(#6866),#6877,.F.);
#6866 = FACE_BOUND('',#6867,.T.);
#6867 = EDGE_LOOP('',(#6868,#6869,#6875,#6876));
#6868 = ORIENTED_EDGE('',*,*,#4419,.T.);
#6869 = ORIENTED_EDGE('',*,*,#6870,.T.);
#6870 = EDGE_CURVE('',#4420,#5517,#6871,.T.);
#6871 = LINE('',#6872,#6873);
#6872 = CARTESIAN_POINT('',(173.31,-138.15,-4.6E-02));
#6873 = VECTOR('',#6874,1.);
#6874 = DIRECTION('',(0.,0.,1.));
#6875 = ORIENTED_EDGE('',*,*,#5516,.F.);
#6876 = ORIENTED_EDGE('',*,*,#6870,.F.);
#6877 = CYLINDRICAL_SURFACE('',#6878,0.4);
#6878 = AXIS2_PLACEMENT_3D('',#6879,#6880,#6881);
#6879 = CARTESIAN_POINT('',(173.31,-137.75,-4.6E-02));
#6880 = DIRECTION('',(-0.,-0.,-1.));
#6881 = DIRECTION('',(-0.,-1.,0.));
#6882 = ADVANCED_FACE('',(#6883),#6894,.F.);
#6883 = FACE_BOUND('',#6884,.T.);
#6884 = EDGE_LOOP('',(#6885,#6886,#6892,#6893));
#6885 = ORIENTED_EDGE('',*,*,#4430,.T.);
#6886 = ORIENTED_EDGE('',*,*,#6887,.T.);
#6887 = EDGE_CURVE('',#4431,#5528,#6888,.T.);
#6888 = LINE('',#6889,#6890);
#6889 = CARTESIAN_POINT('',(173.,-134.05,-4.6E-02));
#6890 = VECTOR('',#6891,1.);
#6891 = DIRECTION('',(0.,0.,1.));
#6892 = ORIENTED_EDGE('',*,*,#5527,.F.);
#6893 = ORIENTED_EDGE('',*,*,#6887,.F.);
#6894 = CYLINDRICAL_SURFACE('',#6895,0.55);
#6895 = AXIS2_PLACEMENT_3D('',#6896,#6897,#6898);
#6896 = CARTESIAN_POINT('',(173.,-133.5,-4.6E-02));
#6897 = DIRECTION('',(-0.,-0.,-1.));
#6898 = DIRECTION('',(-0.,-1.,0.));
#6899 = ADVANCED_FACE('',(#6900),#6911,.F.);
#6900 = FACE_BOUND('',#6901,.T.);
#6901 = EDGE_LOOP('',(#6902,#6903,#6909,#6910));
#6902 = ORIENTED_EDGE('',*,*,#4441,.T.);
#6903 = ORIENTED_EDGE('',*,*,#6904,.T.);
#6904 = EDGE_CURVE('',#4442,#5539,#6905,.T.);
#6905 = LINE('',#6906,#6907);
#6906 = CARTESIAN_POINT('',(173.,-129.55,-4.6E-02));
#6907 = VECTOR('',#6908,1.);
#6908 = DIRECTION('',(0.,0.,1.));
#6909 = ORIENTED_EDGE('',*,*,#5538,.F.);
#6910 = ORIENTED_EDGE('',*,*,#6904,.F.);
#6911 = CYLINDRICAL_SURFACE('',#6912,0.55);
#6912 = AXIS2_PLACEMENT_3D('',#6913,#6914,#6915);
#6913 = CARTESIAN_POINT('',(173.,-129.,-4.6E-02));
#6914 = DIRECTION('',(-0.,-0.,-1.));
#6915 = DIRECTION('',(-0.,-1.,0.));
#6916 = ADVANCED_FACE('',(#6917),#6928,.F.);
#6917 = FACE_BOUND('',#6918,.T.);
#6918 = EDGE_LOOP('',(#6919,#6920,#6926,#6927));
#6919 = ORIENTED_EDGE('',*,*,#4452,.T.);
#6920 = ORIENTED_EDGE('',*,*,#6921,.T.);
#6921 = EDGE_CURVE('',#4453,#5550,#6922,.T.);
#6922 = LINE('',#6923,#6924);
#6923 = CARTESIAN_POINT('',(166.5,-119.05,-4.6E-02));
#6924 = VECTOR('',#6925,1.);
#6925 = DIRECTION('',(0.,0.,1.));
#6926 = ORIENTED_EDGE('',*,*,#5549,.F.);
#6927 = ORIENTED_EDGE('',*,*,#6921,.F.);
#6928 = CYLINDRICAL_SURFACE('',#6929,0.55);
#6929 = AXIS2_PLACEMENT_3D('',#6930,#6931,#6932);
#6930 = CARTESIAN_POINT('',(166.5,-118.5,-4.6E-02));
#6931 = DIRECTION('',(-0.,-0.,-1.));
#6932 = DIRECTION('',(-0.,-1.,0.));
#6933 = ADVANCED_FACE('',(#6934),#6945,.F.);
#6934 = FACE_BOUND('',#6935,.T.);
#6935 = EDGE_LOOP('',(#6936,#6937,#6943,#6944));
#6936 = ORIENTED_EDGE('',*,*,#4463,.T.);
#6937 = ORIENTED_EDGE('',*,*,#6938,.T.);
#6938 = EDGE_CURVE('',#4464,#5561,#6939,.T.);
#6939 = LINE('',#6940,#6941);
#6940 = CARTESIAN_POINT('',(173.31,-123.15,-4.6E-02));
#6941 = VECTOR('',#6942,1.);
#6942 = DIRECTION('',(0.,0.,1.));
#6943 = ORIENTED_EDGE('',*,*,#5560,.F.);
#6944 = ORIENTED_EDGE('',*,*,#6938,.F.);
#6945 = CYLINDRICAL_SURFACE('',#6946,0.4);
#6946 = AXIS2_PLACEMENT_3D('',#6947,#6948,#6949);
#6947 = CARTESIAN_POINT('',(173.31,-122.75,-4.6E-02));
#6948 = DIRECTION('',(-0.,-0.,-1.));
#6949 = DIRECTION('',(-0.,-1.,0.));
#6950 = ADVANCED_FACE('',(#6951),#6962,.F.);
#6951 = FACE_BOUND('',#6952,.T.);
#6952 = EDGE_LOOP('',(#6953,#6954,#6960,#6961));
#6953 = ORIENTED_EDGE('',*,*,#4474,.T.);
#6954 = ORIENTED_EDGE('',*,*,#6955,.T.);
#6955 = EDGE_CURVE('',#4475,#5572,#6956,.T.);
#6956 = LINE('',#6957,#6958);
#6957 = CARTESIAN_POINT('',(173.,-119.05,-4.6E-02));
#6958 = VECTOR('',#6959,1.);
#6959 = DIRECTION('',(0.,0.,1.));
#6960 = ORIENTED_EDGE('',*,*,#5571,.F.);
#6961 = ORIENTED_EDGE('',*,*,#6955,.F.);
#6962 = CYLINDRICAL_SURFACE('',#6963,0.55);
#6963 = AXIS2_PLACEMENT_3D('',#6964,#6965,#6966);
#6964 = CARTESIAN_POINT('',(173.,-118.5,-4.6E-02));
#6965 = DIRECTION('',(-0.,-0.,-1.));
#6966 = DIRECTION('',(-0.,-1.,0.));
#6967 = ADVANCED_FACE('',(#6968),#6979,.F.);
#6968 = FACE_BOUND('',#6969,.T.);
#6969 = EDGE_LOOP('',(#6970,#6971,#6977,#6978));
#6970 = ORIENTED_EDGE('',*,*,#4485,.T.);
#6971 = ORIENTED_EDGE('',*,*,#6972,.T.);
#6972 = EDGE_CURVE('',#4486,#5583,#6973,.T.);
#6973 = LINE('',#6974,#6975);
#6974 = CARTESIAN_POINT('',(158.,-114.55,-4.6E-02));
#6975 = VECTOR('',#6976,1.);
#6976 = DIRECTION('',(0.,0.,1.));
#6977 = ORIENTED_EDGE('',*,*,#5582,.F.);
#6978 = ORIENTED_EDGE('',*,*,#6972,.F.);
#6979 = CYLINDRICAL_SURFACE('',#6980,0.55);
#6980 = AXIS2_PLACEMENT_3D('',#6981,#6982,#6983);
#6981 = CARTESIAN_POINT('',(158.,-114.,-4.6E-02));
#6982 = DIRECTION('',(-0.,-0.,-1.));
#6983 = DIRECTION('',(-0.,-1.,0.));
#6984 = ADVANCED_FACE('',(#6985),#6996,.F.);
#6985 = FACE_BOUND('',#6986,.T.);
#6986 = EDGE_LOOP('',(#6987,#6988,#6994,#6995));
#6987 = ORIENTED_EDGE('',*,*,#4496,.T.);
#6988 = ORIENTED_EDGE('',*,*,#6989,.T.);
#6989 = EDGE_CURVE('',#4497,#5594,#6990,.T.);
#6990 = LINE('',#6991,#6992);
#6991 = CARTESIAN_POINT('',(158.62,-108.15,-4.6E-02));
#6992 = VECTOR('',#6993,1.);
#6993 = DIRECTION('',(0.,0.,1.));
#6994 = ORIENTED_EDGE('',*,*,#5593,.F.);
#6995 = ORIENTED_EDGE('',*,*,#6989,.F.);
#6996 = CYLINDRICAL_SURFACE('',#6997,0.4);
#6997 = AXIS2_PLACEMENT_3D('',#6998,#6999,#7000);
#6998 = CARTESIAN_POINT('',(158.62,-107.75,-4.6E-02));
#6999 = DIRECTION('',(-0.,-0.,-1.));
#7000 = DIRECTION('',(-0.,-1.,0.));
#7001 = ADVANCED_FACE('',(#7002),#7013,.F.);
#7002 = FACE_BOUND('',#7003,.T.);
#7003 = EDGE_LOOP('',(#7004,#7005,#7011,#7012));
#7004 = ORIENTED_EDGE('',*,*,#4507,.T.);
#7005 = ORIENTED_EDGE('',*,*,#7006,.T.);
#7006 = EDGE_CURVE('',#4508,#5605,#7007,.T.);
#7007 = LINE('',#7008,#7009);
#7008 = CARTESIAN_POINT('',(158.,-104.05,-4.6E-02));
#7009 = VECTOR('',#7010,1.);
#7010 = DIRECTION('',(0.,0.,1.));
#7011 = ORIENTED_EDGE('',*,*,#5604,.F.);
#7012 = ORIENTED_EDGE('',*,*,#7006,.F.);
#7013 = CYLINDRICAL_SURFACE('',#7014,0.55);
#7014 = AXIS2_PLACEMENT_3D('',#7015,#7016,#7017);
#7015 = CARTESIAN_POINT('',(158.,-103.5,-4.6E-02));
#7016 = DIRECTION('',(-0.,-0.,-1.));
#7017 = DIRECTION('',(-0.,-1.,0.));
#7018 = ADVANCED_FACE('',(#7019),#7030,.F.);
#7019 = FACE_BOUND('',#7020,.T.);
#7020 = EDGE_LOOP('',(#7021,#7022,#7028,#7029));
#7021 = ORIENTED_EDGE('',*,*,#4518,.T.);
#7022 = ORIENTED_EDGE('',*,*,#7023,.T.);
#7023 = EDGE_CURVE('',#4519,#5616,#7024,.T.);
#7024 = LINE('',#7025,#7026);
#7025 = CARTESIAN_POINT('',(158.,-99.55,-4.6E-02));
#7026 = VECTOR('',#7027,1.);
#7027 = DIRECTION('',(0.,0.,1.));
#7028 = ORIENTED_EDGE('',*,*,#5615,.F.);
#7029 = ORIENTED_EDGE('',*,*,#7023,.F.);
#7030 = CYLINDRICAL_SURFACE('',#7031,0.55);
#7031 = AXIS2_PLACEMENT_3D('',#7032,#7033,#7034);
#7032 = CARTESIAN_POINT('',(158.,-99.,-4.6E-02));
#7033 = DIRECTION('',(-0.,-0.,-1.));
#7034 = DIRECTION('',(-0.,-1.,0.));
#7035 = ADVANCED_FACE('',(#7036),#7047,.F.);
#7036 = FACE_BOUND('',#7037,.T.);
#7037 = EDGE_LOOP('',(#7038,#7039,#7045,#7046));
#7038 = ORIENTED_EDGE('',*,*,#4529,.T.);
#7039 = ORIENTED_EDGE('',*,*,#7040,.T.);
#7040 = EDGE_CURVE('',#4530,#5627,#7041,.T.);
#7041 = LINE('',#7042,#7043);
#7042 = CARTESIAN_POINT('',(166.5,-114.55,-4.6E-02));
#7043 = VECTOR('',#7044,1.);
#7044 = DIRECTION('',(0.,0.,1.));
#7045 = ORIENTED_EDGE('',*,*,#5626,.F.);
#7046 = ORIENTED_EDGE('',*,*,#7040,.F.);
#7047 = CYLINDRICAL_SURFACE('',#7048,0.55);
#7048 = AXIS2_PLACEMENT_3D('',#7049,#7050,#7051);
#7049 = CARTESIAN_POINT('',(166.5,-114.,-4.6E-02));
#7050 = DIRECTION('',(-0.,-0.,-1.));
#7051 = DIRECTION('',(-0.,-1.,0.));
#7052 = ADVANCED_FACE('',(#7053),#7064,.F.);
#7053 = FACE_BOUND('',#7054,.T.);
#7054 = EDGE_LOOP('',(#7055,#7056,#7062,#7063));
#7055 = ORIENTED_EDGE('',*,*,#4540,.T.);
#7056 = ORIENTED_EDGE('',*,*,#7057,.T.);
#7057 = EDGE_CURVE('',#4541,#5638,#7058,.T.);
#7058 = LINE('',#7059,#7060);
#7059 = CARTESIAN_POINT('',(165.88,-108.15,-4.6E-02));
#7060 = VECTOR('',#7061,1.);
#7061 = DIRECTION('',(0.,0.,1.));
#7062 = ORIENTED_EDGE('',*,*,#5637,.F.);
#7063 = ORIENTED_EDGE('',*,*,#7057,.F.);
#7064 = CYLINDRICAL_SURFACE('',#7065,0.4);
#7065 = AXIS2_PLACEMENT_3D('',#7066,#7067,#7068);
#7066 = CARTESIAN_POINT('',(165.88,-107.75,-4.6E-02));
#7067 = DIRECTION('',(-0.,-0.,-1.));
#7068 = DIRECTION('',(-0.,-1.,0.));
#7069 = ADVANCED_FACE('',(#7070),#7081,.F.);
#7070 = FACE_BOUND('',#7071,.T.);
#7071 = EDGE_LOOP('',(#7072,#7073,#7079,#7080));
#7072 = ORIENTED_EDGE('',*,*,#4551,.T.);
#7073 = ORIENTED_EDGE('',*,*,#7074,.T.);
#7074 = EDGE_CURVE('',#4552,#5649,#7075,.T.);
#7075 = LINE('',#7076,#7077);
#7076 = CARTESIAN_POINT('',(173.,-114.55,-4.6E-02));
#7077 = VECTOR('',#7078,1.);
#7078 = DIRECTION('',(0.,0.,1.));
#7079 = ORIENTED_EDGE('',*,*,#5648,.F.);
#7080 = ORIENTED_EDGE('',*,*,#7074,.F.);
#7081 = CYLINDRICAL_SURFACE('',#7082,0.55);
#7082 = AXIS2_PLACEMENT_3D('',#7083,#7084,#7085);
#7083 = CARTESIAN_POINT('',(173.,-114.,-4.6E-02));
#7084 = DIRECTION('',(-0.,-0.,-1.));
#7085 = DIRECTION('',(-0.,-1.,0.));
#7086 = ADVANCED_FACE('',(#7087),#7098,.F.);
#7087 = FACE_BOUND('',#7088,.T.);
#7088 = EDGE_LOOP('',(#7089,#7090,#7096,#7097));
#7089 = ORIENTED_EDGE('',*,*,#4562,.T.);
#7090 = ORIENTED_EDGE('',*,*,#7091,.T.);
#7091 = EDGE_CURVE('',#4563,#5660,#7092,.T.);
#7092 = LINE('',#7093,#7094);
#7093 = CARTESIAN_POINT('',(173.5,-108.15,-4.6E-02));
#7094 = VECTOR('',#7095,1.);
#7095 = DIRECTION('',(0.,0.,1.));
#7096 = ORIENTED_EDGE('',*,*,#5659,.F.);
#7097 = ORIENTED_EDGE('',*,*,#7091,.F.);
#7098 = CYLINDRICAL_SURFACE('',#7099,0.4);
#7099 = AXIS2_PLACEMENT_3D('',#7100,#7101,#7102);
#7100 = CARTESIAN_POINT('',(173.5,-107.75,-4.6E-02));
#7101 = DIRECTION('',(-0.,-0.,-1.));
#7102 = DIRECTION('',(-0.,-1.,0.));
#7103 = ADVANCED_FACE('',(#7104),#7115,.F.);
#7104 = FACE_BOUND('',#7105,.T.);
#7105 = EDGE_LOOP('',(#7106,#7107,#7113,#7114));
#7106 = ORIENTED_EDGE('',*,*,#4573,.T.);
#7107 = ORIENTED_EDGE('',*,*,#7108,.T.);
#7108 = EDGE_CURVE('',#4574,#5671,#7109,.T.);
#7109 = LINE('',#7110,#7111);
#7110 = CARTESIAN_POINT('',(166.5,-104.05,-4.6E-02));
#7111 = VECTOR('',#7112,1.);
#7112 = DIRECTION('',(0.,0.,1.));
#7113 = ORIENTED_EDGE('',*,*,#5670,.F.);
#7114 = ORIENTED_EDGE('',*,*,#7108,.F.);
#7115 = CYLINDRICAL_SURFACE('',#7116,0.55);
#7116 = AXIS2_PLACEMENT_3D('',#7117,#7118,#7119);
#7117 = CARTESIAN_POINT('',(166.5,-103.5,-4.6E-02));
#7118 = DIRECTION('',(-0.,-0.,-1.));
#7119 = DIRECTION('',(-0.,-1.,0.));
#7120 = ADVANCED_FACE('',(#7121),#7132,.F.);
#7121 = FACE_BOUND('',#7122,.T.);
#7122 = EDGE_LOOP('',(#7123,#7124,#7130,#7131));
#7123 = ORIENTED_EDGE('',*,*,#4584,.T.);
#7124 = ORIENTED_EDGE('',*,*,#7125,.T.);
#7125 = EDGE_CURVE('',#4585,#5682,#7126,.T.);
#7126 = LINE('',#7127,#7128);
#7127 = CARTESIAN_POINT('',(166.5,-99.55,-4.6E-02));
#7128 = VECTOR('',#7129,1.);
#7129 = DIRECTION('',(0.,0.,1.));
#7130 = ORIENTED_EDGE('',*,*,#5681,.F.);
#7131 = ORIENTED_EDGE('',*,*,#7125,.F.);
#7132 = CYLINDRICAL_SURFACE('',#7133,0.55);
#7133 = AXIS2_PLACEMENT_3D('',#7134,#7135,#7136);
#7134 = CARTESIAN_POINT('',(166.5,-99.,-4.6E-02));
#7135 = DIRECTION('',(-0.,-0.,-1.));
#7136 = DIRECTION('',(-0.,-1.,0.));
#7137 = ADVANCED_FACE('',(#7138),#7149,.F.);
#7138 = FACE_BOUND('',#7139,.T.);
#7139 = EDGE_LOOP('',(#7140,#7141,#7147,#7148));
#7140 = ORIENTED_EDGE('',*,*,#4595,.T.);
#7141 = ORIENTED_EDGE('',*,*,#7142,.T.);
#7142 = EDGE_CURVE('',#4596,#5693,#7143,.T.);
#7143 = LINE('',#7144,#7145);
#7144 = CARTESIAN_POINT('',(173.,-104.05,-4.6E-02));
#7145 = VECTOR('',#7146,1.);
#7146 = DIRECTION('',(0.,0.,1.));
#7147 = ORIENTED_EDGE('',*,*,#5692,.F.);
#7148 = ORIENTED_EDGE('',*,*,#7142,.F.);
#7149 = CYLINDRICAL_SURFACE('',#7150,0.55);
#7150 = AXIS2_PLACEMENT_3D('',#7151,#7152,#7153);
#7151 = CARTESIAN_POINT('',(173.,-103.5,-4.6E-02));
#7152 = DIRECTION('',(-0.,-0.,-1.));
#7153 = DIRECTION('',(-0.,-1.,0.));
#7154 = ADVANCED_FACE('',(#7155),#7166,.F.);
#7155 = FACE_BOUND('',#7156,.T.);
#7156 = EDGE_LOOP('',(#7157,#7158,#7164,#7165));
#7157 = ORIENTED_EDGE('',*,*,#4606,.T.);
#7158 = ORIENTED_EDGE('',*,*,#7159,.T.);
#7159 = EDGE_CURVE('',#4607,#5704,#7160,.T.);
#7160 = LINE('',#7161,#7162);
#7161 = CARTESIAN_POINT('',(173.,-99.55,-4.6E-02));
#7162 = VECTOR('',#7163,1.);
#7163 = DIRECTION('',(0.,0.,1.));
#7164 = ORIENTED_EDGE('',*,*,#5703,.F.);
#7165 = ORIENTED_EDGE('',*,*,#7159,.F.);
#7166 = CYLINDRICAL_SURFACE('',#7167,0.55);
#7167 = AXIS2_PLACEMENT_3D('',#7168,#7169,#7170);
#7168 = CARTESIAN_POINT('',(173.,-99.,-4.6E-02));
#7169 = DIRECTION('',(-0.,-0.,-1.));
#7170 = DIRECTION('',(-0.,-1.,0.));
#7171 = ADVANCED_FACE('',(#7172),#7183,.F.);
#7172 = FACE_BOUND('',#7173,.T.);
#7173 = EDGE_LOOP('',(#7174,#7175,#7181,#7182));
#7174 = ORIENTED_EDGE('',*,*,#4617,.T.);
#7175 = ORIENTED_EDGE('',*,*,#7176,.T.);
#7176 = EDGE_CURVE('',#4618,#5715,#7177,.T.);
#7177 = LINE('',#7178,#7179);
#7178 = CARTESIAN_POINT('',(135.88,-93.15,-4.6E-02));
#7179 = VECTOR('',#7180,1.);
#7180 = DIRECTION('',(0.,0.,1.));
#7181 = ORIENTED_EDGE('',*,*,#5714,.F.);
#7182 = ORIENTED_EDGE('',*,*,#7176,.F.);
#7183 = CYLINDRICAL_SURFACE('',#7184,0.4);
#7184 = AXIS2_PLACEMENT_3D('',#7185,#7186,#7187);
#7185 = CARTESIAN_POINT('',(135.88,-92.75,-4.6E-02));
#7186 = DIRECTION('',(-0.,-0.,-1.));
#7187 = DIRECTION('',(-0.,-1.,0.));
#7188 = ADVANCED_FACE('',(#7189),#7200,.F.);
#7189 = FACE_BOUND('',#7190,.T.);
#7190 = EDGE_LOOP('',(#7191,#7192,#7198,#7199));
#7191 = ORIENTED_EDGE('',*,*,#4628,.T.);
#7192 = ORIENTED_EDGE('',*,*,#7193,.T.);
#7193 = EDGE_CURVE('',#4629,#5726,#7194,.T.);
#7194 = LINE('',#7195,#7196);
#7195 = CARTESIAN_POINT('',(136.5,-89.05,-4.6E-02));
#7196 = VECTOR('',#7197,1.);
#7197 = DIRECTION('',(0.,0.,1.));
#7198 = ORIENTED_EDGE('',*,*,#5725,.F.);
#7199 = ORIENTED_EDGE('',*,*,#7193,.F.);
#7200 = CYLINDRICAL_SURFACE('',#7201,0.55);
#7201 = AXIS2_PLACEMENT_3D('',#7202,#7203,#7204);
#7202 = CARTESIAN_POINT('',(136.5,-88.5,-4.6E-02));
#7203 = DIRECTION('',(-0.,-0.,-1.));
#7204 = DIRECTION('',(-0.,-1.,0.));
#7205 = ADVANCED_FACE('',(#7206),#7217,.F.);
#7206 = FACE_BOUND('',#7207,.T.);
#7207 = EDGE_LOOP('',(#7208,#7209,#7215,#7216));
#7208 = ORIENTED_EDGE('',*,*,#4639,.T.);
#7209 = ORIENTED_EDGE('',*,*,#7210,.T.);
#7210 = EDGE_CURVE('',#4640,#5737,#7211,.T.);
#7211 = LINE('',#7212,#7213);
#7212 = CARTESIAN_POINT('',(143.5,-93.15,-4.6E-02));
#7213 = VECTOR('',#7214,1.);
#7214 = DIRECTION('',(0.,0.,1.));
#7215 = ORIENTED_EDGE('',*,*,#5736,.F.);
#7216 = ORIENTED_EDGE('',*,*,#7210,.F.);
#7217 = CYLINDRICAL_SURFACE('',#7218,0.4);
#7218 = AXIS2_PLACEMENT_3D('',#7219,#7220,#7221);
#7219 = CARTESIAN_POINT('',(143.5,-92.75,-4.6E-02));
#7220 = DIRECTION('',(-0.,-0.,-1.));
#7221 = DIRECTION('',(-0.,-1.,0.));
#7222 = ADVANCED_FACE('',(#7223),#7234,.F.);
#7223 = FACE_BOUND('',#7224,.T.);
#7224 = EDGE_LOOP('',(#7225,#7226,#7232,#7233));
#7225 = ORIENTED_EDGE('',*,*,#4650,.T.);
#7226 = ORIENTED_EDGE('',*,*,#7227,.T.);
#7227 = EDGE_CURVE('',#4651,#5748,#7228,.T.);
#7228 = LINE('',#7229,#7230);
#7229 = CARTESIAN_POINT('',(143.,-89.05,-4.6E-02));
#7230 = VECTOR('',#7231,1.);
#7231 = DIRECTION('',(0.,0.,1.));
#7232 = ORIENTED_EDGE('',*,*,#5747,.F.);
#7233 = ORIENTED_EDGE('',*,*,#7227,.F.);
#7234 = CYLINDRICAL_SURFACE('',#7235,0.55);
#7235 = AXIS2_PLACEMENT_3D('',#7236,#7237,#7238);
#7236 = CARTESIAN_POINT('',(143.,-88.5,-4.6E-02));
#7237 = DIRECTION('',(-0.,-0.,-1.));
#7238 = DIRECTION('',(-0.,-1.,0.));
#7239 = ADVANCED_FACE('',(#7240),#7251,.F.);
#7240 = FACE_BOUND('',#7241,.T.);
#7241 = EDGE_LOOP('',(#7242,#7243,#7249,#7250));
#7242 = ORIENTED_EDGE('',*,*,#4661,.T.);
#7243 = ORIENTED_EDGE('',*,*,#7244,.T.);
#7244 = EDGE_CURVE('',#4662,#5759,#7245,.T.);
#7245 = LINE('',#7246,#7247);
#7246 = CARTESIAN_POINT('',(136.5,-84.55,-4.6E-02));
#7247 = VECTOR('',#7248,1.);
#7248 = DIRECTION('',(0.,0.,1.));
#7249 = ORIENTED_EDGE('',*,*,#5758,.F.);
#7250 = ORIENTED_EDGE('',*,*,#7244,.F.);
#7251 = CYLINDRICAL_SURFACE('',#7252,0.55);
#7252 = AXIS2_PLACEMENT_3D('',#7253,#7254,#7255);
#7253 = CARTESIAN_POINT('',(136.5,-84.,-4.6E-02));
#7254 = DIRECTION('',(-0.,-0.,-1.));
#7255 = DIRECTION('',(-0.,-1.,0.));
#7256 = ADVANCED_FACE('',(#7257),#7268,.F.);
#7257 = FACE_BOUND('',#7258,.T.);
#7258 = EDGE_LOOP('',(#7259,#7260,#7266,#7267));
#7259 = ORIENTED_EDGE('',*,*,#4672,.T.);
#7260 = ORIENTED_EDGE('',*,*,#7261,.T.);
#7261 = EDGE_CURVE('',#4673,#5770,#7262,.T.);
#7262 = LINE('',#7263,#7264);
#7263 = CARTESIAN_POINT('',(139.5,-80.05,-4.6E-02));
#7264 = VECTOR('',#7265,1.);
#7265 = DIRECTION('',(0.,0.,1.));
#7266 = ORIENTED_EDGE('',*,*,#5769,.F.);
#7267 = ORIENTED_EDGE('',*,*,#7261,.F.);
#7268 = CYLINDRICAL_SURFACE('',#7269,1.05);
#7269 = AXIS2_PLACEMENT_3D('',#7270,#7271,#7272);
#7270 = CARTESIAN_POINT('',(139.5,-79.,-4.6E-02));
#7271 = DIRECTION('',(-0.,-0.,-1.));
#7272 = DIRECTION('',(-0.,-1.,0.));
#7273 = ADVANCED_FACE('',(#7274),#7285,.F.);
#7274 = FACE_BOUND('',#7275,.T.);
#7275 = EDGE_LOOP('',(#7276,#7277,#7283,#7284));
#7276 = ORIENTED_EDGE('',*,*,#4683,.T.);
#7277 = ORIENTED_EDGE('',*,*,#7278,.T.);
#7278 = EDGE_CURVE('',#4684,#5781,#7279,.T.);
#7279 = LINE('',#7280,#7281);
#7280 = CARTESIAN_POINT('',(143.,-84.55,-4.6E-02));
#7281 = VECTOR('',#7282,1.);
#7282 = DIRECTION('',(0.,0.,1.));
#7283 = ORIENTED_EDGE('',*,*,#5780,.F.);
#7284 = ORIENTED_EDGE('',*,*,#7278,.F.);
#7285 = CYLINDRICAL_SURFACE('',#7286,0.55);
#7286 = AXIS2_PLACEMENT_3D('',#7287,#7288,#7289);
#7287 = CARTESIAN_POINT('',(143.,-84.,-4.6E-02));
#7288 = DIRECTION('',(-0.,-0.,-1.));
#7289 = DIRECTION('',(-0.,-1.,0.));
#7290 = ADVANCED_FACE('',(#7291),#7302,.F.);
#7291 = FACE_BOUND('',#7292,.T.);
#7292 = EDGE_LOOP('',(#7293,#7294,#7300,#7301));
#7293 = ORIENTED_EDGE('',*,*,#4694,.T.);
#7294 = ORIENTED_EDGE('',*,*,#7295,.T.);
#7295 = EDGE_CURVE('',#4695,#5792,#7296,.T.);
#7296 = LINE('',#7297,#7298);
#7297 = CARTESIAN_POINT('',(150.94,-93.15,-4.6E-02));
#7298 = VECTOR('',#7299,1.);
#7299 = DIRECTION('',(0.,0.,1.));
#7300 = ORIENTED_EDGE('',*,*,#5791,.F.);
#7301 = ORIENTED_EDGE('',*,*,#7295,.F.);
#7302 = CYLINDRICAL_SURFACE('',#7303,0.4);
#7303 = AXIS2_PLACEMENT_3D('',#7304,#7305,#7306);
#7304 = CARTESIAN_POINT('',(150.94,-92.75,-4.6E-02));
#7305 = DIRECTION('',(-0.,-0.,-1.));
#7306 = DIRECTION('',(-0.,-1.,0.));
#7307 = ADVANCED_FACE('',(#7308),#7319,.F.);
#7308 = FACE_BOUND('',#7309,.T.);
#7309 = EDGE_LOOP('',(#7310,#7311,#7317,#7318));
#7310 = ORIENTED_EDGE('',*,*,#4705,.T.);
#7311 = ORIENTED_EDGE('',*,*,#7312,.T.);
#7312 = EDGE_CURVE('',#4706,#5803,#7313,.T.);
#7313 = LINE('',#7314,#7315);
#7314 = CARTESIAN_POINT('',(151.5,-89.05,-4.6E-02));
#7315 = VECTOR('',#7316,1.);
#7316 = DIRECTION('',(0.,0.,1.));
#7317 = ORIENTED_EDGE('',*,*,#5802,.F.);
#7318 = ORIENTED_EDGE('',*,*,#7312,.F.);
#7319 = CYLINDRICAL_SURFACE('',#7320,0.55);
#7320 = AXIS2_PLACEMENT_3D('',#7321,#7322,#7323);
#7321 = CARTESIAN_POINT('',(151.5,-88.5,-4.6E-02));
#7322 = DIRECTION('',(-0.,-0.,-1.));
#7323 = DIRECTION('',(-0.,-1.,0.));
#7324 = ADVANCED_FACE('',(#7325),#7336,.F.);
#7325 = FACE_BOUND('',#7326,.T.);
#7326 = EDGE_LOOP('',(#7327,#7328,#7334,#7335));
#7327 = ORIENTED_EDGE('',*,*,#4716,.T.);
#7328 = ORIENTED_EDGE('',*,*,#7329,.T.);
#7329 = EDGE_CURVE('',#4717,#5814,#7330,.T.);
#7330 = LINE('',#7331,#7332);
#7331 = CARTESIAN_POINT('',(151.5,-84.55,-4.6E-02));
#7332 = VECTOR('',#7333,1.);
#7333 = DIRECTION('',(0.,0.,1.));
#7334 = ORIENTED_EDGE('',*,*,#5813,.F.);
#7335 = ORIENTED_EDGE('',*,*,#7329,.F.);
#7336 = CYLINDRICAL_SURFACE('',#7337,0.55);
#7337 = AXIS2_PLACEMENT_3D('',#7338,#7339,#7340);
#7338 = CARTESIAN_POINT('',(151.5,-84.,-4.6E-02));
#7339 = DIRECTION('',(-0.,-0.,-1.));
#7340 = DIRECTION('',(-0.,-1.,0.));
#7341 = ADVANCED_FACE('',(#7342),#7353,.F.);
#7342 = FACE_BOUND('',#7343,.T.);
#7343 = EDGE_LOOP('',(#7344,#7345,#7351,#7352));
#7344 = ORIENTED_EDGE('',*,*,#4727,.T.);
#7345 = ORIENTED_EDGE('',*,*,#7346,.T.);
#7346 = EDGE_CURVE('',#4728,#5825,#7347,.T.);
#7347 = LINE('',#7348,#7349);
#7348 = CARTESIAN_POINT('',(154.13,-78.67,-4.6E-02));
#7349 = VECTOR('',#7350,1.);
#7350 = DIRECTION('',(0.,0.,1.));
#7351 = ORIENTED_EDGE('',*,*,#5824,.F.);
#7352 = ORIENTED_EDGE('',*,*,#7346,.F.);
#7353 = CYLINDRICAL_SURFACE('',#7354,0.42);
#7354 = AXIS2_PLACEMENT_3D('',#7355,#7356,#7357);
#7355 = CARTESIAN_POINT('',(154.13,-78.25,-4.6E-02));
#7356 = DIRECTION('',(-0.,-0.,-1.));
#7357 = DIRECTION('',(-0.,-1.,0.));
#7358 = ADVANCED_FACE('',(#7359),#7370,.F.);
#7359 = FACE_BOUND('',#7360,.T.);
#7360 = EDGE_LOOP('',(#7361,#7362,#7368,#7369));
#7361 = ORIENTED_EDGE('',*,*,#4738,.T.);
#7362 = ORIENTED_EDGE('',*,*,#7363,.T.);
#7363 = EDGE_CURVE('',#4739,#5836,#7364,.T.);
#7364 = LINE('',#7365,#7366);
#7365 = CARTESIAN_POINT('',(136.5,-75.37,-4.6E-02));
#7366 = VECTOR('',#7367,1.);
#7367 = DIRECTION('',(0.,0.,1.));
#7368 = ORIENTED_EDGE('',*,*,#5835,.F.);
#7369 = ORIENTED_EDGE('',*,*,#7363,.F.);
#7370 = CYLINDRICAL_SURFACE('',#7371,0.5);
#7371 = AXIS2_PLACEMENT_3D('',#7372,#7373,#7374);
#7372 = CARTESIAN_POINT('',(136.5,-74.87,-4.6E-02));
#7373 = DIRECTION('',(-0.,-0.,-1.));
#7374 = DIRECTION('',(-0.,-1.,0.));
#7375 = ADVANCED_FACE('',(#7376),#7387,.F.);
#7376 = FACE_BOUND('',#7377,.T.);
#7377 = EDGE_LOOP('',(#7378,#7379,#7385,#7386));
#7378 = ORIENTED_EDGE('',*,*,#4749,.T.);
#7379 = ORIENTED_EDGE('',*,*,#7380,.T.);
#7380 = EDGE_CURVE('',#4750,#5847,#7381,.T.);
#7381 = LINE('',#7382,#7383);
#7382 = CARTESIAN_POINT('',(136.5,-72.83,-4.6E-02));
#7383 = VECTOR('',#7384,1.);
#7384 = DIRECTION('',(0.,0.,1.));
#7385 = ORIENTED_EDGE('',*,*,#5846,.F.);
#7386 = ORIENTED_EDGE('',*,*,#7380,.F.);
#7387 = CYLINDRICAL_SURFACE('',#7388,0.5);
#7388 = AXIS2_PLACEMENT_3D('',#7389,#7390,#7391);
#7389 = CARTESIAN_POINT('',(136.5,-72.33,-4.6E-02));
#7390 = DIRECTION('',(-0.,-0.,-1.));
#7391 = DIRECTION('',(-0.,-1.,0.));
#7392 = ADVANCED_FACE('',(#7393),#7404,.F.);
#7393 = FACE_BOUND('',#7394,.T.);
#7394 = EDGE_LOOP('',(#7395,#7396,#7402,#7403));
#7395 = ORIENTED_EDGE('',*,*,#4760,.T.);
#7396 = ORIENTED_EDGE('',*,*,#7397,.T.);
#7397 = EDGE_CURVE('',#4761,#5858,#7398,.T.);
#7398 = LINE('',#7399,#7400);
#7399 = CARTESIAN_POINT('',(136.5,-70.29,-4.6E-02));
#7400 = VECTOR('',#7401,1.);
#7401 = DIRECTION('',(0.,0.,1.));
#7402 = ORIENTED_EDGE('',*,*,#5857,.F.);
#7403 = ORIENTED_EDGE('',*,*,#7397,.F.);
#7404 = CYLINDRICAL_SURFACE('',#7405,0.5);
#7405 = AXIS2_PLACEMENT_3D('',#7406,#7407,#7408);
#7406 = CARTESIAN_POINT('',(136.5,-69.79,-4.6E-02));
#7407 = DIRECTION('',(-0.,-0.,-1.));
#7408 = DIRECTION('',(-0.,-1.,0.));
#7409 = ADVANCED_FACE('',(#7410),#7421,.F.);
#7410 = FACE_BOUND('',#7411,.T.);
#7411 = EDGE_LOOP('',(#7412,#7413,#7419,#7420));
#7412 = ORIENTED_EDGE('',*,*,#4771,.T.);
#7413 = ORIENTED_EDGE('',*,*,#7414,.T.);
#7414 = EDGE_CURVE('',#4772,#5869,#7415,.T.);
#7415 = LINE('',#7416,#7417);
#7416 = CARTESIAN_POINT('',(136.5,-67.75,-4.6E-02));
#7417 = VECTOR('',#7418,1.);
#7418 = DIRECTION('',(0.,0.,1.));
#7419 = ORIENTED_EDGE('',*,*,#5868,.F.);
#7420 = ORIENTED_EDGE('',*,*,#7414,.F.);
#7421 = CYLINDRICAL_SURFACE('',#7422,0.5);
#7422 = AXIS2_PLACEMENT_3D('',#7423,#7424,#7425);
#7423 = CARTESIAN_POINT('',(136.5,-67.25,-4.6E-02));
#7424 = DIRECTION('',(-0.,-0.,-1.));
#7425 = DIRECTION('',(-0.,-1.,0.));
#7426 = ADVANCED_FACE('',(#7427),#7438,.F.);
#7427 = FACE_BOUND('',#7428,.T.);
#7428 = EDGE_LOOP('',(#7429,#7430,#7436,#7437));
#7429 = ORIENTED_EDGE('',*,*,#4782,.T.);
#7430 = ORIENTED_EDGE('',*,*,#7431,.T.);
#7431 = EDGE_CURVE('',#4783,#5880,#7432,.T.);
#7432 = LINE('',#7433,#7434);
#7433 = CARTESIAN_POINT('',(154.13,-63.43,-4.6E-02));
#7434 = VECTOR('',#7435,1.);
#7435 = DIRECTION('',(0.,0.,1.));
#7436 = ORIENTED_EDGE('',*,*,#5879,.F.);
#7437 = ORIENTED_EDGE('',*,*,#7431,.F.);
#7438 = CYLINDRICAL_SURFACE('',#7439,0.42);
#7439 = AXIS2_PLACEMENT_3D('',#7440,#7441,#7442);
#7440 = CARTESIAN_POINT('',(154.13,-63.01,-4.6E-02));
#7441 = DIRECTION('',(-0.,-0.,-1.));
#7442 = DIRECTION('',(-0.,-1.,0.));
#7443 = ADVANCED_FACE('',(#7444),#7455,.F.);
#7444 = FACE_BOUND('',#7445,.T.);
#7445 = EDGE_LOOP('',(#7446,#7447,#7453,#7454));
#7446 = ORIENTED_EDGE('',*,*,#4793,.T.);
#7447 = ORIENTED_EDGE('',*,*,#7448,.T.);
#7448 = EDGE_CURVE('',#4794,#5891,#7449,.T.);
#7449 = LINE('',#7450,#7451);
#7450 = CARTESIAN_POINT('',(158.56,-93.15,-4.6E-02));
#7451 = VECTOR('',#7452,1.);
#7452 = DIRECTION('',(0.,0.,1.));
#7453 = ORIENTED_EDGE('',*,*,#5890,.F.);
#7454 = ORIENTED_EDGE('',*,*,#7448,.F.);
#7455 = CYLINDRICAL_SURFACE('',#7456,0.4);
#7456 = AXIS2_PLACEMENT_3D('',#7457,#7458,#7459);
#7457 = CARTESIAN_POINT('',(158.56,-92.75,-4.6E-02));
#7458 = DIRECTION('',(-0.,-0.,-1.));
#7459 = DIRECTION('',(-0.,-1.,0.));
#7460 = ADVANCED_FACE('',(#7461),#7472,.F.);
#7461 = FACE_BOUND('',#7462,.T.);
#7462 = EDGE_LOOP('',(#7463,#7464,#7470,#7471));
#7463 = ORIENTED_EDGE('',*,*,#4804,.T.);
#7464 = ORIENTED_EDGE('',*,*,#7465,.T.);
#7465 = EDGE_CURVE('',#4805,#5902,#7466,.T.);
#7466 = LINE('',#7467,#7468);
#7467 = CARTESIAN_POINT('',(158.,-89.05,-4.6E-02));
#7468 = VECTOR('',#7469,1.);
#7469 = DIRECTION('',(0.,0.,1.));
#7470 = ORIENTED_EDGE('',*,*,#5901,.F.);
#7471 = ORIENTED_EDGE('',*,*,#7465,.F.);
#7472 = CYLINDRICAL_SURFACE('',#7473,0.55);
#7473 = AXIS2_PLACEMENT_3D('',#7474,#7475,#7476);
#7474 = CARTESIAN_POINT('',(158.,-88.5,-4.6E-02));
#7475 = DIRECTION('',(-0.,-0.,-1.));
#7476 = DIRECTION('',(-0.,-1.,0.));
#7477 = ADVANCED_FACE('',(#7478),#7489,.F.);
#7478 = FACE_BOUND('',#7479,.T.);
#7479 = EDGE_LOOP('',(#7480,#7481,#7487,#7488));
#7480 = ORIENTED_EDGE('',*,*,#4815,.T.);
#7481 = ORIENTED_EDGE('',*,*,#7482,.T.);
#7482 = EDGE_CURVE('',#4816,#5913,#7483,.T.);
#7483 = LINE('',#7484,#7485);
#7484 = CARTESIAN_POINT('',(158.,-84.55,-4.6E-02));
#7485 = VECTOR('',#7486,1.);
#7486 = DIRECTION('',(0.,0.,1.));
#7487 = ORIENTED_EDGE('',*,*,#5912,.F.);
#7488 = ORIENTED_EDGE('',*,*,#7482,.F.);
#7489 = CYLINDRICAL_SURFACE('',#7490,0.55);
#7490 = AXIS2_PLACEMENT_3D('',#7491,#7492,#7493);
#7491 = CARTESIAN_POINT('',(158.,-84.,-4.6E-02));
#7492 = DIRECTION('',(-0.,-0.,-1.));
#7493 = DIRECTION('',(-0.,-1.,0.));
#7494 = ADVANCED_FACE('',(#7495),#7506,.F.);
#7495 = FACE_BOUND('',#7496,.T.);
#7496 = EDGE_LOOP('',(#7497,#7498,#7504,#7505));
#7497 = ORIENTED_EDGE('',*,*,#4826,.T.);
#7498 = ORIENTED_EDGE('',*,*,#7499,.T.);
#7499 = EDGE_CURVE('',#4827,#5924,#7500,.T.);
#7500 = LINE('',#7501,#7502);
#7501 = CARTESIAN_POINT('',(156.67,-78.67,-4.6E-02));
#7502 = VECTOR('',#7503,1.);
#7503 = DIRECTION('',(0.,0.,1.));
#7504 = ORIENTED_EDGE('',*,*,#5923,.F.);
#7505 = ORIENTED_EDGE('',*,*,#7499,.F.);
#7506 = CYLINDRICAL_SURFACE('',#7507,0.42);
#7507 = AXIS2_PLACEMENT_3D('',#7508,#7509,#7510);
#7508 = CARTESIAN_POINT('',(156.67,-78.25,-4.6E-02));
#7509 = DIRECTION('',(-0.,-0.,-1.));
#7510 = DIRECTION('',(-6.767073673906E-14,-1.,0.));
#7511 = ADVANCED_FACE('',(#7512),#7523,.F.);
#7512 = FACE_BOUND('',#7513,.T.);
#7513 = EDGE_LOOP('',(#7514,#7515,#7521,#7522));
#7514 = ORIENTED_EDGE('',*,*,#4837,.T.);
#7515 = ORIENTED_EDGE('',*,*,#7516,.T.);
#7516 = EDGE_CURVE('',#4838,#5935,#7517,.T.);
#7517 = LINE('',#7518,#7519);
#7518 = CARTESIAN_POINT('',(159.21,-78.67,-4.6E-02));
#7519 = VECTOR('',#7520,1.);
#7520 = DIRECTION('',(0.,0.,1.));
#7521 = ORIENTED_EDGE('',*,*,#5934,.F.);
#7522 = ORIENTED_EDGE('',*,*,#7516,.F.);
#7523 = CYLINDRICAL_SURFACE('',#7524,0.42);
#7524 = AXIS2_PLACEMENT_3D('',#7525,#7526,#7527);
#7525 = CARTESIAN_POINT('',(159.21,-78.25,-4.6E-02));
#7526 = DIRECTION('',(-0.,0.,-1.));
#7527 = DIRECTION('',(6.767073673905E-14,-1.,-0.));
#7528 = ADVANCED_FACE('',(#7529),#7540,.F.);
#7529 = FACE_BOUND('',#7530,.T.);
#7530 = EDGE_LOOP('',(#7531,#7532,#7538,#7539));
#7531 = ORIENTED_EDGE('',*,*,#4848,.T.);
#7532 = ORIENTED_EDGE('',*,*,#7533,.T.);
#7533 = EDGE_CURVE('',#4849,#5946,#7534,.T.);
#7534 = LINE('',#7535,#7536);
#7535 = CARTESIAN_POINT('',(161.75,-78.67,-4.6E-02));
#7536 = VECTOR('',#7537,1.);
#7537 = DIRECTION('',(0.,0.,1.));
#7538 = ORIENTED_EDGE('',*,*,#5945,.F.);
#7539 = ORIENTED_EDGE('',*,*,#7533,.F.);
#7540 = CYLINDRICAL_SURFACE('',#7541,0.42);
#7541 = AXIS2_PLACEMENT_3D('',#7542,#7543,#7544);
#7542 = CARTESIAN_POINT('',(161.75,-78.25,-4.6E-02));
#7543 = DIRECTION('',(-0.,-0.,-1.));
#7544 = DIRECTION('',(-0.,-1.,0.));
#7545 = ADVANCED_FACE('',(#7546),#7557,.F.);
#7546 = FACE_BOUND('',#7547,.T.);
#7547 = EDGE_LOOP('',(#7548,#7549,#7555,#7556));
#7548 = ORIENTED_EDGE('',*,*,#4859,.T.);
#7549 = ORIENTED_EDGE('',*,*,#7550,.T.);
#7550 = EDGE_CURVE('',#4860,#5957,#7551,.T.);
#7551 = LINE('',#7552,#7553);
#7552 = CARTESIAN_POINT('',(164.29,-78.67,-4.6E-02));
#7553 = VECTOR('',#7554,1.);
#7554 = DIRECTION('',(0.,0.,1.));
#7555 = ORIENTED_EDGE('',*,*,#5956,.F.);
#7556 = ORIENTED_EDGE('',*,*,#7550,.F.);
#7557 = CYLINDRICAL_SURFACE('',#7558,0.42);
#7558 = AXIS2_PLACEMENT_3D('',#7559,#7560,#7561);
#7559 = CARTESIAN_POINT('',(164.29,-78.25,-4.6E-02));
#7560 = DIRECTION('',(-0.,-0.,-1.));
#7561 = DIRECTION('',(-6.767073673906E-14,-1.,0.));
#7562 = ADVANCED_FACE('',(#7563),#7574,.F.);
#7563 = FACE_BOUND('',#7564,.T.);
#7564 = EDGE_LOOP('',(#7565,#7566,#7572,#7573));
#7565 = ORIENTED_EDGE('',*,*,#4870,.T.);
#7566 = ORIENTED_EDGE('',*,*,#7567,.T.);
#7567 = EDGE_CURVE('',#4871,#5968,#7568,.T.);
#7568 = LINE('',#7569,#7570);
#7569 = CARTESIAN_POINT('',(165.94,-93.15,-4.6E-02));
#7570 = VECTOR('',#7571,1.);
#7571 = DIRECTION('',(0.,0.,1.));
#7572 = ORIENTED_EDGE('',*,*,#5967,.F.);
#7573 = ORIENTED_EDGE('',*,*,#7567,.F.);
#7574 = CYLINDRICAL_SURFACE('',#7575,0.4);
#7575 = AXIS2_PLACEMENT_3D('',#7576,#7577,#7578);
#7576 = CARTESIAN_POINT('',(165.94,-92.75,-4.6E-02));
#7577 = DIRECTION('',(-0.,-0.,-1.));
#7578 = DIRECTION('',(-0.,-1.,0.));
#7579 = ADVANCED_FACE('',(#7580),#7591,.F.);
#7580 = FACE_BOUND('',#7581,.T.);
#7581 = EDGE_LOOP('',(#7582,#7583,#7589,#7590));
#7582 = ORIENTED_EDGE('',*,*,#4881,.T.);
#7583 = ORIENTED_EDGE('',*,*,#7584,.T.);
#7584 = EDGE_CURVE('',#4882,#5979,#7585,.T.);
#7585 = LINE('',#7586,#7587);
#7586 = CARTESIAN_POINT('',(166.5,-89.05,-4.6E-02));
#7587 = VECTOR('',#7588,1.);
#7588 = DIRECTION('',(0.,0.,1.));
#7589 = ORIENTED_EDGE('',*,*,#5978,.F.);
#7590 = ORIENTED_EDGE('',*,*,#7584,.F.);
#7591 = CYLINDRICAL_SURFACE('',#7592,0.55);
#7592 = AXIS2_PLACEMENT_3D('',#7593,#7594,#7595);
#7593 = CARTESIAN_POINT('',(166.5,-88.5,-4.6E-02));
#7594 = DIRECTION('',(-0.,-0.,-1.));
#7595 = DIRECTION('',(-0.,-1.,0.));
#7596 = ADVANCED_FACE('',(#7597),#7608,.F.);
#7597 = FACE_BOUND('',#7598,.T.);
#7598 = EDGE_LOOP('',(#7599,#7600,#7606,#7607));
#7599 = ORIENTED_EDGE('',*,*,#4892,.T.);
#7600 = ORIENTED_EDGE('',*,*,#7601,.T.);
#7601 = EDGE_CURVE('',#4893,#5990,#7602,.T.);
#7602 = LINE('',#7603,#7604);
#7603 = CARTESIAN_POINT('',(173.56,-93.15,-4.6E-02));
#7604 = VECTOR('',#7605,1.);
#7605 = DIRECTION('',(0.,0.,1.));
#7606 = ORIENTED_EDGE('',*,*,#5989,.F.);
#7607 = ORIENTED_EDGE('',*,*,#7601,.F.);
#7608 = CYLINDRICAL_SURFACE('',#7609,0.4);
#7609 = AXIS2_PLACEMENT_3D('',#7610,#7611,#7612);
#7610 = CARTESIAN_POINT('',(173.56,-92.75,-4.6E-02));
#7611 = DIRECTION('',(-0.,-0.,-1.));
#7612 = DIRECTION('',(-0.,-1.,0.));
#7613 = ADVANCED_FACE('',(#7614),#7625,.F.);
#7614 = FACE_BOUND('',#7615,.T.);
#7615 = EDGE_LOOP('',(#7616,#7617,#7623,#7624));
#7616 = ORIENTED_EDGE('',*,*,#4903,.T.);
#7617 = ORIENTED_EDGE('',*,*,#7618,.T.);
#7618 = EDGE_CURVE('',#4904,#6001,#7619,.T.);
#7619 = LINE('',#7620,#7621);
#7620 = CARTESIAN_POINT('',(173.,-89.05,-4.6E-02));
#7621 = VECTOR('',#7622,1.);
#7622 = DIRECTION('',(0.,0.,1.));
#7623 = ORIENTED_EDGE('',*,*,#6000,.F.);
#7624 = ORIENTED_EDGE('',*,*,#7618,.F.);
#7625 = CYLINDRICAL_SURFACE('',#7626,0.55);
#7626 = AXIS2_PLACEMENT_3D('',#7627,#7628,#7629);
#7627 = CARTESIAN_POINT('',(173.,-88.5,-4.6E-02));
#7628 = DIRECTION('',(-0.,-0.,-1.));
#7629 = DIRECTION('',(-0.,-1.,0.));
#7630 = ADVANCED_FACE('',(#7631),#7642,.F.);
#7631 = FACE_BOUND('',#7632,.T.);
#7632 = EDGE_LOOP('',(#7633,#7634,#7640,#7641));
#7633 = ORIENTED_EDGE('',*,*,#4914,.T.);
#7634 = ORIENTED_EDGE('',*,*,#7635,.T.);
#7635 = EDGE_CURVE('',#4915,#6012,#7636,.T.);
#7636 = LINE('',#7637,#7638);
#7637 = CARTESIAN_POINT('',(166.5,-84.55,-4.6E-02));
#7638 = VECTOR('',#7639,1.);
#7639 = DIRECTION('',(0.,0.,1.));
#7640 = ORIENTED_EDGE('',*,*,#6011,.F.);
#7641 = ORIENTED_EDGE('',*,*,#7635,.F.);
#7642 = CYLINDRICAL_SURFACE('',#7643,0.55);
#7643 = AXIS2_PLACEMENT_3D('',#7644,#7645,#7646);
#7644 = CARTESIAN_POINT('',(166.5,-84.,-4.6E-02));
#7645 = DIRECTION('',(-0.,-0.,-1.));
#7646 = DIRECTION('',(-0.,-1.,0.));
#7647 = ADVANCED_FACE('',(#7648),#7659,.F.);
#7648 = FACE_BOUND('',#7649,.T.);
#7649 = EDGE_LOOP('',(#7650,#7651,#7657,#7658));
#7650 = ORIENTED_EDGE('',*,*,#4925,.T.);
#7651 = ORIENTED_EDGE('',*,*,#7652,.T.);
#7652 = EDGE_CURVE('',#4926,#6023,#7653,.T.);
#7653 = LINE('',#7654,#7655);
#7654 = CARTESIAN_POINT('',(166.83,-78.67,-4.6E-02));
#7655 = VECTOR('',#7656,1.);
#7656 = DIRECTION('',(0.,0.,1.));
#7657 = ORIENTED_EDGE('',*,*,#6022,.F.);
#7658 = ORIENTED_EDGE('',*,*,#7652,.F.);
#7659 = CYLINDRICAL_SURFACE('',#7660,0.42);
#7660 = AXIS2_PLACEMENT_3D('',#7661,#7662,#7663);
#7661 = CARTESIAN_POINT('',(166.83,-78.25,-4.6E-02));
#7662 = DIRECTION('',(-0.,0.,-1.));
#7663 = DIRECTION('',(6.767073673905E-14,-1.,-0.));
#7664 = ADVANCED_FACE('',(#7665),#7676,.F.);
#7665 = FACE_BOUND('',#7666,.T.);
#7666 = EDGE_LOOP('',(#7667,#7668,#7674,#7675));
#7667 = ORIENTED_EDGE('',*,*,#4936,.T.);
#7668 = ORIENTED_EDGE('',*,*,#7669,.T.);
#7669 = EDGE_CURVE('',#4937,#6034,#7670,.T.);
#7670 = LINE('',#7671,#7672);
#7671 = CARTESIAN_POINT('',(169.37,-78.67,-4.6E-02));
#7672 = VECTOR('',#7673,1.);
#7673 = DIRECTION('',(0.,0.,1.));
#7674 = ORIENTED_EDGE('',*,*,#6033,.F.);
#7675 = ORIENTED_EDGE('',*,*,#7669,.F.);
#7676 = CYLINDRICAL_SURFACE('',#7677,0.42);
#7677 = AXIS2_PLACEMENT_3D('',#7678,#7679,#7680);
#7678 = CARTESIAN_POINT('',(169.37,-78.25,-4.6E-02));
#7679 = DIRECTION('',(-0.,-0.,-1.));
#7680 = DIRECTION('',(-0.,-1.,0.));
#7681 = ADVANCED_FACE('',(#7682),#7693,.F.);
#7682 = FACE_BOUND('',#7683,.T.);
#7683 = EDGE_LOOP('',(#7684,#7685,#7691,#7692));
#7684 = ORIENTED_EDGE('',*,*,#4947,.T.);
#7685 = ORIENTED_EDGE('',*,*,#7686,.T.);
#7686 = EDGE_CURVE('',#4948,#6045,#7687,.T.);
#7687 = LINE('',#7688,#7689);
#7688 = CARTESIAN_POINT('',(173.,-84.55,-4.6E-02));
#7689 = VECTOR('',#7690,1.);
#7690 = DIRECTION('',(0.,0.,1.));
#7691 = ORIENTED_EDGE('',*,*,#6044,.F.);
#7692 = ORIENTED_EDGE('',*,*,#7686,.F.);
#7693 = CYLINDRICAL_SURFACE('',#7694,0.55);
#7694 = AXIS2_PLACEMENT_3D('',#7695,#7696,#7697);
#7695 = CARTESIAN_POINT('',(173.,-84.,-4.6E-02));
#7696 = DIRECTION('',(-0.,-0.,-1.));
#7697 = DIRECTION('',(-0.,-1.,0.));
#7698 = ADVANCED_FACE('',(#7699),#7710,.F.);
#7699 = FACE_BOUND('',#7700,.T.);
#7700 = EDGE_LOOP('',(#7701,#7702,#7708,#7709));
#7701 = ORIENTED_EDGE('',*,*,#4958,.T.);
#7702 = ORIENTED_EDGE('',*,*,#7703,.T.);
#7703 = EDGE_CURVE('',#4959,#6056,#7704,.T.);
#7704 = LINE('',#7705,#7706);
#7705 = CARTESIAN_POINT('',(171.91,-78.67,-4.6E-02));
#7706 = VECTOR('',#7707,1.);
#7707 = DIRECTION('',(0.,0.,1.));
#7708 = ORIENTED_EDGE('',*,*,#6055,.F.);
#7709 = ORIENTED_EDGE('',*,*,#7703,.F.);
#7710 = CYLINDRICAL_SURFACE('',#7711,0.42);
#7711 = AXIS2_PLACEMENT_3D('',#7712,#7713,#7714);
#7712 = CARTESIAN_POINT('',(171.91,-78.25,-4.6E-02));
#7713 = DIRECTION('',(-0.,-0.,-1.));
#7714 = DIRECTION('',(-6.767073673906E-14,-1.,0.));
#7715 = ADVANCED_FACE('',(#7716),#7727,.F.);
#7716 = FACE_BOUND('',#7717,.T.);
#7717 = EDGE_LOOP('',(#7718,#7719,#7725,#7726));
#7718 = ORIENTED_EDGE('',*,*,#4969,.T.);
#7719 = ORIENTED_EDGE('',*,*,#7720,.T.);
#7720 = EDGE_CURVE('',#4970,#6067,#7721,.T.);
#7721 = LINE('',#7722,#7723);
#7722 = CARTESIAN_POINT('',(156.67,-63.43,-4.6E-02));
#7723 = VECTOR('',#7724,1.);
#7724 = DIRECTION('',(0.,0.,1.));
#7725 = ORIENTED_EDGE('',*,*,#6066,.F.);
#7726 = ORIENTED_EDGE('',*,*,#7720,.F.);
#7727 = CYLINDRICAL_SURFACE('',#7728,0.42);
#7728 = AXIS2_PLACEMENT_3D('',#7729,#7730,#7731);
#7729 = CARTESIAN_POINT('',(156.67,-63.01,-4.6E-02));
#7730 = DIRECTION('',(-0.,-0.,-1.));
#7731 = DIRECTION('',(-6.767073673906E-14,-1.,0.));
#7732 = ADVANCED_FACE('',(#7733),#7744,.F.);
#7733 = FACE_BOUND('',#7734,.T.);
#7734 = EDGE_LOOP('',(#7735,#7736,#7742,#7743));
#7735 = ORIENTED_EDGE('',*,*,#4980,.T.);
#7736 = ORIENTED_EDGE('',*,*,#7737,.T.);
#7737 = EDGE_CURVE('',#4981,#6078,#7738,.T.);
#7738 = LINE('',#7739,#7740);
#7739 = CARTESIAN_POINT('',(159.21,-63.43,-4.6E-02));
#7740 = VECTOR('',#7741,1.);
#7741 = DIRECTION('',(0.,0.,1.));
#7742 = ORIENTED_EDGE('',*,*,#6077,.F.);
#7743 = ORIENTED_EDGE('',*,*,#7737,.F.);
#7744 = CYLINDRICAL_SURFACE('',#7745,0.42);
#7745 = AXIS2_PLACEMENT_3D('',#7746,#7747,#7748);
#7746 = CARTESIAN_POINT('',(159.21,-63.01,-4.6E-02));
#7747 = DIRECTION('',(-0.,0.,-1.));
#7748 = DIRECTION('',(6.767073673905E-14,-1.,-0.));
#7749 = ADVANCED_FACE('',(#7750),#7761,.F.);
#7750 = FACE_BOUND('',#7751,.T.);
#7751 = EDGE_LOOP('',(#7752,#7753,#7759,#7760));
#7752 = ORIENTED_EDGE('',*,*,#4991,.T.);
#7753 = ORIENTED_EDGE('',*,*,#7754,.T.);
#7754 = EDGE_CURVE('',#4992,#6089,#7755,.T.);
#7755 = LINE('',#7756,#7757);
#7756 = CARTESIAN_POINT('',(161.75,-63.43,-4.6E-02));
#7757 = VECTOR('',#7758,1.);
#7758 = DIRECTION('',(0.,0.,1.));
#7759 = ORIENTED_EDGE('',*,*,#6088,.F.);
#7760 = ORIENTED_EDGE('',*,*,#7754,.F.);
#7761 = CYLINDRICAL_SURFACE('',#7762,0.42);
#7762 = AXIS2_PLACEMENT_3D('',#7763,#7764,#7765);
#7763 = CARTESIAN_POINT('',(161.75,-63.01,-4.6E-02));
#7764 = DIRECTION('',(-0.,-0.,-1.));
#7765 = DIRECTION('',(-0.,-1.,0.));
#7766 = ADVANCED_FACE('',(#7767),#7778,.F.);
#7767 = FACE_BOUND('',#7768,.T.);
#7768 = EDGE_LOOP('',(#7769,#7770,#7776,#7777));
#7769 = ORIENTED_EDGE('',*,*,#5002,.T.);
#7770 = ORIENTED_EDGE('',*,*,#7771,.T.);
#7771 = EDGE_CURVE('',#5003,#6100,#7772,.T.);
#7772 = LINE('',#7773,#7774);
#7773 = CARTESIAN_POINT('',(164.29,-63.43,-4.6E-02));
#7774 = VECTOR('',#7775,1.);
#7775 = DIRECTION('',(0.,0.,1.));
#7776 = ORIENTED_EDGE('',*,*,#6099,.F.);
#7777 = ORIENTED_EDGE('',*,*,#7771,.F.);
#7778 = CYLINDRICAL_SURFACE('',#7779,0.42);
#7779 = AXIS2_PLACEMENT_3D('',#7780,#7781,#7782);
#7780 = CARTESIAN_POINT('',(164.29,-63.01,-4.6E-02));
#7781 = DIRECTION('',(-0.,-0.,-1.));
#7782 = DIRECTION('',(-6.767073673906E-14,-1.,0.));
#7783 = ADVANCED_FACE('',(#7784),#7795,.F.);
#7784 = FACE_BOUND('',#7785,.T.);
#7785 = EDGE_LOOP('',(#7786,#7787,#7793,#7794));
#7786 = ORIENTED_EDGE('',*,*,#5013,.T.);
#7787 = ORIENTED_EDGE('',*,*,#7788,.T.);
#7788 = EDGE_CURVE('',#5014,#6111,#7789,.T.);
#7789 = LINE('',#7790,#7791);
#7790 = CARTESIAN_POINT('',(166.83,-63.43,-4.6E-02));
#7791 = VECTOR('',#7792,1.);
#7792 = DIRECTION('',(0.,0.,1.));
#7793 = ORIENTED_EDGE('',*,*,#6110,.F.);
#7794 = ORIENTED_EDGE('',*,*,#7788,.F.);
#7795 = CYLINDRICAL_SURFACE('',#7796,0.42);
#7796 = AXIS2_PLACEMENT_3D('',#7797,#7798,#7799);
#7797 = CARTESIAN_POINT('',(166.83,-63.01,-4.6E-02));
#7798 = DIRECTION('',(-0.,0.,-1.));
#7799 = DIRECTION('',(6.767073673905E-14,-1.,-0.));
#7800 = ADVANCED_FACE('',(#7801),#7812,.F.);
#7801 = FACE_BOUND('',#7802,.T.);
#7802 = EDGE_LOOP('',(#7803,#7804,#7810,#7811));
#7803 = ORIENTED_EDGE('',*,*,#5024,.T.);
#7804 = ORIENTED_EDGE('',*,*,#7805,.T.);
#7805 = EDGE_CURVE('',#5025,#6122,#7806,.T.);
#7806 = LINE('',#7807,#7808);
#7807 = CARTESIAN_POINT('',(169.37,-63.43,-4.6E-02));
#7808 = VECTOR('',#7809,1.);
#7809 = DIRECTION('',(0.,0.,1.));
#7810 = ORIENTED_EDGE('',*,*,#6121,.F.);
#7811 = ORIENTED_EDGE('',*,*,#7805,.F.);
#7812 = CYLINDRICAL_SURFACE('',#7813,0.42);
#7813 = AXIS2_PLACEMENT_3D('',#7814,#7815,#7816);
#7814 = CARTESIAN_POINT('',(169.37,-63.01,-4.6E-02));
#7815 = DIRECTION('',(-0.,-0.,-1.));
#7816 = DIRECTION('',(-0.,-1.,0.));
#7817 = ADVANCED_FACE('',(#7818),#7829,.F.);
#7818 = FACE_BOUND('',#7819,.T.);
#7819 = EDGE_LOOP('',(#7820,#7821,#7827,#7828));
#7820 = ORIENTED_EDGE('',*,*,#5035,.T.);
#7821 = ORIENTED_EDGE('',*,*,#7822,.T.);
#7822 = EDGE_CURVE('',#5036,#6133,#7823,.T.);
#7823 = LINE('',#7824,#7825);
#7824 = CARTESIAN_POINT('',(171.91,-63.43,-4.6E-02));
#7825 = VECTOR('',#7826,1.);
#7826 = DIRECTION('',(0.,0.,1.));
#7827 = ORIENTED_EDGE('',*,*,#6132,.F.);
#7828 = ORIENTED_EDGE('',*,*,#7822,.F.);
#7829 = CYLINDRICAL_SURFACE('',#7830,0.42);
#7830 = AXIS2_PLACEMENT_3D('',#7831,#7832,#7833);
#7831 = CARTESIAN_POINT('',(171.91,-63.01,-4.6E-02));
#7832 = DIRECTION('',(-0.,-0.,-1.));
#7833 = DIRECTION('',(-6.767073673906E-14,-1.,0.));
#7834 = ADVANCED_FACE('',(#7835),#7846,.F.);
#7835 = FACE_BOUND('',#7836,.T.);
#7836 = EDGE_LOOP('',(#7837,#7838,#7844,#7845));
#7837 = ORIENTED_EDGE('',*,*,#5046,.T.);
#7838 = ORIENTED_EDGE('',*,*,#7839,.T.);
#7839 = EDGE_CURVE('',#5047,#6144,#7840,.T.);
#7840 = LINE('',#7841,#7842);
#7841 = CARTESIAN_POINT('',(175.,-58.55,-4.6E-02));
#7842 = VECTOR('',#7843,1.);
#7843 = DIRECTION('',(0.,0.,1.));
#7844 = ORIENTED_EDGE('',*,*,#6143,.F.);
#7845 = ORIENTED_EDGE('',*,*,#7839,.F.);
#7846 = CYLINDRICAL_SURFACE('',#7847,1.05);
#7847 = AXIS2_PLACEMENT_3D('',#7848,#7849,#7850);
#7848 = CARTESIAN_POINT('',(175.,-57.5,-4.6E-02));
#7849 = DIRECTION('',(-0.,-0.,-1.));
#7850 = DIRECTION('',(-0.,-1.,0.));
#7851 = ( GEOMETRIC_REPRESENTATION_CONTEXT(3) 
GLOBAL_UNCERTAINTY_ASSIGNED_CONTEXT((#7855)) 
GLOBAL_UNIT_ASSIGNED_CONTEXT((#7852,#7853,#7854)) REPRESENTATION_CONTEXT
('Context #1','3D Context with UNIT and UNCERTAINTY') );
#7852 = ( LENGTH_UNIT() NAMED_UNIT(*) SI_UNIT(.MILLI.,.METRE.) );
#7853 = ( NAMED_UNIT(*) PLANE_ANGLE_UNIT() SI_UNIT($,.RADIAN.) );
#7854 = ( NAMED_UNIT(*) SI_UNIT($,.STERADIAN.) SOLID_ANGLE_UNIT() );
#7855 = UNCERTAINTY_MEASURE_WITH_UNIT(LENGTH_MEASURE(1.E-07),#7852,
  'distance_accuracy_value','confusion accuracy');
#7856 = CONTEXT_DEPENDENT_SHAPE_REPRESENTATION(#7857,#7859);
#7857 = ( REPRESENTATION_RELATIONSHIP('','',#3855,#10) 
REPRESENTATION_RELATIONSHIP_WITH_TRANSFORMATION(#7858) 
SHAPE_REPRESENTATION_RELATIONSHIP() );
#7858 = ITEM_DEFINED_TRANSFORMATION('','',#11,#111);
#7859 = PRODUCT_DEFINITION_SHAPE('Placement','Placement of an item',
  #7860);
#7860 = NEXT_ASSEMBLY_USAGE_OCCURRENCE('25','=>[0:1:1:4]','',#5,#3850,$
  );
#7861 = PRODUCT_RELATED_PRODUCT_CATEGORY('part',$,(#3852));
#7862 = MECHANICAL_DESIGN_GEOMETRIC_PRESENTATION_REPRESENTATION('',(
    #7863,#7871,#7878,#7885,#7892,#7899,#7906,#7913,#7921,#7928,#7935,
    #7943,#7950,#7957,#7964,#7971),#3727);
#7863 = STYLED_ITEM('color',(#7864),#3379);
#7864 = PRESENTATION_STYLE_ASSIGNMENT((#7865));
#7865 = SURFACE_STYLE_USAGE(.BOTH.,#7866);
#7866 = SURFACE_SIDE_STYLE('',(#7867));
#7867 = SURFACE_STYLE_FILL_AREA(#7868);
#7868 = FILL_AREA_STYLE('',(#7869));
#7869 = FILL_AREA_STYLE_COLOUR('',#7870);
#7870 = COLOUR_RGB('',0.823999987314,0.819999987296,0.781000009244);
#7871 = STYLED_ITEM('color',(#7872),#3412);
#7872 = PRESENTATION_STYLE_ASSIGNMENT((#7873));
#7873 = SURFACE_STYLE_USAGE(.BOTH.,#7874);
#7874 = SURFACE_SIDE_STYLE('',(#7875));
#7875 = SURFACE_STYLE_FILL_AREA(#7876);
#7876 = FILL_AREA_STYLE('',(#7877));
#7877 = FILL_AREA_STYLE_COLOUR('',#7870);
#7878 = STYLED_ITEM('color',(#7879),#3438);
#7879 = PRESENTATION_STYLE_ASSIGNMENT((#7880));
#7880 = SURFACE_STYLE_USAGE(.BOTH.,#7881);
#7881 = SURFACE_SIDE_STYLE('',(#7882));
#7882 = SURFACE_STYLE_FILL_AREA(#7883);
#7883 = FILL_AREA_STYLE('',(#7884));
#7884 = FILL_AREA_STYLE_COLOUR('',#7870);
#7885 = STYLED_ITEM('color',(#7886),#3463);
#7886 = PRESENTATION_STYLE_ASSIGNMENT((#7887));
#7887 = SURFACE_STYLE_USAGE(.BOTH.,#7888);
#7888 = SURFACE_SIDE_STYLE('',(#7889));
#7889 = SURFACE_STYLE_FILL_AREA(#7890);
#7890 = FILL_AREA_STYLE('',(#7891));
#7891 = FILL_AREA_STYLE_COLOUR('',#7870);
#7892 = STYLED_ITEM('color',(#7893),#3489);
#7893 = PRESENTATION_STYLE_ASSIGNMENT((#7894));
#7894 = SURFACE_STYLE_USAGE(.BOTH.,#7895);
#7895 = SURFACE_SIDE_STYLE('',(#7896));
#7896 = SURFACE_STYLE_FILL_AREA(#7897);
#7897 = FILL_AREA_STYLE('',(#7898));
#7898 = FILL_AREA_STYLE_COLOUR('',#7870);
#7899 = STYLED_ITEM('color',(#7900),#3514);
#7900 = PRESENTATION_STYLE_ASSIGNMENT((#7901));
#7901 = SURFACE_STYLE_USAGE(.BOTH.,#7902);
#7902 = SURFACE_SIDE_STYLE('',(#7903));
#7903 = SURFACE_STYLE_FILL_AREA(#7904);
#7904 = FILL_AREA_STYLE('',(#7905));
#7905 = FILL_AREA_STYLE_COLOUR('',#7870);
#7906 = STYLED_ITEM('color',(#7907),#3523);
#7907 = PRESENTATION_STYLE_ASSIGNMENT((#7908));
#7908 = SURFACE_STYLE_USAGE(.BOTH.,#7909);
#7909 = SURFACE_SIDE_STYLE('',(#7910));
#7910 = SURFACE_STYLE_FILL_AREA(#7911);
#7911 = FILL_AREA_STYLE('',(#7912));
#7912 = FILL_AREA_STYLE_COLOUR('',#7870);
#7913 = STYLED_ITEM('color',(#7914),#3534);
#7914 = PRESENTATION_STYLE_ASSIGNMENT((#7915));
#7915 = SURFACE_STYLE_USAGE(.BOTH.,#7916);
#7916 = SURFACE_SIDE_STYLE('',(#7917));
#7917 = SURFACE_STYLE_FILL_AREA(#7918);
#7918 = FILL_AREA_STYLE('',(#7919));
#7919 = FILL_AREA_STYLE_COLOUR('',#7920);
#7920 = COLOUR_RGB('',0.699999984889,9.999999991362E-02,
  5.000000142576E-02);
#7921 = STYLED_ITEM('color',(#7922),#3567);
#7922 = PRESENTATION_STYLE_ASSIGNMENT((#7923));
#7923 = SURFACE_STYLE_USAGE(.BOTH.,#7924);
#7924 = SURFACE_SIDE_STYLE('',(#7925));
#7925 = SURFACE_STYLE_FILL_AREA(#7926);
#7926 = FILL_AREA_STYLE('',(#7927));
#7927 = FILL_AREA_STYLE_COLOUR('',#7920);
#7928 = STYLED_ITEM('color',(#7929),#3587);
#7929 = PRESENTATION_STYLE_ASSIGNMENT((#7930));
#7930 = SURFACE_STYLE_USAGE(.BOTH.,#7931);
#7931 = SURFACE_SIDE_STYLE('',(#7932));
#7932 = SURFACE_STYLE_FILL_AREA(#7933);
#7933 = FILL_AREA_STYLE('',(#7934));
#7934 = FILL_AREA_STYLE_COLOUR('',#7920);
#7935 = STYLED_ITEM('color',(#7936),#3607);
#7936 = PRESENTATION_STYLE_ASSIGNMENT((#7937));
#7937 = SURFACE_STYLE_USAGE(.BOTH.,#7938);
#7938 = SURFACE_SIDE_STYLE('',(#7939));
#7939 = SURFACE_STYLE_FILL_AREA(#7940);
#7940 = FILL_AREA_STYLE('',(#7941));
#7941 = FILL_AREA_STYLE_COLOUR('',#7942);
#7942 = COLOUR_RGB('',0.,0.631244006163,0.748016017657);
#7943 = STYLED_ITEM('color',(#7944),#3632);
#7944 = PRESENTATION_STYLE_ASSIGNMENT((#7945));
#7945 = SURFACE_STYLE_USAGE(.BOTH.,#7946);
#7946 = SURFACE_SIDE_STYLE('',(#7947));
#7947 = SURFACE_STYLE_FILL_AREA(#7948);
#7948 = FILL_AREA_STYLE('',(#7949));
#7949 = FILL_AREA_STYLE_COLOUR('',#7942);
#7950 = STYLED_ITEM('color',(#7951),#3657);
#7951 = PRESENTATION_STYLE_ASSIGNMENT((#7952));
#7952 = SURFACE_STYLE_USAGE(.BOTH.,#7953);
#7953 = SURFACE_SIDE_STYLE('',(#7954));
#7954 = SURFACE_STYLE_FILL_AREA(#7955);
#7955 = FILL_AREA_STYLE('',(#7956));
#7956 = FILL_AREA_STYLE_COLOUR('',#7942);
#7957 = STYLED_ITEM('color',(#7958),#3683);
#7958 = PRESENTATION_STYLE_ASSIGNMENT((#7959));
#7959 = SURFACE_STYLE_USAGE(.BOTH.,#7960);
#7960 = SURFACE_SIDE_STYLE('',(#7961));
#7961 = SURFACE_STYLE_FILL_AREA(#7962);
#7962 = FILL_AREA_STYLE('',(#7963));
#7963 = FILL_AREA_STYLE_COLOUR('',#7942);
#7964 = STYLED_ITEM('color',(#7965),#3709);
#7965 = PRESENTATION_STYLE_ASSIGNMENT((#7966));
#7966 = SURFACE_STYLE_USAGE(.BOTH.,#7967);
#7967 = SURFACE_SIDE_STYLE('',(#7968));
#7968 = SURFACE_STYLE_FILL_AREA(#7969);
#7969 = FILL_AREA_STYLE('',(#7970));
#7970 = FILL_AREA_STYLE_COLOUR('',#7942);
#7971 = STYLED_ITEM('color',(#7972),#3718);
#7972 = PRESENTATION_STYLE_ASSIGNMENT((#7973));
#7973 = SURFACE_STYLE_USAGE(.BOTH.,#7974);
#7974 = SURFACE_SIDE_STYLE('',(#7975));
#7975 = SURFACE_STYLE_FILL_AREA(#7976);
#7976 = FILL_AREA_STYLE('',(#7977));
#7977 = FILL_AREA_STYLE_COLOUR('',#7942);
#7978 = MECHANICAL_DESIGN_GEOMETRIC_PRESENTATION_REPRESENTATION('',(
    #7979,#7987,#7994,#8001,#8008,#8015,#8022,#8029,#8036,#8043,#8050,
    #8057,#8064,#8071,#8078,#8085,#8092,#8099,#8106,#8113,#8120,#8127,
    #8134,#8141,#8148,#8155,#8162,#8169,#8176,#8183,#8190,#8197,#8204,
    #8211,#8218,#8225,#8232,#8239,#8246,#8253,#8260,#8267,#8274,#8281,
    #8288,#8295,#8302,#8309,#8316,#8323,#8330,#8337,#8344,#8351,#8358,
    #8365,#8372,#8379,#8386,#8393,#8400,#8407,#8414,#8421,#8428,#8435,
    #8442,#8449,#8456,#8463,#8470,#8477,#8484,#8491,#8498,#8505,#8512,
    #8519,#8526,#8533,#8540,#8547,#8554,#8561,#8568,#8575,#8582,#8589,
    #8596,#8603,#8610,#8617,#8624,#8631,#8638,#8645,#8652,#8659,#8666,
    #8673,#8680,#8687,#8694,#8701,#8708),#3358);
#7979 = STYLED_ITEM('color',(#7980),#131);
#7980 = PRESENTATION_STYLE_ASSIGNMENT((#7981));
#7981 = SURFACE_STYLE_USAGE(.BOTH.,#7982);
#7982 = SURFACE_SIDE_STYLE('',(#7983));
#7983 = SURFACE_STYLE_FILL_AREA(#7984);
#7984 = FILL_AREA_STYLE('',(#7985));
#7985 = FILL_AREA_STYLE_COLOUR('',#7986);
#7986 = COLOUR_RGB('',0.147999998088,0.144999993226,0.144999993226);
#7987 = STYLED_ITEM('color',(#7988),#148);
#7988 = PRESENTATION_STYLE_ASSIGNMENT((#7989));
#7989 = SURFACE_STYLE_USAGE(.BOTH.,#7990);
#7990 = SURFACE_SIDE_STYLE('',(#7991));
#7991 = SURFACE_STYLE_FILL_AREA(#7992);
#7992 = FILL_AREA_STYLE('',(#7993));
#7993 = FILL_AREA_STYLE_COLOUR('',#7986);
#7994 = STYLED_ITEM('color',(#7995),#173);
#7995 = PRESENTATION_STYLE_ASSIGNMENT((#7996));
#7996 = SURFACE_STYLE_USAGE(.BOTH.,#7997);
#7997 = SURFACE_SIDE_STYLE('',(#7998));
#7998 = SURFACE_STYLE_FILL_AREA(#7999);
#7999 = FILL_AREA_STYLE('',(#8000));
#8000 = FILL_AREA_STYLE_COLOUR('',#7870);
#8001 = STYLED_ITEM('color',(#8002),#296);
#8002 = PRESENTATION_STYLE_ASSIGNMENT((#8003));
#8003 = SURFACE_STYLE_USAGE(.BOTH.,#8004);
#8004 = SURFACE_SIDE_STYLE('',(#8005));
#8005 = SURFACE_STYLE_FILL_AREA(#8006);
#8006 = FILL_AREA_STYLE('',(#8007));
#8007 = FILL_AREA_STYLE_COLOUR('',#7870);
#8008 = STYLED_ITEM('color',(#8009),#327);
#8009 = PRESENTATION_STYLE_ASSIGNMENT((#8010));
#8010 = SURFACE_STYLE_USAGE(.BOTH.,#8011);
#8011 = SURFACE_SIDE_STYLE('',(#8012));
#8012 = SURFACE_STYLE_FILL_AREA(#8013);
#8013 = FILL_AREA_STYLE('',(#8014));
#8014 = FILL_AREA_STYLE_COLOUR('',#7870);
#8015 = STYLED_ITEM('color',(#8016),#352);
#8016 = PRESENTATION_STYLE_ASSIGNMENT((#8017));
#8017 = SURFACE_STYLE_USAGE(.BOTH.,#8018);
#8018 = SURFACE_SIDE_STYLE('',(#8019));
#8019 = SURFACE_STYLE_FILL_AREA(#8020);
#8020 = FILL_AREA_STYLE('',(#8021));
#8021 = FILL_AREA_STYLE_COLOUR('',#7870);
#8022 = STYLED_ITEM('color',(#8023),#377);
#8023 = PRESENTATION_STYLE_ASSIGNMENT((#8024));
#8024 = SURFACE_STYLE_USAGE(.BOTH.,#8025);
#8025 = SURFACE_SIDE_STYLE('',(#8026));
#8026 = SURFACE_STYLE_FILL_AREA(#8027);
#8027 = FILL_AREA_STYLE('',(#8028));
#8028 = FILL_AREA_STYLE_COLOUR('',#7870);
#8029 = STYLED_ITEM('color',(#8030),#401);
#8030 = PRESENTATION_STYLE_ASSIGNMENT((#8031));
#8031 = SURFACE_STYLE_USAGE(.BOTH.,#8032);
#8032 = SURFACE_SIDE_STYLE('',(#8033));
#8033 = SURFACE_STYLE_FILL_AREA(#8034);
#8034 = FILL_AREA_STYLE('',(#8035));
#8035 = FILL_AREA_STYLE_COLOUR('',#7870);
#8036 = STYLED_ITEM('color',(#8037),#425);
#8037 = PRESENTATION_STYLE_ASSIGNMENT((#8038));
#8038 = SURFACE_STYLE_USAGE(.BOTH.,#8039);
#8039 = SURFACE_SIDE_STYLE('',(#8040));
#8040 = SURFACE_STYLE_FILL_AREA(#8041);
#8041 = FILL_AREA_STYLE('',(#8042));
#8042 = FILL_AREA_STYLE_COLOUR('',#7870);
#8043 = STYLED_ITEM('color',(#8044),#450);
#8044 = PRESENTATION_STYLE_ASSIGNMENT((#8045));
#8045 = SURFACE_STYLE_USAGE(.BOTH.,#8046);
#8046 = SURFACE_SIDE_STYLE('',(#8047));
#8047 = SURFACE_STYLE_FILL_AREA(#8048);
#8048 = FILL_AREA_STYLE('',(#8049));
#8049 = FILL_AREA_STYLE_COLOUR('',#7870);
#8050 = STYLED_ITEM('color',(#8051),#475);
#8051 = PRESENTATION_STYLE_ASSIGNMENT((#8052));
#8052 = SURFACE_STYLE_USAGE(.BOTH.,#8053);
#8053 = SURFACE_SIDE_STYLE('',(#8054));
#8054 = SURFACE_STYLE_FILL_AREA(#8055);
#8055 = FILL_AREA_STYLE('',(#8056));
#8056 = FILL_AREA_STYLE_COLOUR('',#7870);
#8057 = STYLED_ITEM('color',(#8058),#492);
#8058 = PRESENTATION_STYLE_ASSIGNMENT((#8059));
#8059 = SURFACE_STYLE_USAGE(.BOTH.,#8060);
#8060 = SURFACE_SIDE_STYLE('',(#8061));
#8061 = SURFACE_STYLE_FILL_AREA(#8062);
#8062 = FILL_AREA_STYLE('',(#8063));
#8063 = FILL_AREA_STYLE_COLOUR('',#7986);
#8064 = STYLED_ITEM('color',(#8065),#517);
#8065 = PRESENTATION_STYLE_ASSIGNMENT((#8066));
#8066 = SURFACE_STYLE_USAGE(.BOTH.,#8067);
#8067 = SURFACE_SIDE_STYLE('',(#8068));
#8068 = SURFACE_STYLE_FILL_AREA(#8069);
#8069 = FILL_AREA_STYLE('',(#8070));
#8070 = FILL_AREA_STYLE_COLOUR('',#7986);
#8071 = STYLED_ITEM('color',(#8072),#542);
#8072 = PRESENTATION_STYLE_ASSIGNMENT((#8073));
#8073 = SURFACE_STYLE_USAGE(.BOTH.,#8074);
#8074 = SURFACE_SIDE_STYLE('',(#8075));
#8075 = SURFACE_STYLE_FILL_AREA(#8076);
#8076 = FILL_AREA_STYLE('',(#8077));
#8077 = FILL_AREA_STYLE_COLOUR('',#7986);
#8078 = STYLED_ITEM('color',(#8079),#567);
#8079 = PRESENTATION_STYLE_ASSIGNMENT((#8080));
#8080 = SURFACE_STYLE_USAGE(.BOTH.,#8081);
#8081 = SURFACE_SIDE_STYLE('',(#8082));
#8082 = SURFACE_STYLE_FILL_AREA(#8083);
#8083 = FILL_AREA_STYLE('',(#8084));
#8084 = FILL_AREA_STYLE_COLOUR('',#7986);
#8085 = STYLED_ITEM('color',(#8086),#592);
#8086 = PRESENTATION_STYLE_ASSIGNMENT((#8087));
#8087 = SURFACE_STYLE_USAGE(.BOTH.,#8088);
#8088 = SURFACE_SIDE_STYLE('',(#8089));
#8089 = SURFACE_STYLE_FILL_AREA(#8090);
#8090 = FILL_AREA_STYLE('',(#8091));
#8091 = FILL_AREA_STYLE_COLOUR('',#7986);
#8092 = STYLED_ITEM('color',(#8093),#623);
#8093 = PRESENTATION_STYLE_ASSIGNMENT((#8094));
#8094 = SURFACE_STYLE_USAGE(.BOTH.,#8095);
#8095 = SURFACE_SIDE_STYLE('',(#8096));
#8096 = SURFACE_STYLE_FILL_AREA(#8097);
#8097 = FILL_AREA_STYLE('',(#8098));
#8098 = FILL_AREA_STYLE_COLOUR('',#7986);
#8099 = STYLED_ITEM('color',(#8100),#648);
#8100 = PRESENTATION_STYLE_ASSIGNMENT((#8101));
#8101 = SURFACE_STYLE_USAGE(.BOTH.,#8102);
#8102 = SURFACE_SIDE_STYLE('',(#8103));
#8103 = SURFACE_STYLE_FILL_AREA(#8104);
#8104 = FILL_AREA_STYLE('',(#8105));
#8105 = FILL_AREA_STYLE_COLOUR('',#7986);
#8106 = STYLED_ITEM('color',(#8107),#673);
#8107 = PRESENTATION_STYLE_ASSIGNMENT((#8108));
#8108 = SURFACE_STYLE_USAGE(.BOTH.,#8109);
#8109 = SURFACE_SIDE_STYLE('',(#8110));
#8110 = SURFACE_STYLE_FILL_AREA(#8111);
#8111 = FILL_AREA_STYLE('',(#8112));
#8112 = FILL_AREA_STYLE_COLOUR('',#7986);
#8113 = STYLED_ITEM('color',(#8114),#761);
#8114 = PRESENTATION_STYLE_ASSIGNMENT((#8115));
#8115 = SURFACE_STYLE_USAGE(.BOTH.,#8116);
#8116 = SURFACE_SIDE_STYLE('',(#8117));
#8117 = SURFACE_STYLE_FILL_AREA(#8118);
#8118 = FILL_AREA_STYLE('',(#8119));
#8119 = FILL_AREA_STYLE_COLOUR('',#7986);
#8120 = STYLED_ITEM('color',(#8121),#849);
#8121 = PRESENTATION_STYLE_ASSIGNMENT((#8122));
#8122 = SURFACE_STYLE_USAGE(.BOTH.,#8123);
#8123 = SURFACE_SIDE_STYLE('',(#8124));
#8124 = SURFACE_STYLE_FILL_AREA(#8125);
#8125 = FILL_AREA_STYLE('',(#8126));
#8126 = FILL_AREA_STYLE_COLOUR('',#7986);
#8127 = STYLED_ITEM('color',(#8128),#874);
#8128 = PRESENTATION_STYLE_ASSIGNMENT((#8129));
#8129 = SURFACE_STYLE_USAGE(.BOTH.,#8130);
#8130 = SURFACE_SIDE_STYLE('',(#8131));
#8131 = SURFACE_STYLE_FILL_AREA(#8132);
#8132 = FILL_AREA_STYLE('',(#8133));
#8133 = FILL_AREA_STYLE_COLOUR('',#7986);
#8134 = STYLED_ITEM('color',(#8135),#899);
#8135 = PRESENTATION_STYLE_ASSIGNMENT((#8136));
#8136 = SURFACE_STYLE_USAGE(.BOTH.,#8137);
#8137 = SURFACE_SIDE_STYLE('',(#8138));
#8138 = SURFACE_STYLE_FILL_AREA(#8139);
#8139 = FILL_AREA_STYLE('',(#8140));
#8140 = FILL_AREA_STYLE_COLOUR('',#7986);
#8141 = STYLED_ITEM('color',(#8142),#916);
#8142 = PRESENTATION_STYLE_ASSIGNMENT((#8143));
#8143 = SURFACE_STYLE_USAGE(.BOTH.,#8144);
#8144 = SURFACE_SIDE_STYLE('',(#8145));
#8145 = SURFACE_STYLE_FILL_AREA(#8146);
#8146 = FILL_AREA_STYLE('',(#8147));
#8147 = FILL_AREA_STYLE_COLOUR('',#7986);
#8148 = STYLED_ITEM('color',(#8149),#925);
#8149 = PRESENTATION_STYLE_ASSIGNMENT((#8150));
#8150 = SURFACE_STYLE_USAGE(.BOTH.,#8151);
#8151 = SURFACE_SIDE_STYLE('',(#8152));
#8152 = SURFACE_STYLE_FILL_AREA(#8153);
#8153 = FILL_AREA_STYLE('',(#8154));
#8154 = FILL_AREA_STYLE_COLOUR('',#7986);
#8155 = STYLED_ITEM('color',(#8156),#951);
#8156 = PRESENTATION_STYLE_ASSIGNMENT((#8157));
#8157 = SURFACE_STYLE_USAGE(.BOTH.,#8158);
#8158 = SURFACE_SIDE_STYLE('',(#8159));
#8159 = SURFACE_STYLE_FILL_AREA(#8160);
#8160 = FILL_AREA_STYLE('',(#8161));
#8161 = FILL_AREA_STYLE_COLOUR('',#7986);
#8162 = STYLED_ITEM('color',(#8163),#960);
#8163 = PRESENTATION_STYLE_ASSIGNMENT((#8164));
#8164 = SURFACE_STYLE_USAGE(.BOTH.,#8165);
#8165 = SURFACE_SIDE_STYLE('',(#8166));
#8166 = SURFACE_STYLE_FILL_AREA(#8167);
#8167 = FILL_AREA_STYLE('',(#8168));
#8168 = FILL_AREA_STYLE_COLOUR('',#7986);
#8169 = STYLED_ITEM('color',(#8170),#969);
#8170 = PRESENTATION_STYLE_ASSIGNMENT((#8171));
#8171 = SURFACE_STYLE_USAGE(.BOTH.,#8172);
#8172 = SURFACE_SIDE_STYLE('',(#8173));
#8173 = SURFACE_STYLE_FILL_AREA(#8174);
#8174 = FILL_AREA_STYLE('',(#8175));
#8175 = FILL_AREA_STYLE_COLOUR('',#7986);
#8176 = STYLED_ITEM('color',(#8177),#1013);
#8177 = PRESENTATION_STYLE_ASSIGNMENT((#8178));
#8178 = SURFACE_STYLE_USAGE(.BOTH.,#8179);
#8179 = SURFACE_SIDE_STYLE('',(#8180));
#8180 = SURFACE_STYLE_FILL_AREA(#8181);
#8181 = FILL_AREA_STYLE('',(#8182));
#8182 = FILL_AREA_STYLE_COLOUR('',#7870);
#8183 = STYLED_ITEM('color',(#8184),#1163);
#8184 = PRESENTATION_STYLE_ASSIGNMENT((#8185));
#8185 = SURFACE_STYLE_USAGE(.BOTH.,#8186);
#8186 = SURFACE_SIDE_STYLE('',(#8187));
#8187 = SURFACE_STYLE_FILL_AREA(#8188);
#8188 = FILL_AREA_STYLE('',(#8189));
#8189 = FILL_AREA_STYLE_COLOUR('',#7870);
#8190 = STYLED_ITEM('color',(#8191),#1187);
#8191 = PRESENTATION_STYLE_ASSIGNMENT((#8192));
#8192 = SURFACE_STYLE_USAGE(.BOTH.,#8193);
#8193 = SURFACE_SIDE_STYLE('',(#8194));
#8194 = SURFACE_STYLE_FILL_AREA(#8195);
#8195 = FILL_AREA_STYLE('',(#8196));
#8196 = FILL_AREA_STYLE_COLOUR('',#7870);
#8197 = STYLED_ITEM('color',(#8198),#1330);
#8198 = PRESENTATION_STYLE_ASSIGNMENT((#8199));
#8199 = SURFACE_STYLE_USAGE(.BOTH.,#8200);
#8200 = SURFACE_SIDE_STYLE('',(#8201));
#8201 = SURFACE_STYLE_FILL_AREA(#8202);
#8202 = FILL_AREA_STYLE('',(#8203));
#8203 = FILL_AREA_STYLE_COLOUR('',#7870);
#8204 = STYLED_ITEM('color',(#8205),#1480);
#8205 = PRESENTATION_STYLE_ASSIGNMENT((#8206));
#8206 = SURFACE_STYLE_USAGE(.BOTH.,#8207);
#8207 = SURFACE_SIDE_STYLE('',(#8208));
#8208 = SURFACE_STYLE_FILL_AREA(#8209);
#8209 = FILL_AREA_STYLE('',(#8210));
#8210 = FILL_AREA_STYLE_COLOUR('',#7870);
#8211 = STYLED_ITEM('color',(#8212),#1630);
#8212 = PRESENTATION_STYLE_ASSIGNMENT((#8213));
#8213 = SURFACE_STYLE_USAGE(.BOTH.,#8214);
#8214 = SURFACE_SIDE_STYLE('',(#8215));
#8215 = SURFACE_STYLE_FILL_AREA(#8216);
#8216 = FILL_AREA_STYLE('',(#8217));
#8217 = FILL_AREA_STYLE_COLOUR('',#7870);
#8218 = STYLED_ITEM('color',(#8219),#1647);
#8219 = PRESENTATION_STYLE_ASSIGNMENT((#8220));
#8220 = SURFACE_STYLE_USAGE(.BOTH.,#8221);
#8221 = SURFACE_SIDE_STYLE('',(#8222));
#8222 = SURFACE_STYLE_FILL_AREA(#8223);
#8223 = FILL_AREA_STYLE('',(#8224));
#8224 = FILL_AREA_STYLE_COLOUR('',#7870);
#8225 = STYLED_ITEM('color',(#8226),#1797);
#8226 = PRESENTATION_STYLE_ASSIGNMENT((#8227));
#8227 = SURFACE_STYLE_USAGE(.BOTH.,#8228);
#8228 = SURFACE_SIDE_STYLE('',(#8229));
#8229 = SURFACE_STYLE_FILL_AREA(#8230);
#8230 = FILL_AREA_STYLE('',(#8231));
#8231 = FILL_AREA_STYLE_COLOUR('',#7870);
#8232 = STYLED_ITEM('color',(#8233),#1821);
#8233 = PRESENTATION_STYLE_ASSIGNMENT((#8234));
#8234 = SURFACE_STYLE_USAGE(.BOTH.,#8235);
#8235 = SURFACE_SIDE_STYLE('',(#8236));
#8236 = SURFACE_STYLE_FILL_AREA(#8237);
#8237 = FILL_AREA_STYLE('',(#8238));
#8238 = FILL_AREA_STYLE_COLOUR('',#7870);
#8239 = STYLED_ITEM('color',(#8240),#1964);
#8240 = PRESENTATION_STYLE_ASSIGNMENT((#8241));
#8241 = SURFACE_STYLE_USAGE(.BOTH.,#8242);
#8242 = SURFACE_SIDE_STYLE('',(#8243));
#8243 = SURFACE_STYLE_FILL_AREA(#8244);
#8244 = FILL_AREA_STYLE('',(#8245));
#8245 = FILL_AREA_STYLE_COLOUR('',#7870);
#8246 = STYLED_ITEM('color',(#8247),#2114);
#8247 = PRESENTATION_STYLE_ASSIGNMENT((#8248));
#8248 = SURFACE_STYLE_USAGE(.BOTH.,#8249);
#8249 = SURFACE_SIDE_STYLE('',(#8250));
#8250 = SURFACE_STYLE_FILL_AREA(#8251);
#8251 = FILL_AREA_STYLE('',(#8252));
#8252 = FILL_AREA_STYLE_COLOUR('',#7870);
#8253 = STYLED_ITEM('color',(#8254),#2264);
#8254 = PRESENTATION_STYLE_ASSIGNMENT((#8255));
#8255 = SURFACE_STYLE_USAGE(.BOTH.,#8256);
#8256 = SURFACE_SIDE_STYLE('',(#8257));
#8257 = SURFACE_STYLE_FILL_AREA(#8258);
#8258 = FILL_AREA_STYLE('',(#8259));
#8259 = FILL_AREA_STYLE_COLOUR('',#7870);
#8260 = STYLED_ITEM('color',(#8261),#2281);
#8261 = PRESENTATION_STYLE_ASSIGNMENT((#8262));
#8262 = SURFACE_STYLE_USAGE(.BOTH.,#8263);
#8263 = SURFACE_SIDE_STYLE('',(#8264));
#8264 = SURFACE_STYLE_FILL_AREA(#8265);
#8265 = FILL_AREA_STYLE('',(#8266));
#8266 = FILL_AREA_STYLE_COLOUR('',#7986);
#8267 = STYLED_ITEM('color',(#8268),#2290);
#8268 = PRESENTATION_STYLE_ASSIGNMENT((#8269));
#8269 = SURFACE_STYLE_USAGE(.BOTH.,#8270);
#8270 = SURFACE_SIDE_STYLE('',(#8271));
#8271 = SURFACE_STYLE_FILL_AREA(#8272);
#8272 = FILL_AREA_STYLE('',(#8273));
#8273 = FILL_AREA_STYLE_COLOUR('',#7870);
#8274 = STYLED_ITEM('color',(#8275),#2307);
#8275 = PRESENTATION_STYLE_ASSIGNMENT((#8276));
#8276 = SURFACE_STYLE_USAGE(.BOTH.,#8277);
#8277 = SURFACE_SIDE_STYLE('',(#8278));
#8278 = SURFACE_STYLE_FILL_AREA(#8279);
#8279 = FILL_AREA_STYLE('',(#8280));
#8280 = FILL_AREA_STYLE_COLOUR('',#7870);
#8281 = STYLED_ITEM('color',(#8282),#2324);
#8282 = PRESENTATION_STYLE_ASSIGNMENT((#8283));
#8283 = SURFACE_STYLE_USAGE(.BOTH.,#8284);
#8284 = SURFACE_SIDE_STYLE('',(#8285));
#8285 = SURFACE_STYLE_FILL_AREA(#8286);
#8286 = FILL_AREA_STYLE('',(#8287));
#8287 = FILL_AREA_STYLE_COLOUR('',#7870);
#8288 = STYLED_ITEM('color',(#8289),#2341);
#8289 = PRESENTATION_STYLE_ASSIGNMENT((#8290));
#8290 = SURFACE_STYLE_USAGE(.BOTH.,#8291);
#8291 = SURFACE_SIDE_STYLE('',(#8292));
#8292 = SURFACE_STYLE_FILL_AREA(#8293);
#8293 = FILL_AREA_STYLE('',(#8294));
#8294 = FILL_AREA_STYLE_COLOUR('',#7870);
#8295 = STYLED_ITEM('color',(#8296),#2358);
#8296 = PRESENTATION_STYLE_ASSIGNMENT((#8297));
#8297 = SURFACE_STYLE_USAGE(.BOTH.,#8298);
#8298 = SURFACE_SIDE_STYLE('',(#8299));
#8299 = SURFACE_STYLE_FILL_AREA(#8300);
#8300 = FILL_AREA_STYLE('',(#8301));
#8301 = FILL_AREA_STYLE_COLOUR('',#7870);
#8302 = STYLED_ITEM('color',(#8303),#2380);
#8303 = PRESENTATION_STYLE_ASSIGNMENT((#8304));
#8304 = SURFACE_STYLE_USAGE(.BOTH.,#8305);
#8305 = SURFACE_SIDE_STYLE('',(#8306));
#8306 = SURFACE_STYLE_FILL_AREA(#8307);
#8307 = FILL_AREA_STYLE('',(#8308));
#8308 = FILL_AREA_STYLE_COLOUR('',#7870);
#8309 = STYLED_ITEM('color',(#8310),#2397);
#8310 = PRESENTATION_STYLE_ASSIGNMENT((#8311));
#8311 = SURFACE_STYLE_USAGE(.BOTH.,#8312);
#8312 = SURFACE_SIDE_STYLE('',(#8313));
#8313 = SURFACE_STYLE_FILL_AREA(#8314);
#8314 = FILL_AREA_STYLE('',(#8315));
#8315 = FILL_AREA_STYLE_COLOUR('',#7870);
#8316 = STYLED_ITEM('color',(#8317),#2414);
#8317 = PRESENTATION_STYLE_ASSIGNMENT((#8318));
#8318 = SURFACE_STYLE_USAGE(.BOTH.,#8319);
#8319 = SURFACE_SIDE_STYLE('',(#8320));
#8320 = SURFACE_STYLE_FILL_AREA(#8321);
#8321 = FILL_AREA_STYLE('',(#8322));
#8322 = FILL_AREA_STYLE_COLOUR('',#7870);
#8323 = STYLED_ITEM('color',(#8324),#2431);
#8324 = PRESENTATION_STYLE_ASSIGNMENT((#8325));
#8325 = SURFACE_STYLE_USAGE(.BOTH.,#8326);
#8326 = SURFACE_SIDE_STYLE('',(#8327));
#8327 = SURFACE_STYLE_FILL_AREA(#8328);
#8328 = FILL_AREA_STYLE('',(#8329));
#8329 = FILL_AREA_STYLE_COLOUR('',#7870);
#8330 = STYLED_ITEM('color',(#8331),#2448);
#8331 = PRESENTATION_STYLE_ASSIGNMENT((#8332));
#8332 = SURFACE_STYLE_USAGE(.BOTH.,#8333);
#8333 = SURFACE_SIDE_STYLE('',(#8334));
#8334 = SURFACE_STYLE_FILL_AREA(#8335);
#8335 = FILL_AREA_STYLE('',(#8336));
#8336 = FILL_AREA_STYLE_COLOUR('',#7870);
#8337 = STYLED_ITEM('color',(#8338),#2460);
#8338 = PRESENTATION_STYLE_ASSIGNMENT((#8339));
#8339 = SURFACE_STYLE_USAGE(.BOTH.,#8340);
#8340 = SURFACE_SIDE_STYLE('',(#8341));
#8341 = SURFACE_STYLE_FILL_AREA(#8342);
#8342 = FILL_AREA_STYLE('',(#8343));
#8343 = FILL_AREA_STYLE_COLOUR('',#7870);
#8344 = STYLED_ITEM('color',(#8345),#2477);
#8345 = PRESENTATION_STYLE_ASSIGNMENT((#8346));
#8346 = SURFACE_STYLE_USAGE(.BOTH.,#8347);
#8347 = SURFACE_SIDE_STYLE('',(#8348));
#8348 = SURFACE_STYLE_FILL_AREA(#8349);
#8349 = FILL_AREA_STYLE('',(#8350));
#8350 = FILL_AREA_STYLE_COLOUR('',#7870);
#8351 = STYLED_ITEM('color',(#8352),#2494);
#8352 = PRESENTATION_STYLE_ASSIGNMENT((#8353));
#8353 = SURFACE_STYLE_USAGE(.BOTH.,#8354);
#8354 = SURFACE_SIDE_STYLE('',(#8355));
#8355 = SURFACE_STYLE_FILL_AREA(#8356);
#8356 = FILL_AREA_STYLE('',(#8357));
#8357 = FILL_AREA_STYLE_COLOUR('',#7870);
#8358 = STYLED_ITEM('color',(#8359),#2511);
#8359 = PRESENTATION_STYLE_ASSIGNMENT((#8360));
#8360 = SURFACE_STYLE_USAGE(.BOTH.,#8361);
#8361 = SURFACE_SIDE_STYLE('',(#8362));
#8362 = SURFACE_STYLE_FILL_AREA(#8363);
#8363 = FILL_AREA_STYLE('',(#8364));
#8364 = FILL_AREA_STYLE_COLOUR('',#7870);
#8365 = STYLED_ITEM('color',(#8366),#2528);
#8366 = PRESENTATION_STYLE_ASSIGNMENT((#8367));
#8367 = SURFACE_STYLE_USAGE(.BOTH.,#8368);
#8368 = SURFACE_SIDE_STYLE('',(#8369));
#8369 = SURFACE_STYLE_FILL_AREA(#8370);
#8370 = FILL_AREA_STYLE('',(#8371));
#8371 = FILL_AREA_STYLE_COLOUR('',#7870);
#8372 = STYLED_ITEM('color',(#8373),#2545);
#8373 = PRESENTATION_STYLE_ASSIGNMENT((#8374));
#8374 = SURFACE_STYLE_USAGE(.BOTH.,#8375);
#8375 = SURFACE_SIDE_STYLE('',(#8376));
#8376 = SURFACE_STYLE_FILL_AREA(#8377);
#8377 = FILL_AREA_STYLE('',(#8378));
#8378 = FILL_AREA_STYLE_COLOUR('',#7870);
#8379 = STYLED_ITEM('color',(#8380),#2562);
#8380 = PRESENTATION_STYLE_ASSIGNMENT((#8381));
#8381 = SURFACE_STYLE_USAGE(.BOTH.,#8382);
#8382 = SURFACE_SIDE_STYLE('',(#8383));
#8383 = SURFACE_STYLE_FILL_AREA(#8384);
#8384 = FILL_AREA_STYLE('',(#8385));
#8385 = FILL_AREA_STYLE_COLOUR('',#7870);
#8386 = STYLED_ITEM('color',(#8387),#2579);
#8387 = PRESENTATION_STYLE_ASSIGNMENT((#8388));
#8388 = SURFACE_STYLE_USAGE(.BOTH.,#8389);
#8389 = SURFACE_SIDE_STYLE('',(#8390));
#8390 = SURFACE_STYLE_FILL_AREA(#8391);
#8391 = FILL_AREA_STYLE('',(#8392));
#8392 = FILL_AREA_STYLE_COLOUR('',#7870);
#8393 = STYLED_ITEM('color',(#8394),#2596);
#8394 = PRESENTATION_STYLE_ASSIGNMENT((#8395));
#8395 = SURFACE_STYLE_USAGE(.BOTH.,#8396);
#8396 = SURFACE_SIDE_STYLE('',(#8397));
#8397 = SURFACE_STYLE_FILL_AREA(#8398);
#8398 = FILL_AREA_STYLE('',(#8399));
#8399 = FILL_AREA_STYLE_COLOUR('',#7870);
#8400 = STYLED_ITEM('color',(#8401),#2608);
#8401 = PRESENTATION_STYLE_ASSIGNMENT((#8402));
#8402 = SURFACE_STYLE_USAGE(.BOTH.,#8403);
#8403 = SURFACE_SIDE_STYLE('',(#8404));
#8404 = SURFACE_STYLE_FILL_AREA(#8405);
#8405 = FILL_AREA_STYLE('',(#8406));
#8406 = FILL_AREA_STYLE_COLOUR('',#7870);
#8407 = STYLED_ITEM('color',(#8408),#2630);
#8408 = PRESENTATION_STYLE_ASSIGNMENT((#8409));
#8409 = SURFACE_STYLE_USAGE(.BOTH.,#8410);
#8410 = SURFACE_SIDE_STYLE('',(#8411));
#8411 = SURFACE_STYLE_FILL_AREA(#8412);
#8412 = FILL_AREA_STYLE('',(#8413));
#8413 = FILL_AREA_STYLE_COLOUR('',#7870);
#8414 = STYLED_ITEM('color',(#8415),#2647);
#8415 = PRESENTATION_STYLE_ASSIGNMENT((#8416));
#8416 = SURFACE_STYLE_USAGE(.BOTH.,#8417);
#8417 = SURFACE_SIDE_STYLE('',(#8418));
#8418 = SURFACE_STYLE_FILL_AREA(#8419);
#8419 = FILL_AREA_STYLE('',(#8420));
#8420 = FILL_AREA_STYLE_COLOUR('',#7870);
#8421 = STYLED_ITEM('color',(#8422),#2664);
#8422 = PRESENTATION_STYLE_ASSIGNMENT((#8423));
#8423 = SURFACE_STYLE_USAGE(.BOTH.,#8424);
#8424 = SURFACE_SIDE_STYLE('',(#8425));
#8425 = SURFACE_STYLE_FILL_AREA(#8426);
#8426 = FILL_AREA_STYLE('',(#8427));
#8427 = FILL_AREA_STYLE_COLOUR('',#7870);
#8428 = STYLED_ITEM('color',(#8429),#2681);
#8429 = PRESENTATION_STYLE_ASSIGNMENT((#8430));
#8430 = SURFACE_STYLE_USAGE(.BOTH.,#8431);
#8431 = SURFACE_SIDE_STYLE('',(#8432));
#8432 = SURFACE_STYLE_FILL_AREA(#8433);
#8433 = FILL_AREA_STYLE('',(#8434));
#8434 = FILL_AREA_STYLE_COLOUR('',#7870);
#8435 = STYLED_ITEM('color',(#8436),#2698);
#8436 = PRESENTATION_STYLE_ASSIGNMENT((#8437));
#8437 = SURFACE_STYLE_USAGE(.BOTH.,#8438);
#8438 = SURFACE_SIDE_STYLE('',(#8439));
#8439 = SURFACE_STYLE_FILL_AREA(#8440);
#8440 = FILL_AREA_STYLE('',(#8441));
#8441 = FILL_AREA_STYLE_COLOUR('',#7870);
#8442 = STYLED_ITEM('color',(#8443),#2710);
#8443 = PRESENTATION_STYLE_ASSIGNMENT((#8444));
#8444 = SURFACE_STYLE_USAGE(.BOTH.,#8445);
#8445 = SURFACE_SIDE_STYLE('',(#8446));
#8446 = SURFACE_STYLE_FILL_AREA(#8447);
#8447 = FILL_AREA_STYLE('',(#8448));
#8448 = FILL_AREA_STYLE_COLOUR('',#7870);
#8449 = STYLED_ITEM('color',(#8450),#2727);
#8450 = PRESENTATION_STYLE_ASSIGNMENT((#8451));
#8451 = SURFACE_STYLE_USAGE(.BOTH.,#8452);
#8452 = SURFACE_SIDE_STYLE('',(#8453));
#8453 = SURFACE_STYLE_FILL_AREA(#8454);
#8454 = FILL_AREA_STYLE('',(#8455));
#8455 = FILL_AREA_STYLE_COLOUR('',#7870);
#8456 = STYLED_ITEM('color',(#8457),#2744);
#8457 = PRESENTATION_STYLE_ASSIGNMENT((#8458));
#8458 = SURFACE_STYLE_USAGE(.BOTH.,#8459);
#8459 = SURFACE_SIDE_STYLE('',(#8460));
#8460 = SURFACE_STYLE_FILL_AREA(#8461);
#8461 = FILL_AREA_STYLE('',(#8462));
#8462 = FILL_AREA_STYLE_COLOUR('',#7870);
#8463 = STYLED_ITEM('color',(#8464),#2761);
#8464 = PRESENTATION_STYLE_ASSIGNMENT((#8465));
#8465 = SURFACE_STYLE_USAGE(.BOTH.,#8466);
#8466 = SURFACE_SIDE_STYLE('',(#8467));
#8467 = SURFACE_STYLE_FILL_AREA(#8468);
#8468 = FILL_AREA_STYLE('',(#8469));
#8469 = FILL_AREA_STYLE_COLOUR('',#7870);
#8470 = STYLED_ITEM('color',(#8471),#2778);
#8471 = PRESENTATION_STYLE_ASSIGNMENT((#8472));
#8472 = SURFACE_STYLE_USAGE(.BOTH.,#8473);
#8473 = SURFACE_SIDE_STYLE('',(#8474));
#8474 = SURFACE_STYLE_FILL_AREA(#8475);
#8475 = FILL_AREA_STYLE('',(#8476));
#8476 = FILL_AREA_STYLE_COLOUR('',#7870);
#8477 = STYLED_ITEM('color',(#8478),#2795);
#8478 = PRESENTATION_STYLE_ASSIGNMENT((#8479));
#8479 = SURFACE_STYLE_USAGE(.BOTH.,#8480);
#8480 = SURFACE_SIDE_STYLE('',(#8481));
#8481 = SURFACE_STYLE_FILL_AREA(#8482);
#8482 = FILL_AREA_STYLE('',(#8483));
#8483 = FILL_AREA_STYLE_COLOUR('',#7870);
#8484 = STYLED_ITEM('color',(#8485),#2812);
#8485 = PRESENTATION_STYLE_ASSIGNMENT((#8486));
#8486 = SURFACE_STYLE_USAGE(.BOTH.,#8487);
#8487 = SURFACE_SIDE_STYLE('',(#8488));
#8488 = SURFACE_STYLE_FILL_AREA(#8489);
#8489 = FILL_AREA_STYLE('',(#8490));
#8490 = FILL_AREA_STYLE_COLOUR('',#7870);
#8491 = STYLED_ITEM('color',(#8492),#2829);
#8492 = PRESENTATION_STYLE_ASSIGNMENT((#8493));
#8493 = SURFACE_STYLE_USAGE(.BOTH.,#8494);
#8494 = SURFACE_SIDE_STYLE('',(#8495));
#8495 = SURFACE_STYLE_FILL_AREA(#8496);
#8496 = FILL_AREA_STYLE('',(#8497));
#8497 = FILL_AREA_STYLE_COLOUR('',#7870);
#8498 = STYLED_ITEM('color',(#8499),#2846);
#8499 = PRESENTATION_STYLE_ASSIGNMENT((#8500));
#8500 = SURFACE_STYLE_USAGE(.BOTH.,#8501);
#8501 = SURFACE_SIDE_STYLE('',(#8502));
#8502 = SURFACE_STYLE_FILL_AREA(#8503);
#8503 = FILL_AREA_STYLE('',(#8504));
#8504 = FILL_AREA_STYLE_COLOUR('',#7870);
#8505 = STYLED_ITEM('color',(#8506),#2858);
#8506 = PRESENTATION_STYLE_ASSIGNMENT((#8507));
#8507 = SURFACE_STYLE_USAGE(.BOTH.,#8508);
#8508 = SURFACE_SIDE_STYLE('',(#8509));
#8509 = SURFACE_STYLE_FILL_AREA(#8510);
#8510 = FILL_AREA_STYLE('',(#8511));
#8511 = FILL_AREA_STYLE_COLOUR('',#7870);
#8512 = STYLED_ITEM('color',(#8513),#2880);
#8513 = PRESENTATION_STYLE_ASSIGNMENT((#8514));
#8514 = SURFACE_STYLE_USAGE(.BOTH.,#8515);
#8515 = SURFACE_SIDE_STYLE('',(#8516));
#8516 = SURFACE_STYLE_FILL_AREA(#8517);
#8517 = FILL_AREA_STYLE('',(#8518));
#8518 = FILL_AREA_STYLE_COLOUR('',#7870);
#8519 = STYLED_ITEM('color',(#8520),#2897);
#8520 = PRESENTATION_STYLE_ASSIGNMENT((#8521));
#8521 = SURFACE_STYLE_USAGE(.BOTH.,#8522);
#8522 = SURFACE_SIDE_STYLE('',(#8523));
#8523 = SURFACE_STYLE_FILL_AREA(#8524);
#8524 = FILL_AREA_STYLE('',(#8525));
#8525 = FILL_AREA_STYLE_COLOUR('',#7870);
#8526 = STYLED_ITEM('color',(#8527),#2914);
#8527 = PRESENTATION_STYLE_ASSIGNMENT((#8528));
#8528 = SURFACE_STYLE_USAGE(.BOTH.,#8529);
#8529 = SURFACE_SIDE_STYLE('',(#8530));
#8530 = SURFACE_STYLE_FILL_AREA(#8531);
#8531 = FILL_AREA_STYLE('',(#8532));
#8532 = FILL_AREA_STYLE_COLOUR('',#7870);
#8533 = STYLED_ITEM('color',(#8534),#2931);
#8534 = PRESENTATION_STYLE_ASSIGNMENT((#8535));
#8535 = SURFACE_STYLE_USAGE(.BOTH.,#8536);
#8536 = SURFACE_SIDE_STYLE('',(#8537));
#8537 = SURFACE_STYLE_FILL_AREA(#8538);
#8538 = FILL_AREA_STYLE('',(#8539));
#8539 = FILL_AREA_STYLE_COLOUR('',#7870);
#8540 = STYLED_ITEM('color',(#8541),#2948);
#8541 = PRESENTATION_STYLE_ASSIGNMENT((#8542));
#8542 = SURFACE_STYLE_USAGE(.BOTH.,#8543);
#8543 = SURFACE_SIDE_STYLE('',(#8544));
#8544 = SURFACE_STYLE_FILL_AREA(#8545);
#8545 = FILL_AREA_STYLE('',(#8546));
#8546 = FILL_AREA_STYLE_COLOUR('',#7870);
#8547 = STYLED_ITEM('color',(#8548),#2960);
#8548 = PRESENTATION_STYLE_ASSIGNMENT((#8549));
#8549 = SURFACE_STYLE_USAGE(.BOTH.,#8550);
#8550 = SURFACE_SIDE_STYLE('',(#8551));
#8551 = SURFACE_STYLE_FILL_AREA(#8552);
#8552 = FILL_AREA_STYLE('',(#8553));
#8553 = FILL_AREA_STYLE_COLOUR('',#7870);
#8554 = STYLED_ITEM('color',(#8555),#2977);
#8555 = PRESENTATION_STYLE_ASSIGNMENT((#8556));
#8556 = SURFACE_STYLE_USAGE(.BOTH.,#8557);
#8557 = SURFACE_SIDE_STYLE('',(#8558));
#8558 = SURFACE_STYLE_FILL_AREA(#8559);
#8559 = FILL_AREA_STYLE('',(#8560));
#8560 = FILL_AREA_STYLE_COLOUR('',#7870);
#8561 = STYLED_ITEM('color',(#8562),#2994);
#8562 = PRESENTATION_STYLE_ASSIGNMENT((#8563));
#8563 = SURFACE_STYLE_USAGE(.BOTH.,#8564);
#8564 = SURFACE_SIDE_STYLE('',(#8565));
#8565 = SURFACE_STYLE_FILL_AREA(#8566);
#8566 = FILL_AREA_STYLE('',(#8567));
#8567 = FILL_AREA_STYLE_COLOUR('',#7870);
#8568 = STYLED_ITEM('color',(#8569),#3011);
#8569 = PRESENTATION_STYLE_ASSIGNMENT((#8570));
#8570 = SURFACE_STYLE_USAGE(.BOTH.,#8571);
#8571 = SURFACE_SIDE_STYLE('',(#8572));
#8572 = SURFACE_STYLE_FILL_AREA(#8573);
#8573 = FILL_AREA_STYLE('',(#8574));
#8574 = FILL_AREA_STYLE_COLOUR('',#7870);
#8575 = STYLED_ITEM('color',(#8576),#3028);
#8576 = PRESENTATION_STYLE_ASSIGNMENT((#8577));
#8577 = SURFACE_STYLE_USAGE(.BOTH.,#8578);
#8578 = SURFACE_SIDE_STYLE('',(#8579));
#8579 = SURFACE_STYLE_FILL_AREA(#8580);
#8580 = FILL_AREA_STYLE('',(#8581));
#8581 = FILL_AREA_STYLE_COLOUR('',#7870);
#8582 = STYLED_ITEM('color',(#8583),#3045);
#8583 = PRESENTATION_STYLE_ASSIGNMENT((#8584));
#8584 = SURFACE_STYLE_USAGE(.BOTH.,#8585);
#8585 = SURFACE_SIDE_STYLE('',(#8586));
#8586 = SURFACE_STYLE_FILL_AREA(#8587);
#8587 = FILL_AREA_STYLE('',(#8588));
#8588 = FILL_AREA_STYLE_COLOUR('',#7870);
#8589 = STYLED_ITEM('color',(#8590),#3062);
#8590 = PRESENTATION_STYLE_ASSIGNMENT((#8591));
#8591 = SURFACE_STYLE_USAGE(.BOTH.,#8592);
#8592 = SURFACE_SIDE_STYLE('',(#8593));
#8593 = SURFACE_STYLE_FILL_AREA(#8594);
#8594 = FILL_AREA_STYLE('',(#8595));
#8595 = FILL_AREA_STYLE_COLOUR('',#7870);
#8596 = STYLED_ITEM('color',(#8597),#3079);
#8597 = PRESENTATION_STYLE_ASSIGNMENT((#8598));
#8598 = SURFACE_STYLE_USAGE(.BOTH.,#8599);
#8599 = SURFACE_SIDE_STYLE('',(#8600));
#8600 = SURFACE_STYLE_FILL_AREA(#8601);
#8601 = FILL_AREA_STYLE('',(#8602));
#8602 = FILL_AREA_STYLE_COLOUR('',#7870);
#8603 = STYLED_ITEM('color',(#8604),#3096);
#8604 = PRESENTATION_STYLE_ASSIGNMENT((#8605));
#8605 = SURFACE_STYLE_USAGE(.BOTH.,#8606);
#8606 = SURFACE_SIDE_STYLE('',(#8607));
#8607 = SURFACE_STYLE_FILL_AREA(#8608);
#8608 = FILL_AREA_STYLE('',(#8609));
#8609 = FILL_AREA_STYLE_COLOUR('',#7870);
#8610 = STYLED_ITEM('color',(#8611),#3108);
#8611 = PRESENTATION_STYLE_ASSIGNMENT((#8612));
#8612 = SURFACE_STYLE_USAGE(.BOTH.,#8613);
#8613 = SURFACE_SIDE_STYLE('',(#8614));
#8614 = SURFACE_STYLE_FILL_AREA(#8615);
#8615 = FILL_AREA_STYLE('',(#8616));
#8616 = FILL_AREA_STYLE_COLOUR('',#7870);
#8617 = STYLED_ITEM('color',(#8618),#3130);
#8618 = PRESENTATION_STYLE_ASSIGNMENT((#8619));
#8619 = SURFACE_STYLE_USAGE(.BOTH.,#8620);
#8620 = SURFACE_SIDE_STYLE('',(#8621));
#8621 = SURFACE_STYLE_FILL_AREA(#8622);
#8622 = FILL_AREA_STYLE('',(#8623));
#8623 = FILL_AREA_STYLE_COLOUR('',#7870);
#8624 = STYLED_ITEM('color',(#8625),#3147);
#8625 = PRESENTATION_STYLE_ASSIGNMENT((#8626));
#8626 = SURFACE_STYLE_USAGE(.BOTH.,#8627);
#8627 = SURFACE_SIDE_STYLE('',(#8628));
#8628 = SURFACE_STYLE_FILL_AREA(#8629);
#8629 = FILL_AREA_STYLE('',(#8630));
#8630 = FILL_AREA_STYLE_COLOUR('',#7870);
#8631 = STYLED_ITEM('color',(#8632),#3164);
#8632 = PRESENTATION_STYLE_ASSIGNMENT((#8633));
#8633 = SURFACE_STYLE_USAGE(.BOTH.,#8634);
#8634 = SURFACE_SIDE_STYLE('',(#8635));
#8635 = SURFACE_STYLE_FILL_AREA(#8636);
#8636 = FILL_AREA_STYLE('',(#8637));
#8637 = FILL_AREA_STYLE_COLOUR('',#7870);
#8638 = STYLED_ITEM('color',(#8639),#3181);
#8639 = PRESENTATION_STYLE_ASSIGNMENT((#8640));
#8640 = SURFACE_STYLE_USAGE(.BOTH.,#8641);
#8641 = SURFACE_SIDE_STYLE('',(#8642));
#8642 = SURFACE_STYLE_FILL_AREA(#8643);
#8643 = FILL_AREA_STYLE('',(#8644));
#8644 = FILL_AREA_STYLE_COLOUR('',#7870);
#8645 = STYLED_ITEM('color',(#8646),#3198);
#8646 = PRESENTATION_STYLE_ASSIGNMENT((#8647));
#8647 = SURFACE_STYLE_USAGE(.BOTH.,#8648);
#8648 = SURFACE_SIDE_STYLE('',(#8649));
#8649 = SURFACE_STYLE_FILL_AREA(#8650);
#8650 = FILL_AREA_STYLE('',(#8651));
#8651 = FILL_AREA_STYLE_COLOUR('',#7870);
#8652 = STYLED_ITEM('color',(#8653),#3210);
#8653 = PRESENTATION_STYLE_ASSIGNMENT((#8654));
#8654 = SURFACE_STYLE_USAGE(.BOTH.,#8655);
#8655 = SURFACE_SIDE_STYLE('',(#8656));
#8656 = SURFACE_STYLE_FILL_AREA(#8657);
#8657 = FILL_AREA_STYLE('',(#8658));
#8658 = FILL_AREA_STYLE_COLOUR('',#7870);
#8659 = STYLED_ITEM('color',(#8660),#3227);
#8660 = PRESENTATION_STYLE_ASSIGNMENT((#8661));
#8661 = SURFACE_STYLE_USAGE(.BOTH.,#8662);
#8662 = SURFACE_SIDE_STYLE('',(#8663));
#8663 = SURFACE_STYLE_FILL_AREA(#8664);
#8664 = FILL_AREA_STYLE('',(#8665));
#8665 = FILL_AREA_STYLE_COLOUR('',#7870);
#8666 = STYLED_ITEM('color',(#8667),#3244);
#8667 = PRESENTATION_STYLE_ASSIGNMENT((#8668));
#8668 = SURFACE_STYLE_USAGE(.BOTH.,#8669);
#8669 = SURFACE_SIDE_STYLE('',(#8670));
#8670 = SURFACE_STYLE_FILL_AREA(#8671);
#8671 = FILL_AREA_STYLE('',(#8672));
#8672 = FILL_AREA_STYLE_COLOUR('',#7870);
#8673 = STYLED_ITEM('color',(#8674),#3261);
#8674 = PRESENTATION_STYLE_ASSIGNMENT((#8675));
#8675 = SURFACE_STYLE_USAGE(.BOTH.,#8676);
#8676 = SURFACE_SIDE_STYLE('',(#8677));
#8677 = SURFACE_STYLE_FILL_AREA(#8678);
#8678 = FILL_AREA_STYLE('',(#8679));
#8679 = FILL_AREA_STYLE_COLOUR('',#7870);
#8680 = STYLED_ITEM('color',(#8681),#3278);
#8681 = PRESENTATION_STYLE_ASSIGNMENT((#8682));
#8682 = SURFACE_STYLE_USAGE(.BOTH.,#8683);
#8683 = SURFACE_SIDE_STYLE('',(#8684));
#8684 = SURFACE_STYLE_FILL_AREA(#8685);
#8685 = FILL_AREA_STYLE('',(#8686));
#8686 = FILL_AREA_STYLE_COLOUR('',#7870);
#8687 = STYLED_ITEM('color',(#8688),#3295);
#8688 = PRESENTATION_STYLE_ASSIGNMENT((#8689));
#8689 = SURFACE_STYLE_USAGE(.BOTH.,#8690);
#8690 = SURFACE_SIDE_STYLE('',(#8691));
#8691 = SURFACE_STYLE_FILL_AREA(#8692);
#8692 = FILL_AREA_STYLE('',(#8693));
#8693 = FILL_AREA_STYLE_COLOUR('',#7870);
#8694 = STYLED_ITEM('color',(#8695),#3312);
#8695 = PRESENTATION_STYLE_ASSIGNMENT((#8696));
#8696 = SURFACE_STYLE_USAGE(.BOTH.,#8697);
#8697 = SURFACE_SIDE_STYLE('',(#8698));
#8698 = SURFACE_STYLE_FILL_AREA(#8699);
#8699 = FILL_AREA_STYLE('',(#8700));
#8700 = FILL_AREA_STYLE_COLOUR('',#7870);
#8701 = STYLED_ITEM('color',(#8702),#3329);
#8702 = PRESENTATION_STYLE_ASSIGNMENT((#8703));
#8703 = SURFACE_STYLE_USAGE(.BOTH.,#8704);
#8704 = SURFACE_SIDE_STYLE('',(#8705));
#8705 = SURFACE_STYLE_FILL_AREA(#8706);
#8706 = FILL_AREA_STYLE('',(#8707));
#8707 = FILL_AREA_STYLE_COLOUR('',#7870);
#8708 = STYLED_ITEM('color',(#8709),#3346);
#8709 = PRESENTATION_STYLE_ASSIGNMENT((#8710));
#8710 = SURFACE_STYLE_USAGE(.BOTH.,#8711);
#8711 = SURFACE_SIDE_STYLE('',(#8712));
#8712 = SURFACE_STYLE_FILL_AREA(#8713);
#8713 = FILL_AREA_STYLE('',(#8714));
#8714 = FILL_AREA_STYLE_COLOUR('',#7870);
#8715 = MECHANICAL_DESIGN_GEOMETRIC_PRESENTATION_REPRESENTATION('',(
    #8716),#7851);
#8716 = STYLED_ITEM('color',(#8717),#3856);
#8717 = PRESENTATION_STYLE_ASSIGNMENT((#8718));
#8718 = SURFACE_STYLE_USAGE(.BOTH.,#8719);
#8719 = SURFACE_SIDE_STYLE('',(#8720));
#8720 = SURFACE_STYLE_FILL_AREA(#8721);
#8721 = FILL_AREA_STYLE('',(#8722));
#8722 = FILL_AREA_STYLE_COLOUR('',#8723);
#8723 = COLOUR_RGB('',0.313304153717,0.484529207832,0.410020903123);
ENDSEC;
END-ISO-10303-21;
